instrument,year,E,E_source,weak_E_proxy,E_pb,E_de,E_wacc,F,sigma_E,sigma_D_hat,sigma_V_hat,mu_hat,DD_a,PD_a,naive_status
ABCB,2016,14749059164.192553,E_pb,False,14749059164.192553,4697069318.715835,6076890927.843194,630054000.0,0.2391603397935335,0.10979008494838338,0.23386027823107697,0.0351138883812699,13.695051795511144,5.434141351982841e-43,ok
ABCB,2017,16719599892.468857,E_pb,False,16719599892.468857,3745861983.4189157,7155625066.741166,366742000.0,0.2546242451305512,0.1136560612826378,0.2515984977818142,0.2827302149233577,16.265818154740774,8.627342408765151e-60,ok
ABCB,2018,11550541866.87213,E_pb,False,11550541866.87213,3178538293.441459,10574094390.73903,261345000.00000003,0.2596273294476337,0.11490683236190843,0.2564253026472463,0.1055045871853073,15.14533811848873,4.066762141753174e-52,ok
ABCB,2019,19988802296.055454,E_pb,False,19988802296.055454,11796836413.748125,16127765801.503132,1546904000.0,0.2863224626172957,0.12158061565432393,0.27448909999008125,-0.3381777969887656,8.224759640977888,9.77913370497978e-17,ok
ABCB,2020,19880171636.48633,E_pb,False,19880171636.48633,1744392806.2940605,15464103369.85454,561141000.0,0.25470125808134,0.113675314520335,0.2508299098757206,0.3603614093739105,15.645042650195663,1.795642890558809e-55,ok
ABCB,2021,26796601028.930866,E_pb,False,26796601028.930866,6227115243.298344,20927597467.45647,872052000.0,0.7376649048422735,0.2344162262105684,0.7218036695215929,-0.0839756903335131,4.312433573056589,8.073370100535565e-06,ok
ABCB,2022,23572993609.29107,E_pb,False,23572993609.29107,12310819539.604647,21545869467.53647,2004058000.0,0.3412052307217205,0.13530130768043014,0.3250718854673212,0.3201805441084187,8.656134866078693,2.440155760256926e-18,ok
ABCB,2023,26259325112.403908,E_pb,False,26259325112.403908,4035616571.970253,21754268661.334538,639901000.0,0.3190023758500551,0.12975059396251376,0.3145002982075397,-0.0381817261144646,11.608581597980178,1.8637369852976023e-31,ok
ACNB,2019,2287812339.595548,E_pb,False,2287812339.595548,582629909.0722051,1468828058.108295,99731000.0,0.2903463279511778,0.12258658198779446,0.2833387704559039,0.0351138883812699,11.189845700684538,2.2861430118393964e-29,ok
ACNB,2020,2077507509.5904365,E_pb,False,2077507509.5904365,316619464.86877507,1979014228.218817,92209000.0,0.2419977785685187,0.11049944464212968,0.2364093388717091,-0.0099623413061993,13.19908529591246,4.440342231670288e-40,ok
ACNB,2021,2710810000.8759003,E_pb,False,2710810000.8759003,382690521.5279295,2356542491.7442203,69902000.0,0.8653598329847328,0.26633995824618323,0.8503015719095892,-0.3127785862327935,3.538842170543674,0.00020094302954206343,ok
ACNB,2022,3406653858.2968802,E_pb,False,3406653858.2968802,387238843.29517263,2172345526.919239,62954000.0,0.2871137941908202,0.12177844854770506,0.2841138812972848,0.2969712821477475,15.015118129212286,2.922881852043026e-51,ok
ACNB,2023,2974987926.259801,E_pb,False,2974987926.259801,1278710141.925802,2020403835.2101846,252174000.0,0.2820453516864416,0.12051133792161041,0.2694229053023078,0.311375419846623,10.482850779377666,5.178685628144455e-26,ok
ALRS,2020,4195141354.6484404,E_pb,False,4195141354.6484404,335531388.1173171,2564800849.647486,58735000.0,0.1751370269219032,0.0937842567304758,0.17401375615453074,0.0351138883812699,24.725192526094936,2.8663071747572165e-135,ok
ALRS,2021,4674870866.014622,E_pb,False,4674870866.014622,513915729.2440479,3043660884.3977866,58933000.0,0.4561830221955594,0.16404575554888984,0.45254608960971854,0.2328364172707395,9.98024442645829,9.300399990808905e-24,ok
ALRS,2022,4372430786.796678,E_pb,False,4372430786.796678,1713002003.2835138,3011512375.013307,436923000.0,0.4050453207978267,0.15126133019945667,0.38198940363310774,0.092297899747783,6.329759287888085,1.227719756871714e-10,ok
ALRS,2023,4230909878.410419,E_pb,False,4230909878.410419,360822533.9595492,1921103240.314151,373126000.0,0.2992745855226287,0.12481864638065718,0.2851361103961574,-0.178957424767692,8.042347459252015,4.406678239998656e-16,ok
AMTB,2020,4844532151.420632,E_pb,False,4844532151.420632,3526162012.609177,5831434694.579396,1172755000.0,0.2378046831098632,0.1094511707774658,0.21278888785737263,0.0351138883812699,7.743614745713378,4.831475105271242e-15,imputed_sigmaE_sizebucket
AMTB,2021,9962550465.77475,E_pb,False,9962550465.77475,6935240297.801091,6732953472.991133,932649000.0,0.6550777488618563,0.2137694372154641,0.6173009502964316,0.0351138883812699,3.7301615793760634,9.567850662684551e-05,imputed_sigmaE_sizebucket
AMTB,2022,10346042481.421167,E_pb,False,10346042481.421167,5824692077.58551,7723388374.715272,1059157999.9999999,0.2978261819473289,0.12445654548683223,0.28172599697352246,0.0351138883812699,8.41961454140849,1.8886250189320517e-17,imputed_sigmaE_sizebucket
AMTB,2023,10003318498.011852,E_pb,False,10003318498.011852,3064952620.566017,7708834883.924403,798158000.0,0.2671130394526987,0.11677825986317468,0.25600428899347205,0.0351138883812699,10.185283787039294,1.1534291151873255e-24,imputed_sigmaE_sizebucket
AROW,2017,4769586053.469014,E_pb,False,4769586053.469014,1438097028.1245813,2358685590.474387,244966000.0,0.2394821667222893,0.10987054168057234,0.23315050618682742,0.0351138883812699,12.982662179374946,7.672628279542418e-39,ok
AROW,2018,4530566669.11395,E_pb,False,4530566669.11395,2289691431.8392067,2588518976.451369,353659000.0,0.2366435924379933,0.10916089810949833,0.22741277362496734,-0.1107918809889052,10.943900214785712,3.5537520617193313e-28,ok
AROW,2019,5539087313.821926,E_pb,False,5539087313.821926,1202676685.1848538,2661274705.0416527,236353000.0,0.232554383096372,0.108138595774093,0.2274628155304139,-0.000524035107598,13.934803446353023,1.946352761646193e-44,ok
AROW,2020,4997506647.55713,E_pb,False,4997506647.55713,343667096.45528054,2938689617.8227844,87703000.0,0.2210767499753025,0.10526918749382563,0.21907945362839729,0.2539060860391195,19.58213580244588,1.0980812298711032e-85,ok
AROW,2021,6025606149.181461,E_pb,False,6025606149.181461,1439854214.1708708,3840777815.0846605,70169000.0,0.5816109351339804,0.1954027337834951,0.5771652588061388,-0.1562259615322161,7.175862893583757,3.5926267675972644e-13,ok
AROW,2022,6173197402.58115,E_pb,False,6173197402.58115,1514340694.0079827,3770520599.329345,79919000.0,0.2461805327666392,0.1115451331916598,0.2444598025249646,0.2497015932816799,18.733725829672185,1.3142973644215028e-78,ok
ASB,2016,32410401528.54878,E_pb,False,32410401528.54878,6887849352.465166,,3853830000.0,0.235476086166865,0.10886902154171625,0.22202144826890693,0.0351138883812699,10.144207162592899,1.758109674490474e-24,ok
ASB,2017,33315540393.295376,E_pb,False,33315540393.295376,14312299281.082872,,4073732000.0,0.2693993840025863,0.11734984600064657,0.25283289236219825,0.3479947286729559,10.017908530506993,6.35826935164375e-24,ok
ASB,2018,26860386455.18605,E_pb,False,26860386455.18605,20147751196.09048,,4527056000.0,0.2269424697362276,0.1067356174340569,0.20960486241977858,0.0496441755105168,9.3700742729743,3.624075247943118e-21,ok
ASB,2019,26642421482.820114,E_pb,False,26642421482.820114,15219372903.967215,,4195423000.0,0.2450793025273925,0.11126982563184812,0.2268748084584803,-0.2017217493853155,7.789717407600818,3.3579615179225292e-15,ok
ASB,2020,21703507651.020733,E_pb,False,21703507651.020733,2656033338.405261,,2434505000.0,0.2276159131740882,0.10690397829352205,0.21544118225174005,0.1510337333458469,11.24144739825263,1.2758201800538146e-29,ok
ASB,2021,28949505738.033516,E_pb,False,28949505738.033516,12750926542.02518,,2224633000.0,0.6353157835712371,0.20882894589280926,0.6048810472297473,-0.1881031124833052,3.7510734772786933,8.80395426388054e-05,ok
ASB,2022,31117832056.516445,E_pb,False,31117832056.516445,29250855651.592705,,5173869000.0,0.3144412545759421,0.1286103136439855,0.2879485601984752,0.3727184199054967,7.915405311398746,1.23224449803442e-15,ok
ASB,2023,31015243041.834812,E_pb,False,31015243041.834812,7391286291.184422,,2808243000.0,0.3028700267292935,0.12571750668232337,0.2881616869756991,0.0598266092815067,8.699645155084811,1.6646177718076919e-18,ok
ATLO,2018,1913791393.5271566,E_pb,False,1913791393.5271566,287038269.78836346,1220632218.3523097,55274486.0,0.259397758668954,0.1148494396672385,0.25534008131135205,0.0351138883812699,14.002963029398195,7.475256695696457e-45,ok
ATLO,2019,2331780300.2650714,E_pb,False,2331780300.2650714,237765246.2923734,1450292636.9875705,47033570.0,0.2381159534138198,0.10952898835345495,0.23557355020276896,-0.0496304232568863,16.326611332989373,3.191639991680824e-60,ok
ATLO,2021,2244257621.94151,E_pb,False,2244257621.94151,249112679.59878364,1823391220.4980247,42851000.0,0.6176863949234803,0.20442159873087007,0.6099435139725019,0.143109534608159,6.450447632681591,5.5760131599612345e-11,ok
ATLO,2022,2926360539.54937,E_pb,False,2926360539.54937,387518909.30900246,1770378343.4479122,79796000.0,0.1991968434027569,0.09979921085068923,0.19655841343985359,0.0640255362898107,18.689875105428644,2.9926476081371844e-78,ok
ATLO,2023,2304384339.930012,E_pb,False,2304384339.930012,402887236.2928476,1530331033.8851311,164582000.0,0.1672680866178351,0.09181702165445878,0.16223849712000726,0.0097270947081831,16.671211874325596,1.061236702256012e-62,ok
AUB,2016,11578875069.819904,E_pb,False,11578875069.819904,1247209548.629522,4697619235.497322,990089000.0,0.2364840051229442,0.10912100128073605,0.22645130008769662,0.0351138883812699,11.263635222875418,9.920101034945876e-30,imputed_sigmaE_sizebucket
AUB,2017,12241929139.895494,E_pb,False,12241929139.895494,3934838645.571807,7111356164.224868,1219414000.0,0.2602568778080121,0.11506421945200303,0.2471044042058936,0.0351138883812699,9.73691785903802,1.0491089311570646e-22,imputed_sigmaE_sizebucket
AUB,2018,11622155514.620571,E_pb,False,11622155514.620571,7105073721.737109,11037322388.10671,1756278000.0,0.245226588249759,0.11130664706243976,0.227646006322021,0.0351138883812699,8.959742994904019,1.6271801673697684e-19,imputed_sigmaE_sizebucket
AUB,2019,19184512653.880466,E_pb,False,19184512653.880466,12548874979.333189,15672450732.459507,1513748000.0,0.2433215292923797,0.11083038232309493,0.2336319127542451,0.0351138883812699,11.228273131968194,1.4810555317162755e-29,imputed_sigmaE_sizebucket
AUB,2020,17979962325.969467,E_pb,False,17979962325.969467,2329772907.962444,14374344690.968678,851338000.0,0.2378046831098632,0.1094511707774658,0.23200199181449122,0.0351138883812699,13.382074213397312,3.848451567848038e-41,imputed_sigmaE_sizebucket
AUB,2021,20353783583.904926,E_pb,False,20353783583.904926,3636992731.603177,17570534888.82926,516071000.0,0.6550777488618563,0.2137694372154641,0.6441650507985308,0.0351138883812699,5.4760131073484075,2.1750774030316075e-08,imputed_sigmaE_sizebucket
AUB,2022,20741661863.042248,E_pb,False,20741661863.042248,5746073353.840969,15752825056.02937,1716988000.0,0.2978261819473289,0.12445654548683223,0.28457188628920543,0.0351138883812699,9.01609636917153,9.745547748468469e-20,imputed_sigmaE_sizebucket
AUB,2023,21285261843.83252,E_pb,False,21285261843.83252,2769416699.6261644,14337121674.720118,1318910000.0,0.2671130394526987,0.11677825986317468,0.25834129388651383,0.0351138883812699,11.005103287019763,1.8055095792010786e-28,imputed_sigmaE_sizebucket
AUBN,2018,1056785134.1410111,E_pb,False,1056785134.1410111,170101219.8402217,807163056.9128867,2300000.0,0.3008817103075334,0.12522042757688334,0.3005002292185668,0.0351138883812699,20.373413094973802,1.4394827177803098e-92,ok
AUBN,2019,1589291293.12586,E_pb,False,1589291293.12586,185984364.43888482,823147715.3925871,1069000.0,0.3885886926174602,0.14714717315436504,0.3884264017294007,-0.2249481668082142,18.033291517200148,5.337196200455078e-73,ok
AUBN,2020,1317386342.9220197,E_pb,False,1317386342.9220197,149426248.80707315,941525161.7701863,2392000.0,0.4028250903936931,0.15070627259842329,0.402368143804593,0.6887509709593609,17.200392872326486,1.3186862078842486e-66,ok
AUBN,2021,1207762463.740896,E_pb,False,1207762463.740896,124728711.4352064,1075421064.3831248,3448000.0,0.6952406175495691,0.22381015438739227,0.6938985780893396,-0.195961828742051,7.817960568321999,2.684300052456469e-15,ok
AUBN,2022,1209545987.799916,E_pb,False,1209545987.799916,78851143.47603844,991801151.2013807,2551000.0,0.2814576928374213,0.12036442320935532,0.28111865319376445,-0.2183055284786956,21.008219493955337,2.758233821822964e-98,ok
BAC,2016,1638284869691.262,E_pb,False,1638284869691.262,152591835533.70746,,411058000000.0,0.2568377087277409,0.11420942718193523,0.22822927183670555,0.1319302323091558,7.5030957417518005,3.1163996421964926e-14,ok
BAC,2017,2287691439518.304,E_pb,False,2287691439518.304,261344642538.90335,,436933000000.0,0.3221871078404479,0.13054677696011197,0.29145480452625555,0.3333255562505206,7.277830331646978,1.6961579750575194e-13,ok
BAC,2018,1880464778825.7322,E_pb,False,1880464778825.7322,308938904101.1059,,436569000000.0,0.2150440996151039,0.10376102490377598,0.19407645508284704,0.356670889243752,10.34094897192147,2.2997997062652206e-25,ok
BAC,2019,2583313629922.23,E_pb,False,2583313629922.23,240587582226.15817,,430169000000.0,0.2474696940293085,0.11186742350732712,0.2281127239479261,-0.1497513626619053,7.763286735455548,4.1378112633716056e-15,ok
BAC,2020,2498469754734.4233,E_pb,False,2498469754734.4233,203472355477.7045,,452578000000.0,0.231128623120958,0.1077821557802395,0.21221198668003008,0.4616404134928713,10.904562552976856,5.480962239608286e-28,ok
BAC,2021,3915651385862.976,E_pb,False,3915651385862.976,343380096514.30536,,496199000000.0,0.584351085104152,0.196087771276038,0.5406832697413442,-0.116214845953871,3.5560345135273286,0.0001882473197785974,ok
BAC,2022,2761945888287.216,E_pb,False,2761945888287.216,239142785208.48633,,498549000000.0,0.2549888593256257,0.11374721483140643,0.23339217445612753,0.4957577602388001,10.053696966338117,4.424211179684687e-24,ok
BANC,2017,11880557413.291384,E_pb,False,11880557413.291384,9030495634.522469,,1875707000.0,0.5127905198379239,0.17819762995948096,0.4671677979390314,0.0351138883812699,4.1066607762078196,2.0071004260676577e-05,ok
BANC,2018,8429830794.267695,E_pb,False,8429830794.267695,9160598456.677603,,1696763000.0,0.3730526757051798,0.14326316892629495,0.3345502591165566,0.2207145191670245,5.832293421286414,2.7335334660662856e-09,ok
BANC,2019,7865120430.446401,E_pb,False,7865120430.446401,5705824043.039538,,1374622000.0,0.2782833589344706,0.11957083973361765,0.2546712591155394,-0.3365504071742676,6.032703095711425,8.061975087528384e-10,ok
BANC,2020,7341642270.163275,E_pb,False,7341642270.163275,2275146591.8138022,,801625000.0,0.2984829141470236,0.1246207285367559,0.281367882806902,0.3178500466657454,9.228387844270717,1.373678162370328e-20,ok
BANC,2021,10914321608.860287,E_pb,False,10914321608.860287,2025181054.79305,,780032000.0,0.8133636351819207,0.25334090879548016,0.7760092279252684,-0.1265122049119258,2.938005135006959,0.0016516577615361104,ok
BANC,2022,8028975346.744559,E_pb,False,8028975346.744559,3346590095.9381247,7077232147.161264,1002376000.0,0.332005826271507,0.13300145656787676,0.30991863284635585,0.3508740043118434,8.070434575382766,3.5024195906760175e-16,ok
BANC,2023,27074348280.545185,E_pb,False,27074348280.545185,5897608294.174229,23319289144.57727,3847921000.0,0.3132564779912147,0.1283141194978037,0.2902425271527471,-0.1766854601761693,6.426135433744211,6.544439890018776e-11,ok
BANF,2016,14454602221.45717,E_pb,False,14454602221.45717,1027280518.2843686,6803966940.629695,32459000.000000004,0.233528829729868,0.108382207432467,0.2332484323358724,0.0351138883812699,26.190722302550327,1.6948349445488346e-151,ok
BANF,2017,15186696639.517303,E_pb,False,15186696639.517303,1742897595.4972253,7118941964.33869,32859000.0,0.2467857712322841,0.11169644280807103,0.24649411355529083,0.6224098280909169,27.303454886461665,1.9296567772566964e-164,ok
BANF,2018,13598414252.488651,E_pb,False,13598414252.488651,1636278205.1006558,7444685172.938556,28479000.0,0.2535554738104529,0.11338886845261323,0.25326253801943854,0.1170497713013354,24.700109436874904,5.332956766846968e-135,ok
BANF,2019,17342908320.19413,E_pb,False,17342908320.19413,1841803932.8956058,8437920435.6305275,27904000.0,0.2327196102026833,0.10817990255067084,0.23251955300683866,-0.006271579489769,27.526598269225904,4.218576203539944e-167,ok
BANF,2020,16518790366.300539,E_pb,False,16518790366.300539,1374010694.0812263,9028992337.471628,27904000.0,0.2088704208106217,0.10221760520265544,0.2086905637285458,0.2790882948065369,31.829345215175117,1.2712115090631048e-222,ok
BANF,2021,18297304421.9735,E_pb,False,18297304421.9735,1881945689.3853095,8994642479.148294,85987000.0,0.7512429082610202,0.23781072706525508,0.7488413528512143,-0.0295720741278243,6.750492016597442,7.367231419314938e-12,ok
BANF,2022,28510289249.463078,E_pb,False,28510289249.463078,2800640906.41849,12017366554.310244,86344000.0,0.2934499707736127,0.12336249269340317,0.29293641265370246,0.2277226806857522,20.439663711728567,3.7124499781978515e-93,ok
BANF,2023,27456935986.099808,E_pb,False,27456935986.099808,,,89452000.0,0.300543085015569,0.12513577125389225,0.2999734809339549,0.2711609943227417,19.85540008731949,4.9485601886067315e-88,ok
BANR,2016,12954954965.325983,E_pb,False,12954954965.325983,1891481694.0509286,8629783414.90441,255101000.0,0.2539004777379036,0.1134751194344759,0.25118870653704034,0.0351138883812699,15.72777752879058,4.878816557559381e-56,ok
BANR,2017,13213121153.52348,E_pb,False,13213121153.52348,1976271470.4119685,8887329217.53536,194769000.0,0.2475029222289251,0.11187573055723127,0.24553274107497505,0.2359865082070833,18.073466350850495,2.578472262652213e-73,ok
BANR,2018,13870128521.15657,E_pb,False,13870128521.15657,7344812850.055808,10740534378.247192,773275000.0,0.2282467222069543,0.10706168055173858,0.22184729717229298,0.0225152599529374,13.247930829535855,2.3190772964689003e-40,ok
BANR,2019,14853846164.279615,E_pb,False,14853846164.279615,5655640766.481755,11237453206.58809,687778000.0,0.2377328994817905,0.10943322487044763,0.23205513423202645,0.0005347211281108,13.321924381416313,8.630022844032405e-41,ok
BANR,2020,14236601228.601444,E_pb,False,14236601228.601444,1620535032.3881145,11222910580.71537,549960000.0,0.2532327433690378,0.11330818584225945,0.24802849685981032,0.0902263495147077,13.510930389687013,6.740346523334855e-42,ok
BANR,2021,20004985028.986023,E_pb,False,20004985028.986023,2140895709.9068534,13455738354.82338,532869000.0,0.7014645322494301,0.22536613306235753,0.6891118259969481,-0.1253900741988437,4.772696726983666,9.088770370024173e-07,ok
BANR,2022,22816223281.36121,E_pb,False,22816223281.36121,2267935970.0020103,13179920749.882473,456603000.0,0.3332960026955242,0.13332400067388106,0.32937263666618144,0.3427158059282105,12.811325440697814,7.084668244731687e-38,ok
BANR,2023,16703145400.470749,E_pb,False,16703145400.470749,2786256103.03172,12650448868.532854,665141000.0,0.2768816417286632,0.1192204104321658,0.2708438008831241,0.0717439152291674,12.174795492933795,2.117270609895081e-34,ok
BCBP,2018,2204845657.1336966,E_pb,False,2204845657.1336966,1690214709.888155,2291842582.7828417,282377000.0,0.2229914882719278,0.10574787206798195,0.2096806974113402,0.0351138883812699,10.438775855976832,8.246183317584413e-26,ok
BCBP,2019,2956550619.6630816,E_pb,False,2956550619.6630816,1625267724.0531998,2476790749.3106375,282610000.0,0.1900623031884381,0.09751557579710952,0.18198779448106076,-0.2488790044361578,11.943454092514425,3.5122147075614134e-33,ok
BCML,2019,2210689936.6916,E_pb,False,2210689936.6916,274406131.4621779,1936026935.4805422,8242000.000000001,0.293577353671719,0.12339433841792975,0.2929452259401163,0.0351138883812699,19.074363251114814,2.0620738398656078e-81,ok
BCML,2020,1437455558.145384,E_pb,False,1437455558.145384,130475808.88864245,1382833236.6132197,76694000.0,0.2884566410181874,0.12211416025454686,0.28003113895925424,-0.0151580770741345,10.457476081162243,6.770735509226628e-26,ok
BCML,2021,1738643524.914912,E_pb,False,1738643524.914912,199072026.350988,1726673859.9955297,71945000.0,0.7411795057742891,0.23529487644357228,0.7210778265929805,-0.3328935794945502,3.65097218704272,0.00013062476652228003,ok
BCML,2022,1875591996.2625926,E_pb,False,1875591996.2625926,230063934.00085706,1913020401.8369994,72195000.0,0.2306253494841209,0.10765633737103023,0.2260674856897023,0.2366512853635787,15.509423491794848,1.497781825048163e-54,ok
BCML,2023,2159542445.433422,E_pb,False,2159542445.433422,227439386.2309911,1935460155.4520278,72446000.0,0.2552474366295292,0.1138118591573823,0.2506567131127874,0.0218459417870939,13.63713022237255,1.2042681645524118e-42,ok
BFC,2019,4496439774.704941,E_pb,False,4496439774.704941,666417179.370292,1886646479.168232,114277000.0,0.2433215292923797,0.11083038232309493,0.24003772515908897,0.0351138883812699,15.430150039783289,5.1315670849598014e-54,imputed_sigmaE_sizebucket
BFC,2020,4456364028.53996,E_pb,False,4456364028.53996,504736431.2440504,2356851232.3974013,77346000.0,0.3575512436426417,0.13938781091066044,0.353829331839314,0.4698842629999227,12.656649049221468,5.1397098554607094e-37,ok
BFC,2021,4895766503.285185,E_pb,False,4895766503.285185,1037182219.0609537,2760223494.2074704,66632999.99999999,0.5552027623751111,0.1888006905937778,0.550282870449271,-0.0614742946341207,7.446288136325727,4.800150509461935e-14,ok
BFC,2022,6538332469.175324,E_pb,False,6538332469.175324,1865038385.1135669,3434608817.082115,122625000.0,0.2516229247522431,0.11290573118806078,0.24906920842249242,0.1329311764558309,16.448444456733714,4.302499342101449e-61,ok
BFC,2023,5934245432.439402,E_pb,False,5934245432.439402,1972657022.744957,3966213027.601542,127141000.0,0.2271015708525472,0.1067753927131368,0.22457766138309831,0.3001359719326288,18.431555096568236,3.667207675017514e-76,ok
BFIN,2018,2059500240.101472,E_pb,False,2059500240.101472,275646353.31097376,1472854394.8312776,21049000.0,0.1674013122245939,0.09185032805614848,0.1666369598915128,0.0351138883812699,27.69352066733791,4.1782836698563974e-169,ok
BFIN,2019,1705297658.2111084,E_pb,False,1705297658.2111084,8906593.054405121,1477893117.825126,61000.0,0.1826683960336403,0.09566709900841008,0.18266528403189627,-0.0019280895424168,55.94823778778043,0.0,ok
BFST,2021,6048678826.577439,E_pb,False,6048678826.577439,689416507.3279914,3715414863.4557996,187590000.0,0.8021158697868437,0.25052896744671094,0.7855238674393802,0.0351138883812699,4.112502187324613,1.956968806355806e-05,ok
BFST,2022,5936384359.733455,E_pb,False,5936384359.733455,1906558584.267406,,560123000.0,0.3006210752144577,0.12515526880361444,0.2854925717829934,0.416905772833015,9.902241346022485,2.0352426031047398e-23,ok
BFST,2023,6496192944.40347,E_pb,False,6496192944.40347,704992374.9185535,,635073000.0,0.2774241931000373,0.11935604827500933,0.2633474763261739,-0.2022110272641462,8.284177061687773,5.946428036793101e-17,ok
BHB,2017,3217333466.043123,E_pb,False,3217333466.043123,4740193361.1733,3034097193.275725,829721000.0,0.26535233397263,0.1163380834931575,0.23480165718795015,0.0351138883812699,6.78105555896808,5.965049163524165e-12,ok
BHB,2018,2710370472.905388,E_pb,False,2710370472.905388,4006519780.684397,3056344483.1401863,723796000.0,0.3045286618509912,0.1261321654627478,0.26692924099630444,-0.1205511368639203,5.247994492680582,7.688194662325584e-08,ok
BHB,2019,3126840508.553896,E_pb,False,3126840508.553896,2445918528.249009,3014336986.039133,531316000.00000006,0.2764677951520791,0.11911694878801977,0.25361392815888817,-0.1459645796864498,6.905113951145428,2.508157251000698e-12,ok
BHB,2020,2804647623.414504,E_pb,False,2804647623.414504,471072658.7985151,2173725143.4170027,336023000.0,0.2978436226529102,0.12446090566322755,0.2792932594672018,0.1717176038431263,8.477566792700365,1.1497617636849992e-17,ok
BHB,2021,3612631751.408862,E_pb,False,3612631751.408862,917742673.3933936,3105194651.593393,178524000.0,0.738594973749814,0.2346487434374535,0.7148643483892361,-0.0725026180689349,3.8156679977198484,6.790750738766979e-05,ok
BHB,2022,4317932500.287076,E_pb,False,4317932500.287076,1989807429.1517522,3263246939.903786,394246000.0,0.338646898550271,0.13466172463756776,0.32158041032842455,0.3236131147645111,8.560336926408821,5.626907384135971e-18,ok
BHB,2023,3752208673.81522,E_pb,False,3752208673.81522,1698223790.7482975,3322341098.0445056,331505000.0,0.3213288296258163,0.13033220740645407,0.30582423251000623,0.1473030562587658,8.539735322264239,6.726481229513898e-18,ok
BKU,2016,36100925160.09522,E_pb,False,36100925160.09522,43004278860.03387,24646528913.062943,5642157000.0,0.2244919385205117,0.10612298463012793,0.20849273129345766,0.0351138883812699,9.662910394912647,2.1668679195905353e-22,ok
BKU,2017,36193848479.26499,E_pb,False,36193848479.26499,47695191934.37663,27377191203.00827,5173830000.0,0.2941777138244469,0.12354442845611173,0.27283671420128075,0.0730625508230256,7.750896930888577,4.562286374600513e-15,ok
BKU,2018,27197953897.678726,E_pb,False,27197953897.678726,34686643147.370056,27849764767.848152,5373749000.0,0.2310925076685125,0.10777312691712812,0.2107470132657437,0.1064795813484877,8.950022587471384,1.7770481229890163e-19,ok
BKU,2019,32507951785.249332,E_pb,False,32507951785.249332,27663954494.126495,27831171613.50418,5009839000.0,0.2493708947948304,0.1123427236987076,0.2310732002534468,-0.2485155448211974,7.522285162870752,2.6913510639542074e-14,ok
BKU,2020,33622043957.642857,E_pb,False,33622043957.642857,5101635412.493001,19569216431.731434,4025494000.0,0.2407480131198383,0.11018700327995957,0.22678766962179356,0.2523852379221245,10.857242994911722,9.211369307980164e-28,ok
BKU,2021,39353977280.10049,E_pb,False,39353977280.10049,11558736495.134554,28780334824.976074,2825416000.0,0.8000647714838925,0.25001619287097315,0.7632193848167637,-0.009053222844749,3.1484669948982322,0.0008206462829281179,ok
BKU,2022,32392950732.468025,E_pb,False,32392950732.468025,23281344012.187794,29110625659.89376,6330923000.0,0.3574234540105945,0.1393558635026486,0.32177182644256536,0.2438672122665102,6.2252464527477045,2.4039980705448614e-10,ok
BKU,2023,28009620762.079975,E_pb,False,28009620762.079975,13755614647.394997,25124271959.682148,5823973000.0,0.3442714560209514,0.13606786400523785,0.30843216247946664,-0.1768866228650895,4.976847089032358,3.231416800369366e-07,ok
BLFY,2022,1548237001.070592,E_pb,False,1548237001.070592,9188717199.314903,,319802000.0,0.1862483495963501,0.09656208739908753,0.1708943628718914,0.0351138883812699,10.447705000593302,7.505688877412965e-26,ok
BLFY,2023,1091977664.684112,E_pb,False,1091977664.684112,8975131847.623646,,406429000.0,0.2132413010835941,0.10331032527089853,0.18342353690673954,-0.1216678058994287,6.358281297066417,1.0201180033634128e-10,ok
BMRC,2017,3901934857.8619647,E_pb,False,3901934857.8619647,425020030.8926391,2435270799.560555,5739000.0,0.2375025985384496,0.10937564963461241,0.23731442506581454,0.0351138883812699,27.51778529245506,5.3782846711022194e-167,ok
BMRC,2018,4531432691.914452,E_pb,False,4531432691.914452,970035366.0404304,2496086436.0807276,9640000.0,0.2681826018734529,0.11704565046836322,0.2678617613341373,-0.0085048823748669,22.81257898049281,1.7198598304572825e-115,ok
BMRC,2019,4911416489.014319,E_pb,False,4911416489.014319,559634627.5842375,2693227574.022496,2920000.0,0.2662754129129087,0.11656885322822717,0.2661864602831373,0.2324574752072261,28.646679704582745,8.816119639026254e-181,ok
BMRC,2020,3764576292.1884604,E_pb,False,3764576292.1884604,390426118.08882076,2890934068.441567,2835000.0,0.2038595789429655,0.10096489473574138,0.203782150064857,0.1131226394731972,35.746312924457655,3.774301978167545e-280,ok
BMRC,2021,5680409538.43701,E_pb,False,5680409538.43701,577488956.7296759,4311081074.2257805,419000.0,0.6018184158720171,0.2004546039680043,0.601788812542846,-0.2170038136960083,15.149264722804167,3.830949428782181e-52,ok
BMRC,2022,5160526624.289975,E_pb,False,5160526624.289975,147886508853.01443,4144313054.640715,112439000.0,0.2650034656237867,0.11625086640594667,0.26183151369100566,0.112573045425445,14.995263508374396,3.942456958473458e-51,ok
BMRC,2023,3061305784.76476,E_pb,False,3061305784.76476,23132441097.95091,3799583464.254299,26298000.0,0.2439214466490194,0.11098036166225486,0.24278914960033957,-0.0911252422940341,19.13207070404805,6.827064596302441e-82,ok
BOH,2016,51083482647.763695,E_pb,False,51083482647.763695,4304335869.284289,13904987685.11889,800932000.0,0.2012301717801126,0.10030754294502815,0.19967224415373577,0.0351138883812699,20.965242726903206,6.81121842833076e-98,ok
BOH,2017,48150234823.62165,E_pb,False,48150234823.62165,5202282291.848994,14895732840.225695,766009000.0,0.2205858775632418,0.10514646939081046,0.21877814216283775,0.4477414836212123,20.936645619209234,1.2416996687086466e-97,ok
BOH,2018,36357020667.329895,E_pb,False,36357020667.329895,4117923827.3315835,14837465675.629198,640138000.0,0.1996622716015631,0.09991556790039077,0.19793641865193526,-0.0093306790199274,20.349931322853617,2.3246272624307102e-92,ok
BOH,2019,51536267823.63374,E_pb,False,51536267823.63374,3916773973.695512,15385593681.40635,689871000.0,0.1833790850837409,0.09584477127093523,0.1822228176290803,-0.1919606540513018,22.60019129654984,2.1574930918367327e-113,ok
BOH,2020,44599502212.991745,E_pb,False,44599502212.991745,2183971902.4562125,15816209599.926119,661071000.0,0.1849753789266408,0.0962438447316602,0.18367937580786076,0.4583328356536928,25.41272854113389,9.120741797937485e-143,ok
BOH,2021,52575711488.99409,E_pb,False,52575711488.99409,3325911292.5210285,,460881000.0,0.5776544666001724,0.1944136166500431,0.5743241541144576,-0.1625380256685775,7.692755613912411,7.199970299869537e-15,ok
BOH,2022,61062761495.77263,E_pb,False,61062761495.77263,7937484170.495676,,1135784000.0,0.2797411872880994,0.11993529682202485,0.27682303265843117,0.1286283063751485,14.786779933537174,8.914059848423717e-50,ok
BOKF,2016,44823385941.8066,E_pb,False,44823385941.8066,32828957053.574547,27911393527.870155,5717302000.0,0.2386607286826258,0.10966518217065646,0.22406839672004641,0.0351138883812699,9.77064278195924,7.524710060176263e-23,ok
BOKF,2017,45628992324.92137,E_pb,False,45628992324.92137,59179208318.90758,29366921291.03784,5854537000.0,0.3101078194407364,0.12752695486018412,0.2893453262473763,0.429091042274496,8.851968469488101,4.2994498536552574e-19,ok
BOKF,2018,36516694375.537384,E_pb,False,36516694375.537384,49147025427.06364,33034036076.291107,7418714000.0,0.2051723051255104,0.1012930762813776,0.1876317764760883,0.135801269660635,10.109765523826866,2.500190335473253e-24,ok
BOKF,2019,42621797825.39178,E_pb,False,42621797825.39178,13028327859.769957,25378274820.55842,8621328000.0,0.2239526691305662,0.10598816728264154,0.20410589658485978,-0.1897118336923501,7.700908840697986,6.755092437393367e-15,ok
BOKF,2020,38801884132.171555,E_pb,False,38801884132.171555,4166998440.2515073,24345217856.323746,3821361000.0,0.2411737312528518,0.11029343281321295,0.22943973806264073,0.2209956055481443,11.360139502445207,3.301954959290295e-30,ok
BOKF,2021,64305674014.968796,E_pb,False,64305674014.968796,15142390475.10623,43142503647.47222,2494428000.0,0.7094339485371219,0.22735848713428047,0.6914324411626765,-0.1903221739003199,4.133858073329883,1.7836190673953216e-05,ok
BOKF,2022,60332876631.78178,E_pb,False,60332876631.78178,53793653826.000145,42191741355.83646,7138490000.0,0.2980978960979943,0.12452447402449858,0.27973377810851546,0.5759333760837859,9.948780379817002,1.2764632830364425e-23,ok
BOKF,2023,44223184261.64521,E_pb,False,44223184261.64521,16501493177.423195,32297047088.70166,8955450000.0,0.2858073654196821,0.12145184135492053,0.2581293759710634,0.0059477162327594,6.795145809403034,5.410151835107974e-12,ok
BRBS,2022,2643610012.3762283,E_pb,False,2643610012.3762283,2117545050.963493,2684617519.33141,351671000.0,0.2674832687971854,0.11687081719929636,0.24980010943850406,0.0351138883812699,8.590913349657928,4.314034272614253e-18,ok
BRBS,2023,876589751.400516,E_pb,False,876589751.400516,260430942.89898202,1411311257.8505578,314855000.0,0.2257547494926218,0.10643868737315546,0.19422390536874184,-0.2790791279781068,5.31792993495496,5.247723335038339e-08,ok
BSRR,2018,3252551631.599016,E_pb,False,3252551631.599016,922990234.9447687,2259957312.438376,107226000.0,0.2698345399462969,0.11745863498657423,0.2649715220395329,0.0351138883812699,13.000265920177293,6.095930626170924e-39,ok
BSRR,2019,3616641705.30132,E_pb,False,3616641705.30132,545186214.4566383,2259538153.4886723,80656000.0,0.2249737913935758,0.10624344784839396,0.22238370659319595,-0.0743593942216078,16.755173708177495,2.5954537346272727e-63,ok
BUSE,2017,11085643272.901161,E_pb,False,11085643272.901161,1626353650.2436266,5380441731.564192,749693000.0,0.2102457315220364,0.1025614328805091,0.2034246186241877,0.0351138883812699,13.634555468173923,1.2475327961031094e-42,ok
BUSE,2018,8795898020.32896,E_pb,False,8795898020.32896,909284261.0959083,5326274813.995211,405637000.0,0.2111818769506974,0.10279546923767435,0.2064038114248526,-0.0036909141647087,15.002992076220645,3.509141988837978e-51,ok
BUSE,2019,11392284393.38234,E_pb,False,11392284393.38234,1339271229.4027672,7185490718.606115,467872000.0,0.2086529300661151,0.10216323251652878,0.2044520117881976,-0.1588729710988451,14.932461629956183,1.0132246222158037e-50,ok
BUSE,2020,9291585261.834492,E_pb,False,9291585261.834492,829842423.1844084,6687609721.899569,478532000.0,0.2069784659530688,0.1017446164882672,0.20182420187388464,0.1578493935468872,15.62668660608045,2.3953761922639253e-55,ok
BUSE,2021,13940225598.281248,E_pb,False,13940225598.281248,1444383995.6831882,8961810460.524948,628225000.0,0.6275256246223233,0.20688140615558082,0.6093864812478421,-0.1797188241113887,4.559209120455152,2.5673311180745334e-06,ok
BUSE,2022,13631848642.35191,E_pb,False,13631848642.35191,1902115891.8962524,8360264229.275564,904708000.0,0.289652061246395,0.12241301531159875,0.27924364703303434,0.3075931341460598,10.905939393759533,5.398610829825495e-28,ok
BUSE,2023,12688955600.276648,E_pb,False,12688955600.276648,1064498748.2444283,8292700889.44645,512270999.99999994,0.2549192813622827,0.11372982034057068,0.24944045211579907,-0.0541418846266328,12.684226097229033,3.6162341088772504e-37,ok
BWB,2020,3688697702.692176,E_pb,False,3688697702.692176,455060005.14153594,2230235810.6560016,142239000.0,0.2107401284892945,0.10268503212232363,0.2067281465525163,0.0351138883812699,15.997345117438185,6.667057369425553e-58,ok
BWB,2021,5333294989.20792,E_pb,False,5333294989.20792,718560314.4213742,,134739000.0,0.5479326819814312,0.1869831704953578,0.5390384475410255,-0.093613933272062,6.427073427898811,6.504199744169537e-11,ok
BWB,2022,5815258592.733235,E_pb,False,5815258592.733235,711125390.7258471,,476655000.0,0.3207211670057338,0.13018029175143345,0.3062864072850611,0.4163330664341311,9.63038152225077,2.9754059128391263e-22,ok
BWB,2023,4388543870.593547,E_pb,False,4388543870.593547,1177184713.0703788,,412538000.0,0.2431945832493158,0.11079864581232896,0.23181832333320918,0.0028264556096007,10.483316381606825,5.1532454282582396e-26,ok
BWFG,2018,2182430875.08674,E_pb,False,2182430875.08674,1811273047.276853,1699895429.8381622,185155000.0,0.28162481014555,0.12040620253638751,0.2690168487592367,0.0351138883812699,9.469152777695637,1.4106128562004326e-21,ok
BWFG,2019,2123798932.7825751,E_pb,False,2123798932.7825751,1499561147.6833262,1685276260.3500228,175207000.0,0.1881403732975522,0.09703509332438806,0.1811972495062454,-0.1509285547456128,13.28342015957372,1.4444574045426845e-40,ok
BWFG,2020,1800234639.121443,E_pb,False,1800234639.121443,883535432.5005388,1837310755.1874402,200258000.0,0.2086680946614298,0.10216702366535746,0.19800687499061015,0.0232818908181609,11.64212476568765,1.2583335730869777e-31,ok
BWFG,2021,3009073884.6049953,E_pb,False,3009073884.6049953,1256537313.1583211,2301593796.483596,84441000.0,0.5733640382870648,0.1933410095717662,0.562990878381663,-0.3002811430151555,5.5813509134322885,1.1932878828516004e-08,ok
BWFG,2022,2951384634.47108,E_pb,False,2951384634.47108,517946849.0326332,2488670637.6651273,158959000.0,0.2500648681406323,0.11251621703515807,0.243035228139201,0.7190946831926999,15.073550593132618,1.208816890609497e-51,ok
BWFG,2023,2735935013.309904,E_pb,False,2735935013.309904,437652733.2923076,2357788812.7372637,159205000.0,0.2226036222412751,0.10565090556031878,0.21617234182872444,-0.0818867678364958,12.931090261377562,1.5026336061843586e-38,ok
BY,2018,4205250425.762319,E_pb,False,4205250425.762319,6677620678.711591,,495934000.0,0.245226588249759,0.11130664706243976,0.2310992011706991,0.0351138883812699,9.76869398349591,7.670845871929037e-23,ok
BY,2019,5005021253.955811,E_pb,False,5005021253.955811,5665893521.086916,,576972000.0,0.249978477896611,0.11249461947415276,0.23576772321583322,-0.2747061384604274,8.342991534835122,3.6217176559647414e-17,ok
BY,2020,4227406885.535081,E_pb,False,4227406885.535081,544689040.954896,,757694000.0,0.2185387329012893,0.10463468322532232,0.20122626180053274,0.1764891810494584,10.138698937118265,1.8601063261956863e-24,ok
BY,2021,7575520452.981196,E_pb,False,7575520452.981196,1983698050.725617,,630146000.0,0.6798630343168309,0.21996575857920775,0.6445456800985551,-0.2022926761867721,3.345948177792583,0.00041000859902331626,ok
CAC,2017,5599827612.1662,E_pb,False,5599827612.1662,680199368.7666922,2140811942.588048,611498000.0,0.2013765961628952,0.1003441490407238,0.1914300657106352,0.0351138883812699,12.197713438965149,1.598375441177395e-34,ok
CAC,2018,5090442995.697256,E_pb,False,5090442995.697256,682909860.6610582,2864288190.4818206,341694000.0,0.2431109948644916,0.11077774871612289,0.23478692714579505,-0.031722052877871,11.529124805994392,4.704769392505769e-31,ok
CAC,2019,6026469221.423881,E_pb,False,6026469221.423881,673618085.3551091,2945013487.0219665,339554000.0,0.2270437028320144,0.1067609257080036,0.22062800237303443,-0.1245700163744846,12.610316277892146,9.262405378116232e-37,ok
CAC,2020,4683336473.138908,E_pb,False,4683336473.138908,421311063.1233755,3066668158.2201,251698000.0,0.2135712959799117,0.10339282399497793,0.20795194292521557,0.3178065839156752,15.734739063960511,4.370817013504443e-56,ok
CAC,2021,6871491030.687458,E_pb,False,6871491030.687458,724714363.1242894,4045127074.8969455,260714999.99999997,0.5946799432129005,0.19866998580322515,0.5802039542128867,-0.1926669718197456,5.080907675001818,1.8781783105810822e-07,ok
CAC,2022,7210213476.673699,E_pb,False,7210213476.673699,622233540.2373472,3769093452.6833096,314123000.0,0.2718573470464041,0.11796433676160102,0.2654326829953536,0.3886818999175829,13.297412686360959,1.1980868742704173e-40,ok
CADE,2019,25441228016.74107,E_pb,False,25441228016.74107,4549216564.907168,15728194336.404701,1540022000.0,0.2433195150745384,0.1108298787686346,0.23575733932076526,0.0351138883812699,12.176370050809096,2.0768016021395694e-34,ok
CADE,2020,24525752432.34774,E_pb,False,24525752432.34774,2094408202.0887477,,939367000.0,0.2215270967563352,0.1053817741890838,0.21724268397304228,0.2302709065428811,16.141083951551536,6.560825659906244e-59,ok
CADE,2021,50689781174.88537,E_pb,False,50689781174.88537,5634283927.654464,,1764599000.0,0.6467061322800877,0.21167653307002193,0.6320714574792972,-0.1140226323473538,4.870083186379496,5.577563800377125e-07,ok
CADE,2022,47961335836.5204,E_pb,False,47961335836.5204,5700048867.220644,,4471521000.0,0.323202039709812,0.130800509927453,0.30679386489804567,0.1537262548206008,8.371972602470748,2.8330810170418433e-17,ok
CATY,2016,22657050769.632397,E_pb,False,22657050769.632397,4173181002.15451,12095419419.882442,836798000.0,0.256067809467186,0.1140169523667965,0.2510082777452683,0.0351138883812699,13.30044789262046,1.1504294393057226e-40,ok
CATY,2017,25755331154.39863,E_pb,False,25755331154.39863,10177513113.608936,14577919348.419788,741617000.0,0.2663530747159154,0.11658826867897885,0.2621613419355402,0.2433921457119763,14.43759685209279,1.500626194372354e-47,ok
CATY,2018,20414683966.61659,E_pb,False,20414683966.61659,11731316536.969166,15792915874.847109,736746000.0,0.2358679709196647,0.10896699272991617,0.23144775969872378,0.1341965305954666,14.969391377653789,5.819071111350689e-51,ok
CATY,2019,22809880038.463978,E_pb,False,22809880038.463978,12239049719.209549,16927079248.210976,843841000.0,0.2298332341167659,0.10745830852919147,0.2254675370911342,-0.1847875887452206,13.851689150047529,6.212768204187371e-44,ok
CATY,2020,19845358280.223866,E_pb,False,19845358280.223866,3536889741.891712,17586956256.790154,292850000.0,0.2249690734296108,0.1062422683574027,0.22324254719740674,0.175111813921464,19.623978126092506,4.824892458169456e-86,ok
CATY,2021,27589056869.19984,E_pb,False,27589056869.19984,3688460725.8176837,20006498223.00017,162281000.0,0.6418586980783755,0.2104646745195939,0.6393360429953268,-0.1151644409840888,7.5424657391352,2.305836501157261e-14,ok
CATY,2022,25570874827.207554,E_pb,False,25570874827.207554,12660085739.429556,20912695555.645096,626736000.0,0.3163501545357775,0.12908753863394437,0.31187019551913453,0.3778091138244133,13.024892276391737,4.416282355123937e-39,ok
CATY,2023,26519186706.50856,E_pb,False,26519186706.50856,12029933103.980408,21855368351.332565,674923000.0,0.2939855581934529,0.12349638954836323,0.28975423521905486,-0.0209340820104046,12.539054762953047,2.282034534453196e-36,ok
CBAN,2018,1525082933.9892058,E_pb,False,1525082933.9892058,423016963.7558614,1078005454.2847388,68229000.0,0.3559344956905157,0.13898362392262892,0.34664419872224395,0.0351138883812699,9.017122488751195,9.654723314891842e-20,ok
CBAN,2019,1716769430.0590563,E_pb,False,1716769430.0590563,516282790.86570376,1299390103.026475,85792000.0,0.3850531011446373,0.14626327528615934,0.3736880201002818,0.0473035916498774,8.088352443455236,3.023859723334213e-16,ok
CBAN,2020,1537976249.1656978,E_pb,False,1537976249.1656978,98880048.00603516,655817215.0669936,167081000.0,0.2678918883197427,0.11697297207993568,0.2531031277331985,0.1511549462892081,9.64823948694357,2.5003413734407424e-22,ok
CBAN,2021,2791079307.2249503,E_pb,False,2791079307.2249503,607960173.3296874,2349851108.5036454,88448000.0,0.660306300797764,0.215076575199441,0.6466305566327707,-0.0829063928094782,4.934803432333733,4.0115761183990844e-07,ok
CBAN,2022,2650749293.857282,E_pb,False,2650749293.857282,737694433.7622594,2302002606.4174232,203352000.0,0.2660583304821097,0.11651458262052743,0.2554034808169635,0.1945839078303282,10.97691484700872,2.4674522653257075e-28,ok
CBFV,2018,1203779105.357876,E_pb,False,1203779105.357876,269635201.48671454,1077905176.5686345,50979000.0,0.2744108009275041,0.11860270023187602,0.2680805440186659,0.0351138883812699,11.945904601532774,3.4102100578528545e-33,ok
CBFV,2019,1391758107.7139924,E_pb,False,1391758107.7139924,230881475.59510386,1107698930.8555694,44571000.0,0.2480525168958115,0.11201312922395287,0.24383105294624866,-0.1322222539360572,13.578309237234368,2.6927653584890753e-42,ok
CBFV,2020,1105496070.72216,E_pb,False,1105496070.72216,120135736.94995771,1005957561.976152,49055000.0,0.2174663299739361,0.10436658249348403,0.21266090537787793,0.2627562997021124,15.981633811588846,8.579446574067664e-58,ok
CBFV,2021,1301791105.321308,E_pb,False,1301791105.321308,166770423.9493508,1063005166.7457839,56867000.0,0.4835705343718557,0.17089263359296392,0.4704833168342338,-0.307743388995216,5.855929069210475,2.3717532720833823e-09,ok
CBFV,2022,1375443175.4956799,E_pb,False,1375443175.4956799,76899023.20758855,1087843315.2383296,22698000.0,0.2440364547727429,0.11100911369318572,0.24187683409870522,0.2568884157681406,17.977158983632393,1.4709271337988176e-72,ok
CBFV,2023,1239076420.306452,E_pb,False,1239076420.306452,258821359.7107512,1284048636.1266565,34678000.0,0.2630776161032252,0.11576940402580631,0.25906714587679674,-0.0719612094335622,13.502674993421797,7.539983728053003e-42,ok
CBNK,2020,2213469240.285215,E_pb,False,2213469240.285215,266138403.8078778,1652908113.8314111,36016000.0,0.296750230301487,0.12418755757537175,0.293987368332179,0.0351138883812699,14.03595340910496,4.696236209597461e-45,ok
CBNK,2021,3736150747.3968844,E_pb,False,3736150747.3968844,937748653.2974577,1983261658.1317801,34062000.0,0.968112991167838,0.2920282477919595,0.9620049012345128,-0.0644728006647585,4.344577450775624,6.977200234643904e-06,ok
CBNK,2022,2978303901.5857573,E_pb,False,2978303901.5857573,3201120357.1729984,2047500564.9930825,119062000.0,0.3499412664621776,0.13748531661554442,0.3417745108690817,0.8883505741803723,11.962883393224683,2.7798629907037687e-33,ok
CBSH,2016,59521089466.42823,E_pb,False,59521089466.42823,5831330910.517174,,1825954000.0,0.1986820934272367,0.09967052335680918,0.19573507981091934,0.0351138883812699,18.036634872078675,5.0239622626283785e-73,ok
CBSH,2017,54090054810.511925,E_pb,False,54090054810.511925,5860672692.350612,,1508896000.0,0.2173317241956719,0.10433293104891797,0.21426505792772269,0.4529719282824054,18.840231267608328,1.7670906055855724e-79,ok
CBSH,2018,52923894639.294075,E_pb,False,52923894639.294075,7421974310.63561,,1965091000.0,0.1898133824391494,0.09745334560978736,0.18650678321857428,0.0306359743002222,17.924376123719846,3.8049703784122847e-72,ok
CBSH,2019,61813637981.028366,E_pb,False,61813637981.028366,6355737325.410912,,1853190000.0,0.1935310675050646,0.09838276687626615,0.19076152668084095,0.0752485366065853,18.839274426772175,1.7993250449592584e-79,ok
CBSH,2020,69971263233.33577,E_pb,False,69971263233.33577,7968721421.279604,26058447224.932568,2099185000.0,0.185593084507679,0.09639827112691976,0.1829951207247913,0.2873310754832217,20.802097714256085,2.071440338525866e-96,ok
CBSH,2021,81895366395.48152,E_pb,False,81895366395.48152,10898444476.396496,28696340380.32273,3035527000.0,0.4930864963078544,0.17327162407696362,0.48165594800150546,0.0330716637211656,6.74449948706671,7.677771619847983e-12,ok
CBSH,2022,105402607583.5628,E_pb,False,105402607583.5628,9720755604.327337,24646369063.881363,2851406000.0,0.2412648424133256,0.11031621060333141,0.23781566115828986,0.1143632744980558,15.653945367747609,1.5612327922110635e-55,ok
CBSH,2023,68135920486.251144,E_pb,False,68135920486.251144,6334524121.916936,21721656619.269554,2910219000.0,0.2313576685716883,0.10783941714292208,0.2262980669556943,0.0556347514049415,14.25169277427727,2.1877253323548086e-46,ok
CBU,2016,19292401539.987804,E_pb,False,19292401539.987804,5176881689.254618,8269684353.490426,248370000.0,0.2136891758663626,0.10342229396659065,0.21228764546100465,0.0351138883812699,20.622583555547617,8.605870759213631e-95,ok
CBU,2017,17096670662.503145,E_pb,False,17096670662.503145,3104389307.1940794,9291847112.98712,485896000.0,0.2258871260609439,0.10647178151523598,0.22258707099121836,0.5903897534523035,18.66364377419574,4.891364470931794e-78,ok
CBU,2018,17774648920.52018,E_pb,False,17774648920.52018,3447716837.0714645,9470907078.192532,413682000.0,0.2339461064689606,0.10848652661724015,0.23109260824864478,-0.1088517851515996,15.78537839090321,1.9614488429608394e-56,ok
CBU,2019,21914889099.686977,E_pb,False,21914889099.686977,3383081705.4750614,10354728886.82017,344873000.0,0.2217253156102619,0.10543132890256549,0.219923559782943,0.1109086901849871,19.343471942790593,1.1568037710745357e-83,ok
CBU,2020,21520505665.53121,E_pb,False,21520505665.53121,2911043480.7684245,12355244510.928392,371289000.0,0.2053125574325644,0.10132813935814111,0.2035489619305829,0.2465415697784669,21.138461609940276,1.7618885435294067e-99,ok
CBU,2021,29077636272.683765,E_pb,False,29077636272.683765,3802484992.555309,14311096281.552895,329885000.0,0.5090023146968465,0.17725057867421162,0.5052808204429434,-0.0966844514433545,8.442677140202267,1.550754470863658e-17,ok
CBU,2022,32041776267.343792,E_pb,False,32041776267.343792,10317333998.899727,14262780085.674534,1137775000.0,0.2509050593013068,0.1127262648253267,0.2461667077600777,0.2227208852811386,14.483197396315798,7.736439609752122e-48,ok
CBU,2023,24206478441.040936,E_pb,False,24206478441.040936,5234980893.261792,13571940297.17948,765198000.0,0.2327761991305504,0.10819404978263761,0.22895867363354175,-0.1315648749153516,14.533570318699962,3.7123761021690925e-48,ok
CCB,2020,2817744265.2051005,E_pb,False,2817744265.2051005,130003543.59918022,712396193.5818627,192292000.0,0.2895811886722919,0.12239529716807297,0.278900749429498,0.0351138883812699,9.849071527523543,3.459004004720377e-23,ok
CCB,2021,8365060537.930832,E_pb,False,8365060537.930832,726433316.4221963,2456707092.4266434,52873000.0,0.9165628114703276,0.2791407028675819,0.9125591662768497,0.2750455373513583,5.4011733660595915,3.3103200986574015e-08,ok
CCB,2022,7954379097.462881,E_pb,False,7954379097.462881,877107469.2482936,2982645169.195779,47587000.0,0.4354296927111392,0.15885742317778478,0.43378494135503726,1.410476190447933,14.849004256836306,3.5304827282143767e-50,ok
CCB,2023,7415708567.65394,E_pb,False,7415708567.65394,571241767.0381677,3460813163.2863984,47734000.0,0.3107300552567362,0.12768251381418405,0.30955933661530294,-0.0612406163698115,15.9677755836414,1.0714643422565425e-57,ok
CCBG,2017,3873076286.9355803,E_pb,False,3873076286.9355803,507453142.0776433,2528419789.2751946,74334000.0,0.2755088008361248,0.1188772002090312,0.27255925859078267,0.0351138883812699,14.566433010364603,2.2962610220177823e-48,ok
CCBG,2018,3705101565.799195,E_pb,False,3705101565.799195,429367441.38455415,2519169171.773754,74996000.0,0.3040504626860075,0.12601261567150188,0.3005182452915401,0.1327287167249284,13.335774090915114,7.167943302364869e-41,ok
CCBG,2019,4728934426.862328,E_pb,False,4728934426.862328,476292320.8309416,2713986099.321802,65805000.00000001,0.2664033168511006,0.11660082921277515,0.26434736514623575,0.0247927041258166,16.18488520551911,3.2235004047082305e-59,ok
CCBG,2020,4408939520.635551,E_pb,False,4408939520.635551,297269820.1119688,2608306347.894877,135598000.0,0.24607296572185,0.1115182414304625,0.24205817842575744,0.3394280489150125,15.790082419707645,1.8205194212282617e-56,ok
CCBG,2021,4703839801.198356,E_pb,False,4703839801.198356,353550536.304238,3411539546.0309,88328000.0,0.6819013384378655,0.2204753346094664,0.6733964534344725,-0.1737732939079035,5.335900262032813,4.753582679199294e-08,ok
CCBG,2022,6146115908.7207,E_pb,False,6146115908.7207,552865017.3836168,3768177500.420907,110193000.0,0.3102504868997652,0.12756262172494132,0.30703278709930476,0.1002804488229289,13.328407713312941,7.911951483619555e-41,ok
CCBG,2023,4694079302.069966,E_pb,False,4694079302.069966,474492711.6498311,3627554916.4182134,88543000.0,0.2461503219033661,0.11153758047584153,0.2436581711100537,0.258432180169873,17.311151408869737,1.9379306250227745e-67,ok
CCNE,2017,4008249646.758721,E_pb,False,4008249646.758721,644959284.8692929,1835415341.4538195,327979000.0,0.2635627876452315,0.11589069691130788,0.25239332482573174,0.0351138883812699,10.242241497190403,6.411526902313046e-25,ok
CCNE,2018,3858536863.088544,E_pb,False,3858536863.088544,1912419628.1267302,2765021055.9010863,315737000.0,0.3009314377580658,0.12523285943951645,0.287641810905093,0.0079147465608286,8.859393359510268,4.022551159582228e-19,ok
CCNE,2019,5660880957.701236,E_pb,False,5660880957.701236,1461244872.9174497,3124076737.660254,299156000.0,0.254215188115899,0.11355379702897475,0.24715487969656497,-0.1046217551750544,11.55834861762556,3.3492278964447356e-31,ok
CCNE,2020,4658524601.895883,E_pb,False,4658524601.895883,250237727.59924743,,71170000.0,0.2571156478437014,0.11427891196092535,0.2549663144620699,0.459237985893147,18.132899700053056,8.763418532106377e-74,ok
CCNE,2021,6059885890.960602,E_pb,False,6059885890.960602,278272428.23437756,,104750000.0,0.7045378126426679,0.226134453160667,0.6964087434174729,-0.3250644369363732,5.036482987387612,2.3708161580248723e-07,ok
CCNE,2022,5534426197.613232,E_pb,False,5534426197.613232,1126287391.9983475,,237363000.0,0.2954470986218673,0.12386177465546683,0.2883907065988394,0.279776500362134,11.891294014723405,6.567775640540022e-33,ok
CCNE,2023,5192274806.223649,E_pb,False,5192274806.223649,380427728.50079507,,105181000.0,0.24627370496015,0.1115684262400375,0.24359913127056593,-0.0776375256824648,15.64862509219267,1.6973736017720678e-55,ok
CFFI,2018,1658937466.22608,E_pb,False,1658937466.22608,214698418.24230242,856459355.0190629,166691000.0,0.2127382609113189,0.10318456522782973,0.20273534113601177,0.0351138883812699,11.878051642647591,7.695651776699674e-33,ok
CFFI,2019,1727182260.0997078,E_pb,False,1727182260.0997078,180198225.51672974,874909505.4613256,161170000.0,0.2720009334270515,0.11800023335676288,0.2588570442519365,-0.0586576073347338,9.151147939749329,2.816586150583851e-20,ok
CFFI,2020,1412713777.615875,E_pb,False,1412713777.615875,53840476.93734982,863997979.838012,76169000.0,0.3018834649404109,0.12547086623510273,0.292858462144488,0.0698985421349436,10.243317638770744,6.340588693473722e-25,ok
CFFI,2021,1876135996.4813204,E_pb,False,1876135996.4813204,183181380.39482996,1515913150.053337,90461000.0,0.6776295611940346,0.21940739029850864,0.6565519149474748,-0.2980443936156196,3.9076369072214105,4.6601615200074365e-05,ok
CFFI,2022,2319798954.4592934,E_pb,False,2319798954.4592934,184569538.78354424,1556006385.3045387,92084000.0,0.2961400172954483,0.12403500432386208,0.28956916857943815,0.4227307010257508,12.592042839322435,1.1677490243392488e-36,ok
CFG,2016,123824259753.869,E_pb,False,123824259753.869,14374214184.932716,,17149000000.0,0.23983765157262,0.109959412893155,0.22403832963736184,0.1285860546983458,9.8649183560937,2.9541247480699734e-23,ok
CFG,2017,141903638840.6,E_pb,False,141903638840.6,17822147677.239098,,14436000000.0,0.3211867159829733,0.13029667899574332,0.30356042111377973,0.3880124048816047,8.974304542641772,1.4257371817211462e-19,ok
CFG,2018,99364544284.264,E_pb,False,99364544284.264,17565668324.45777,,17242000000.0,0.2455523907253041,0.11138809768132603,0.22571421822080906,0.1989837789649389,9.23720034890539,1.2651549388468742e-20,ok
CFG,2019,129086947432.064,E_pb,False,129086947432.064,16196585127.41813,,14321000000.0,0.2604232053706957,0.11510580134267392,0.24591152327531415,-0.274379609706415,8.130365269510662,2.139993854973877e-16,ok
CFG,2020,128926629241.72,E_pb,False,128926629241.72,9926176899.406107,,8589000000.0,0.2563296921431716,0.1140824230357929,0.24744516170033948,0.418239954920081,12.774065341390388,1.1444030074326618e-37,ok
CFG,2021,169030228614.62698,E_pb,False,169030228614.62698,20224932192.493965,,7006000000.0,0.7703544160738605,0.2425886040184651,0.7493500619794847,-0.0667739751019259,3.838507937247075,6.189210692986311e-05,ok
CFG,2022,188520922132.398,E_pb,False,188520922132.398,38494420564.41813,,15890000000.0,0.3280117959905519,0.13200294899763798,0.31277493610935597,0.3694510641750215,9.191846799016092,1.9307688221056185e-20,ok
CFR,2016,56792571794.33667,E_pb,False,56792571794.33667,5209837433.148502,,1213109000.0,0.2588331617341645,0.11470829043354112,0.2558189883617575,0.0351138883812699,15.126893826229624,5.382916007062815e-52,ok
CFR,2017,57853455482.4576,E_pb,False,57853455482.4576,6838420551.190862,,1382560000.0,0.3421841306647075,0.13554603266617687,0.3373612274622891,0.520085189110558,12.511134712770938,3.244529135160482e-36,ok
CFR,2018,52720536834.75585,E_pb,False,52720536834.75585,8111123328.00499,,1602498000.0,0.2321744474333641,0.10804361185834102,0.22851265982609228,0.0992446813673395,15.738823204572459,4.097681192180245e-56,ok
CFR,2019,52209509129.5103,E_pb,False,52209509129.5103,7459984033.86758,,1930506000.0,0.2301321825202809,0.10753304563007023,0.2257605847511409,-0.0484402998869677,14.439487751195088,1.4600211510147948e-47,ok
CFR,2020,53060751372.452736,E_pb,False,53060751372.452736,5115192037.17656,29037533393.97561,2352375000.0,0.2385678542501207,0.10964196356253017,0.23309474594600252,0.1459682028109641,14.063777615100879,3.170452156772024e-45,ok
CFR,2021,89963607072.57756,E_pb,False,89963607072.57756,9165730829.246977,,2988913000.0,0.6425817588066908,0.2106454397016727,0.6286927316093958,-0.0752066835259981,5.033214051579266,2.4116202611589445e-07,ok
CFR,2022,137924285972.89188,E_pb,False,137924285972.89188,17970939700.649807,,4934695000.0,0.2791968974971751,0.11979922437429377,0.27369091603759593,0.4819090482355168,13.920896147225205,2.3646842448225113e-44,ok
CHCO,2017,8100326996.501987,E_pb,False,8100326996.501987,1015514043.2266176,3265809805.2829876,269432000.0,0.2361971774794387,0.10904929436985968,0.23210414344389507,0.0351138883812699,14.839209677666764,4.085648081095809e-50,ok
CHCO,2018,8629004822.43548,E_pb,False,8629004822.43548,1335213973.392092,4084780983.879815,266152000.0,0.229879087016321,0.10746977175408026,0.22621647771937153,0.0243784250029579,15.507208710748573,1.550340220177331e-54,ok
CHCO,2019,9753322551.974003,E_pb,False,9753322551.974003,1303443667.6441329,4306825342.712823,215463000.0,0.2237102910749121,0.10592757276872802,0.22116456294162107,0.0285480174751646,17.355926865976603,8.895294385811452e-68,ok
CHCO,2020,8544420026.886117,E_pb,False,8544420026.886117,976592268.992335,4419355589.842848,295956000.0,0.1960702515096569,0.09901756287741423,0.19282114474887116,0.2480775156705892,18.806865919924817,3.317300593492842e-79,ok
CHCO,2021,10293696510.918915,E_pb,False,10293696510.918915,1262444048.332547,4812571695.621371,312458000.0,0.4856005328824896,0.17140013322062242,0.47634416872369123,-0.1215244246407279,6.906232034576636,2.4884784636805724e-12,ok
CHCO,2022,13310364129.833673,E_pb,False,13310364129.833673,1257670393.6901155,4773702505.679674,290964000.0,0.2408832258604448,0.1102208064651112,0.23808805322479948,0.212549301318025,16.922014614285725,1.5482735987788335e-64,ok
CHCO,2023,13847715429.230566,E_pb,False,13847715429.230566,2115756802.1883333,5116455921.404348,434856000.0,0.206447318636091,0.10161182965902275,0.20325543252367068,0.1723370862082578,17.925528511098246,3.726941119799749e-72,ok
CHMG,2018,2113239774.6754181,E_pb,False,2113239774.6754181,201303317.37483823,1718598217.8614361,4304000.0,0.2672628017046189,0.11681570042615473,0.2669570114151116,0.0351138883812699,23.217026999283156,1.532321034493744e-119,ok
CHMG,2019,2016336357.6338618,E_pb,False,2016336357.6338618,200702542.4221795,1752164316.9842806,4085000.0,0.2814844768836071,0.12037111922090178,0.28115872895802446,-0.1210979758836214,21.49361168439057,8.93294062967719e-103,ok
CHMG,2020,1805825899.3520758,E_pb,False,1805825899.3520758,135845909.72695184,2216645511.806759,3849000.0,0.2861134836446426,0.12152837091116066,0.28576342734495147,0.0525912890746811,21.573264634865794,1.6013715826104566e-103,ok
CHMG,2021,2464132974.7926836,E_pb,False,2464132974.7926836,1048478689.9765575,2377290468.2933674,18164000.0,0.7861543300804973,0.24653858252012434,0.7822057370885145,-0.1726593180983047,5.6748698720049,6.939706037677027e-09,ok
CHMG,2022,3295621122.6304474,E_pb,False,3295621122.6304474,5739544842.752323,2600633239.457996,99137000.0,0.2867953358425078,0.12169883396062696,0.28197402860475335,0.4061255268160484,13.83055003360544,8.337032411295328e-44,ok
CHMG,2023,3233062491.733143,E_pb,False,3233062491.733143,2095419294.7790563,2666036100.420693,34970000.0,0.1882361243364649,0.09705903108411623,0.18726047217905817,0.0159631286395507,24.222318147996397,6.4740617427582634e-130,ok
CIVB,2018,1777821599.437792,E_pb,False,1777821599.437792,1329701168.6595464,,245226000.0,0.2842345038175419,0.12105862595438548,0.26445495545892167,0.0351138883812699,7.979906463393,7.322211183755846e-16,ok
CIVB,2019,2468760197.4219794,E_pb,False,2468760197.4219794,2097838635.8940277,,274601000.0,0.2570015782622084,0.1142503945655521,0.24271267681127198,-0.1973757800149498,8.548336051019076,6.243784252203253e-18,ok
CIVB,2020,2058122961.82186,E_pb,False,2058122961.82186,154219677.6112339,1264996290.4711823,183341000.0,0.2563738769345058,0.11409346923362645,0.24473602208936948,0.4053269861627866,11.763351304908241,3.01463292504476e-32,ok
CIVB,2021,2885139859.6064253,E_pb,False,2885139859.6064253,1361348062.9376214,2619870885.63542,204230000.0,0.7422703109543715,0.23556757773859288,0.7087735449770398,-0.2485037314098406,3.127644824933109,0.0008810649069486328,ok
CIVB,2022,3097594689.813168,E_pb,False,3097594689.813168,1641898709.2861242,2614856495.66601,643351000.0,0.3126489737469692,0.12816224343674232,0.2809217763286762,0.4249525066535891,7.638771458662378,1.0965208879614382e-14,ok
CIVB,2023,2650875799.5295277,E_pb,False,2650875799.5295277,965070277.475585,2625684165.0026503,454194000.0,0.2441347447817786,0.11103368619544465,0.2246653910774847,-0.0752841437620487,8.108706164384905,2.5580799978033865e-16,ok
CLBK,2019,13302101645.13529,E_pb,False,13302101645.13529,2253656755.9872336,5041279713.83263,1407022000.0,0.1837631032337522,0.09594077580843804,0.1753623344483536,0.0351138883812699,13.496230333204762,8.229223907949812e-42,ok
CLBK,2020,13654235784.313597,E_pb,False,13654235784.313597,999987750.4115121,4889776677.214791,799364000.0,0.1646863698050834,0.09117159245127085,0.16062059606279183,0.1079136691128261,18.61465232673769,1.2222073742977084e-77,ok
CLBK,2021,18374765007.71254,E_pb,False,18374765007.71254,989796779.1327757,6678328507.86765,377309000.0,0.4141933279283645,0.1535483319820911,0.40894891055164956,-0.0814639905658971,9.14762569561565,2.9099276529926925e-20,ok
CLBK,2022,20753498509.016193,E_pb,False,20753498509.016193,3883283602.9602575,8066907201.41953,1127047000.0,0.2216436091255575,0.10541090228138938,0.21565656810335726,0.3406169666262151,15.224948115852454,1.2077508367940074e-52,ok
CLBK,2023,17726927734.12435,E_pb,False,17726927734.12435,1865926859.014015,5851565237.231002,1528695000.0,0.2749432689641583,0.11873581724103958,0.26254203148100547,0.0364333653790522,9.65695995354173,2.2964560656119806e-22,ok
CMA,2016,103834022543.856,E_pb,False,103834022543.856,7229367404.251114,42497918523.530396,5185000000.0,0.2838618407605295,0.12096546019013238,0.27611440628946976,0.0351138883812699,11.019877197508688,1.5323845112935764e-28,ok
CMA,2017,126135301242.115,E_pb,False,126135301242.115,12075032846.396425,51725155713.0692,4632000000.0,0.3258517598414623,0.13146293996036557,0.3189661775503501,0.659450874744161,12.380660140387814,1.662978932894537e-35,ok
CMA,2018,94201829165.418,E_pb,False,94201829165.418,15472096904.260962,49852046411.64,6507000000.0,0.2243388158400785,0.10608470396001962,0.21669817983646014,0.293390159218251,13.886900500013889,3.8027972102104027e-44,ok
CMA,2019,91923813095.862,E_pb,False,91923813095.862,19599907253.4525,53403019489.45879,7340000000.0,0.2401427851591278,0.11003569628978195,0.23052209860159306,-0.1914209448667932,10.352374425985856,2.0411679936710117e-25,ok
CMA,2020,83669848667.26201,E_pb,False,83669848667.26201,10279871511.943403,,5728000000.0,0.2684997107407304,0.11712492768518261,0.2588006545523715,0.0842054322154901,10.81313621777496,1.4914709569248492e-27,ok
CMA,2021,139141649311.08,E_pb,False,139141649311.08,10393604037.77391,,2796000000.0,0.7671844286923288,0.2417961071730822,0.7568349142816154,-0.1683629082408929,4.58810175104097,2.236473126526007e-06,ok
CMA,2022,144798991322.38,E_pb,False,144798991322.38,16456729866.184088,,6235000000.0,0.3372893981714759,0.13432234954286898,0.32891049262101496,0.6152706117205955,11.396735525877002,2.170463508411415e-30,ok
CMA,2023,93133420672.006,E_pb,False,93133420672.006,7686680789.988765,,9771000000.0,0.3704148911447169,0.14260372278617922,0.34878372203171865,-0.203943659564054,5.991142802470093,1.0418578364052865e-09,ok
CNOB,2017,6402574111.898034,E_pb,False,6402574111.898034,10443616823.80594,4776928214.807668,724776000.0,0.2816823355325353,0.12042058388313383,0.2652837237794329,0.0351138883812699,8.616277991674838,3.4582856010003778e-18,ok
CNOB,2018,4603857503.443455,E_pb,False,4603857503.443455,4334652211.951682,4676138823.219296,728557000.0,0.2652659289990734,0.11631648224976836,0.24491526758570115,0.0047108023229522,8.024051048818373,5.115687587582542e-16,ok
CNOB,2019,6840568340.948048,E_pb,False,6840568340.948048,3833791783.606889,5303632851.954723,629178000.0,0.2557223420154113,0.11393058550385282,0.2437791983387136,-0.2743292373832303,8.902148926618153,2.7387853035757835e-19,ok
CNOB,2020,5951523000.677212,E_pb,False,5951523000.677212,1735860057.8485258,5540847768.415672,628602000.0,0.2346407840866042,0.10866019602165106,0.2226058076065745,0.4152285190507168,12.303194561174168,4.353072383080022e-35,ok
CNOB,2021,9590421974.891998,E_pb,False,9590421974.891998,4828821164.569611,,621144000.0,0.7484804806164517,0.23712012015411293,0.7173757097595628,-0.2140712989609611,3.2456187904816516,0.0005859782895760318,ok
CNOB,2022,7681999752.859829,E_pb,False,7681999752.859829,5972029564.895166,,1010877000.0,0.3097958608592104,0.1274489652148026,0.2885911103411854,0.6785180351945326,9.662672120250004,2.171915126794471e-22,ok
CNOB,2023,7056339789.178056,E_pb,False,7056339789.178056,8880638498.688866,,1014524000.0,0.2885435117768342,0.12213587794420855,0.2676257336162386,-0.2438274212192491,6.704145242458661,1.0129434253533019e-11,ok
COFS,2018,726960028.154505,E_pb,False,726960028.154505,104725115.15248203,611920102.7506448,10033000.0,0.245226588249759,0.11130664706243976,0.24340347904980236,0.0351138883812699,17.675137803318442,3.259047866967633e-70,imputed_sigmaE_sizebucket
COFS,2019,1630460328.5745099,E_pb,False,1630460328.5745099,,,33198000.0,0.2433215292923797,0.11083038232309493,0.24067769250117085,0.0351138883812699,16.289152549094652,5.892546995916724e-60,imputed_sigmaE_sizebucket
COFS,2020,2015480903.2571223,E_pb,False,2015480903.2571223,,,12416000.0,0.2378046831098632,0.1094511707774658,0.23701882599525376,0.0351138883812699,21.529064066265892,4.1598392914485934e-103,imputed_sigmaE_sizebucket
COFS,2021,2047815050.45487,E_pb,False,2047815050.45487,458747447.28416246,1996653755.9727774,85017000.0,0.5958900402320815,0.19897251005802036,0.5800684767594154,-0.0153519933186495,5.238628109940911,8.088732933893419e-08,ok
COFS,2022,2969468768.324637,E_pb,False,2969468768.324637,395095746.9561462,1962422537.9967704,85262000.0,0.3098215851604979,0.12745539629012448,0.30473147831484826,-0.10850291779091,11.23541399463498,1.36605074684602e-29,ok
COFS,2023,2646707770.03556,E_pb,False,2646707770.03556,983635260.0080032,2078952522.1680071,235507000.0,0.2763545583786452,0.1190886395946613,0.26350429297854017,0.1442641546433265,9.920599497033727,1.693577870091912e-23,ok
COLB,2016,19241887850.72004,E_pb,False,19241887850.72004,2396934164.3180933,,87315000.0,0.2462318042005297,0.11155795105013243,0.24562344763359611,0.0351138883812699,22.004407821930776,1.3065461122310477e-107,ok
COLB,2017,20128110557.547626,E_pb,False,20128110557.547626,8080008134.482259,12508616205.440681,134533000.0,0.2683896412498471,0.11709741031246178,0.26738514261930596,0.4460580046100013,20.2892175422278,8.006162357227592e-92,ok
COLB,2018,16255155058.453394,E_pb,False,16255155058.453394,14423149329.264637,12659718557.53198,496079000.0,0.2343971224564784,0.10859928061411961,0.23067168543102992,-0.0063981306262987,15.114508618880947,6.496836280355322e-52,ok
COLB,2019,17598108259.547752,E_pb,False,17598108259.547752,47391868455.47309,13773438761.045858,1053183000.0,0.2470314863001743,0.11175787157504358,0.23939298720676022,-0.1405464729832061,11.298983442746621,6.637284823663866e-30,ok
COLB,2020,18031079160.390747,E_pb,False,18031079160.390747,3200444236.4569006,16002928292.441023,116365000.0,0.2400834397382935,0.11002085993457338,0.2392494527611139,0.1639894435527344,21.67161697869315,1.9008449228521304e-104,ok
COLB,2021,20671820511.840565,E_pb,False,20671820511.840565,4130421205.081506,20384294014.304493,113682000.0,0.6608694476412348,0.2152173619103087,0.6584320458809837,-0.0775205267222152,7.4636692968904725,4.2072819505892896e-14,ok
COLB,2022,20553046474.40015,E_pb,False,20553046474.40015,35205441616.12529,19668182999.76799,1069792999.9999999,0.3616955519681161,0.14042388799202904,0.35074810551917845,-0.0613644329731467,8.220738393754592,1.011270090258363e-16,ok
COLB,2023,52972951824.82058,E_pb,False,52972951824.82058,4182970698.837505,24773538658.54863,4626454000.0,0.3240179293269639,0.13100448233174097,0.30851485562129655,-0.0427081620399306,7.881055442744155,1.623136082020705e-15,ok
CPF,2017,9849702100.484795,E_pb,False,9849702100.484795,1317357649.4424992,5137102600.968663,124785000.0,0.2568555880621403,0.11421389701553508,0.2550710809252886,0.0351138883812699,17.186490957151907,1.676085297221199e-66,ok
CPF,2018,7872160485.92834,E_pb,False,7872160485.92834,1254914351.5234237,4629573234.631676,319166000.0,0.2623055822563725,0.11557639556409313,0.2565884413659102,-0.0289222728742388,12.406165610084606,1.2098285960004684e-35,ok
CPF,2019,9121485725.411625,E_pb,False,9121485725.411625,2000877278.4212775,5341186785.904666,251547000.0,0.2315123455034874,0.10787808637587185,0.22819433436537856,-0.1599235069289849,15.039822574409719,2.01313869121371e-51,ok
CPF,2020,6338019580.867206,E_pb,False,6338019580.867206,479699115.362303,5210835781.250046,127385000.0,0.2012407895560279,0.10031019738900698,0.19925219884644674,0.2535896152324171,20.88180603563615,3.9186423831350337e-97,ok
CPF,2021,10228365062.501005,E_pb,False,10228365062.501005,719438128.1949564,6469364035.858354,105616000.0,0.6808666796967169,0.2202166699241792,0.6761587156373787,-0.3240353994028959,5.9612517066905,1.2515652121650018e-09,ok
CPF,2022,8861031848.14576,E_pb,False,8861031848.14576,591046432.6768475,6258831819.388789,110859000.0,0.3226903999425043,0.13067259998562608,0.32031777842428566,0.538138547962518,15.236211485204567,1.0166154168020347e-52,ok
CPF,2023,7909182539.332562,E_pb,False,7909182539.332562,451225075.994608,5678359062.1855135,156102000.0,0.3032562488722015,0.12581406221805036,0.2998218901603663,-0.24778046302997,12.180857051715591,1.9656440346198357e-34,ok
CTBI,2017,6006122667.651519,E_pb,False,6006122667.651519,781132718.1678989,2957536715.3452163,311312000.0,0.2214253945063212,0.1053563486265803,0.21570571734116797,0.0351138883812699,14.01039490458523,6.732706722888154e-45,ok
CTBI,2018,4865612617.739285,E_pb,False,4865612617.739285,772438584.1306938,3044242779.2686977,293669000.0,0.2437731892032042,0.11094329730080105,0.23621244249169215,-0.0225173441015436,11.920133469114935,4.647974966942113e-33,ok
CTBI,2019,5495005970.207892,E_pb,False,5495005970.207892,758446308.4905187,3144765089.888251,294535000.0,0.2245673894940349,0.10614184737350874,0.2185426515695675,-0.1334221636126824,12.908728877338763,2.0094016543843853e-38,ok
CUBI,2017,9017038728.239985,E_pb,False,9017038728.239985,4675864352.946955,,2062237000.0,0.3311480906181248,0.13278702265453118,0.29422622462724923,0.0351138883812699,5.686489539205758,6.483866268459254e-09,ok
CUBI,2018,6231771425.448968,E_pb,False,6231771425.448968,5340554818.581816,,1667918000.0,0.2531460292755959,0.11328650731889897,0.22361648683669016,-0.274427693990521,5.615942995040618,9.774655444912396e-09,ok
CUBI,2019,8778551626.458153,E_pb,False,8778551626.458153,1811429839.617417,,1692745000.0,0.3084049676555307,0.12710124191388267,0.27909618325388463,-0.2997306656352536,5.315760197763597,5.310647664204561e-08,ok
CUBI,2020,8085078578.9224615,E_pb,False,8085078578.9224615,354891661.4576393,,5820447000.0,0.3016650561216208,0.1254162640304052,0.22789245778589992,0.3082417582908576,5.0602091233188675,2.0939844873017844e-07,ok
CUBI,2021,32218675429.642044,E_pb,False,32218675429.642044,4059460451.635797,,1179759000.0,0.8252044411447718,0.25630111028619296,0.8051086241948999,-0.2364552709753078,3.456233782889477,0.0002738900013283764,ok
CUBI,2022,14351682239.468102,E_pb,False,14351682239.468102,1578783606.4478273,,1105532000.0,0.4514002249786522,0.16285005624466303,0.4307625188435911,2.5957095710913354,11.933908686910693,3.939268542490901e-33,ok
CVBF,2016,18517532296.058483,E_pb,False,18517532296.058483,2149641483.5423737,6129585702.46772,681802000.0,0.2399126041128237,0.10997815102820593,0.23529840402567873,0.0351138883812699,14.217362948076383,3.574837435526027e-46,ok
CVBF,2017,18672252462.0122,E_pb,False,18672252462.0122,2837137391.048746,6867707432.843531,579547000.0,0.273410180993073,0.11835254524826826,0.2687423997916163,0.3846627084001282,14.33218026878396,6.886392942431947e-47,ok
CVBF,2018,16494418774.442017,E_pb,False,16494418774.442017,4045216739.636826,9729925245.165522,748029000.0,0.243975901804763,0.11099397545119075,0.2382067477560099,0.0509348905842221,13.266842615314628,1.8022534734489325e-40,ok
CVBF,2019,16417222880.028101,E_pb,False,16417222880.028101,3065448240.3766675,9825833355.560246,454433000.0,0.220187179545531,0.10504679488638274,0.21708590775609454,-0.1198369276416341,15.988784350781415,7.649365153158165e-58,ok
CVBF,2020,18368834710.365463,E_pb,False,18368834710.365463,2080854542.3194113,11761696882.521822,470180000.0,0.2100058277179022,0.10250145692947554,0.2073227571946072,0.1021172434371819,18.18997383858587,3.0984868643587927e-74,ok
CVBF,2021,21243183163.99482,E_pb,False,21243183163.99482,2698067832.7288594,12820420541.976374,644669000.0,0.5200585002420499,0.18001462506051247,0.5100430933703782,-0.0522525780860148,6.553613893081618,2.808053139205723e-11,ok
CVBF,2022,27560928956.394077,E_pb,False,27560928956.394077,11806775173.193682,14553138544.681211,1560431000.0,0.2761654130589246,0.11904135326473116,0.26774612034334255,0.1357697487923823,11.303378033322623,6.313283515103867e-30,ok
CVBF,2023,18520531743.40812,E_pb,False,18520531743.40812,20058071083.069298,14346175567.886597,2341642000.0,0.2185715247103787,0.10464288117759468,0.2057837826476087,0.2401815138001175,11.692336772109394,6.974744206404333e-32,ok
CWBC,2018,1798602326.940532,E_pb,False,1798602326.940532,875801823.8753574,1511677713.0550427,15155000.0,0.245226588249759,0.11130664706243976,0.2441076090574779,0.0351138883812699,19.623087448281638,4.910186117172159e-86,imputed_sigmaE_sizebucket
CWBC,2019,1973353345.3280005,E_pb,False,1973353345.3280005,137407471.52793244,1539016999.4581926,5155000.0,0.2433215292923797,0.11083038232309493,0.24297632384291093,0.0351138883812699,24.511550790491423,5.5623226116888015e-133,imputed_sigmaE_sizebucket
CWBC,2020,1519649383.361312,E_pb,False,1519649383.361312,154469577.988214,1939374670.0223231,5155000.0,0.2378046831098632,0.1094511707774658,0.2373707504931331,0.0351138883812699,23.998726591591623,1.4336156438702579e-127,imputed_sigmaE_sizebucket
CWBC,2021,2407415325.25669,E_pb,False,2407415325.25669,1972606498.4519732,2402094826.83818,39454000.0,0.6550777488618563,0.2137694372154641,0.6479619711830176,0.0351138883812699,6.100073661406378,5.300979811759928e-10,imputed_sigmaE_sizebucket
CWBC,2022,3282909398.7628393,E_pb,False,3282909398.7628393,345276321.59448594,1814890948.234418,115599000.0,0.2978261819473289,0.12445654548683223,0.2919290782024941,0.0351138883812699,11.555776554426258,3.451036687855605e-31,imputed_sigmaE_sizebucket
CZNC,2018,2041106785.862375,E_pb,False,2041106785.862375,2889306638.6867776,1269465950.9196963,48768000.0,0.2145022958711993,0.10362557396779982,0.21191494661450508,0.0351138883812699,17.792256036428057,4.057301021179382e-71,ok
CZNC,2019,2392442013.44827,E_pb,False,2392442013.44827,4844584127.73672,1606123906.7178056,144847000.0,0.2450493209412782,0.11126233023531956,0.23741178176459227,0.1494040680322665,12.570544428558533,1.5330261000771095e-36,ok
CZNC,2020,2262119854.5751233,E_pb,False,2262119854.5751233,1245995451.4053507,2086414429.33128,91183000.0,0.2439907421739997,0.11099768554349992,0.23883768426682764,0.1183137012721293,13.986480425143384,9.425643067720667e-45,ok
CZNC,2021,3072941724.9248977,E_pb,False,3072941724.9248977,622736712.7794551,2069868653.3673952,77555000.0,0.7186549255471874,0.22966373138679685,0.7066175500555454,-0.2577313429165664,4.524289728683303,3.029933255085905e-06,ok
CZNC,2022,3233537685.2673917,E_pb,False,3233537685.2673917,1630486986.1474936,2208125760.6478653,181781000.0,0.2806975519014444,0.1201743879753611,0.272153675340958,0.3805636538879815,12.04008455649402,1.0936566783986817e-33,ok
CZNC,2023,3012310197.67355,E_pb,False,3012310197.67355,1374323357.045975,2179726565.4177027,211759000.0,0.2240257973850729,0.10600644934626823,0.21627420844914594,-0.0835603407153245,12.095770191634028,5.559725100338393e-34,ok
DCOM,2017,6106083254.60217,E_pb,False,6106083254.60217,3261531462.8586287,3711978164.6548867,630892000.0,0.2188489911934201,0.10471224779835503,0.20816052113190264,0.0351138883812699,11.44155534895964,1.2959832878945036e-30,ok
DCOM,2018,4869834347.698585,E_pb,False,4869834347.698585,2639906333.782183,4192889268.7305017,319753000.0,0.2371526248317237,0.10928815620793092,0.2292743399707906,-0.0615453903119979,11.772062628933602,2.71892291790094e-32,ok
DCOM,2019,5895462659.732968,E_pb,False,5895462659.732968,3783036540.859666,4331894505.406008,514919000.0,0.2360754914046924,0.1090188728511731,0.22586956757024712,-0.2593148220237949,9.903242627873036,2.0149622161321918e-23,ok
DCOM,2020,5659729015.6332655,E_pb,False,5659729015.6332655,1264300130.7609224,5216064683.281777,295282000.0,0.2450024516029734,0.11125061290074335,0.23837030426823466,0.3396959196770188,13.908373480267974,2.8173134054182027e-44,ok
DCOM,2021,15430766786.627825,E_pb,False,15430766786.627825,1500133734.5398555,,223958000.0,0.6286768773501369,0.20716921933753424,0.6226467482127775,-0.2511301766272232,6.106343391634265,5.096978191340315e-10,ok
DCOM,2022,13825183771.27107,E_pb,False,13825183771.27107,7435057377.0852165,,1332643000.0,0.3354862818934845,0.13387157047337112,0.31776075712496893,0.4990397135774964,9.06312855934976,6.338074668723058e-20,ok
EBC,2022,26977774683.366863,E_pb,False,26977774683.366863,,,704084000.0,0.2397847375486214,0.10994618438715535,0.23648231306514308,0.0351138883812699,15.55628743529895,7.21128299752001e-55,ok
EBC,2023,17782375087.087776,E_pb,False,17782375087.087776,,,17738000.0,0.251412472587268,0.112853118146817,0.2512743967325226,-0.1274318198094181,26.872016071993617,2.332642716748915e-159,ok
EBMT,2018,692883891.3703002,E_pb,False,692883891.3703002,506690563.489237,682663930.8548797,127098000.0,0.262372791088571,0.11559319777214275,0.23962180969780428,0.0351138883812699,7.807003873263488,2.9281735417726294e-15,ok
EBMT,2019,1062629849.826226,E_pb,False,1062629849.826226,509364641.8057971,862439414.859828,113291000.0,0.2356445063822548,0.1089111265955637,0.22343471238843643,-0.1832536742184861,9.540289686943556,7.12169428216024e-22,ok
EBMT,2022,1486503427.61306,E_pb,False,1486503427.61306,329566339.5469276,1402611830.5454464,128238000.0,0.2362368075510811,0.10905920188777027,0.22613673733788298,0.3510965562109274,12.640891000511388,6.281113492091234e-37,ok
EFSC,2017,9016660959.415455,E_pb,False,9016660959.415455,1604606799.417069,3949100865.2801175,544522000.0,0.2371203084581647,0.10928007711454119,0.22983963840434654,0.0351138883812699,12.505498059266198,3.483091732412141e-36,ok
EFSC,2018,7441112096.869218,E_pb,False,7441112096.869218,1805795302.2928782,4597683740.889127,411606000.0,0.2341911034082931,0.10854777585207329,0.2276054158993115,0.061047516065001,13.109063401289829,1.4609221120228362e-39,ok
EFSC,2019,9894076355.677319,E_pb,False,9894076355.677319,2021192695.7056367,5593526146.896968,628836000.0,0.2143018991782764,0.1035754747945691,0.20768502739884104,-0.158469448359961,12.699056094013121,2.9923582184149242e-37,ok
EFSC,2020,9297619635.04448,E_pb,False,9297619635.04448,895774055.3592365,6022235192.446541,554718000.0,0.2436358609598184,0.11090896523995461,0.23616291384135527,0.2998158716639538,13.333734380067709,7.36669448946896e-41,ok
EFSC,2021,15862613269.499407,E_pb,False,15862613269.499407,2181937886.2972164,10777420193.617569,558762000.0,0.6546609346110234,0.21366523365275586,0.639655392394561,-0.2582595995682251,4.5614817566788926,2.539694503314971e-06,ok
EFSC,2022,15688558093.600721,E_pb,False,15688558093.600721,2693524964.4750357,,579552000.0,0.293274691812308,0.123318672953077,0.28722000260285574,0.3688466291608661,12.75087241223172,1.5413794536141669e-37,ok
EFSC,2023,14291869744.59173,E_pb,False,14291869744.59173,1881053984.624105,,453813000.0,0.2536051808650914,0.11340129521627285,0.2492902673368396,0.0602238886337254,14.080659915705079,2.497062192261409e-45,ok
EGBN,2020,11130249082.436058,E_pb,False,11130249082.436058,1757110572.3191042,8306090693.76799,594803000.0,0.3908910907559255,0.14772277268898137,0.3785553463963898,0.0351138883812699,7.7788218243076965,3.660153766822626e-15,ok
EGBN,2021,15805278819.833858,E_pb,False,15805278819.833858,7300210327.029902,11241242764.922897,393588000.0,0.6219935787464408,0.2054983946866102,0.6118738889973389,-0.1277060891457994,5.560771649994543,1.3429221669502576e-08,ok
EGBN,2022,11326523787.675379,E_pb,False,11326523787.675379,17021232663.548378,10485605309.377283,1079895000.0,0.3016269161561115,0.1254067290390279,0.286288138526273,0.4450924789982016,9.939155052579894,1.406010747879947e-23,ok
EGBN,2023,7265047182.225287,E_pb,False,7265047182.225287,9399840735.519844,10151971253.47041,1400505000.0,0.2658674360040496,0.1164668590010124,0.24172168617810974,-0.219085633792784,6.512541200475878,3.6944968890856384e-11,ok
EQBK,2017,3827430199.351122,E_pb,False,3827430199.351122,3869773879.057147,2872378745.925198,401652000.0,0.2602568778080121,0.11506421945200303,0.24646737955163972,0.0351138883812699,9.570820448381948,5.303031495216784e-22,imputed_sigmaE_sizebucket
EQBK,2018,4442064046.7024,E_pb,False,4442064046.7024,3518901155.572317,3587925265.596475,464676000.0,0.245226588249759,0.11130664706243976,0.23254415918303467,0.0351138883812699,10.170542119159578,1.3420528947852985e-24,imputed_sigmaE_sizebucket
EQBK,2019,3556321226.47032,E_pb,False,3556321226.47032,2271682677.0913916,3378954667.6302047,383632000.0,0.2433215292923797,0.11083038232309493,0.23042090820057662,0.0351138883812699,10.145812635570957,1.7294377007182637e-24,imputed_sigmaE_sizebucket
EQBK,2020,2987603219.6057324,E_pb,False,2987603219.6057324,235927728.87712818,2560576173.9868894,133857000.0,0.2378046831098632,0.1094511707774658,0.2323005232322634,0.0351138883812699,13.591946339061124,2.2351619311116094e-42,imputed_sigmaE_sizebucket
EQBK,2021,5663341393.517121,E_pb,False,5663341393.517121,572760829.6768174,4060755351.1911764,151891000.0,0.6550777488618563,0.2137694372154641,0.6435509935701833,0.0351138883812699,5.396787282941722,3.392237144768544e-08,imputed_sigmaE_sizebucket
EQBK,2022,5965033171.092218,E_pb,False,5965033171.092218,930464482.9727533,3823836927.299496,281734000.0,0.2978261819473289,0.12445654548683223,0.2900070781099721,0.0351138883812699,10.661525397117883,7.702489739175881e-27,imputed_sigmaE_sizebucket
ESQ,2018,1169578133.06334,E_pb,False,1169578133.06334,60809670.51407402,662928748.5242845,89000.0,0.2696039783900788,0.11740099459751971,0.2695923972614187,0.0351138883812699,35.17297724002237,2.5892620667461607e-271,ok
ESQ,2019,1433245511.084994,E_pb,False,1433245511.084994,184883415.95758858,797636973.2028704,86000.0,0.3502180208819969,0.13755450522049922,0.3502052610548352,0.1155682117472092,27.913375842136894,9.18008687273514e-172,ok
ESQ,2020,1111113392.6830552,E_pb,False,1111113392.6830552,67049808.429118775,936029949.7077473,49000.0,0.3227807164951268,0.1306951791237817,0.322772245913875,0.2013824883594812,31.53427403907093,1.4730189901945037e-218,ok
ESQ,2021,2089517328.0675962,E_pb,False,2089517328.0675962,,,48000.0,0.8110375346053001,0.25275938365132505,0.8110247102389662,-0.2639048713779891,12.439177346078772,8.007237573727885e-36,ok
ESQ,2022,3128388912.7061434,E_pb,False,3128388912.7061434,,,46000.0,0.3059891776576836,0.1264972944144209,0.3059865384381186,0.6477331944487625,38.32953366688767,0.0,ok
ESQ,2023,3371694949.4780154,E_pb,False,3371694949.4780154,,,44000.0,0.3175475622055205,0.12938689055138014,0.31754510677534725,0.3778576164634346,36.44896257621771,3.5723469476825045e-291,ok
EWBC,2016,72411082693.53716,E_pb,False,72411082693.53716,11339803559.106333,32183414107.643784,918020000.0,0.2511637549895296,0.1127909387473824,0.24943144124095548,0.0351138883812699,17.577974581760916,1.8166250050228225e-69,ok
EWBC,2017,83706768476.22884,E_pb,False,83706768476.22884,18746304218.23119,36071964002.89065,545468000.0,0.3270312972671475,0.1317578243167869,0.32576705271770656,0.2507357839199264,16.07774606335128,1.8271725080624473e-58,ok
EWBC,2018,57712861629.8222,E_pb,False,57712861629.8222,19301216484.062256,39843723843.18544,580645000.0,0.2495261671363247,0.11238154178408118,0.24816010862326698,0.2139573118128215,19.31121021666702,2.161612832501734e-83,ok
EWBC,2019,60874550611.87235,E_pb,False,60874550611.87235,29046800226.05308,42545565132.54351,1126854000.0,0.2615556987744546,0.11538892469361366,0.2588991684091965,-0.2743427433201575,14.290776792897267,1.2490368499987452e-46,ok
EWBC,2020,69525859900.0968,E_pb,False,69525859900.0968,2623551992.43674,36500289497.81825,1125360000.0,0.3188756975863198,0.12971892439657995,0.31586273522589897,0.1435654224842126,13.402445771351164,2.9251478911882205e-41,ok
EWBC,2021,115090814262.28302,E_pb,False,115090814262.28302,17077308027.297571,58469486016.749146,701328000.0,0.6583334501306607,0.2145833625326652,0.6556457516793271,0.0722697976751955,7.571025075999822,1.8514527978201647e-14,ok
EWBC,2022,98803604276.3385,E_pb,False,98803604276.3385,4438272372.458876,58181608240.92401,452400000.0,0.335250469354124,0.133812617338531,0.3343323336210137,0.5798934605953183,17.691664132050867,2.430907650792573e-70,ok
EXSR,2021,2952946076.639856,E_pb,False,2952946076.639856,,,0.0,0.5483585136832707,0.18708962842081767,0.5483585136832707,0.0351138883812699,,,nonpos_EF
FBIZ,2018,1572157618.61092,E_pb,False,1572157618.61092,1820732426.1639514,1681164566.2609508,308977000.0,0.2147267359310343,0.10368168398275858,0.19648754843409796,0.0351138883812699,9.27373657213491,8.986823935469214e-21,ok
FBIZ,2019,2053065986.725,E_pb,False,2053065986.725,1989039341.3770394,1798849631.5396533,329429000.0,0.2061668449471806,0.10154171123679515,0.1917002654306979,-0.0966362822220083,9.721071049638597,1.225943538469677e-22,ok
FBIZ,2020,1636074577.3176003,E_pb,False,1636074577.3176003,816452813.9457123,1683028299.359998,429229000.0,0.2561160100934635,0.11402900252336588,0.2265862766237157,0.3850682101249005,8.519666318140485,8.000683413053904e-18,ok
FBIZ,2021,2377014852.18002,E_pb,False,2377014852.18002,2185375722.9435253,2230785373.856391,413527000.0,0.7174264662543416,0.2293566165635854,0.645099989381975,-0.2742428389020732,2.211980229515552,0.01348401550932398,ok
FBIZ,2022,3097302173.301765,E_pb,False,3097302173.301765,2928501540.8533363,,456808000.0,0.2863894858178078,0.12159737145445196,0.26520883791792504,0.6279001141035698,9.970742708738008,1.0234618985308158e-23,ok
FBIZ,2023,3815833995.67401,E_pb,False,3815833995.67401,1671946905.4140587,,330916000.0,0.2465541150188553,0.11163852875471383,0.23578767716010807,0.2815800447769998,11.798741011580708,1.980973034831409e-32,ok
FBK,2017,9411521058.503134,E_pb,False,9411521058.503134,1895904571.2269413,3995228172.3330507,347595000.0,0.2602568778080121,0.11506421945200303,0.25508548300353245,0.0351138883812699,13.083844073975925,2.0365463512485385e-39,imputed_sigmaE_sizebucket
FBK,2018,7861701357.8089285,E_pb,False,7861701357.8089285,1298030485.9478266,4369935725.742551,227776000.0,0.3045999312677142,0.12614998281692855,0.29957530314151154,0.6181117535047174,13.83023147610619,8.374035443405845e-44,ok
FBK,2019,9380512478.72988,E_pb,False,9380512478.72988,1152054578.1238525,4843893735.487981,304675000.0,0.2677026919250354,0.11692567298125885,0.26295957380289453,-0.1617491754099442,12.407931026277083,1.183450814055403e-35,ok
FBK,2020,13930972086.930952,E_pb,False,13930972086.930952,1182903726.5745862,9327986058.070133,238324000.0,0.23949694063588,0.10987423515897,0.23731671929880366,0.140505678736412,17.68753436861741,2.615749193429713e-70,ok
FBK,2021,18072512871.696095,E_pb,False,18072512871.696095,2019977620.767446,11610347228.75564,171778000.0,0.6554945631126893,0.21387364077817234,0.6513365084461487,-0.1114065216362835,6.666106281612201,1.3133953429317942e-11,ok
FBK,2022,15843315030.92449,E_pb,False,15843315030.92449,1030041760.9270835,9153734168.042818,415677000.0,0.3051097405181204,0.1262774351295301,0.30053771809104585,0.275101390713393,12.964871196737553,9.677762800511511e-39,ok
FBK,2023,15673446496.129534,E_pb,False,15673446496.129534,2288787863.0666466,10765476090.663328,390964000.0,0.306005085611368,0.126501271402842,0.30163645165277175,-0.1650104414626428,11.620755239198344,1.6163292191853783e-31,ok
FBNC,2017,7761881958.925362,E_pb,False,7761881958.925362,870580261.2056509,3778306104.070536,407543000.0,0.2001341979754356,0.1000335494938589,0.1951405394512139,0.0351138883812699,15.445695364557114,4.0326546693536183e-54,ok
FBNC,2018,6932764088.901717,E_pb,False,6932764088.901717,1203312315.805328,4383048372.482381,406609000.0,0.2261737429904479,0.10654343574761198,0.21954609795748758,0.3139580051853043,14.49815989552014,6.222065113844398e-48,ok
FBNC,2019,8098070275.737936,E_pb,False,8098070275.737936,1062866422.0421764,4788917044.679098,300671000.0,0.2364263851934608,0.1091065962983652,0.23186839644371046,-0.0650245653015404,13.964449185376292,1.2844188545979994e-44,ok
FBNC,2020,7821884845.827833,E_pb,False,7821884845.827833,600562599.2023704,6609310582.492384,61829000.0,0.1995484263967838,0.09988710659919595,0.19876682018145597,0.2399121270197683,25.498923109933827,1.0131066800949298e-143,ok
FBNC,2021,13821890284.43034,E_pb,False,13821890284.43034,1360537460.1475549,10012969090.820335,67386000.0,0.6916239771503745,0.2229059942875936,0.6893499184200002,-0.127165910014541,7.200504928148374,2.99949945978369e-13,ok
FBNC,2022,15327659588.81846,E_pb,False,15327659588.81846,1658368804.593866,9055176988.590553,287507000.0,0.3285958452806973,0.13214896132017434,0.3249788582991251,0.3765588969634579,13.28856904969253,1.3484318908446222e-40,ok
FBNC,2023,12732534920.482721,E_pb,False,12732534920.482721,1812930565.1834154,8990074677.52884,630158000.0,0.2907986659232806,0.12269966648082015,0.28287145170672917,-0.0416152848903598,10.508759293909481,3.9361181997073345e-26,ok
FCBC,2019,3718543255.789772,E_pb,False,3718543255.789772,434991699.5650083,2788583535.409164,1601000.0,0.2453338283199032,0.1113334570799758,0.24527615996631147,0.0351138883812699,31.621185618127306,9.442936844382168e-220,ok
FCBC,2020,2697830951.3499084,E_pb,False,2697830951.3499084,322459253.5603482,3002160964.0758142,964000.0,0.2128710974190842,0.10321777435477106,0.21283192964037573,0.0142610709946442,37.25398248127592,4.566953202045871e-304,ok
FCBC,2021,4210312149.4216595,E_pb,False,4210312149.4216595,752020320.2157359,3188007500.753039,1536000.0,0.6222937641117917,0.20557344102794795,0.622141792247292,-0.2719976560918725,11.976284856459955,2.3652581844349766e-33,ok
FCBC,2022,4084653395.14233,E_pb,False,4084653395.14233,503138034.87278175,3123936509.702127,1874000.0,0.2861661918691903,0.12154154796729758,0.2860906982892283,0.6042686360827769,28.83952676032415,3.4282021334755877e-183,ok
FCBC,2023,4456417685.00796,E_pb,False,4456417685.00796,601729043.4013877,3262477961.4175773,1119000.0,0.2514224098981814,0.11285560247454535,0.2513876247088573,0.0518129753714289,33.05704195420246,6.161527810348817e-240,ok
FCCO,2018,1383146340.7801697,E_pb,False,1383146340.7801697,165049913.7069311,865080570.3250635,43217000.0,0.3193232413032896,0.1298308103258224,0.3135818610003761,0.0351138883812699,11.105860890156471,5.873986813930762e-29,ok
FCCO,2019,1500600076.4874241,E_pb,False,1500600076.4874241,141941265.54124862,872374906.3804731,48471000.0,0.2461317672575317,0.11153294181438292,0.24192012082820927,-0.1250806100523234,13.682622801228852,6.447797033852134e-43,ok
FCCO,2020,1252000480.5957444,E_pb,False,1252000480.5957444,91886889.53130816,867711620.0762064,55878000.0,0.2754229371486713,0.11885573428716782,0.2687337360559902,0.1376316708613931,12.110551091830004,4.643405048203332e-34,ok
FCCO,2021,1693513951.1671681,E_pb,False,1693513951.1671681,138095271.0891316,1055664096.5054055,69180000.0,0.4899956865065868,0.1724989216266467,0.47753497193963057,-0.188838668207404,6.1462059281167205,3.967912122197603e-10,ok
FCCO,2022,2126379080.4802408,E_pb,False,2126379080.4802408,232830566.9757237,1002510435.9536288,155707000.0,0.3207376559699034,0.13018441399247585,0.3077361859980365,0.2525816212891418,9.391485915007081,2.957983826131972e-21,ok
FCCO,2023,2074030041.2360759,E_pb,False,2074030041.2360759,267961340.8042923,1123824759.1876104,167827000.0,0.2194482036981365,0.10486205092453413,0.2108702034475352,0.0829816041908573,12.580604514970737,1.3497806532579969e-36,ok
FCF,2017,10234581074.84791,E_pb,False,10234581074.84791,1225469335.8478322,4431984386.832915,795384000.0,0.2525601080189071,0.11314002700472678,0.24250635889414734,0.0351138883812699,10.866746597096812,8.300782078955958e-28,ok
FCF,2018,8445007797.064608,E_pb,False,8445007797.064608,1900261403.1535783,5299247166.787306,906879000.0,0.236958748355923,0.10923968708898076,0.2245734685641425,0.0340471998581686,10.429348388587,9.10664976304593e-26,ok
FCF,2019,10638316641.717094,E_pb,False,10638316641.717094,2180796996.0152183,6924306650.103681,436035000.0,0.3113961503285772,0.1278490375821443,0.30416927439979535,-0.1363737995237807,10.033989357040586,5.4030153244204274e-24,ok
FCF,2020,8579230551.947223,E_pb,False,8579230551.947223,878493751.9728827,6481272251.285393,350628000.0,0.211446994675424,0.102861748668856,0.20718343020625454,0.2365655883264197,16.664137183754463,1.1945565417887822e-62,ok
FCF,2021,12607408379.600811,E_pb,False,12607408379.600811,1412517101.7389474,7779469461.626519,320584000.0,0.6089421153178644,0.2022355288294661,0.5988567423926351,-0.2088748611639039,5.525221750812344,1.6453485795721704e-08,ok
FCF,2022,11471247220.871197,E_pb,False,11471247220.871197,2420461972.127191,7979559402.651858,553918000.0,0.3056968923970275,0.12642422309925688,0.29743901347327434,0.5193350309871707,11.944768708855852,3.45712152235719e-33,ok
FCF,2023,12805989601.905373,E_pb,False,12805989601.905373,1349865989.3369443,7247166812.918797,784592000.0,0.2471296776958224,0.1117824194239556,0.2393160035520203,-0.1030773088759073,11.366791359830378,3.0598011049125432e-30,ok
FCNCA,2016,44661108371.28472,E_pb,False,44661108371.28472,3467482218.884944,23327326305.67317,1436429000.0,0.2467834718881835,0.11169586797204588,0.24257405501103535,0.0351138883812699,14.322604117371238,7.904330121577613e-47,ok
FCNCA,2017,47854372207.4895,E_pb,False,47854372207.4895,4890631306.338579,26161076208.83016,1564047000.0,0.2603312431531115,0.11508281078827788,0.25573426537563354,0.3810058383270236,14.86446231922805,2.803159146052461e-50,ok
FCNCA,2018,43376078650.85617,E_pb,False,43376078650.85617,4868772157.377679,29925144363.830338,892154000.0,0.2459009353443204,0.1114752338360801,0.24319180466252294,0.1391071455491936,16.505160869433652,1.6841713441534382e-61,ok
FCNCA,2019,60729126115.12387,E_pb,False,60729126115.12387,8751776125.346588,34581533495.53559,1326871000.0,0.2386635244794892,0.1096658811198723,0.23590531834310752,-0.0611330224843069,15.922722565638148,2.203862567898114e-57,ok
FCNCA,2020,69670674587.99617,E_pb,False,69670674587.99617,4988096105.894351,,1889650000.0,0.1988672050040619,0.09971680125101548,0.19624900055165542,0.4163856348323387,20.541648396528593,4.570352400044083e-94,ok
FCNCA,2021,104712446955.07663,E_pb,False,104712446955.07663,11746371958.414549,,1783479000.0,0.5731745255563696,0.1932936313890924,0.5668126897286371,0.0833933047492581,7.0786978558636395,7.275762882214284e-13,ok
FCNCA,2022,127358144341.248,E_pb,False,127358144341.248,11608956923.53549,,7640000000.0,0.3464549076988182,0.13661372692470455,0.3345792880083601,0.4482961984236151,9.756096970070383,8.68561771820471e-23,ok
FDBC,2018,2250649941.1113515,E_pb,False,2250649941.1113515,696737320.5116168,849004594.7082355,108406000.0,0.4122421260896426,0.15306053152241067,0.40033192105761656,0.0351138883812699,7.5814949051835825,1.70797929901493e-14,ok
FDBC,2019,2106846165.456648,E_pb,False,2106846165.456648,507241775.05194086,914181901.4964961,53125000.0,0.4546065200668782,0.16365163001671956,0.4474504159571982,0.6480661454187571,9.505327474037632,9.970978299453399e-22,ok
FDBC,2020,3256576083.037843,E_pb,False,3256576083.037843,4085632257.576296,1697311937.211941,5291000.0,0.3154369516512266,0.12885923791280665,0.3151343082086034,-0.0137471761590662,20.183920358421105,6.777839434109306e-91,ok
FDBC,2021,3786989858.2179594,E_pb,False,3786989858.2179594,186104412.71175435,2273257413.1840034,11940000.0,0.7483428777235577,0.2370857194308894,0.7467360013931593,0.0596845762156403,7.423584532974661,5.699617822477048e-14,ok
FDBC,2022,3838925703.851251,E_pb,False,3838925703.851251,555385924.7844602,2289061710.2173038,21669000.0,0.4409163201581259,0.16022908003953146,0.43934086034617975,-0.0622624215627692,11.435133144464988,1.3955411752605009e-30,ok
FDBC,2023,4153168228.1412926,E_pb,False,4153168228.1412926,244372357.9536361,1653495182.233215,125573000.0,0.3048824230021678,0.12622060575054195,0.299639035009881,-0.1754957813046366,11.040415077785283,1.2195191594325948e-28,ok
FFBC,2016,15306258028.112497,E_pb,False,15306258028.112497,6355932508.279134,7363443173.325086,927501000.0,0.2430014287120553,0.11075035717801382,0.23544538449047508,0.0351138883812699,12.188605866965883,1.7874232520347242e-34,ok
FFBC,2017,13993412414.559233,E_pb,False,13993412414.559233,9194082615.094273,8076284471.249575,934219000.0,0.2411246595682666,0.11028116489206666,0.23293605446687826,0.6237405912252558,14.458342835688779,1.1104026170526926e-47,ok
FFBC,2018,13826992486.750801,E_pb,False,13826992486.750801,6756404589.840313,11293188559.33542,1611430000.0,0.281299550272319,0.12032488756807976,0.2644973542614178,-0.0494626095647081,8.224261284558203,9.819876654445431e-17,ok
FFBC,2019,14247592294.751629,E_pb,False,14247592294.751629,7258715391.549308,11717940138.497612,1730557000.0,0.274968100530913,0.11874202513272825,0.2580476097171451,-0.0756160101262258,8.19177711248112,1.286984888244058e-16,ok
FFBC,2020,11317355186.316072,E_pb,False,11317355186.316072,764746906.3917749,7153790845.589151,942796000.0,0.2463879644287336,0.11159699110718341,0.2360226444133081,0.1129260703576797,11.22914432775628,1.4665258335056987e-29,ok
FFBC,2021,15874966560.519182,E_pb,False,15874966560.519182,3922052787.3247313,13838059245.78748,706035000.0,0.7162625670362555,0.22906564175906385,0.6955172531972457,-0.268965237063164,3.803659289987547,7.128712115901419e-05,ok
FFBC,2022,17310751607.88955,E_pb,False,17310751607.88955,6011377173.378875,13369601380.629711,1633828000.0,0.3406389865429469,0.1351597466357367,0.3229179421847334,0.4458926657943274,8.808264954892413,6.354886748941657e-19,ok
FFBC,2023,16191000399.240065,E_pb,False,16191000399.240065,4267316217.016646,13482631528.17966,1281929000.0,0.2722634023908359,0.11806585059770898,0.2609504560121246,0.0338725160251205,10.009991178913038,6.888241203725991e-24,ok
FFIC,2017,7365129402.4297085,E_pb,False,7365129402.4297085,10220637511.750702,5583779183.26257,1309653000.0,0.27150562039733,0.1178764050993325,0.24831184407317525,0.0351138883812699,7.631301418975995,1.1619780279568462e-14,ok
FFIC,2018,6122128989.499741,E_pb,False,6122128989.499741,7570728176.908156,5865133068.679782,1250843000.0,0.2863120084291728,0.1215780021072932,0.2583644753362579,-0.0394858249031114,6.584269094086463,2.2856427362160372e-11,ok
FFIC,2019,6066389510.825726,E_pb,False,6066389510.825726,5957822151.20463,5811028833.001392,1237231000.0,0.2350421439540139,0.10876053598850348,0.21365007958358395,-0.1922173581214209,7.303783055763164,1.398936854874678e-13,ok
FFIC,2020,5754441551.754895,E_pb,False,5754441551.754895,2685446523.630493,5779332370.668687,1020895000.0,0.2122541953965205,0.10306354884913013,0.19580155363393154,0.0436583494252587,9.79102840181221,6.151900746607844e-23,ok
FFIC,2021,7891694679.534733,E_pb,False,7891694679.534733,3988992617.807513,6680161301.874277,815544000.0,0.6436267564639189,0.2109066891159797,0.6030970009818898,-0.1784681843219022,3.3290224154726493,0.0004357569496423994,ok
FFIC,2022,6217339830.297869,E_pb,False,6217339830.297869,2572814100.332779,5976819278.61184,1052973000.0,0.3032763177823672,0.12581907944559179,0.2775748541748468,0.5133678304199762,8.671627215169812,2.129941679524578e-18,ok
FFIC,2023,5465555926.706881,E_pb,False,5465555926.706881,1356863504.7080429,5269837327.065669,841281000.0,0.2315247106724169,0.10788117766810423,0.21503166411068902,-0.1693129699535593,8.473317404204296,1.192507824575959e-17,ok
FFIN,2016,22517223428.47409,E_pb,False,22517223428.47409,2088660016.902698,5612161513.665356,445770000.0,0.2698546022152947,0.11746365055382368,0.2668963069593331,0.0351138883812699,14.767282499158428,1.1906108762466706e-49,ok
FFIN,2017,22229661166.492527,E_pb,False,22229661166.492527,2816985410.977236,6491906301.077249,331000000.0,0.2965405752019817,0.12413514380049542,0.29401111928875484,0.5285326799980559,16.01012934164986,5.429193062831474e-58,ok
FFIN,2018,26766756322.98862,E_pb,False,26766756322.98862,4923009300.534726,7059717926.448998,468706000.0,0.2566410796669754,0.11416026991674386,0.25418907023813514,0.0144973846022304,15.911348186158666,2.643138416718779e-57,ok
FFIN,2019,30421884140.6457,E_pb,False,30421884140.6457,4727351693.094173,7645466357.936224,381356000.0,0.2369250032736917,0.10923125081842293,0.2353441053409098,0.2996187990279717,19.815950814016873,1.0843637112244189e-87,ok
FFIN,2020,31886219861.422497,E_pb,False,31886219861.422497,3605549877.4369736,9742368149.357851,430093000.0,0.2351625891552938,0.10879064728882346,0.23348072378203033,0.2346171612551888,19.387838204532116,4.888010079050765e-84,ok
FFIN,2021,50868607808.32276,E_pb,False,50868607808.32276,6773185040.835427,11921194907.64784,671152000.0,0.5371600480643509,0.18429001201608775,0.5325649659119576,0.0481819447318014,7.975519758439555,7.587043884087508e-16,ok
FFIN,2022,47499674789.45836,E_pb,False,47499674789.45836,4945878286.194328,11482413616.983835,642507000.0,0.3029457660496853,0.12573644151242133,0.300580725097067,0.4221575118689327,15.61483839198371,2.8845555399945127e-55,ok
FFIN,2023,36643837480.82132,E_pb,False,36643837480.82132,1927893258.6809313,10834676339.244917,404081000.0,0.2851389398469998,0.12128473496174995,0.2833517848952712,-0.3120944241353423,14.702972685632657,3.0845473262820553e-49,ok
FFWM,2019,7054461510.078997,E_pb,False,7054461510.078997,25338983938.119404,6134556048.536264,743000000.0,0.2433215292923797,0.11083038232309493,0.23069678955228176,0.0351138883812699,10.227107434697793,7.496538523124246e-25,imputed_sigmaE_sizebucket
FFWM,2020,8588174975.992321,E_pb,False,8588174975.992321,17433174397.65304,6851439877.416455,269000000.0,0.2378046831098632,0.1094511707774658,0.2339064768634018,0.0351138883812699,14.971922013738414,5.601799011661144e-51,imputed_sigmaE_sizebucket
FGBI,2018,2474166020.2285976,E_pb,False,2474166020.2285976,131860367.98701788,1440026810.3644269,34538000.0,0.2950707416446763,0.12376768541116907,0.2927123665998379,0.0351138883812699,14.614124706482825,1.1413460267131459e-48,ok
FGBI,2019,2593405614.4486556,E_pb,False,2593405614.4486556,522612360.3019393,1815813989.462442,86747000.0,0.343823261872927,0.13595581546823177,0.3370953325467914,-0.0470137330203527,9.869026639170011,2.835612249102416e-23,ok
FGBI,2020,2284025876.816544,E_pb,False,2284025876.816544,209770712.58938402,1589394000.8110516,116630000.0,0.2916659549311892,0.1229164887327973,0.28346767443926907,0.0639777264000565,10.753577110720514,2.850350726862724e-27,ok
FGBI,2021,3237234031.5217643,E_pb,False,3237234031.5217643,207053733.99185443,,49635000.0,0.845712048659918,0.2614280121649795,0.8368887770682296,-0.146824131123078,4.416332320385015,5.019485423708914e-06,ok
FGBI,2022,3693696354.990174,E_pb,False,3693696354.990174,670299071.1502126,,183369000.0,0.2824344936139357,0.12060862340348392,0.27478080576561836,0.3042431078330303,12.074439229919653,7.207176390968796e-34,ok
FHB,2017,33050445817.02664,E_pb,False,33050445817.02664,4226868462.3398457,20549295706.300556,34000.0,0.224746190860482,0.10618654771512051,0.22474606889469242,0.0351138883812699,61.38948136422231,0.0,ok
FHB,2018,24164238663.685036,E_pb,False,24164238663.685036,5111313057.911317,18521416458.379017,600026000.0,0.2196417411959483,0.10491043529898708,0.21686185786458165,-0.1362235437517558,16.41803645425517,7.104547359409817e-61,ok
FHB,2019,27779327255.641148,E_pb,False,27779327255.641148,118631236592623.34,20166632000.692776,600019000.0,0.21362514514782,0.103406286286955,0.2112948092451143,-0.2014389041427033,17.192537546503594,1.5100964780768635e-66,ok
FHB,2020,25075968071.465633,E_pb,False,25075968071.465633,37598338236538.12,22662710442.80421,200010000.0,0.2027175826421042,0.10067939566052606,0.20191014968261667,0.3327690158249523,25.51445553718723,6.812905833366442e-144,ok
FHB,2021,32778509622.26888,E_pb,False,32778509622.26888,,,0.0,0.6146442232360457,0.20366105580901145,0.6146442232360457,-0.1379391192162341,,,nonpos_EF
FHB,2022,35814212855.81599,E_pb,False,35814212855.81599,,,75000000.0,0.3086647501283921,0.12716618753209802,0.3082854608904417,0.2032893748328272,20.521478152408466,6.921930828569156e-94,ok
FHB,2023,28664137359.468628,E_pb,False,28664137359.468628,,,500000000.0,0.2906266593063119,0.12265666482657797,0.28774692395859036,-0.0091129940733869,13.955231100131,1.461762762263411e-44,ok
FHN,2016,53664969981.16715,E_pb,False,53664969981.16715,2582526971.979411,,1991093000.0,0.2345327796108429,0.10863319490271073,0.23002872796960314,0.0351138883812699,14.516293664961525,4.776904687242048e-48,ok
FHN,2017,56939961598.72813,E_pb,False,56939961598.72813,6266847990.223131,,4900732000.0,0.2766894890986157,0.11917237227465392,0.26420662174955345,0.4037391826917451,10.991449163901024,2.1006281880273384e-28,ok
FHN,2018,36757216174.29222,E_pb,False,36757216174.29222,3818451524.8892164,,2304886000.0,0.2249671282028986,0.10624178205072465,0.21796165811912532,0.0194333762680889,12.964671328112217,9.703020686581888e-39,ok
FHN,2019,42935647358.415474,E_pb,False,42935647358.415474,4225660055.652691,,4312390000.0,0.2278613568781366,0.10696533921953416,0.2168270196497793,-0.3233854539085141,9.440827126047244,1.849241027065334e-21,ok
FHN,2020,75439139190.057,E_pb,False,75439139190.057,4706988077.52864,,3872000000.0,0.2303988337689682,0.10759970844224205,0.22440373373483968,0.3043342720989495,14.700126052629235,3.2169918180362617e-49,ok
FHN,2021,96873291792.86401,E_pb,False,96873291792.86401,8734848983.905418,,3718000000.0,0.7664122397950517,0.2416030599487629,0.7470145315452514,-0.1817434791906271,3.7979461546686877,7.295000330751499e-05,ok
FHN,2022,136072934419.87201,E_pb,False,136072934419.87201,16762366774.845493,,4107000000.0,0.3267391852411257,0.13168479631028143,0.32102447023106206,0.3262656519124698,11.85258962408652,1.0432093245718306e-32,ok
FHN,2023,72782175716.327,E_pb,False,72782175716.327,6220749005.1670475,,3702000000.0,0.3059013350433742,0.12647533376084355,0.2972167274035989,0.5393634666278457,11.854666652801777,1.0176628872542787e-32,ok
FISI,2017,4927336258.058569,E_pb,False,4927336258.058569,604307614.2872708,,485331000.0,0.2192046666236247,0.10480116665590618,0.20894658823165127,0.0351138883812699,11.605600800508608,1.9298361873355314e-31,ok
FISI,2018,4108066280.947372,E_pb,False,4108066280.947372,732253750.0741409,,508702000.0,0.2176891907303663,0.10442229768259158,0.20520879502478723,-0.0652387315152087,10.327499818213841,2.6460996419433225e-25,ok
FISI,2019,4958090356.149079,E_pb,False,4958090356.149079,3870773353.6421256,,314773000.0,0.2104037051687778,0.10260092629219444,0.20396822565350714,-0.1476786224390508,12.992204701156057,6.773378988463226e-39,ok
FISI,2020,3867942354.033696,E_pb,False,3867942354.033696,496518125.9848357,,78923000.0,0.2155012786439536,0.1038753196609884,0.21326916409973462,0.2913578986634353,19.603491747668375,7.218462448252418e-86,ok
FISI,2021,5559608668.696992,E_pb,False,5559608668.696992,683350738.0804172,,103911000.0,0.7600160665014862,0.24000401662537157,0.7504751846337433,-0.2554135061777526,4.61207262719399,1.993368192910148e-06,ok
FISI,2022,5310144912.686251,E_pb,False,5310144912.686251,1389969178.7170413,,279222000.0,0.312818351494412,0.128204587873603,0.3035957999763268,0.4638648570635739,11.246511955348607,1.2046630584478005e-29,ok
FISI,2023,4389177095.192092,E_pb,False,4389177095.192092,644692013.5387073,,309532000.0,0.269270807413557,0.11731770185338926,0.2592607498174446,-0.1996327094330267,9.591659493949455,4.3339733284335285e-22,ok
FITB,2016,169413215112.256,E_pb,False,169413215112.256,13326881708.56964,,17681000000.0,0.2462119750734547,0.11155299376836367,0.23348627189216295,0.1285860546983458,10.537877934276374,2.889406377079431e-26,ok
FITB,2017,174601088843.58798,E_pb,False,174601088843.58798,26122620995.740696,,18749000000.0,0.3117085115039431,0.12792712787598576,0.2938873810237393,0.3784690615790225,9.080506334804273,5.403546025826452e-20,ok
FITB,2018,131985618223.256,E_pb,False,131985618223.256,18157286857.927498,,16653000000.0,0.2124836975053205,0.10312092437633014,0.2002310387906008,0.1500270205402758,11.5811634330784,2.5672222424548286e-31,ok
FITB,2019,172324749058.22,E_pb,False,172324749058.22,19693365406.67823,,15699000000.0,0.2643593136214573,0.11608982840536433,0.2519795868046779,-0.203158025908904,8.921621033221987,2.29756120423096e-19,ok
FITB,2020,176608249985.815,E_pb,False,176608249985.815,15098115563.323713,,15991000000.0,0.2404894255714144,0.1101223563928536,0.22966539690366047,0.3514655895874508,12.2512057605472,8.275828020645166e-35,ok
FITB,2021,293694583197.45,E_pb,False,293694583197.45,30110426978.95019,,12646000000.0,0.7405018686895816,0.2351254671723954,0.7196395007105174,-0.0535625984134602,3.9948521914286155,3.236731304641952e-05,ok
FITB,2022,278366940401.628,E_pb,False,278366940401.628,32851203088.45374,,18608000000.0,0.3120739668126696,0.1280184917031674,0.3005413294924776,0.6242695589666032,11.143769088165763,3.8399422425236836e-29,ok
FLG,2016,44608065071.68564,E_pb,False,44608065071.68564,39180242976.67836,36269119151.85789,13673379000.0,0.2269753783598322,0.10674384458995806,0.19876792133517923,0.0351138883812699,7.371373059834826,8.443976190379701e-14,ok
FLG,2017,36599569714.007,E_pb,False,36599569714.007,100617267295.0278,,12913679000.0,0.2163050525568608,0.1040762631392152,0.18703437049216165,0.0215142443953009,7.207105626497419,2.8576834822147354e-13,ok
FLG,2018,27298733872.041004,E_pb,False,27298733872.041004,129146850116.06783,,14207866000.0,0.1934079260037815,0.09835198150094537,0.16086991696032185,-0.1389020219487177,5.720243555178016,5.318573184356593e-09,ok
FLG,2019,35360850496.7749,E_pb,False,35360850496.7749,58695283488.42491,,14557593000.0,0.2508309565462049,0.11270773913655123,0.2105504220974463,-0.23226357772404,4.644248645367434,1.7065815192357592e-06,ok
FLG,2020,31055682799.23232,E_pb,False,31055682799.23232,42389752353.17368,,16083544000.0,0.2556027264980643,0.11390068162451608,0.20725507151169104,0.3544731209132707,6.79503105029911,5.414460159802626e-12,ok
FLG,2021,37295281843.235,E_pb,False,37295281843.235,68077301072.48056,,16562000000.0,0.4963544700681856,0.1740886175170464,0.3972524198479814,-0.0586733073341387,2.622132937411472,0.004369066961627735,ok
FLG,2022,48447659395.53999,E_pb,False,48447659395.53999,88537609829.93585,,21332000000.0,0.2839687750225513,0.12099219375563783,0.23414599770174355,0.226243501309046,5.9106950478042215,1.7033360027326402e-09,ok
FLG,2023,87158635399.08,E_pb,False,87158635399.08,111547863104.69852,,21267000000.0,0.3233391199311058,0.13083477998277646,0.28558061584106786,-0.245749295832129,4.700530988663864,1.2974293661255035e-06,ok
FMAO,2018,2702675981.739314,E_pb,False,2702675981.739314,469807266.17135704,1044609053.730612,32180999.999999996,0.4631513355447941,0.16578783388619853,0.4596522659734159,0.0351138883812699,9.51139005407114,9.406578593617132e-22,ok
FMAO,2019,2236804214.3206043,E_pb,False,2236804214.3206043,769843359.8673079,1468327395.178465,72879000.0,0.3495238502023614,0.13738096255059035,0.34282996187459724,-0.0438656458013682,9.781622557913273,6.75141270513914e-23,ok
FMAO,2020,1923352744.0632443,E_pb,False,1923352744.0632443,359691808.2815442,1684308807.5102744,48100000.0,0.3017061298620608,0.12542653246551522,0.29740521589883884,-0.1995051582393279,11.665947775789338,9.513615834137197e-32,ok
FMAO,2021,3622571028.1915197,E_pb,False,3622571028.1915197,502107891.3898091,2103010385.1832602,127804000.0,0.7763957375860653,0.2440989343965163,0.7582563088293518,-0.2138153965038136,3.7953150355227687,7.372804743583031e-05,ok
FMAO,2022,3460166608.2035303,E_pb,False,3460166608.2035303,852041171.7415903,2382602153.8077173,226277000.0,0.2680809143221633,0.11702022858054083,0.25880868275689756,0.4684651130484962,12.463382911076923,5.912305414167394e-36,ok
FMBH,2017,4073380193.479,E_pb,False,4073380193.479,699386632.6107085,2093858098.141127,249739000.0,0.2449565978590198,0.11123914946475495,0.23723197580952657,0.0351138883812699,12.048504242158947,9.875066194619522e-34,ok
FMBH,2018,3897589263.4965305,E_pb,False,3897589263.4965305,1367084193.849912,3059205707.1748686,348799000.0,0.2557398911155228,0.1139349727788807,0.2440920128147818,0.154038566613917,10.748308952039144,3.017901151764878e-27,ok
FMBH,2019,3899112577.75454,E_pb,False,3899112577.75454,979818018.595618,2837742684.8841867,345862000.0,0.2426361334777691,0.11065903336944227,0.23188321541864343,-0.1558866422187603,10.025217647587056,5.904955765085502e-24,ok
FMBH,2020,4276350719.2440076,E_pb,False,4276350719.2440076,913242647.4486872,3251626795.3247323,414186000.0,0.2297925625625301,0.10744814064063253,0.21898924734057612,0.1290528632570857,11.562494024028474,3.1913811512247517e-31,ok
FMBH,2021,6883851214.723887,E_pb,False,6883851214.723887,976177782.5715014,4418923819.368474,346309000.0,0.584045208472064,0.19601130211801598,0.5654592255775348,-0.0168649632153033,5.0612809446850395,2.0822451242434874e-07,ok
FMBH,2022,6159326476.188915,E_pb,False,6159326476.188915,1541510531.1772788,4439225765.764322,800402000.0,0.27025753882489,0.1175643847062225,0.25269709715521527,0.2982880093086408,9.612859681683696,3.5280760422435065e-22,ok
FMNB,2017,3125865258.00406,E_pb,False,3125865258.00406,13162278759.593958,2111494956.3357925,296559000.0,0.2878742111491288,0.1219685527872822,0.2734981979990746,0.0351138883812699,8.934506748413456,2.0449934241701e-19,ok
FMNB,2018,2804896683.890368,E_pb,False,2804896683.890368,17068147296.27635,2295140198.2988925,250792000.0,0.3061659184540851,0.12654147961352127,0.29142345712181705,0.0552985560897019,8.623091392667154,3.258520091347235e-18,ok
FMNB,2019,3506005516.9385066,E_pb,False,3506005516.9385066,978806986.9850917,2171023644.041215,125397000.0,0.3108871753220208,0.1277217938305052,0.30456223909262825,-0.1181576113338928,10.511325487808527,3.830457584035625e-26,ok
FMNB,2020,3197252779.5811677,E_pb,False,3197252779.5811677,297236226.3267512,2426891686.19169,78906000.0,0.2217376236314955,0.10543440590787387,0.21893647072190625,0.3144369975312577,18.346144139015138,1.7719352855997602e-75,ok
FMNB,2021,5397238388.239307,E_pb,False,5397238388.239307,4047217382.401582,4054826019.4957423,87758000.0,0.5336472447403809,0.18341181118509525,0.5280436018202419,-0.1562264959419955,7.27126918318639,1.7806273778804633e-13,ok
FMNB,2022,6414278301.746711,E_pb,False,6414278301.746711,927192233.7656629,3408657344.4601398,183211000.0,0.2790946576199474,0.11977366440498685,0.2746703444982606,0.4380090601056692,14.504999150959915,5.631943673885971e-48,ok
FMNB,2023,6210468775.452211,E_pb,False,6210468775.452211,2171256064.5591702,4216726392.63776,443663000.0,0.2524059001205898,0.11310147503014745,0.24311780345606274,-0.2058088907945552,10.170238197184354,1.346247091508354e-24,ok
FNB,2018,20097603469.352,E_pb,False,20097603469.352,9562495541.833286,,4756000000.0,0.230458556144432,0.107614639036108,0.2069510727934706,0.0351138883812699,8.056470858734638,3.9264352769135957e-16,ok
FNB,2019,25978660132.465,E_pb,False,25978660132.465,8601721762.99477,,4556000000.0,0.2258627088394041,0.10646567720985103,0.20804777742230665,-0.2618231209047973,7.781637232138047,3.579595648063063e-15,ok
FNB,2020,21697564216.5,E_pb,False,21697564216.5,5224246350.473773,,2899000000.0,0.2426875507757233,0.11067188769393083,0.22712792204443152,0.3456405664946662,10.822482392879712,1.3469030524634592e-27,ok
FNB,2021,28601104942.503998,E_pb,False,28601104942.503998,6779399734.132615,,2230000000.0,0.7514146598332491,0.23785366495831228,0.7142690232851321,-0.2083732713633385,3.0283535123884446,0.0012294512864049474,ok
FNB,2022,34977609736.8854,E_pb,False,34977609736.8854,6641655256.085615,,2487700000.0,0.3298737298532217,0.13246843246330542,0.3167660000155204,0.3279383649518461,9.438591445238542,1.8891203060157204e-21,ok
FNB,2023,34626893275.9775,E_pb,False,34626893275.9775,14935917801.865309,,4509700000.0,0.2800020178100855,0.12000050445252138,0.2615650828499977,0.1172811110089619,8.578745398859658,4.795675457482469e-18,ok
FNLC,2018,2586663957.4797983,E_pb,False,2586663957.4797983,,,210317000.0,0.2908618204504384,0.1227154551126096,0.2782181737269296,0.0351138883812699,9.288002815605413,7.860521593822673e-21,ok
FNLC,2019,2920802073.430902,E_pb,False,2920802073.430902,,,184955000.0,0.2311573176671234,0.10778932941678085,0.2238104693054015,0.001954880173145,12.500798385986293,3.695264951135729e-36,ok
FNLC,2020,2609734001.6790733,E_pb,False,2609734001.6790733,,,262038000.0,0.199318173717395,0.09982954342934874,0.19024022404444865,0.2018052097167457,13.550785908951678,3.919318399066706e-42,ok
FNLC,2021,3361087844.0253124,E_pb,False,3361087844.0253124,,,136342000.0,0.7048347965876601,0.22620869914691505,0.6861762838261404,-0.1155573792068811,4.217051733157348,1.2375860297172602e-05,ok
FNLC,2022,3807417956.1546593,E_pb,False,3807417956.1546593,,,103483000.0,0.2940576807024087,0.12351442017560217,0.28954508157833164,0.2925349463306013,13.409768351202498,2.6502062168570887e-41,ok
FNLC,2023,3706835597.623936,E_pb,False,3706835597.623936,,,69652000.0,0.2337067969647312,0.10842669924118281,0.23139618183862018,-0.0042488886692994,17.122223963260616,5.066454377236873e-66,ok
FNWB,2018,1079128302.4718683,E_pb,False,1079128302.4718683,,,136552000.0,0.2155351926134331,0.10388379815335827,0.20299388452008676,0.0351138883812699,10.842022454785814,1.0880321238687267e-27,ok
FNWB,2019,1314039183.634628,E_pb,False,1314039183.634628,,,112930000.0,0.1982821281792448,0.0995705320448112,0.1904701160634205,-0.0884219781869937,12.757793735710644,1.4103878122515131e-37,ok
FNWB,2020,1324569639.6486278,E_pb,False,1324569639.6486278,,,109977000.0,0.1929489508160646,0.09823723770401616,0.18568804358235136,0.232417285374249,14.9902497845694,4.251641577152873e-51,ok
FNWB,2021,1900755170.379789,E_pb,False,1900755170.379789,536209796.2005382,1571500360.6731997,119280000.0,0.7508871632213281,0.237721790805332,0.720585529606567,-0.1254902074480151,3.392081120493293,0.0003468195040027566,ok
FNWB,2022,1620522369.9162638,E_pb,False,1620522369.9162638,,,285358000.0,0.2721458115254915,0.11803645288137288,0.24907178282037373,0.3151205963872465,8.764770461274212,9.357879621945103e-19,ok
FNWB,2023,1764252032.3807669,E_pb,False,1764252032.3807669,799908330.6688083,1571347344.2661076,320936000.0,0.2593996134565291,0.11484990336413228,0.23715164107331618,-0.22856650292612,6.8086631262262145,4.925492339906556e-12,ok
FRAF,2020,1238519917.755567,E_pb,False,1238519917.755567,93104031.71214257,1268590937.4876544,19555000.0,0.2299470502729422,0.10748676256823556,0.2280435778387745,0.0351138883812699,18.300094094206376,4.130305008779318e-75,ok
FRAF,2021,1641687995.706808,E_pb,False,1641687995.706808,140462221.81848854,1556715942.4491541,19588000.0,0.638957587426347,0.20973939685658677,0.6338967029383945,-0.2705204635240754,6.261258541692585,1.9094138579723066e-10,ok
FRAF,2022,2331600861.06378,E_pb,False,2331600861.06378,138732808.8818861,1488972019.7287607,19623000.0,0.2875011434182829,0.12187528585457073,0.28611885215423366,0.2705018443065283,17.529634009197814,4.255778043987367e-69,ok
FRAF,2023,1760098177.848666,E_pb,False,1760098177.848666,206988737.57960218,1065581590.8942779,149661000.0,0.181784459755404,0.095446114938851,0.1750184323036359,0.138080060200058,15.25053099264289,8.164985419003964e-53,ok
FRBA,2018,1854122429.6982722,E_pb,False,1854122429.6982722,1215769899.1341648,1563044111.016023,115207000.0,0.293088593535058,0.1232721483837645,0.2831542255712671,0.0351138883812699,10.0077743406437,7.044316558647676e-24,ok
FRBA,2019,1881444266.49438,E_pb,False,1881444266.49438,1102142090.6421237,1803096124.3244991,127440000.0,0.1934876231234213,0.09837190578085533,0.18745365331226368,-0.1170704512584576,13.99305458366689,8.593428381092299e-45,ok
FRBA,2020,1673529715.093691,E_pb,False,1673529715.093691,786623929.6946863,1888565008.688442,190643000.0,0.1669628277229951,0.09174070693074877,0.15927010126150118,-0.0782793376029566,13.745249375816604,2.719267006237512e-43,ok
FRBA,2021,2541676481.1481657,E_pb,False,2541676481.1481657,1166808013.722748,2279712142.426896,124901000.0,0.7253364254012042,0.23133410635030105,0.7021976326648275,-0.1384264945500151,3.8109818186012254,6.920797418160255e-05,ok
FRBKQ,2017,4894512478.1934185,E_pb,False,4894512478.1934185,527422067.4356343,2230650544.175496,21681000.0,0.4041191678202191,0.15102979195505478,0.40300301346574297,0.0351138883812699,13.34422205302732,6.399991179165873e-41,ok
FRBKQ,2018,3795821590.064536,E_pb,False,3795821590.064536,3832253006.5519767,2681450485.1575007,102681000.0,0.2662389911379105,0.11655974778447763,0.2622966532705604,0.0119760478346382,13.779424738300515,1.6948119741583601e-43,ok
FRBKQ,2019,3288610028.5291247,E_pb,False,3288610028.5291247,247183550.25399563,3195653155.013423,11265000.0,0.2812959502049284,0.12032398755123211,0.28074642964926594,-0.2934911242911477,19.04579483421762,3.5598528163451548e-81,ok
FRCB,2016,163789275844.75897,E_pb,False,163789275844.75897,77761709349.53279,,6811308000.0,0.2219027008766539,0.10547567521916348,0.21725429749253247,0.0351138883812699,14.87774969677642,2.2985154273871536e-50,ok
FRCB,2017,159431516721.76498,E_pb,False,159431516721.76498,77999930393.48607,,10071807000.0,0.2726227605801013,0.11815569014502533,0.26344440060982,0.4071953163299346,12.130173326544435,3.6547282116603886e-34,ok
FRCB,2018,164325963811.07028,E_pb,False,164325963811.07028,92222359080.6904,,10473907000.0,0.191040756028178,0.0977601890070445,0.18545143848833492,-0.0531763922761039,14.798386680312964,7.501915589864813e-50,ok
FRCB,2019,232000612880.30295,E_pb,False,232000612880.30295,182095279622.92834,,14275604000.0,0.2329726657499354,0.10824316643748386,0.2257426174657024,0.0107831136182303,12.550598346240898,1.972587804472968e-36,ok
FRCB,2020,323315094277.00507,E_pb,False,323315094277.00507,143230773732.51144,,13529458000.0,0.2308357250030865,0.10770893125077163,0.22589030203725302,0.361511935866434,15.718916934638772,5.611286085444069e-56,ok
FRME,2016,11135693081.998497,E_pb,False,11135693081.998497,2328893052.421053,5555107091.793107,694197000.0,0.1941729067666536,0.0985432266916634,0.18856120314482225,0.0351138883812699,15.130180868086393,5.120677142934424e-52,ok
FRME,2017,13536765193.8357,E_pb,False,13536765193.8357,4608608921.697791,7931087345.562234,834387000.0,0.2396645910894054,0.10991614777235136,0.23213141539731139,0.5105479102751891,14.344832389115847,5.738861894173155e-47,ok
FRME,2018,11066030627.093702,E_pb,False,11066030627.093702,4308533982.271799,8552387182.540101,670961000.0,0.2196615728644064,0.1049153932161016,0.21310195231689902,0.1361653676794458,13.961622181012956,1.3364012455231405e-44,ok
FRME,2019,15114383645.503502,E_pb,False,15114383645.503502,4684203476.13272,10771706187.93138,732703000.0,0.235655597044118,0.10891389926102951,0.2297955910841511,-0.1692783585458245,12.525563001391806,2.705302063019168e-36,ok
FRME,2020,14393472707.140162,E_pb,False,14393472707.140162,2214367367.507425,10743217306.965368,684912000.0,0.2542841409135349,0.11357103522838373,0.247892468561828,0.2460674666132518,13.340741273310844,6.70596131512593e-41,ok
FRME,2021,17336564396.109722,E_pb,False,17336564396.109722,4699751146.2317,13614991871.724962,634250000.0,0.6091537635360185,0.2022884408840046,0.5947941287858035,-0.069124794764612,5.208602653447809,9.513403833926442e-08,ok
FRME,2022,20199698146.240448,E_pb,False,20199698146.240448,5663275946.430132,,1313945000.0,0.3133299803814269,0.1283324950953567,0.30203126546123066,0.1496883499486543,9.600761495420986,3.967797244647746e-22,ok
FRME,2023,17227454402.34558,E_pb,False,17227454402.34558,5492932545.786047,,1028776000.0000001,0.2674973148492103,0.11687432871230258,0.2590094008729453,0.0109945568609219,11.017315510441723,1.5766148185930709e-28,ok
FRST,2017,2623027077.959367,E_pb,False,2623027077.959367,2266695824.5244274,2215683381.8983097,407745000.0,0.1913985081183048,0.0978496270295762,0.17881290697827906,0.0351138883812699,11.325007758071232,4.9335068322481555e-30,ok
FRST,2018,2248191028.812521,E_pb,False,2248191028.812521,1222154385.6193137,2259857469.3122807,238734000.0,0.2025197837817794,0.10062994594544486,0.1927388019410706,0.000185211939303,12.063286698616112,8.25308792153057e-34,ok
FRST,2019,2652581186.1129003,E_pb,False,2652581186.1129003,1001313790.3473394,2285703250.974,191206000.0,0.1943946146875228,0.0985986536718807,0.18795363956413688,-0.1590892736178368,13.422395145370869,2.2351411088679535e-41,ok
FRST,2020,2158969441.4206996,E_pb,False,2158969441.4206996,117807370.7870743,1042001766.6899092,231394000.0,0.2004698078447447,0.10011745196118618,0.19075541352505962,0.2662158706819915,13.541428914971444,4.451993736234227e-42,ok
FRST,2021,2884963493.1925635,E_pb,False,2884963493.1925635,668613871.7902845,2606469722.423914,204990000.0,0.731713233582238,0.2329283083955595,0.6986234404706997,-0.2312567723865722,3.2029500640419815,0.0006801378284371924,ok
FRST,2022,2360848528.828206,E_pb,False,2360848528.828206,1213803311.5179694,2638871940.863491,426757000.0,0.2828783983156107,0.12071959957890267,0.2580533641575061,0.2763133707469096,8.214351774223205,1.0665670272876926e-16,ok
FRST,2023,3081198095.001486,E_pb,False,3081198095.001486,301773416.336466,2581608426.2315674,149032000.0,0.2190092394224687,0.10475230985561718,0.21373780728716776,-0.1885948525658051,13.40292043413724,2.9064960637158296e-41,ok
FSBC,2022,5672549919.707034,E_pb,False,5672549919.707034,832222662.8737928,2670151443.087861,173606000.0,0.2950329717842519,0.12375824294606298,0.2899468398057239,0.0351138883812699,12.105082981518136,4.963447103982081e-34,ok
FSBC,2023,5295120586.047488,E_pb,False,5295120586.047488,1144732379.5153897,2962349076.664062,243749000.0,0.3452192753524162,0.13630481883810405,0.33602557814221606,-0.0717619319772359,8.913571983940187,2.4707150417399557e-19,ok
FSBW,2018,1572445891.52574,E_pb,False,1572445891.52574,3081129199.669072,1547792142.209778,147014000.0,0.2129023284226484,0.1032255821056621,0.20352495517741498,0.0351138883812699,12.153990483059165,2.731623376166534e-34,ok
FSBW,2019,2290951501.414824,E_pb,False,2290951501.414824,2241904975.3992405,1643593279.7506912,94749000.0,0.2128345107088836,0.1032086276772209,0.2084806771974235,-0.206556081921139,14.378927791583346,3.508663834490671e-47,ok
FSBW,2022,2676235029.028006,E_pb,False,2676235029.028006,1002400589.4662055,2131169811.860049,235989000.0,0.3076914206842022,0.12692285517105056,0.29304303080015837,0.5064674459578336,10.156929767322199,1.543214148764299e-24,ok
FSBW,2023,3084215189.4918475,E_pb,False,3084215189.4918475,661894018.0969502,2443706442.790753,143273000.0,0.2063304622069786,0.10158261555174465,0.2016805495341151,0.0239733592275734,15.461795431476084,3.1411383795023686e-54,ok
FULT,2016,26493154558.631523,E_pb,False,26493154558.631523,5903090458.0258665,15165782241.356045,1470720000.0,0.2137044484096465,0.10342611210241162,0.20790451698620527,0.0351138883812699,14.230874793889775,2.9469915681546123e-46,ok
FULT,2017,25439946478.28913,E_pb,False,25439946478.28913,7931906023.600192,16576403859.39301,1655870000.0,0.2499092495354518,0.11247731238386295,0.2415105573626751,0.4852004872239852,13.461480276785036,1.3179112365542345e-41,ok
FULT,2018,21894440454.21998,E_pb,False,21894440454.21998,6471988383.601475,16285913701.278717,1747056000.0,0.2255881165175439,0.10639702912938598,0.21678015020410707,-0.0234094997881106,11.800734927865312,1.934586929910974e-32,ok
FULT,2019,24309115994.493362,E_pb,False,24309115994.493362,6343453090.3403225,17121995435.405125,1765010000.0,0.2366813782248366,0.10917034455620915,0.22804990004669962,-0.1077692663126667,11.221291831453863,1.6027662815608262e-29,ok
FULT,2020,20269488902.163143,E_pb,False,20269488902.163143,2123473566.3549545,13583936945.98678,1926329000.0,0.2056609927699939,0.10141524819249847,0.1966137208113133,0.1649693952690549,13.172675214028382,6.30253625878497e-40,ok
FULT,2021,26721666699.643734,E_pb,False,26721666699.643734,2359409306.034646,,1038108999.9999999,0.6410272415650152,0.21025681039125382,0.6249180818090486,-0.2321537352445715,4.574635156581169,2.3852528340756295e-06,ok
FULT,2022,28433628482.51972,E_pb,False,28433628482.51972,6551235271.735504,,2871207000.0,0.3041666724434526,0.12604166811086315,0.28782945963170214,0.3900459830982683,9.511407076626199,9.405039234559845e-22,ok
FULT,2023,26343954836.333908,E_pb,False,26343954836.333908,3012724738.2113385,,2487526000.0,0.2685538907459245,0.11713847268648113,0.2554900529443963,0.0313214342606773,9.584964482802919,4.624473042449613e-22,ok
FUNC,2018,1162134133.26972,E_pb,False,1162134133.26972,202026352.72703046,734794801.1530027,178636000.0,0.2540591352335075,0.11351478380837687,0.23533386671939371,0.0351138883812699,8.596604222184455,4.105477771672695e-18,ok
FUNC,2019,1757644031.71203,E_pb,False,1757644031.71203,287935420.45856494,948852473.3669972,149657000.0,0.3315189796861798,0.13287974492154497,0.3159326870858519,-0.0706380797719403,7.6742728063457735,8.317984625505423e-15,ok
FUNC,2020,1305446419.422075,E_pb,False,1305446419.422075,151882892.0333202,857654847.9197063,155089000.0,0.2416725413675166,0.11041813534187915,0.2277351083512294,0.5444633406561448,12.124133816182864,3.934387682145171e-34,ok
FUNC,2021,1436597907.17952,E_pb,False,1436597907.17952,105531552.76736718,940218946.740766,88628000.0,0.5486853121229758,0.18717132803074393,0.5276784165337343,-0.3327385355617088,4.497984214599108,3.4300394710191513e-06,ok
FUNC,2022,1512534869.1455252,E_pb,False,1512534869.1455252,87229465.01092328,882288397.5877024,95494000.0,0.2906202871992858,0.12265507179982145,0.28064554695231525,0.2589934463303276,10.843975621939789,1.0650431277841143e-27,ok
FUNC,2023,1687159497.669117,E_pb,False,1687159497.669117,202056952.62379044,1074464332.3641481,156347000.0,0.324992484398696,0.131248121099674,0.3085611075594975,0.074218191014753,8.082548311083602,3.1713599265071256e-16,ok
FVCB,2019,2017794511.97856,E_pb,False,2017794511.97856,492788878.64714134,1397004566.8642197,49487000.0,0.2692527097174754,0.11731317742936885,0.2656155506799793,0.0351138883812699,14.050825727412645,3.807051756841209e-45,ok
FVCB,2020,1836623567.899872,E_pb,False,1836623567.899872,235450369.38817883,1408271147.7660427,69085000.0,0.2324974622573549,0.10812436556433873,0.22798873750805818,-0.0079500284151818,14.401290672537224,2.5393080059080134e-47,ok
FVCB,2021,2779327325.318571,E_pb,False,2779327325.318571,622988330.998865,2056029030.4744017,44510000.0,0.8175018543473077,0.25437546358682694,0.8086257213533784,-0.158557527010889,4.531939446368059,2.9222302524041205e-06,ok
FVCB,2022,2713342874.773139,E_pb,False,2713342874.773139,3903910557.3504033,2185048779.9646864,284565000.0,0.3393814775035692,0.1348453693758923,0.31996666556117187,0.338775510379605,8.258030326481547,7.404796588243419e-17,ok
FVCB,2023,2429330190.733092,E_pb,False,2429330190.733092,1216878601.7038975,2017136569.5284643,104620000.0,0.1889806868237089,0.09724517170592722,0.18519317370418473,-0.0309959349533408,16.950169991864275,9.594907304441871e-65,ok
GABC,2017,6376778078.5928955,E_pb,False,6376778078.5928955,,,275216000.0,0.2382254298263137,0.10955635745657843,0.23290194531882302,0.0351138883812699,13.710095603462987,4.417068093491529e-43,ok
GABC,2018,5370744498.299928,E_pb,False,5370744498.299928,,,376409000.0,0.2541239736450323,0.11353099341125808,0.24491585642448666,0.0232009490339442,11.101742245881987,6.151102488999943e-29,ok
GABC,2019,6701970740.7992735,E_pb,False,6701970740.7992735,7959658462.579014,4212602729.583727,349686000.0,0.2277816606863499,0.10694541517158748,0.22178948822216868,-0.2001438946964391,12.530995481252072,2.526223979128802e-36,ok
GABC,2020,6714365306.588497,E_pb,False,6714365306.588497,42839059698.39632,4955076366.404534,194529000.0,0.1912271051753325,0.09780677629383314,0.18859673302741023,0.3109916725617712,20.48386992146171,1.4993094615841334e-93,ok
GABC,2021,8448734489.667504,E_pb,False,8448734489.667504,50406977475.964584,5591657304.340246,152183000.0,0.4959290357374911,0.17398225893437277,0.49023257063442655,-0.0478085264979319,7.887211368244636,1.5450688998956782e-15,ok
GABC,2022,11726464154.47229,E_pb,False,11726464154.47229,73793023542.10568,6139035843.320277,203806000.0,0.2902852665993598,0.12257131664983996,0.287420192393928,0.2032918653751789,14.72287748975593,2.298384217847906e-49,ok
GABC,2023,8609679143.055477,E_pb,False,8609679143.055477,57565955951.3,6131541127.139862,193937000.0,0.2431937048498952,0.1107984262124738,0.24027713707412277,-0.0195739918571155,15.677496328051685,1.07792905221137e-55,ok
GBCI,2016,20634886962.51994,E_pb,False,20634886962.51994,3503395442.0016003,7595199973.402801,855830000.0,0.2707286164146621,0.11768215410366553,0.26463381026798705,0.0351138883812699,12.180616497009003,1.971450506028641e-34,ok
GBCI,2017,22324733836.224472,E_pb,False,22324733836.224472,4262828732.30537,8091216236.166589,850927000.0,0.2601825124629127,0.11504562811572817,0.25485360751993646,0.3823866424508362,14.339381180415975,6.207878474529378e-47,ok
GBCI,2018,24189456169.09267,E_pb,False,24189456169.09267,6491526809.443193,10518933182.976166,985276000.0,0.2404554785854616,0.11011386964636541,0.2353542342811928,0.105908187499339,14.10166536257856,1.8545604563574275e-45,ok
GBCI,2019,27687430857.7927,E_pb,False,27687430857.7927,4062593980.9642105,11486622831.942371,777169000.0,0.2438489596546023,0.11096223991365058,0.24022075340507434,0.0058390454816783,14.893570366404587,1.8143166748416915e-50,ok
GBCI,2020,32820469090.295704,E_pb,False,32820469090.295704,3162912662.8604174,13483903211.560482,1177610000.0,0.2250103817361735,0.10625259543404338,0.2208969035494847,0.1692733251819689,15.879320228990657,4.406414738949064e-57,ok
GBCI,2021,48786896811.64023,E_pb,False,48786896811.64023,5244225474.105908,21118320376.442455,1197508000.0,0.5916606888312821,0.1979151722078205,0.5822274784550144,0.0048249575514935,6.126125944494946,4.5022270191831265e-10,ok
GBCI,2022,45593438902.80696,E_pb,False,45593438902.80696,14652066561.567015,22163903420.682396,2955991000.0,0.3275387282148163,0.13188468205370407,0.31562609400420544,0.2360427434397576,9.45733378292279,1.5794754020323144e-21,ok
GSBC,2017,6118581979.28588,E_pb,False,6118581979.28588,1000548531.652882,3334433551.181565,324097000.0,0.286760669505363,0.12169016737634075,0.27845684826880657,0.0351138883812699,10.723390960717863,3.9525454942491814e-27,ok
GSBC,2018,5079859420.346622,E_pb,False,5079859420.346622,1460339239.5740159,3675502545.3856997,397594000.0,0.239808449277144,0.109952112319286,0.23038251783158634,-0.0379033130154857,11.105542392264201,5.894967153479597e-29,ok
GSBC,2019,6777946413.418804,E_pb,False,6777946413.418804,1388994096.4062629,3867008310.968023,412374000.0,0.2321470874280618,0.10803677185701546,0.22502920333797574,-0.087943620408794,12.199739307622119,1.5591032794685368e-34,ok
GSBC,2020,5538740449.036854,E_pb,False,5538740449.036854,517386975.6275208,3335430517.7668915,339863000.0,0.2125540955104586,0.10313852387761466,0.20622839166868204,0.4273509170154006,15.791316242561381,1.7852552628576152e-56,ok
GSBC,2021,6572536245.852296,E_pb,False,6572536245.852296,650985323.349313,3987681515.2367992,238713000.0,0.5382991401793494,0.18457478504483738,0.5259022069679208,-0.1871263322340489,5.753267230443256,4.3767473838683334e-09,ok
GSBC,2022,7253669294.008632,E_pb,False,7253669294.008632,792229328.8913273,3883989484.4777284,366481000.0,0.2496665537206927,0.11241663843017319,0.24306570147173734,0.242205361807217,13.359637202625061,5.203506351394541e-41,ok
GSBC,2023,6601995019.719932,E_pb,False,6601995019.719932,1000808997.8605684,4083281609.783173,423806000.0,0.1998319938999809,0.09995799847499523,0.19380745685626474,0.0308768008748683,14.551374286416,2.862070925125303e-48,ok
HAFC,2017,8650319795.386074,E_pb,False,8650319795.386074,2288476804.7544827,4665592866.285708,267269999.99999997,0.2999545417042231,0.12498863542605577,0.2947106205501955,0.0351138883812699,11.873370258144234,8.138769738045828e-33,ok
HAFC,2018,5876485681.983767,E_pb,False,5876485681.983767,1188927990.4401405,4803972445.61543,172808000.0,0.2546199629068595,0.11365499072671488,0.25059306717437824,-0.1073309433637456,13.634799630893253,1.2433645327019405e-42,ok
HAFC,2019,5827254660.212629,E_pb,False,5827254660.212629,1031813499.3868896,4607657467.009117,208377000.0,0.3235713737303053,0.13089284343257634,0.31691924908649705,-0.3264663669940821,9.432691739301834,1.9984876632055897e-21,ok
HAFC,2020,3581483277.409092,E_pb,False,3581483277.409092,570916317.3356371,4215749860.680759,268972000.0,0.2621249499841512,0.1155312374960378,0.2518847053391376,0.061477648917479,10.683832835742573,6.0581745495129896e-27,ok
HBAN,2016,136291883358.52847,E_pb,False,136291883358.52847,11516503599.66585,,12001813000.0,0.2310192772857529,0.10775481932143822,0.22104314876268108,0.0351138883812699,11.422298706051956,1.6178042962702626e-30,ok
HBAN,2017,144060545241.126,E_pb,False,144060545241.126,19674935548.75591,,14262000000.0,0.316081524948731,0.12902038123718274,0.2992306966124954,0.229214462094639,8.660477372991293,2.3489634443441326e-18,ok
HBAN,2018,123701990184.654,E_pb,False,123701990184.654,16335376722.875315,,10642000000.0,0.2231024585504787,0.10577561463761967,0.2138084642958457,0.1298057162215726,12.35939774685468,2.1669573785200204e-35,ok
HBAN,2019,140205098663.63,E_pb,False,140205098663.63,15236534096.130054,,12455000000.0,0.2299773992432741,0.10749434981081853,0.21998443844974963,-0.1525237877427543,10.58880062628532,1.679337656563348e-26,ok
HBAN,2020,136182410734.113,E_pb,False,136182410734.113,8473901711.151504,,8535000000.0,0.2332337782007544,0.10830844455018859,0.22586605570420862,0.3173885006652432,13.824513588354238,9.066701866901671e-44,ok
HBAN,2021,215645483017.878,E_pb,False,215645483017.878,20807723039.442764,,7442000000.0,0.6532248283955231,0.21330620709888076,0.6385495344910809,-0.1112245713552786,4.831774002057446,6.766090777041844e-07,ok
HBAN,2022,223805471808.35803,E_pb,False,223805471808.35803,28257482430.808372,,11713000000.0,0.3135053448754011,0.12837633621885028,0.3042983554543818,0.2702241656526867,10.59820197554871,1.5188203506877968e-26,ok
HBCP,2018,2301155753.2471275,E_pb,False,2301155753.2471275,,,64236999.99999999,0.2522732059873203,0.11306830149683007,0.24849281668939915,0.0351138883812699,14.529029788465417,3.9668070888658904e-48,ok
HBCP,2019,2469442345.402032,E_pb,False,2469442345.402032,3056581354.237907,2167729014.4652147,46159000.0,0.2193805624623435,0.10484514061558588,0.21727894149339003,-0.1670764967819549,17.523528083973716,4.738116724892881e-69,ok
HBCP,2020,1943972939.699895,E_pb,False,1943972939.699895,1341756506.589749,2527129065.01404,34363000.0,0.2074704793636805,0.10186761984092013,0.2056361948071703,0.1326603006172126,20.252018930394513,1.7048746370172275e-91,ok
HBCP,2021,2923582644.16183,E_pb,False,2923582644.16183,1906985477.6882396,2890371386.782699,31585000.0,0.6871449386717079,0.22178623466792696,0.682171158353357,-0.262139239970159,5.927853005980937,1.534605230050248e-09,ok
HBCP,2022,3008277255.805906,E_pb,False,3008277255.805906,1278256640.6548004,2725568933.609764,235765000.0,0.2693500993264879,0.11733752483162198,0.2583023873055856,0.5197563156338203,12.032936207766225,1.1926216674906485e-33,ok
HBCP,2023,2861297503.391013,E_pb,False,2861297503.391013,1104197254.9629915,2702215619.844047,252493000.0,0.240010711260998,0.1100026778152495,0.22946853819152888,-0.0125819864369631,10.778395491129732,2.177071465532497e-27,ok
HBNC,2017,5221095629.069511,E_pb,False,5221095629.069511,786116552.3327602,2245366803.8050013,601810000.0,0.2793808140999523,0.11984520352498808,0.2628924607045597,0.0351138883812699,8.635358136930137,2.9271666675896735e-18,ok
HBNC,2018,4502991158.796198,E_pb,False,4502991158.796198,864527907.644461,2527195354.93976,588221000.0,0.2144248587735829,0.10360621469339573,0.20162125687950963,0.0105852162695192,10.655762108729427,8.194834746186134e-27,ok
HBNC,2019,6045105046.16304,E_pb,False,6045105046.16304,825921836.4544536,3026221940.466547,606052000.0,0.2211212048342357,0.10528030120855893,0.21056580660248753,-0.131559070855901,10.646801136956253,9.023000860044154e-27,ok
HBNC,2020,5325000750.471651,E_pb,False,5325000750.471651,371877723.9532394,2275504422.6231003,590151000.0,0.2070279657619085,0.10175699144047712,0.19652514632674972,0.2368396635977463,12.835113669136563,5.212492699779717e-38,ok
HBNC,2021,8315607890.483279,E_pb,False,8315607890.483279,841334193.0563124,3734933546.7217946,828274000.0,0.6929947335051393,0.22324868337628484,0.6504440482945867,-0.128688764402723,3.1690178152599544,0.0007647750970055611,ok
HBNC,2022,6469225803.005446,E_pb,False,6469225803.005446,846437369.852443,3165137402.0921574,1258872000.0,0.2995307626828863,0.12488269067072158,0.2710813857062395,0.3540608291334899,7.864667414681697,1.8503967556262057e-15,ok
HBNC,2023,5685110694.253804,E_pb,False,5685110694.253804,468895029.21396685,1924414827.9746213,1465851000.0,0.3630322641324808,0.1407580660331202,0.3174690420808285,-0.2526917081138619,4.037325580812837,2.703200648385166e-05,ok
HBT,2021,5504430376.981665,E_pb,False,5504430376.981665,470464262.38492,3334211828.5478992,138286000.0,0.6131157521593409,0.2032789380398352,0.6030718850054781,0.0351138883812699,5.906531176533702,1.7469310078603719e-09,ok
HBT,2022,6033746204.375065,E_pb,False,6033746204.375065,1167523023.5193634,3456923023.846145,280256000.0,0.2637091707722169,0.11592729269305423,0.2571496611803045,0.2802664313379666,13.074195738185209,2.3121446100063856e-39,ok
HFWA,2017,7150751770.189681,E_pb,False,7150751770.189681,2621929580.672021,3898659533.099311,144330000.0,0.2330982855160671,0.10827457137901678,0.23062870296319984,0.0351138883812699,17.04632755655405,1.8609811215744283e-65,ok
HFWA,2018,7558671517.092792,E_pb,False,7558671517.092792,1279305878.060849,5110060957.0015,51789000.0,0.2286457616345599,0.10716144040863998,0.22781906376288202,0.2228198878643141,22.767937992265836,4.766316379321381e-115,ok
HFWA,2019,7058293252.390212,E_pb,False,7058293252.390212,867223514.4792438,5303670018.78962,40764000.0,0.2568693600126808,0.1142173400031702,0.2560502277339955,-0.0134050647254674,19.971597193496724,4.8646014822292744e-89,ok
HFWA,2020,6715021399.676577,E_pb,False,6715021399.676577,749308740.500356,6150944738.48553,56570000.0,0.2267356970834385,0.10668392427085963,0.22573278234934335,-0.0200921523743856,20.995810839414098,3.5815135437245023e-98,ok
HFWA,2021,7391001908.248621,E_pb,False,7391001908.248621,1013136805.1349334,6939141933.210146,72019000.0,0.5897898141931743,0.19744745354829357,0.586003665819926,-0.140294531810005,7.3869689869239075,7.51068082627703e-14,ok
HFWA,2022,9318364431.82653,E_pb,False,9318364431.82653,1022689278.8719968,6544499392.88703,68070000.0,0.3000913381097718,0.12502283452744295,0.29882174920192806,0.0786612370689536,16.600191332556705,3.473456924121455e-62,ok
HFWA,2023,5821862293.337272,E_pb,False,5821862293.337272,6650085371.641142,6652965984.852271,521765000.0,0.2602085695022736,0.1150521423755684,0.24826941549817366,0.2931397330148952,11.118202350096192,5.115635104891886e-29,ok
HIFS,2017,3984216611.2533813,E_pb,False,3984216611.2533813,284664209945.5974,2279953812.1249814,579976000.0,0.2103321795365548,0.1025830448841387,0.19664040150661563,0.0351138883812699,10.571532287920455,2.0192084188388293e-26,ok
HIFS,2018,3527892702.4231677,E_pb,False,3527892702.4231677,371704937697.3732,2404657885.514987,607351000.0,0.2164371246338491,0.10410928115846227,0.1999393235435185,0.0610168957964636,9.799091339821187,5.68014807674835e-23,ok
HIFS,2019,3746331239.1438046,E_pb,False,3746331239.1438046,290204111837.2934,2585838337.9145503,505887000.0,0.2399045016586186,0.10997612541465465,0.2244469045231139,-0.0367675156532935,9.20897983624048,1.6461951482748674e-20,ok
HIFS,2020,3844609728.396822,E_pb,False,3844609728.396822,,,408031000.0,0.2227337005644744,0.1056834251411186,0.21150299851801393,0.0743508481178751,11.328143669947465,4.760050182263173e-30,ok
HIFS,2021,7000492731.47022,E_pb,False,7000492731.47022,,,665000000.0,0.4825539103512282,0.17063847758780704,0.45549449355260424,0.0468060376014309,5.242139008159295,7.936285813281554e-08,ok
HIFS,2022,4479869955.646057,E_pb,False,4479869955.646057,,,1276000000.0,0.2322425824721638,0.10806064561804096,0.20471309472367363,0.9595059296842336,11.943750928205088,3.499699142563265e-33,ok
HIFS,2023,2878584400.5436325,E_pb,False,2878584400.5436325,,,1692675000.0,0.3143930894416019,0.12859827236040047,0.24559580308206555,-0.3355640703648962,2.556053082502387,0.005293348374572622,ok
HOMB,2016,24452227294.7704,E_pb,False,24452227294.7704,25551771244.376385,9268939818.958195,1487314000.0,0.2496971949067572,0.1124242987266893,0.24182628084590127,0.0351138883812699,11.845985432682836,1.1287451086265372e-32,ok
HOMB,2017,23139447118.824192,E_pb,False,23139447118.824192,15369631834.667322,12923604651.544912,1815008000.0,0.2906247183813515,0.12265617959533788,0.2784078921596099,0.370681145049123,10.606337836361488,1.392249896770523e-26,ok
HOMB,2018,15809386880.259863,E_pb,False,15809386880.259863,14865275553.10515,13499887272.943176,1984862000.0,0.2793799708604197,0.11984499271510493,0.2615846192317961,-0.1627655743086516,7.631744913785,1.1579867513297181e-14,ok
HOMB,2019,18092710116.21848,E_pb,False,18092710116.21848,6223700522.251697,12705361637.770235,1139723000.0,0.2520077982550361,0.11300194956375903,0.24377024651467064,-0.2972043010871138,10.251031848120135,5.854342265732969e-25,ok
HOMB,2020,19080344879.40083,E_pb,False,19080344879.40083,4450397806.450924,13540978782.451664,939257000.0,0.2684861056361934,0.11712152640904835,0.2613845537947736,0.2031823745462138,12.351148583730962,2.401044634542998e-35,ok
HOMB,2021,24703143381.902386,E_pb,False,24703143381.902386,6878400993.191568,15938868719.918928,911979000.0,0.6939098862370259,0.22347747155925646,0.6771610112283891,-0.0091556460038658,4.573346657136118,2.399975015769997e-06,ok
HOMB,2022,28479955181.52882,E_pb,False,28479955181.52882,9989809799.63667,20390244323.124496,1221566000.0,0.3206598081438157,0.13016495203595393,0.3128251239209426,0.2500000000659061,10.843549901035082,1.0700124981425982e-27,ok
HOMB,2023,27971345789.149765,E_pb,False,27971345789.149765,13312266723.558971,19848755066.826214,1883219000.0,0.2914858645095185,0.12287146612737963,0.28084970749468846,-0.0379324841424192,9.563778671665984,5.676700590519133e-22,ok
HONE,2022,5432133772.851705,E_pb,False,5432133772.851705,8384537691.133957,5095222953.7945,434960000.0,0.2884816265305236,0.1221204066326309,0.2761483523392,0.0351138883812699,9.41104855118007,2.456059162503614e-21,ok
HOPE,2017,16517083650.57324,E_pb,False,16517083650.57324,31656660753.529213,13634554035.824844,1328446000.0,0.286467372227337,0.12161684305683425,0.2741956699936404,0.0351138883812699,9.465012539371761,1.4676292044832732e-21,ok
HOPE,2018,11196844629.742199,E_pb,False,11196844629.742199,7963714226.63578,13422086773.854738,1117752000.0,0.2589656490920092,0.1147414122730023,0.24587492967992777,-0.1439878266913119,9.050335822746131,7.126465800566137e-20,ok
HOPE,2019,13528984575.882473,E_pb,False,13528984575.882473,5599017912.169201,13440914817.485329,927493000.0,0.2482107109015778,0.11205267772539446,0.23947513738432225,-0.32857599040205,9.976661819429903,9.642288198228648e-24,ok
HOPE,2020,10835799767.572481,E_pb,False,10835799767.572481,1700706128.9428868,12876328097.85785,558743000.0,0.2589846667627764,0.11474616669069411,0.2519117851307787,0.3035609495265174,13.048342979901248,3.247229362370686e-39,ok
HOPE,2021,14564010466.147701,E_pb,False,14564010466.147701,3435981295.761464,15148689584.327986,621563000.0,0.6191706186484733,0.20479265466211832,0.6022096516488787,-0.2211683351703655,4.63852961092638,1.7544833386690533e-06,ok
HOPE,2022,13626378600.378916,E_pb,False,13626378600.378916,5555001790.50699,15786370732.578857,1188713000.0,0.3217087811787671,0.13042719529469177,0.3063609916453429,0.4037783725589619,9.399450573605217,2.742436304289386e-21,ok
HOPE,2023,11785263825.455528,E_pb,False,11785263825.455528,18734307270.60302,17366535630.315872,1903995000.0,0.2963667371798656,0.1240916842949664,0.27240555392663945,-0.0954388899222654,6.755060160549573,7.138800030889477e-12,ok
HTBK,2018,4084075803.8068542,E_pb,False,4084075803.8068542,645645773.6925381,2918597154.2061267,39369000.0,0.207083811503299,0.10177095287582474,0.20607832649535676,0.0351138883812699,22.638699252051264,9.014258542423644e-114,ok
HTBK,2019,5374943919.975971,E_pb,False,5374943919.975971,516179613.88724285,3814722994.610755,39882000.0,0.2289019121169252,0.1072254780292313,0.228005724572579,-0.2383586635980537,20.379395985702697,1.2738983966586673e-92,ok
HTBK,2020,4225313238.487596,E_pb,False,4225313238.487596,398946388.0102777,4214315950.8177176,39740000.0,0.2376401058585436,0.1094100264646359,0.23644531107635208,0.1762298947390366,20.402723934698855,7.907776941513185e-93,ok
HTBK,2021,6577161995.725066,E_pb,False,6577161995.725066,701027619.5751634,5203082488.2525215,39925000.0,0.6698143571969307,0.2174535892992327,0.6670849834301986,-0.2627766034013977,6.933344552874759,2.0550275172714526e-12,ok
HTBK,2022,6401958432.63691,E_pb,False,6401958432.63691,689193998.5652153,4879009625.599476,39350000.0,0.3109878733463099,0.12774696833657748,0.3098684533266756,0.4108909347148888,17.62319669289532,8.174968083979127e-70,ok
HTH,2016,16927131535.78636,E_pb,False,16927131535.78636,3898850755.866917,8482357540.573986,1956102000.0,0.2654209132755119,0.11635522831887798,0.2499792949783891,0.0351138883812699,9.085511505920508,5.160610890402873e-20,ok
HTH,2017,14813998505.475842,E_pb,False,14813998505.475842,3140743509.833256,8645006675.019976,1715066000.0,0.2950430825077304,0.12376077062693261,0.277270723436179,0.5539960625768154,10.03072107188581,5.584893646582296e-24,ok
HTH,2018,10479656552.830107,E_pb,False,10479656552.830107,2145313805.4551759,8180061456.989067,1443358000.0,0.2637215786815536,0.1159303946703884,0.2458305003114988,-0.1419038941481647,7.8890860616328045,1.5220377677507047e-15,ok
HTH,2019,14348468229.091919,E_pb,False,14348468229.091919,3432321754.3381824,9917619504.225288,1818608000.0,0.2697671967870308,0.1174417991967577,0.2526323615988125,-0.286960507409435,7.386359352943259,7.545180617925454e-14,ok
HTH,2020,15288583292.74377,E_pb,False,15288583292.74377,1757177751.21301,9969147825.56097,1229445000.0,0.2346291701770596,0.1086572925442649,0.2252530211384793,0.4193409697279628,13.282223932130593,1.4677228144187906e-40,ok
HTH,2021,19074348573.79344,E_pb,False,19074348573.79344,2845954084.001553,12681813769.864029,1348104000.0,0.6432290283962425,0.21080725709906062,0.614684488142499,0.1241954330714361,4.316381371907809,7.93039282369761e-06,ok
HTH,2022,14186472530.345078,E_pb,False,14186472530.345078,1535056620.343195,8582269469.412198,1373139000.0,0.3373013533265838,0.13432533833164595,0.3193886771835726,0.2952676924998689,8.365488548937893,2.993317239382421e-17,ok
HTH,2023,16405822670.081537,E_pb,False,16405822670.081537,1846410440.6593273,9710856951.134758,1284604000.0,0.368679212171533,0.14216980304288324,0.35223105642996444,-0.1285669983114868,6.90448138019482,2.5193582735057217e-12,ok
HWBK,2018,1675398344.856272,E_pb,False,1675398344.856272,282278966.96556544,926218141.3264248,169286000.0,0.369414514106106,0.1423536285265265,0.34857722062367036,0.0351138883812699,6.7785115376945395,6.0710140982628516e-12,ok
HWBK,2019,1835410173.64298,E_pb,False,1835410173.64298,338766536.6002799,986968377.7686505,173677000.0,0.2338015184587444,0.1084503796146861,0.2229654482141945,0.064789826539954,11.159448937393947,3.2194723184183983e-29,ok
HWBK,2020,1665305874.4985769,E_pb,False,1665305874.4985769,291303483.0548306,1025221183.488356,201314000.0,0.2717798568035259,0.11794496420088148,0.25518884221480154,0.2849377437876543,9.715925241932913,1.28948012171186e-22,ok
HWBK,2021,1936786361.911952,E_pb,False,1936786361.911952,300218379.47821856,1219344252.89215,150733000.0,0.8185397132968874,0.25463492832422185,0.777821978408223,-0.0842307332430056,2.88174863403014,0.001977375426802471,ok
HWBK,2022,2048019922.1909702,E_pb,False,2048019922.1909702,407932630.25195664,1399691136.2153223,152673000.0,0.3052040275744512,0.1263010068936128,0.29279263632536556,0.257769973950978,9.847021500533474,3.5302670789988073e-23,ok
HWC,2016,29785709225.113297,E_pb,False,29785709225.113297,2714048061.1736984,14870675637.491627,1661686000.0,0.297842402380635,0.12446060059515875,0.2886808768991342,0.0351138883812699,10.163225922531769,1.4467066415826864e-24,ok
HWC,2017,37024139042.88787,E_pb,False,37024139042.88787,3988820781.6942787,18178506148.035385,2009403000.0,0.3363511342001694,0.13408778355004236,0.32593884358252945,0.7674963491020896,11.293412928681535,7.071794649610036e-30,ok
HWC,2018,25445890834.330643,E_pb,False,25445890834.330643,2953419573.9557047,17491719085.974403,1814121000.0,0.2674494274069742,0.11686235685174355,0.25742803898341216,0.1720292435041315,11.066061275362399,9.164015756536115e-29,ok
HWC,2019,30622642756.82672,E_pb,False,30622642756.82672,4348333343.593333,18236036503.84124,2948334000.0,0.2588677376756585,0.11471693441891463,0.2462078523989293,-0.2848199885463136,8.599614021905895,3.999232110727282e-18,ok
HWC,2020,27104785336.903717,E_pb,False,27104785336.903717,1449342604.1631715,13948893172.797157,2045835000.0,0.2828907958851909,0.12072269897129773,0.2715095914814607,0.3016478431537988,10.760059239116481,2.6567999124873155e-27,ok
HWC,2021,40930933217.93808,E_pb,False,40930933217.93808,8747433293.674519,29986191806.473507,1909281000.0,0.7991684927225896,0.24979212318064742,0.774684164542545,-0.1924594311290267,3.37972999307351,0.00036278535912130975,ok
HWC,2022,41144182448.327515,E_pb,False,41144182448.327515,10647249925.620071,29356851484.45938,2113348000.0,0.3895685507419155,0.14739213768547887,0.3777370145243924,0.505436356384465,9.141258363242777,3.086489898540657e-20,ok
HWC,2023,37709320414.993515,E_pb,False,37709320414.993515,5814546735.792519,28709699831.944595,1391146000.0,0.3143942537290456,0.1285985634322614,0.3077838739798543,-0.0121723504116058,10.645355386815266,9.164176656596657e-27,ok
IBCP,2019,4997427846.185744,E_pb,False,4997427846.185744,593576730.7764628,2931940932.2062764,128102000.0,0.2307887104018487,0.10769717760046219,0.2277122925468912,0.0351138883812699,16.241327003601715,1.2864876313810832e-59,ok
IBCP,2020,4243620715.363932,E_pb,False,4243620715.363932,380045908.17104995,3268233102.0384693,108817000.0,0.2007837504492343,0.10019593761230858,0.1982689151442194,0.1137126511523614,19.07954737274576,1.867395470571376e-81,ok
IBCP,2021,5828315610.590692,E_pb,False,5828315610.590692,632289205.8028479,4013177108.24222,108958000.0,0.7684320536213136,0.2421080134053284,0.7587732070639377,-0.1420058470459746,4.702549538988519,1.2846642675340359e-06,ok
IBCP,2022,7008016347.632512,E_pb,False,7008016347.632512,840115359.5796936,4178609083.6695404,165099000.0,0.2923244791591572,0.1230811197897893,0.2884291131941103,0.3424637032248052,14.11930309076417,1.4441676144144793e-45,ok
IBCP,2023,6882483349.52867,E_pb,False,6882483349.52867,626798778.2738308,4363787137.3990555,129264000.00000001,0.2616184798870492,0.11540461997176231,0.25892297654873225,0.0432700437050386,15.461103269670673,3.1750757812478714e-54,ok
IBOC,2016,16240168630.897835,E_pb,False,16240168630.897835,3071745501.2814746,8110689062.016992,1398776000.0,0.2902799552139942,0.12256998880349855,0.2769804817542906,0.0351138883812699,9.138789963917189,3.1577497674276685e-20,ok
IBOC,2017,14943234670.320929,E_pb,False,14943234670.320929,8409902970.366772,10126355780.03371,1709446000.0,0.2954563728235783,0.12386409320589457,0.2778419273279584,0.6229740819057863,10.296422517654552,3.6565283803136365e-25,ok
IBOC,2018,12539274442.599112,E_pb,False,12539274442.599112,6600478771.52412,10181260389.583204,1096070000.0,0.2641021061079748,0.1160255265269937,0.2521990480470236,-0.0099772302582522,9.830151348908812,4.174660091294657e-23,ok
IBOC,2019,14736776432.082901,E_pb,False,14736776432.082901,5966983551.05727,10377722535.299543,997689000.0,0.2293141852824502,0.10732854632061256,0.2215793352695581,-0.117763460757475,11.805501024707548,1.8280335512370213e-32,ok
IBOC,2020,14174207091.37275,E_pb,False,14174207091.37275,3226885913.3243027,10712602515.871895,999117000.0,0.234337757344281,0.10858443933607026,0.22605728583574403,0.286481925000186,13.18848559943508,5.11090240001644e-40,ok
IBOC,2021,17340118081.77675,E_pb,False,17340118081.77675,5405168396.140018,13241089057.540735,1145094000.0,0.7261154050589306,0.23152885126473266,0.695477504193907,-0.0958985524445821,3.5137603864940994,0.00022090557807762293,ok
IBOC,2022,20568273399.53233,E_pb,False,20568273399.53233,2932305657.307293,12474890409.838707,711419000.0,0.3233221950859661,0.13083054877149153,0.31688684762143193,0.1646673733871466,11.085047183372403,7.413611377438448e-29,ok
IBOC,2023,19859109713.650238,E_pb,False,19859109713.650238,2850951305.7531013,12268841139.814362,650029000.0,0.2871514411455457,0.12178786028638643,0.2819103081753564,0.1093873855717963,12.490708753635456,4.195142194775875e-36,ok
INBK,2018,2046732870.3807917,E_pb,False,2046732870.3807917,6404854226.913063,3193186520.136967,699028000.0,0.3053786952916295,0.12634467382290737,0.25979941877514184,0.0351138883812699,5.271330963050631,6.7718994969498e-08,ok
INBK,2019,2579848471.07883,E_pb,False,2579848471.07883,2085473123.692529,3075858371.726284,694438000.0,0.3049565725038731,0.1262391431259683,0.2670526886138842,-0.4597402635499763,3.951855119805181,3.877384350576082e-05,ok
INBK,2020,3107929375.4200444,E_pb,False,3107929375.4200444,1230341733.433975,2862806370.350499,594519000.0,0.3338567374254752,0.1334641843563688,0.3016787924069776,0.1732960112903967,6.486328973974047,4.397650668798265e-11,ok
INBK,2021,4333289533.367046,E_pb,False,4333289533.367046,1826455523.865615,3144899592.0837064,619153000.0,0.8239123378707326,0.25597808446768316,0.7529093541050254,0.228424547374846,2.6885999603162754,0.0035876174681420316,ok
INBK,2022,2306079714.658104,E_pb,False,2306079714.658104,2166792387.266208,3410638377.2520194,719460000.0,0.3800637531728906,0.14501593829322265,0.3241704194731095,0.6479031015059691,6.267393910823951,1.8357029284152566e-10,ok
INDB,2016,16224641885.40122,E_pb,False,16224641885.40122,1921046948.3112655,6563232365.829375,335474000.0,0.2367318110568412,0.1091829527642103,0.23414793265991624,0.0351138883812699,16.685644778091078,8.334825828518623e-63,ok
INDB,2017,15761442254.073524,E_pb,False,15761442254.073524,2306771046.242864,7087477616.164505,323698000.0,0.2612392658470342,0.11530981646175856,0.2583025758237593,0.5479890138551831,17.113530773971195,5.882339879548298e-66,ok
INDB,2018,15803799385.93911,E_pb,False,15803799385.93911,2363617544.5769906,7978332885.595755,258707000.0,0.2514805748666949,0.11287014371667373,0.24924807839634833,0.0105014923281592,16.481515558625947,2.4910069938004827e-61,ok
INDB,2019,18584256073.491825,E_pb,False,18584256073.491825,3501393797.3890653,10487315978.528648,303103000.0,0.2472140054610326,0.11180350136525816,0.24504094728687284,0.0272539223831076,16.85190535962229,5.079413221500509e-64,ok
INDB,2020,18416526766.52581,E_pb,False,18416526766.52581,2083789946.4236038,12148703153.148434,181060000.0,0.2470867534326695,0.11177168835816738,0.2457693703770094,0.2112778043658587,19.583543485407894,1.068148074095908e-85,ok
INDB,2021,25925514565.899677,E_pb,False,25925514565.899677,2919136877.73699,19410224187.92897,152374000.0,0.5691573483366286,0.19228933708415713,0.566955295582186,-0.0958479438308923,8.617853944552548,3.4110311021601736e-18,ok
INDB,2022,25604662255.50936,E_pb,False,25604662255.50936,3421063700.7570896,18675259787.099384,113377000.0,0.2962499230051386,0.12406248075128465,0.2954908412008664,0.1434259917208358,18.694311955705718,2.753818344421188e-78,ok
INDB,2023,17667094988.369816,E_pb,False,17667094988.369816,23399130245.637104,18389825554.414913,1218379000.0,0.2484477512100869,0.11211193780252172,0.2396521714906692,0.0622162610620085,11.576658913384339,2.7057126608295396e-31,ok
ISTR,2018,2005329670.08256,E_pb,False,2005329670.08256,1424063936.489721,1535691300.91082,232549000.0,0.2054177754836597,0.10135444387091493,0.19460404191233996,0.0351138883812699,11.717954148092144,5.156627727491038e-32,ok
ISTR,2019,2189102160.381658,E_pb,False,2189102160.381658,1648729507.4860618,1933891563.8978934,183318000.0,0.3335181559375381,0.13337953898438454,0.3180533526976618,0.0370974240836501,8.007970873489777,5.830825686833367e-16,ok
ISTR,2020,1547952366.3132122,E_pb,False,1547952366.3132122,435703139.4039613,1656037834.9903386,174999000.0,0.244848640291762,0.1112121600729405,0.2312752737655462,-0.022842536414016,9.674303056136385,1.938621691502948e-22,ok
ISTR,2021,1866220474.984767,E_pb,False,1866220474.984767,533650292.5070863,2003823258.4701948,135656000.0,0.7509604332116074,0.23774010830290188,0.7161823551104872,-0.297902521433757,2.9843752334706184,0.0014207903108973887,ok
ISTR,2022,2286235459.329563,E_pb,False,2286235459.329563,1644540397.9493814,2172810751.864544,439740000.0,0.3131498873370161,0.12828747183425404,0.28332885636809546,0.1298369545495461,6.7557442798573755,7.1051931469603166e-12,ok
JMSB,2023,2990189623.040127,E_pb,False,2990189623.040127,906058287.8364391,2042570331.8272102,88708000.0,0.3298151203912803,0.13245378009782008,0.3241288222682965,0.0351138883812699,10.889377061151727,6.476158654427694e-28,ok
JPM,2016,2688226406826.396,E_pb,False,2688226406826.396,229344590170.33737,,495354000000.0,0.2226341529012799,0.10565853822531998,0.20443315552488311,0.1319302323091558,9.643850909252674,2.609621940121806e-22,ok
JPM,2017,3252329420360.6523,E_pb,False,3252329420360.6523,324841041630.3558,,494798000000.0,0.2457415603816589,0.11143539009541473,0.2280067953229097,0.3456645971161494,10.281563100562668,4.266614817092559e-25,ok
JPM,2018,2898673727464.06,E_pb,False,2898673727464.06,391918650024.8419,,533627000000.0,0.1632766108253354,0.09081915270633385,0.15201149769166308,0.2673143656403682,13.926904466919893,2.173976733410702e-44,ok
JPM,2019,3983421958126.8843,E_pb,False,3983421958126.8843,321188592899.307,,516093000000.0,0.2216746842543843,0.10541867106359608,0.20834015482753898,-0.0664578748729646,9.970604168246298,1.0248905938143784e-23,ok
JPM,2020,4418551166331.87,E_pb,False,4418551166331.87,285290729444.79706,,542102000000.0,0.186741673496928,0.096685418374232,0.17690029286063103,0.4726676933279756,15.098105919015584,8.332604399010369e-52,ok
JPM,2021,5743995296139.228,E_pb,False,5743995296139.228,439810443132.3584,,548939000000.0,0.5421213628045289,0.18553034070113222,0.5110155686120631,-0.0551806141888695,4.409741086189999,5.17471413857231e-06,ok
JPM,2022,4638785219892.694,E_pb,False,4638785219892.694,294743848042.6255,,542505000000.0,0.2133705707039641,0.10334264267599103,0.20185013881121985,0.2772528074727722,12.45227356534429,6.795868005901222e-36,ok
JPM,2023,5247525274972.005,E_pb,False,5247525274972.005,430633127397.71216,,653072000000.0,0.2982793444003671,0.12456983610009177,0.2790533557897114,-0.126113626185679,7.296355403591679,1.4783363741027053e-13,ok
KEY,2016,176867261718.224,E_pb,False,176867261718.224,13790498500.82434,,14694000000.0,0.2781610759958766,0.11954026899896915,0.2659938240311187,0.1285860546983458,10.003909383901954,7.324846424424653e-24,ok
KEY,2017,188482056690.018,E_pb,False,188482056690.018,19521067056.94416,,15344000000.0,0.2914402358592566,0.12286005896481415,0.2787495412725374,0.4213830635596796,10.651407156834553,8.587449427688354e-27,ok
KEY,2018,133178032875.55199,E_pb,False,133178032875.55199,19364678429.035496,,14595000000.0,0.221219412087486,0.10530485302187151,0.20977095659704897,0.127366393175119,11.53812251238234,4.237747093110184e-31,ok
KEY,2019,171741147286.48798,E_pb,False,171741147286.48798,15785615891.012508,,13540000000.0,0.2720373347401253,0.11800933368503133,0.26078125626247406,-0.2463322032128067,8.957279052621764,1.6639435025310827e-19,ok
KEY,2020,154984406114.304,E_pb,False,154984406114.304,12468822404.8358,,14688000000.0,0.2577831081703319,0.11444577704258298,0.24537485176718957,0.4269617744420351,11.589191256722788,2.3376303278955446e-31,ok
KEY,2021,240188690176.034,E_pb,False,240188690176.034,18695202462.20153,,12803000000.0,0.7656510722503758,0.24141276806259393,0.7391212561767884,-0.1449849418628409,3.471070606616929,0.0002591938370728356,ok
KEY,2022,239028656369.832,E_pb,False,239028656369.832,15891888704.108812,,28770000000.0,0.3069516161802888,0.1267379040450722,0.2875909944041661,0.4590022112252447,9.209433574485631,1.63925179266578e-20,ok
KEY,2023,184053181294.476,E_pb,False,184053181294.476,9189482259.383303,,22645000000.0,0.3541060126926035,0.13852650317315088,0.33048801101259323,-0.2165766228663495,5.870508885782742,2.172297470252649e-09,ok
LARK,2018,1025238825.7444111,E_pb,False,1025238825.7444111,193881487.75719693,762127845.3338536,56897000.0,0.2313634311797284,0.1078408577949321,0.22486880851714347,0.0351138883812699,13.142241849021177,9.427820099539138e-40,ok
LARK,2019,1014011361.730736,E_pb,False,1014011361.730736,114064440.09171075,728829155.920099,42199000.0,0.1666775207532922,0.09166938018832305,0.16368070436293372,-0.1313998069949351,18.788107278844684,4.724487293034144e-79,ok
LARK,2020,994116960.72843,E_pb,False,994116960.72843,91935006.32713433,910503464.0410558,28022000.0,0.2515366319086457,0.11288415797716143,0.24773546614372943,0.1517826592908067,15.006971353525707,3.3048784161268006e-51,ok
LARK,2021,1374036883.6617498,E_pb,False,1374036883.6617498,136545459.92619863,1095803976.9240303,29054000.0,0.4350990263194478,0.15877475657986195,0.4293771408546504,-0.0099099724966604,8.792234127996682,7.330741929448825e-19,ok
LARK,2022,1518846064.1189442,E_pb,False,1518846064.1189442,228409215.10256872,1157102773.4428053,68253000.0,0.263477422181894,0.1158693555454735,0.2571295554356374,0.3489652833622541,13.46538800274189,1.2500074932657747e-41,ok
LARK,2023,1249612265.19964,E_pb,False,1249612265.19964,274797565.90411633,1147981442.7260537,99027000.0,0.2124938967196022,0.10312347417990056,0.20446311702015768,-0.1386059431421281,11.992140101654243,1.9533959282400315e-33,ok
LCNB,2018,1410672269.09084,E_pb,False,1410672269.09084,,,103262000.0,0.3196429783963274,0.12991074459908186,0.30670177591061,0.0351138883812699,8.716214507013916,1.4382903518230027e-18,ok
LCNB,2019,1749925010.572818,E_pb,False,1749925010.572818,,,40994000.0,0.2599742560198121,0.11499356400495303,0.2566556590015382,-0.2321124350446652,13.683742572629152,6.3492424514461585e-43,ok
LCNB,2020,1352111990.233248,E_pb,False,1352111990.233248,,,22000000.0,0.2022949108840211,0.10057372772100528,0.2006663201683499,0.3255092885137267,22.1257674012578,8.928691134363794e-109,ok
LCNB,2021,1924263773.959748,E_pb,False,1924263773.959748,,,10000000.0,0.7431880448357006,0.23579701120892516,0.7405648708898427,-0.2011959035685122,6.467337409853449,4.987238435194626e-11,ok
LCNB,2022,1846992840.1522176,E_pb,False,1846992840.1522176,4053733700.678648,1877470777.574288,90527000.0,0.2788606793724782,0.11971516984311956,0.2714249023328829,0.3879568459106879,12.580411488630777,1.353082908507957e-36,ok
LKFN,2017,11657485759.2016,E_pb,False,11657485759.2016,2351137893.9073524,4347184475.943091,181610000.0,0.2207401038266041,0.10518502595665102,0.21896750580739716,0.0351138883812699,19.128141829718412,7.361464197660403e-82,ok
LKFN,2018,8897268554.07135,E_pb,False,8897268554.07135,2534695839.7995734,4395766594.103283,276483000.0,0.2353945589421414,0.10884863973553535,0.23158065629023533,0.0431153363812437,15.192343132494301,1.9872726123649786e-52,ok
LKFN,2019,9944619744.578424,E_pb,False,9944619744.578424,6151224674.458194,4813709601.051389,170000000.0,0.212829163013486,0.10320729075337151,0.21098670934198654,-0.1537624906275365,18.531586868347453,5.742473460639457e-77,ok
LKFN,2020,11823462559.643944,E_pb,False,11823462559.643944,8466442142.562408,5772143889.751799,85500000.0,0.2036744005441886,0.10091860013604714,0.20293666869803534,0.2497551213593121,25.454708036250732,3.1305571891088994e-143,ok
LKFN,2021,18648236490.227184,E_pb,False,18648236490.227184,,,75000000.0,0.5527194209296479,0.18817985523241199,0.5512591783352886,0.1252374054635163,9.96505235920032,1.0837981046964796e-23,ok
LKFN,2022,19952246468.767975,E_pb,False,19952246468.767975,,,297000000.0,0.2896788449823779,0.12241971124559448,0.2872256197329128,0.5275679110442499,16.392894751964896,1.0747978841323136e-60,ok
LKFN,2023,16511867758.97852,E_pb,False,16511867758.97852,,,50000000.0,0.2445042416024269,0.11112606040060673,0.24410157511835984,-0.070137312747339,23.362836141179443,5.103012728504803e-121,ok
LOB,2017,5949284537.647922,E_pb,False,5949284537.647922,1015515900.9245805,2688156834.7623754,26564000.0,0.2602568778080121,0.11506421945200303,0.2596114635622744,0.0351138883812699,20.86710356987967,5.330005935476268e-97,imputed_sigmaE_sizebucket
LOB,2018,4420893610.11712,E_pb,False,4420893610.11712,1040149633.0563408,3665314774.103575,1457000.0,0.245226588249759,0.11130664706243976,0.24518246661140142,0.0351138883812699,32.72299156232451,3.6783352561630426e-235,imputed_sigmaE_sizebucket
LOB,2019,6928552258.358174,E_pb,False,6928552258.358174,7702002.905855668,4804095553.3795395,14000.0,0.2433215292923797,0.11083038232309493,0.2433212615781098,0.0351138883812699,53.9106912242556,0.0,imputed_sigmaE_sizebucket
LOB,2020,22460268286.90488,E_pb,False,22460268286.90488,907196272.11552,2915835224.2575316,1542093000.0,0.2378046831098632,0.1094511707774658,0.2295582839107481,0.0351138883812699,11.995981876445876,1.8648392900015696e-33,imputed_sigmaE_sizebucket
MBCN,2018,1224766751.328568,E_pb,False,1224766751.328568,273218575.2154631,915863573.3843595,99201000.0,0.3073276122529588,0.12683190306323971,0.2938036009397212,0.0351138883812699,8.792247223890318,7.329887247935509e-19,ok
MBCN,2019,1406588378.34158,E_pb,False,1406588378.34158,222139083.87021,1092612263.1153624,18270000.0,0.24724400893304,0.11181100223326,0.24550744263984464,-0.0984222754687265,17.221506853834676,9.157843544473777e-67,ok
MBCN,2020,1363030185.854138,E_pb,False,1363030185.854138,122651204.77309711,1222198247.8757951,17038000.0,0.2371214241316419,0.10928035603291048,0.2355431281165663,0.2611309281487635,19.647496090848612,3.0367998926073358e-86,ok
MBCN,2021,1317342174.07944,E_pb,False,1317342174.07944,146463400.03002468,1221226567.5901566,13166000.0,0.6053413809135381,0.20133534522838453,0.6013435524375792,-0.112008238482313,7.188674751618351,3.271160683039498e-13,ok
MBCN,2022,1837221086.4074342,E_pb,False,1837221086.4074342,997400922.0552256,1566357703.9048364,77255000.0,0.3368816567156814,0.13422041417892033,0.32870365208906965,0.1340808782749805,10.009458225900858,6.925447892380853e-24,ok
MBIN,2019,5293958233.922411,E_pb,False,5293958233.922411,7179004177.527655,,181439000.0,0.3392373338688377,0.1348093334672094,0.33246317477494125,0.0351138883812699,10.187439876662516,1.1281384303438572e-24,ok
MBIN,2022,12760426375.347328,E_pb,False,12760426375.347328,45358342518.59042,,930392000.0,0.3502597051581341,0.13756492628953354,0.3358055275278582,0.0031352400611208,7.848671450249108,2.1023376168167847e-15,ok
MBIN,2023,24502497626.81986,E_pb,False,24502497626.81986,1956458024.9840465,,964127000.0,0.3004553203350982,0.12511383008377455,0.29381716284666903,-0.2206497721902708,10.24476222930152,6.246583817210741e-25,ok
MBWM,2017,4537929078.378338,E_pb,False,4537929078.378338,1318677301.7216918,2545066827.126821,384265000.0,0.2860070964249253,0.12150177410623132,0.2731645232402411,0.0351138883812699,9.327645010437747,5.4124640699122275e-21,ok
MBWM,2018,3566473028.4746475,E_pb,False,3566473028.4746475,1748589275.7266436,2616231228.069579,499718000.0,0.2758189851855107,0.11895474629637767,0.25654102131704837,-0.0400109089197819,7.8876293100026444,1.5399048284247035e-15,ok
MBWM,2019,4500093305.934333,E_pb,False,4500093305.934333,1790050517.6061983,2835316924.4912653,503556000.0,0.2288158296216805,0.10720395740542013,0.21657708462148587,-0.1572500943119592,9.76799993200541,7.723566680642748e-23,ok
MBWM,2020,3896252168.9798875,E_pb,False,3896252168.9798875,801782399.0108124,2612731988.1618433,559928000.0,0.226118157181575,0.10652953929539374,0.21109160684101677,0.3331005202082073,11.298695065669856,6.659113926858578e-30,ok
MBWM,2021,5547281272.191508,E_pb,False,5547281272.191508,1558829682.0076525,3639107639.6631665,693353000.0,0.6253507923379316,0.20633769808448288,0.578797193253541,-0.2200213737510747,3.126783276175765,0.0008836507705387162,ok
MBWM,2022,5134712459.05197,E_pb,False,5134712459.05197,898319857.1977481,2845073255.9955974,640189000.0,0.2904482102281346,0.12261205255703365,0.27184237553031737,0.3374000547266302,9.196373221437149,1.8511749528570374e-20,ok
MBWM,2023,5632996340.68785,E_pb,False,5632996340.68785,1369035551.8048978,3323254014.2911963,836259000.0,0.2504340706346425,0.11260851765866063,0.23261782239023687,-0.0086355720577334,8.64158556132887,2.771910416136596e-18,ok
MCB,2019,4189156105.4923263,E_pb,False,4189156105.4923263,1680672268.907563,2949989624.4766006,232193000.0,0.3124468831024478,0.12811172077561195,0.30276627808236783,0.0351138883812699,9.696956447748805,1.5531318139214412e-22,ok
MCB,2020,3750963091.9103003,E_pb,False,3750963091.9103003,246345595.5914068,3246840726.8480177,82241000.0,0.2473943837892054,0.11184859594730134,0.24448626283591937,0.5633711506607251,17.895838736896128,6.353459419291257e-72,ok
MCB,2021,14701264841.075483,E_pb,False,14701264841.075483,863089438.1464496,6527951145.9139805,77793000.0,0.8540231889147814,0.2635057972286953,0.8509148636111371,-0.2479784367097128,5.449321316532731,2.5281196424702203e-08,ok
MCB,2022,6680942534.032512,E_pb,False,6680942534.032512,4120035493.777547,5870717852.987026,278345000.0,0.3898991863302631,0.1474747965825658,0.3802031339061691,1.9371381307828508,13.37135730011713,4.4451802861927874e-41,ok
MCB,2023,6043110412.548901,E_pb,False,6043110412.548901,8061011312.603036,6603054663.371185,567205000.0,0.4268577936102398,0.15671444840255994,0.4036778624638925,-0.4492631183438064,4.768467659737197,9.281623238776462e-07,ok
MCBS,2020,2702265982.111618,E_pb,False,2702265982.111618,76084194433.63646,1894737622.9238546,110483000.0,0.4304235258040967,0.15760588145102417,0.4197074213835621,0.0351138883812699,7.5864577869547825,1.6438469607324064e-14,ok
MCBS,2021,6294284021.083505,E_pb,False,6294284021.083505,571042737578.3751,3103438163.2570868,500459000.0,0.6473405164694335,0.21183512911735836,0.6152638669224905,-0.1517705150204107,3.685140024681687,0.00011428846930927462,ok
MCBS,2022,4754977528.082194,E_pb,False,4754977528.082194,472344484121.8912,3424517392.4959188,375392000.0,0.2964674385892985,0.12411685964732463,0.28385645059398135,0.9572504229031398,12.44264602143923,7.666935755779431e-36,ok
MCBS,2023,5042945015.254388,E_pb,False,5042945015.254388,,,325000000.0,0.3176912835898097,0.12942282089745244,0.30629264776154824,-0.1924562627228077,8.374381220691577,2.7757390830837336e-17,ok
MFIN,2018,509631009.197976,E_pb,False,509631009.197976,27490043.10524394,157310394.006499,213988000.0,0.6064460671955266,0.20161151679888167,0.4867287371238727,0.0351138883812699,2.3319078058184135,0.009852770876630255,ok
MFIN,2019,904815550.14403,E_pb,False,904815550.14403,28237971.79701995,180580957.61118957,212837000.0,0.4546065200668782,0.16365163001671956,0.3991993490944455,0.3174157302863618,4.74999492675065,1.0171087588207298e-06,ok
MFIN,2020,738203479.73915,E_pb,False,738203479.73915,71586247.80936912,376070559.76053816,241052000.0,0.4304235258040967,0.15760588145102417,0.36326716041504153,0.5501066098821825,5.191509695899434,1.0429786125186978e-07,ok
MFIN,2021,840856971.81762,E_pb,False,840856971.81762,194767409.94691426,879611563.8697555,219973000.0,0.9880256619281969,0.2970064154820492,0.8447363688871519,-0.325997248911692,1.054192856951881,0.1458973148520315,ok
MFIN,2022,1113553402.916584,E_pb,False,1113553402.916584,162664256.94932568,962347352.454348,219320000.0,0.4514002249786522,0.16285005624466303,0.40392022960305307,0.1836734693890722,4.72038300458199,1.177004874850884e-06,ok
MFIN,2023,1578723837.315987,E_pb,False,1578723837.315987,168796624.82268867,1059358299.8147887,243544000.0,0.4672265639966358,0.16680664099915896,0.42707578691094533,0.2819223718236778,5.158955435902107,1.2416570232848523e-07,ok
MNSB,2020,1459856443.0373158,E_pb,False,1459856443.0373158,101368559.60709453,,14834000.0,0.2775183374857737,0.11937958437144343,0.27592761024211815,0.0351138883812699,16.657729161673494,1.3296563701961967e-62,ok
MNSB,2021,1871107410.6429641,E_pb,False,1871107410.6429641,131330288.94295445,,29294000.0,0.6337813123625086,0.20844532809062716,0.6272249120917652,-0.2647826087203223,5.916457508732148,1.6447470163948467e-09,ok
MNSB,2022,2097831760.8010554,E_pb,False,2097831760.8010554,404372280.2988494,,172245000.0,0.2876110609928659,0.12190276524821647,0.27503773048114116,0.4541691307029218,10.889405217996071,6.474156828828984e-28,ok
MOFG,2017,3568332379.9497266,E_pb,False,3568332379.9497266,720969864.3433243,2388829315.820011,248522000.0,0.2666776696959692,0.1166694174239923,0.2569103725554303,0.0351138883812699,10.64092087931342,9.611004272478968e-27,ok
MOFG,2018,2534741398.68954,E_pb,False,2534741398.68954,1008691142.9511377,2539261048.444812,298810000.0,0.2214925627509339,0.10537314068773349,0.2092472777270759,-0.0910385278953436,10.21063441725903,8.884956364176676e-25,ok
MOFG,2019,4926852991.972341,E_pb,False,4926852991.972341,750688495.6648619,3114372393.554775,371009000.0,0.2506953127465472,0.1126738281866368,0.2410296753549579,-0.2411238816030994,9.910235169247981,1.8788032910194397e-23,ok
MOFG,2020,3897202475.68232,E_pb,False,3897202475.68232,385297555.52766776,2595806440.6920986,439480000.0,0.2803855045492233,0.12009637613730582,0.26414178217630824,0.4983546477213803,10.421455867090632,9.895017203380377e-26,ok
MOFG,2021,5471021888.7764,E_pb,False,5471021888.7764,542135083.1489226,3718692959.6967,336247000.0,0.732005382852606,0.2330013457131515,0.7031125222515905,-0.2961955064230216,3.2791914106811624,0.0005205249903926818,ok
MOFG,2022,6086896147.493056,E_pb,False,6086896147.493056,856336276.2027172,4059965100.24927,531082999.99999994,0.2915295021270477,0.12288237553176193,0.27799582063040346,0.3617172820308789,10.236497286738732,6.803691346897182e-25,ok
MPB,2018,1695577943.9057002,E_pb,False,1695577943.9057002,620575910.7830595,,118206000.0,0.2793129791323576,0.1198282447830894,0.26891920948199083,0.0351138883812699,10.150620242818759,1.646320391640014e-24,ok
MPB,2019,2220203764.576314,E_pb,False,2220203764.576314,127680304.95199546,1518103315.5311925,59973000.0,0.3245879728425424,0.1311469932106356,0.31950010594919653,-0.3392651165386524,10.165281483354363,1.4165126255731377e-24,ok
MPB,2020,1981564219.155512,E_pb,False,1981564219.155512,111321168.97887962,936105853.3301537,245312000.0,0.3017957792499832,0.1254489448124958,0.28236946615839426,0.2913488687048513,8.702452352595067,1.623940088478987e-18,ok
MPB,2021,4685839825.08268,E_pb,False,4685839825.08268,410151694.26554805,3400018116.2510552,155544000.0,0.8000962105771112,0.2500240526442778,0.7824234899615249,-0.2121152710653822,3.7317625696298418,9.507233888449231e-05,ok
MPB,2022,4029358237.184,E_pb,False,4029358237.184,1056114869.481971,3893377499.7181067,163997000.0,0.3311495772140224,0.1327873943035056,0.3233918745938595,0.4956767955946985,11.394207037632603,2.2343998104816514e-30,ok
MPB,2023,3668247548.792739,E_pb,False,3668247548.792739,473340446.71008825,3053225970.5356655,346889000.0,0.2513216334788104,0.11283040836970261,0.2393566400089574,-0.0293254431002012,9.988653532528009,8.544356487195782e-24,ok
MSBI,2017,5035691748.712888,E_pb,False,5035691748.712888,1891332735.8867576,,791913000.0,0.2549180706134852,0.1137295176533713,0.23573196322262324,0.0351138883812699,8.497952038844701,9.64824016163065e-18,ok
MSBI,2018,4144120538.765286,E_pb,False,4144120538.765286,2399360571.997798,,906794000.0,0.2449076579792703,0.11122691449481759,0.22090786642134908,-0.0800184327765974,7.3016445785798645,1.421356936945408e-13,ok
MSBI,2019,5648568215.958304,E_pb,False,5648568215.958304,1397220057.5874,3870260818.554077,800281000.0,0.2433235435102211,0.11083088587755527,0.2268816400027639,-0.2921051342453346,7.796361522224227,3.1858836458963055e-15,ok
MSBI,2020,3724973625.756341,E_pb,False,3724973625.756341,1118483791.2963142,3515594712.1602297,1066737000.0000001,0.2241346020361897,0.10603365050904742,0.1978428109476317,0.3451841225658929,9.23913404014575,1.242500843483514e-20,ok
MSBI,2021,5655717025.328048,E_pb,False,5655717025.328048,1229137084.4165785,5070141875.637417,575439000.0,0.6387186529907903,0.2096796632476976,0.5990974709476432,-0.3432231787531301,3.1038386009308248,0.0009551375449740994,ok
MSBI,2022,6573555906.658729,E_pb,False,6573555906.658729,1369601936.0516768,,652058000.0,0.3073168348150955,0.12682920870377387,0.29102916680138646,0.4516278321993683,9.670964732826368,2.0029192681343758e-22,ok
MSBI,2023,6287229421.456893,E_pb,False,6287229421.456893,1810988861.8988638,,655027000.0,0.2773098928151735,0.11932747320379337,0.26240368018221133,0.1195112100511177,9.32071166051439,5.778127318611202e-21,ok
MTB,2016,182240056390.63608,E_pb,False,182240056390.63608,16860530582.029266,,9657277000.0,0.2281487590480954,0.10703718976202385,0.2220537917453483,0.1285860546983458,13.929871991066697,2.085511907135392e-44,ok
MTB,2017,188425992030.60916,E_pb,False,188425992030.60916,23179757465.579056,,8316529000.0,0.2495315560159951,0.11238288900399879,0.2437341266624333,0.3211647453003901,14.175743561645797,6.473227331563903e-46,ok
MTB,2018,149437665959.967,E_pb,False,149437665959.967,29076835360.60165,,12843292000.0,0.173717940513208,0.093429485128302,0.16736372563981727,0.1136559776898407,15.751072396600415,3.3763206084455274e-56,ok
MTB,2019,172853909887.44458,E_pb,False,172853909887.44458,11890972405.804052,,7048549000.0,0.214988767957056,0.10374719198926399,0.21063034115235751,-0.1459501232835762,14.582231213743276,1.8220457245754035e-48,ok
MTB,2020,151082890023.2889,E_pb,False,151082890023.2889,9531481148.490265,,4441675000.0,0.226361809401191,0.10659045235029775,0.2229412215201102,0.2166097791642771,16.809500259753836,1.0395836694360346e-63,ok
MTB,2021,185455207492.37506,E_pb,False,185455207492.37506,18835369735.074215,,3532415000.0,0.634184439805822,0.2085461099514555,0.6262287271452578,-0.2209055916962987,5.689156046293767,6.383438179337823e-09,ok
MTB,2022,203548500511.77615,E_pb,False,203548500511.77615,52371402406.43061,,7519488000.0,0.3170323526711651,0.12925808816779127,0.31034272465794716,0.242890692292709,11.372641792329413,2.8614407676082118e-30,ok
MVBF,2018,1863714610.4952,E_pb,False,1863714610.4952,1492593949.367768,,247336000.0,0.2536362108859455,0.11340905272148638,0.23720684428557354,0.0351138883812699,9.068767123795224,6.018562535223498e-20,ok
MVBF,2019,2483218532.414189,E_pb,False,2483218532.414189,4059549808.4704328,,237181000.0,0.2905465737284577,0.12263664343211443,0.27590716333925114,-0.0996176300556599,8.343496534768034,3.6062778144174324e-17,ok
MVBF,2020,2564773280.280882,E_pb,False,2564773280.280882,720399004.378047,,53849000.0,0.2653076530958564,0.1163269132739641,0.26224403299337695,0.3962363628731773,16.191293757521755,2.9047075751755464e-59,ok
MVBF,2021,4953840374.034218,E_pb,False,4953840374.034218,507792422.1484641,2394000798.5888424,84515000.0,0.8145855512542918,0.25364638781357296,0.8051761765915766,-0.0695876436717276,4.588019474230068,2.2373545262530748e-06,ok
MYFW,2020,1807399156.888665,E_pb,False,1807399156.888665,1239194407.452216,1730826931.408605,173854000.0,0.3424046990276888,0.13560117475692218,0.3242577904493671,0.0351138883812699,7.450279890505371,4.65712080347603e-14,ok
MYFW,2021,3198375257.829719,E_pb,False,3198375257.829719,459635150.0695744,2162168754.728879,77660000.0,0.488693820182974,0.1721734550457435,0.4811905518656356,0.1882210077249151,7.92720825961371,1.1206362446166853e-15,ok
MYFW,2022,2960489133.84068,E_pb,False,2960489133.84068,1429100886.6682813,2516322451.3824797,199018000.0,0.337428638780019,0.13435715969500475,0.32463712481517687,0.5513541134785263,10.052564182700433,4.4753769046886484e-24,ok
MYFW,2023,2189577685.289593,E_pb,False,2189577685.289593,590221231.1113693,2285883536.100874,178051000.0,0.2890793309156206,0.12226983272890515,0.27653488163344353,-0.0727931488723775,8.95563416275448,1.6889416848177366e-19,ok
NBHC,2017,7504037939.125884,E_pb,False,7504037939.125884,2674232652.9660654,4414924404.853105,259577999.99999997,0.2269088576430801,0.10672721441077003,0.22289056116479386,0.0351138883812699,15.291899352526034,4.329376999976715e-53,ok
NBHC,2018,7255573033.366616,E_pb,False,7255573033.366616,7639904040.310334,5415995266.696792,367707000.0,0.2325778608422454,0.10814446521056136,0.2265758472198581,0.0277244584022808,13.389475399108235,3.483555138761019e-41,ok
NBHC,2019,8062066647.927766,E_pb,False,8062066647.927766,4494894682.278502,5567744397.95374,264610000.0,0.2121586167470918,0.10303965418677295,0.20869097054153488,-0.0343286772463007,16.257809349470786,9.832203253465239e-60,ok
NBHC,2020,8116099102.125036,E_pb,False,8116099102.125036,769271111.5062121,6467449351.332915,22897000.0,0.2484017132287003,0.11210042830717508,0.24801826415443015,0.1655458299545535,24.22485112361939,6.088134603818435e-130,ok
NBHC,2021,11206321904.171453,E_pb,False,11206321904.171453,3622056242.8303404,7092130844.683655,62246000.0,0.5340343396546376,0.1835085849136594,0.5320980841947465,-0.0446293789806859,9.420226900851294,2.2505713770913622e-21,ok
NBHC,2022,13202963538.858429,E_pb,False,13202963538.858429,9456376771.064966,9129985202.187748,459104000.0,0.2749746880027636,0.1187436720006909,0.2697246565440105,0.3704678979281226,13.818513907590795,9.854841821800969e-44,ok
NBHC,2023,11050317904.73563,E_pb,False,11050317904.73563,6244163076.758632,9332556178.32001,413827000.0,0.3108204865052862,0.12770512162632155,0.30421047915354166,-0.0215252047515542,10.695668320833914,5.33240065940409e-27,ok
NBTB,2016,15827989623.31895,E_pb,False,15827989623.31895,1570256495.8458376,5664687982.990592,887758000.0,0.2225605393315559,0.10564013483288898,0.2163510040600298,0.0351138883812699,13.621925929674934,1.4832019429480925e-42,ok
NBTB,2017,13759192777.919703,E_pb,False,13759192777.919703,1665735116.6187716,5910665255.776068,909188000.0,0.2332550474594708,0.1083137618648677,0.22551083088321577,0.5462110729447327,14.640898123344764,7.701008532323736e-49,ok
NBTB,2018,12628429830.78956,E_pb,False,12628429830.78956,1777968705.2213101,6014466549.526713,1047039000.0,0.2318299942911778,0.10795749857279445,0.22234590744565264,-0.0991075428170003,11.000027322432805,1.9100807485184342e-28,ok
NBTB,2019,14103045495.50383,E_pb,False,14103045495.50383,2091535722.7084012,6977353154.830225,820916000.0,0.2295167559712878,0.10737918899282195,0.2227983867927087,-0.0351707626715638,12.748351915691387,1.5920276401931894e-37,ok
NBTB,2020,12412951016.664827,E_pb,False,12412951016.664827,1064911546.9201236,7911281078.891728,406731000.0,0.1923785561623829,0.09809463904059573,0.18938720334684417,0.2058516031267077,19.2119777663827,1.469275078977975e-82,ok
NBTB,2021,15559311877.350441,E_pb,False,15559311877.350441,1556129447.6919513,10008751942.005941,311476000.0,0.5065004683101193,0.17662511707752981,0.5000264195297713,-0.1812594543347888,7.248897984717618,2.1008809909233463e-13,ok
NBTB,2022,17365382289.41677,E_pb,False,17365382289.41677,4609751307.441775,10025607569.03048,787950000.0,0.2770218624957879,0.11925546562394698,0.27017397195793663,0.2363324454092534,12.351338723158293,2.39537608989693e-35,ok
NBTB,2023,17548406969.931324,E_pb,False,17548406969.931324,1284232050.562847,8894528663.853527,637387000.0,0.2318745136416762,0.10796862841041904,0.2275317832335084,0.1603722630533011,15.318765001019681,2.8647908343070026e-53,ok
NFBK,2016,5268008340.006512,E_pb,False,5268008340.006512,744914040.6936563,2354438792.490594,473206000.0,0.1444617504962715,0.08611543762406787,0.13965269378911976,0.0351138883812699,18.05377035924684,3.684230696635727e-73,ok
NFBK,2017,4592523475.351196,E_pb,False,4592523475.351196,684786973.4156536,2363733749.699012,471549000.0,0.1767699105558306,0.09419247763895766,0.1690805842075109,0.2795089040237959,15.60864039885796,3.178870986865704e-55,ok
NFBK,2018,4036295549.9313717,E_pb,False,4036295549.9313717,730242565.8813306,2826029177.752704,408891000.0,0.2056082325924649,0.10140205814811623,0.1960228155585314,-0.1276536144421605,11.423478464823924,1.5959861955172875e-30,ok
NFBK,2019,5031865676.480292,E_pb,False,5031865676.480292,978849194.9879568,2695410672.1296525,857004000.0,0.2209498562157367,0.10523746405393418,0.20411029474126652,-0.1856875464903133,8.431023609848632,1.7132730251063755e-17,ok
NIC,2017,4210976586.0295277,E_pb,False,4210976586.0295277,467979470.2706786,2508604906.160664,79065000.0,0.3426801386090609,0.13567003465226524,0.3388649649001057,0.0351138883812699,11.719950346435569,5.036551023910765e-32,ok
NIC,2018,3618688080.57948,E_pb,False,3618688080.57948,969422528.6497244,2867843549.0097575,77305000.0,0.2077963797942623,0.10194909494856558,0.20558248918986927,0.1478297336379368,19.42745023427646,2.261387915647281e-84,ok
NIC,2019,5300272655.13373,E_pb,False,5300272655.13373,1138902909.1500273,3348820948.8225656,77690000.0,0.2492624225257853,0.11231560563144632,0.2472840900443641,-0.1085129704254579,16.573046256557618,5.457660597687894e-62,ok
NIC,2020,5536273518.1878395,E_pb,False,5536273518.1878395,87370781.4466306,2738184800.1498013,57869000.0,0.2182590169046945,0.10456475422617362,0.21708289862283944,0.5133196721514182,23.313907852280597,1.601981751169978e-120,ok
NIC,2021,10047964050.733938,E_pb,False,10047964050.733938,1619457521.4468658,6749334386.575827,226915000.0,0.5127312993590579,0.1781828248397645,0.5053429820153007,-0.1015572105647384,7.0914980959391425,6.633395241999412e-13,ok
NIC,2022,9909314724.247604,E_pb,False,9909314724.247604,1187020563.4806588,6015517878.569972,542342000.0,0.2698423346393639,0.11746058365984098,0.26193516491783964,0.2923888470274938,12.280530630561465,5.761996283191292e-35,ok
NKSH,2019,2047879877.6721451,E_pb,False,2047879877.6721451,,,0.0,0.2849595115207031,0.12123987788017578,0.2849595115207031,0.0351138883812699,,,nonpos_EF
NKSH,2020,1489289420.913846,E_pb,False,1489289420.913846,,,0.0,0.3191063396313429,0.12977658490783572,0.3191063396313429,0.2740135534231775,,,nonpos_EF
NKSH,2021,1883362151.467925,E_pb,False,1883362151.467925,,,0.0,0.7472366815169064,0.2368091703792266,0.7472366815169064,-0.2698553797560965,,,nonpos_EF
NKSH,2022,3168247008.88542,E_pb,False,3168247008.88542,,,0.0,0.2332769083868577,0.10831922709671443,0.2332769083868577,0.2042537269376669,,,nonpos_EF
NRIM,2018,1594228732.4333432,E_pb,False,1594228732.4333432,346308582.9637973,1307331100.1912088,51829000.0,0.2843254885887887,0.12108137214719718,0.2791854627292195,0.0351138883812699,12.372887220370744,1.8320476660731492e-35,ok
NRIM,2019,1970636783.349175,E_pb,False,1970636783.349175,493012147.854243,1582368594.6553903,19201000.0,0.2282157714376712,0.1070539428594178,0.2270466167005371,-0.0027852448727505,20.31426751279566,4.808693954468118e-92,ok
NRIM,2020,2008163577.10899,E_pb,False,2008163577.10899,390088652.6025583,1993396245.925102,25127000.0,0.2565746047872639,0.11414365119681598,0.25481447142946523,0.2061631675857034,17.923494309249495,3.865776965321008e-72,ok
NRIM,2021,2967678123.4454494,E_pb,False,2967678123.4454494,632117643.2622762,2621783382.5450106,24818000.0,0.7535764353776786,0.23839410884441964,0.7493038166498784,-0.0698700630547021,5.927763450660697,1.5354421501928523e-09,ok
NRIM,2022,3770579664.3440447,E_pb,False,3770579664.3440447,558891205.6493608,2562425054.7674193,24405000.0,0.3216060622061987,0.13040151555154966,0.3203764532950087,0.3243965730440323,16.604602497734056,3.227315296141747e-62,ok
NRIM,2023,3740613173.444855,E_pb,False,3740613173.444855,515130522.82043254,2682592758.0603614,23985000.0,0.2269697896456076,0.1067424474114019,0.22620379745450778,0.3074660991967999,23.59752512122375,2.0431695380272446e-123,ok
NWBI,2016,14675738481.028465,E_pb,False,14675738481.028465,1636050088.6592972,8329844921.39904,254112000.0,0.1646353902032946,0.09115884755082365,0.1633847901902382,0.0351138883812699,25.064201813914803,6.112017865348686e-139,ok
NWBI,2017,12970759952.394222,E_pb,False,12970759952.394222,1714235314.6691701,8301235946.892768,219451000.0,0.1785139902960371,0.09462849757400928,0.17711835262733094,0.4058778366752023,25.32935509324136,7.587584665212278e-142,ok
NWBI,2018,12894305775.533695,E_pb,False,12894305775.533695,2126910357.2414522,8264820941.503947,345602000.0,0.1811159857537725,0.09527899643844312,0.1788753783655416,-0.035341528610061,20.09423176997769,4.144368267114816e-90,ok
NWBI,2019,13296660762.298582,E_pb,False,13296660762.298582,1706824688.9277742,8632096674.937864,368136000.0,0.1859645522388297,0.09649113805970744,0.1835540967175941,0.0539708196377128,19.891958948303806,2.388599506422118e-88,ok
NWBI,2020,14086694593.5786,E_pb,False,14086694593.5786,918933780.2155474,9533600152.251375,411838000.0,0.1635828499701931,0.09089571249254827,0.1615181358254129,0.0234736947826499,22.112701320714663,1.1927776420829743e-108,ok
NWBI,2021,15974292671.770159,E_pb,False,15974292671.770159,1736736201.6432476,11832646703.088522,391722000.0,0.4972975933199527,0.1743243983299882,0.48956720150342287,-0.1798980666419423,7.011649643728075,1.1776219807035718e-12,ok
NWBI,2022,15703713012.67836,E_pb,False,15703713012.67836,4032552477.978019,11481578336.41191,924320000.0,0.2290757976720155,0.10726894941800388,0.22230479199189068,0.1781907993004097,13.689619622974652,5.8560379692380854e-43,ok
NWFL,2018,1832683426.633707,E_pb,False,1832683426.633707,489091154.4997399,974657991.6952771,105330000.0,0.3105810745565734,0.12764526863914336,0.3006386107054575,0.0351138883812699,9.653592185359848,2.3731673921850547e-22,ok
NWFL,2019,1991824097.3568082,E_pb,False,1991824097.3568082,447921191.3506657,972823012.7376149,118694000.0,0.3269338693981905,0.13173346734954763,0.31595594101663416,0.0265850070671382,9.03547154995924,8.164842406575923e-20,ok
NWFL,2020,1929790294.3024259,E_pb,False,1929790294.3024259,304272944.4713672,1374205100.2818768,105762000.0,0.300228993080652,0.125057248270163,0.2911275250778386,0.214718604433423,10.750176087776012,2.95742955344409e-27,ok
NWFL,2021,2053732308.0540602,E_pb,False,2053732308.0540602,242535765.5331927,1504957325.3534386,90820000.0,0.6708308069267586,0.21770770173168963,0.6516414216833846,-0.3032876949722836,4.060823200403038,2.4449996146784427e-05,ok
NWFL,2022,3128146983.67345,E_pb,False,3128146983.67345,401974648.90140384,1537530193.8355708,133215000.0,0.2732702845269462,0.11831757113173655,0.2669410190794804,0.0333966263435969,11.971572194736888,2.503536991116661e-33,ok
NWFL,2023,2952168005.5797544,E_pb,False,2952168005.5797544,307903381.50504136,1338797065.1420844,198312000.0,0.2298897430987578,0.10747243577468946,0.22218399000492625,0.3412360730207937,13.871484462550853,4.715233990156956e-44,ok
OBK,2019,7261492810.311846,E_pb,False,7261492810.311846,35004056811.75574,5260439693.667799,427109000.0,0.2680848908390858,0.11702122270977146,0.25969316321124725,0.0351138883812699,11.135636225082752,4.2071007907420675e-29,ok
OBK,2020,6539636590.23577,E_pb,False,6539636590.23577,7314286250.179067,6595798941.051774,1144937000.0,0.2270256847264567,0.10675642118161419,0.20910657338237282,0.1186333560583059,9.567541660662277,5.473889838404557e-22,ok
OCFC,2017,7094965644.785649,E_pb,False,7094965644.785649,2877003168.0837493,4719087581.930661,424878000.0,0.1999749226481846,0.09999373066204614,0.19432589443758574,0.0351138883812699,14.87054093351533,2.5598995147882875e-50,ok
OCFC,2018,7171391903.694745,E_pb,False,7171391903.694745,5003268367.550528,6698562220.341008,610673000.0,0.2212733934779136,0.1053183483694784,0.21217418701564367,-0.1067718250434374,11.38561967489602,2.4658207506193627e-30,ok
OCFC,2019,8438155200.954085,E_pb,False,8438155200.954085,5130726785.874481,7271379613.039293,687800000.0,0.1979232767550872,0.0994808191887718,0.19050391945788797,-0.1224791580601725,12.833094099916737,5.350195231926596e-38,ok
OCFC,2020,8402966747.1267,E_pb,False,8402966747.1267,771779433.7700986,7779810484.346222,363925000.0,0.1964008788171238,0.09910021970428096,0.19236180278093948,0.1667738375159726,17.31145195711379,1.9278407358563034e-67,ok
OCFC,2021,9867861388.179188,E_pb,False,9867861388.179188,1189171189.9617832,9082411995.454313,347910000.0,0.6031272200393761,0.20078180500984405,0.5894248780405235,-0.2401017318083803,5.03190776173056,2.42811456583592e-07,ok
OCFC,2022,9222481891.104301,E_pb,False,9222481891.104301,5586097233.158986,10365624310.914673,1475666000.0,0.2978261819473289,0.12445654548683223,0.27391216612316494,0.2304967596088873,7.9366465239212625,1.0386047146418375e-15,ok
OCFC,2023,7716044496.186624,E_pb,False,7716044496.186624,3444195045.0881886,10220056287.46717,1118240000.0,0.2374694135296099,0.10936735338240247,0.22125430886540678,-0.0090473879651609,9.190148587208007,1.9614954574638822e-20,ok
ONB,2016,17181548975.633167,E_pb,False,17181548975.633167,5869457666.872121,10873229577.28493,2152219000.0,0.2358822990847827,0.10897057477119568,0.22175459129731406,0.0351138883812699,9.947393315730341,1.294375801769923e-23,ok
ONB,2017,18397255402.865665,E_pb,False,18397255402.865665,7778953993.998069,13156259934.392408,2579156000.0,0.2505159891951576,0.1126289972987894,0.23356208532469455,0.3904310862446141,10.528642888252413,3.187343575067646e-26,ok
ONB,2018,17293217228.844482,E_pb,False,17293217228.844482,7149863770.319901,14641714364.83311,2483955000.0,0.2247464685942372,0.1061866171485593,0.2098556979425951,-0.0091816517101472,9.737524252253952,1.0428689861174324e-22,ok
ONB,2019,19238371319.812393,E_pb,False,19238371319.812393,9596890045.67445,15900771670.525856,2722545000.0,0.2473307276875219,0.11183268192188048,0.23053272519815357,-0.0922966378079309,8.540340334459392,6.691354424347466e-18,ok
ONB,2020,18679022902.68527,E_pb,False,18679022902.68527,8735739293.585619,17563720364.250595,2684279000.0,0.2078125478834726,0.10195313697086815,0.1945114114318383,0.2241751789758888,11.719210920197865,5.080702293831583e-32,ok
ONB,2021,21810638225.809002,E_pb,False,21810638225.809002,11272110430.42534,19881963619.9645,2591876000.0,0.519361541318114,0.1798403853295285,0.48329981720411447,-0.059648665482644,4.274502359645287,9.578233832650127e-06,ok
ONB,2022,44249984158.83331,E_pb,False,44249984158.83331,18526646417.772747,,5607973000.0,0.2564696707165196,0.1141174176791299,0.24045803211328384,0.1289845508306097,9.502960947848576,1.0200270896261016e-21,ok
ONB,2023,40544332897.942535,E_pb,False,40544332897.942535,19908831142.878876,,5350994000.0,0.2698751199458518,0.11746877998646295,0.25210587270858653,0.024808711385126,8.496870644788466,9.738514014120524e-18,ok
OPBK,2021,2018647169.835582,E_pb,False,2018647169.835582,,,0.0,0.5337585910220635,0.18343964775551586,0.5337585910220635,0.0351138883812699,,,nonpos_EF
OPBK,2022,2017508061.2390308,E_pb,False,2017508061.2390308,,,50000.0,0.4025497665928145,0.15063744164820364,0.4025435235921846,0.7104605862779863,27.909566880911733,1.0211213689012459e-171,ok
ORRF,2018,1737720055.66236,E_pb,False,1737720055.66236,790779560.9286178,1576727899.2928798,179378000.0,0.270987055044308,0.117746763761077,0.2566487498707073,0.0351138883812699,9.23928980903199,1.2406934910156165e-20,ok
ORRF,2019,2421068239.3846793,E_pb,False,2421068239.3846793,896909450.4624454,1864127537.3524008,249783000.0,0.2424919561555962,0.11062298903889906,0.23015932387432453,-0.2636322042582818,9.034789811921982,8.215895282211567e-20,ok
ORRF,2020,1988323260.89553,E_pb,False,1988323260.89553,318046571.8733976,2046527921.1850352,109414000.0,0.2714041970551086,0.11785104926377715,0.2633951558726736,0.2785413752004069,12.138904210191892,3.284999282045399e-34,ok
ORRF,2021,2881248515.1076155,E_pb,False,2881248515.1076155,251704651.69924065,2309986565.588235,57160000.0,0.708648143644331,0.22716203591108275,0.6992819354481148,-0.2345649560283997,4.948943044615684,3.7308788055377055e-07,ok
ORRF,2022,2987653195.3455515,E_pb,False,2987653195.3455515,748487706.0090011,2419933057.6205664,155416000.0,0.3381495990487611,0.13453739976219026,0.3280815440370601,0.5754746551624159,10.75496512694373,2.8077628307973858e-27,ok
ORRF,2023,3407396093.4009533,E_pb,False,3407396093.4009533,798761950.5925536,2502298693.157928,179378000.0,0.2526014248773877,0.11315035621934692,0.24562734367172595,-0.0528132040928146,11.857529953986818,9.834612386195919e-33,ok
OSBC,2017,4313193709.575825,E_pb,False,4313193709.575825,387641688.40890944,1456691680.8967319,246615000.0,0.317968375608218,0.12949209390205452,0.30777472908191683,0.0351138883812699,9.438587732524699,1.8891872345106266e-21,ok
OSBC,2018,3990535212.487,E_pb,False,3990535212.487,877127489.7241613,1971634033.7471776,313355000.0,0.3037589564782456,0.1259397391195614,0.2908124039166196,0.23946329979491,9.687053216582962,1.711305784007017e-22,ok
OSBC,2019,3525465449.190425,E_pb,False,3525465449.190425,471083733.1279051,1834043179.8851745,205870000.0,0.2300643723709341,0.10751609309273352,0.22330298235426407,-0.0449849476691559,12.661539437454493,4.8293269358760935e-37,ok
OSBC,2020,2709921934.259912,E_pb,False,2709921934.259912,332131659.3994876,1791873167.55564,231501000.0,0.2295758607211357,0.10739396518028393,0.21995968799393165,0.0393764537677436,11.625993318318054,1.520180832410381e-31,ok
OSBC,2021,6704897315.046371,E_pb,False,6704897315.046371,387272873.9262813,4104438982.829099,198876000.0,0.6834434562940388,0.2208608640735097,0.6701179064226447,-0.2469551395483731,4.589726240944192,2.219138565431588e-06,ok
OSBC,2022,8726682407.048557,E_pb,False,8726682407.048557,758137655.4922566,4381138168.341792,260810999.99999997,0.2972594308086766,0.12431485770216916,0.29224069588297347,0.2624399392011782,12.86450156115309,3.5650186877725337e-38,ok
OSBC,2023,6223948577.329806,E_pb,False,6223948577.329806,575285920.415247,3015122963.222013,516625000.0,0.3031207602308768,0.1257801900577192,0.28952865697517716,0.2921329888152411,9.735832800135007,1.0603668312053499e-22,ok
OVBC,2018,1382219301.84416,E_pb,False,1382219301.84416,560436828.500623,948864522.4389914,48213000.0,0.3228566574531154,0.13071416436327887,0.31638045721113467,0.0351138883812699,10.668070062213086,7.178875570984489e-27,ok
OVBC,2019,1420344352.483091,E_pb,False,1420344352.483091,575117115.6009494,943559605.4178113,42491000.0,0.4089255680675412,0.1522313920168853,0.40146936856015714,-0.1066887908800248,8.348238270477854,3.4644343246588076e-17,ok
OVBC,2020,942816424.523463,E_pb,False,942816424.523463,298276221.33481884,1057956059.2446852,36363000.0,0.3667018588933937,0.1416754647233484,0.3583452343910073,0.1453970680343133,9.416490622812418,2.332083233697226e-21,ok
OVBC,2021,1204261403.51354,E_pb,False,1204261403.51354,337275394.96935403,1153608558.3592012,28114000.0,0.7683587639740739,0.24208969099351846,0.7563530645130225,-0.3834215473503308,4.113124881653896,1.9516954339644393e-05,ok
OVBC,2022,1098714836.116248,E_pb,False,1098714836.116248,330005043.10599625,1120958810.0594323,26445000.0,0.3559232600436943,0.13898081501092358,0.3508243907322066,0.2740486864994262,11.296600781485303,6.819795550449634e-30,ok
OVBC,2023,990309329.612064,E_pb,False,990309329.612064,564512078.3873181,1235897446.0167296,53093000.0,0.3603225478048235,0.14008063695120587,0.34911564952494456,-0.0590067149008455,8.187113499778755,1.3378290864595841e-16,ok
OVLY,2018,1657895494.613638,E_pb,False,1657895494.613638,,,0.0,0.3260449456570845,0.13151123641427112,0.3260449456570845,0.0351138883812699,,,nonpos_EF
OVLY,2019,1629039623.4379501,E_pb,False,1629039623.4379501,,,0.0,0.3720777122210149,0.14301942805525372,0.3720777122210149,-0.0513222661533989,,,nonpos_EF
OVLY,2020,1591934645.036232,E_pb,False,1591934645.036232,,,0.0,0.2933154034261024,0.1233288508565256,0.2933154034261024,0.0789398184588066,,,nonpos_EF
OVLY,2021,1974786132.723714,E_pb,False,1974786132.723714,,,0.0,0.7634545150960472,0.2408636287740118,0.7634545150960472,-0.1300652690338358,,,nonpos_EF
OVLY,2022,2907475502.015182,E_pb,False,2907475502.015182,,,0.0,0.2816442017219593,0.12041105043048983,0.2816442017219593,0.0654592713381823,,,nonpos_EF
OZK,2019,21656483830.715584,E_pb,False,21656483830.715584,3758158415.0499907,19829469704.37671,706215000.0,0.4221817417562021,0.15554543543905053,0.41376135562610183,0.0351138883812699,8.228764015062579,9.457750307543453e-17,ok
OZK,2020,24671581394.375225,E_pb,False,24671581394.375225,2741114088.867057,19366440801.67144,1103463000.0,0.3415877458634432,0.13539693646586082,0.3327604505296693,0.3815304330383078,10.449315730261151,7.379309484696673e-26,ok
OZK,2021,32845318290.832134,E_pb,False,32845318290.832134,5503965533.464223,21705477898.01874,1223487000.0,0.6632673251300263,0.21581683128250656,0.6471983770793784,0.0733777735054517,4.929898162625879,4.1136246386342884e-07,ok
OZK,2022,28660178835.53419,E_pb,False,28660178835.53419,6022741562.087055,,1093704000.0,0.3214002291524129,0.13035005728810323,0.31437753775029653,0.5301848809839014,12.036985301925675,1.1355207147564044e-33,ok
OZK,2023,38695460043.708694,E_pb,False,38695460043.708694,3251781149.7777433,,1294483000.0,0.3267926027409483,0.13169815068523708,0.3204773536468348,-0.1125252738850003,10.193039953672711,1.0649877474517915e-24,ok
PB,2016,28786237538.875774,E_pb,False,28786237538.875774,15703024384.070145,20610116183.476803,1311211000.0,0.2687818458636559,0.11719546146591397,0.26217790618365894,0.0351138883812699,11.954609643109695,3.0710755028881183e-33,ok
PB,2017,27703970687.112213,E_pb,False,27703970687.112213,11320389740.67986,21045420375.325817,829377000.0,0.3584918718597104,0.1396229679649276,0.3521300233694425,0.5351226223413739,11.39147059161843,2.3057019487663823e-30,ok
PB,2018,22952765745.901867,E_pb,False,22952765745.901867,21448886683.908417,21381679057.801937,1315846000.0,0.2497314061894817,0.11243285154737043,0.2422870679709138,-0.0035561168374383,11.89414032103013,6.347676464603375e-33,ok
PB,2019,34655019138.445435,E_pb,False,34655019138.445435,28029728053.79837,30236621173.49159,1806828000.0,0.2329991432103626,0.10824978580259065,0.22681732167261867,-0.0919992558959993,12.728178264515973,2.0617404942310808e-37,ok
PB,2020,35262599505.681435,E_pb,False,35262599505.681435,3701887731.5550575,30816207802.04337,389583000.0,0.2274549026337525,0.10686372565843813,0.22613716360074695,0.1818678764127681,20.66351015300991,3.6899819249912865e-95,ok
PB,2021,38762644879.96781,E_pb,False,38762644879.96781,6716995830.176818,35467865349.702354,448099000.0,0.6113771281292235,0.20284428203230587,0.6067084291531577,-0.0041253803858463,7.060259477920787,8.309598744326979e-13,ok
PB,2022,35080271563.91736,E_pb,False,35080271563.91736,8556357530.219339,29764908796.26892,2278134000.0,0.2503296836675437,0.11258242091688593,0.2419297876349813,0.063555410761092,11.703774369284599,6.095398034090973e-32,ok
PCB,2019,2065630262.325856,E_pb,False,2065630262.325856,,,20000000.0,0.3636877546875934,0.14092193867189834,0.3615515580659806,0.0351138883812699,12.769543153394954,1.2128700242776111e-37,ok
PCB,2020,1226145245.557537,E_pb,False,1226145245.557537,,,80000000.0,0.2226440927766577,0.10566102319416443,0.215479004821524,0.1206589887749729,13.413150266980482,2.5320559259492975e-41,ok
PCB,2021,2725564471.7318554,E_pb,False,2725564471.7318554,,,10000000.0,0.6382296055992425,0.2095574013998106,0.6366625717799735,-0.3922412533199535,7.879522595887262,1.6431713281024477e-15,ok
PCB,2022,2331754061.386284,E_pb,False,2331754061.386284,,,20000000.0,0.3235779091711342,0.13089447729278356,0.32193927326917454,1.227265806731182,18.458847107435734,2.2134510041877018e-76,ok
PCB,2023,2584224619.104502,E_pb,False,2584224619.104502,,,39000000.0,0.3051969600795183,0.12629924001987958,0.30253725224073336,-0.1703966522903887,13.19651344798636,4.594531900725087e-40,ok
PDLB,2019,1101973262.2755363,E_pb,False,1101973262.2755363,,,104404000.0,0.2055306731609825,0.10138266829024563,0.19651734984948852,0.0351138883812699,12.532804439270384,2.4692474859009464e-36,ok
PDLB,2020,976816935.1987498,E_pb,False,976816935.1987498,2460118206.193219,1278711585.431323,147216000.0,0.1600373009150155,0.09000932522875388,0.1508656493149618,0.1538461538407052,14.418413849732172,1.9817336339999226e-47,ok
PDLB,2021,1466171348.570095,E_pb,False,1466171348.570095,2691107677.1738844,1582168294.637403,121345000.0,0.7017024732516314,0.22542561831290786,0.665297295431198,-0.2850340137049438,3.103791426261645,0.0009552898431078228,ok
PDLB,2022,1553203691.2191,E_pb,False,1553203691.2191,,,517375000.0,0.3595602835747989,0.13989007089369973,0.304671340320501,0.3929590866111494,5.689285477516275,6.378602095602781e-09,ok
PDLB,2023,1800652816.1745095,E_pb,False,1800652816.1745095,,,684421000.0,0.1672680866178351,0.09181702165445878,0.1464879017407543,-0.1117987593253411,7.966229917684761,8.179422734690845e-16,ok
PEBK,2018,1167454269.2315311,E_pb,False,1167454269.2315311,178175049.49142823,758265295.4160867,78714000.0,0.3303856534378518,0.13259641335946296,0.31789233080403845,0.0351138883812699,8.640012868136996,2.8103345118789634e-18,ok
PEBK,2019,1572349318.3370483,E_pb,False,1572349318.3370483,165062281.18061292,930333504.599228,39840000.0,0.2911219675161333,0.12278049187903332,0.28696195707995203,-0.1889875514832085,12.093295668929827,5.729789268172098e-34,ok
PEBK,2020,1298139835.50162,E_pb,False,1298139835.50162,74992118.17808928,910377048.9029449,41665000.0,0.2745598422217187,0.11863996055542968,0.26971107492555224,0.3747852558846436,14.12263480215913,1.3774755131543508e-45,ok
PEBK,2021,1712080980.7857602,E_pb,False,1712080980.7857602,176745951.6650501,1251917096.924637,52558000.0,0.8301913530526175,0.25754783826315436,0.8131357410107125,-0.2747636528070258,3.576802023488376,0.0001739116984089337,ok
PEBK,2022,2731643705.5057745,E_pb,False,2731643705.5057745,165291107.38108575,1172829515.1898248,63152000.0,0.2792983379105104,0.1198245844776276,0.27569482354380614,0.2287562010816173,14.438871587081787,1.47313104783921e-47,ok
PEBK,2023,2180092023.729231,E_pb,False,2180092023.729231,127578113.20487098,908378018.106122,102179000.0,0.1768740816033539,0.09421852040083847,0.1731735296091777,0.2177860415680252,19.10795273041691,1.084045891012244e-81,ok
PEBO,2017,4190598302.5215683,E_pb,False,4190598302.5215683,557013840.9675109,2191099876.8557105,353510000.0,0.2354061954539247,0.10885154886348117,0.22556084623736622,0.0351138883812699,11.364339619585786,3.1469314298200012e-30,ok
PEBO,2018,3983174125.9335117,E_pb,False,3983174125.9335117,1048412437.524596,2763531619.5806165,465842000.0,0.2322139931485023,0.10805349828712557,0.21921355179022842,0.0309804073410806,10.325752367002023,2.6947304519110967e-25,ok
PEBO,2019,4761677442.216314,E_pb,False,4761677442.216314,4663846094.710813,4010144469.3721333,400100000.0,0.2093552845328957,0.10233882113322393,0.20106021805908347,-0.0476981857996898,12.381419762856176,1.647312278652955e-35,ok
PEBO,2020,4201518680.4888,E_pb,False,4201518680.4888,1266785638.44414,4157456641.0376496,183829000.0,0.1899732247086854,0.09749330617717136,0.18609656721596984,0.1993984448348174,18.023442030309422,6.377738979935925e-73,ok
PEBO,2021,7225478552.569367,E_pb,False,7225478552.569367,1788043536.1376038,6148919069.46052,265957000.0,0.6010935040752813,0.20027337601882034,0.5868637989607588,-0.1726937669123639,5.100472645015214,1.694031737621122e-07,ok
PEBO,2022,6704748103.977117,E_pb,False,6704748103.977117,3014851459.6293592,6008975519.637614,601231000.0,0.2698387382652014,0.11745968456630035,0.25729900751445617,0.2283635800789194,10.465377785950636,6.228929635003325e-26,ok
PFBC,2017,9174702540.2977,E_pb,False,9174702540.2977,912100910.404204,3379469690.5333734,105364000.0,0.2903931907867424,0.12259829769668561,0.28848808148189325,0.0351138883812699,15.500481521078427,1.7215104560953965e-54,ok
PFBC,2018,6555930447.215308,E_pb,False,6555930447.215308,908632172.1677767,3796916867.4277196,100394000.0,0.3065567275304793,0.12663918188261983,0.3038431215124722,0.1372232162528293,14.103604371716756,1.8042886886051372e-45,ok
PFBC,2019,8647450741.13911,E_pb,False,8647450741.13911,799868552.3089491,4117740625.491421,99211000.0,0.2812490591720721,0.12031226479301803,0.2794235969809321,-0.2514105998517718,14.990606262852241,4.228882722883905e-51,ok
PFBC,2020,7675542503.905925,E_pb,False,7675542503.905925,479802727.0515921,4261399533.4457026,99334000.0,0.2549776544234749,0.11374441360586873,0.25317321897857387,0.4211390105691608,18.75891784400079,8.18491959498364e-79,ok
PFBC,2021,10594943854.99302,E_pb,False,10594943854.99302,998075631.9879707,5266617698.279261,147758000.0,0.6958129266495235,0.2239532316623809,0.6893228419619823,-0.1339900289898801,5.679244684677204,6.764541414127188e-09,ok
PFBC,2022,10668336529.656702,E_pb,False,10668336529.656702,936861551.5944049,5548817360.718251,147995000.0,0.2854401860227035,0.12136004650567588,0.28319515126380745,0.455903655066284,16.62259345681801,2.3909262785425386e-62,ok
PFBC,2023,9294483288.685608,E_pb,False,9294483288.685608,898757320.9110899,5716460462.63863,148232000.0,0.2597823832825321,0.11494559582063303,0.2575087314755379,0.0647789957239506,16.25515313076599,1.0267730282507122e-59,ok
PFIS,2018,2532752777.808801,E_pb,False,2532752777.808801,392444812.44430685,1738032343.011428,124406000.0,0.2617811842412516,0.1154452960603129,0.25492985768256904,0.0351138883812699,12.01931225980919,1.4065149371960196e-33,ok
PFIS,2019,2849630444.3149405,E_pb,False,2849630444.3149405,,,184883000.0,0.2521395828346786,0.11303489570866965,0.24366438826333803,-0.025933300375539,11.255086290181856,1.0930601855352636e-29,ok
PFIS,2020,2331951617.6614423,E_pb,False,2331951617.6614423,296538385.0087464,2168759755.6749463,97769000.0,0.2164283538746937,0.10410708846867342,0.211908682881388,0.1779464442479743,15.89561011703885,3.398176565919047e-57,ok
PFIS,2021,3702587896.452121,E_pb,False,3702587896.452121,353925407.49737126,3060662764.0063176,35711000.0,0.7172569443117843,0.2293142360779461,0.712595754145777,-0.2422651006000465,5.830466576114999,2.7636304834853404e-09,ok
PFIS,2022,4006690771.939259,E_pb,False,4006690771.939259,1509611938.1801786,3235292548.23767,148485000.0,0.2741565191635782,0.11853912979089455,0.26859553947721976,0.4816378292302272,14.06275071335564,3.2168033055177454e-45,ok
PFIS,2023,3693276459.029466,E_pb,False,3693276459.029466,646725509.9897788,3350660105.7509913,75590000.0,0.2667287640561871,0.11668219101404678,0.263719365718636,0.0144587662635466,14.746320831114478,1.6245021728342886e-49,ok
PFS,2016,11636122795.32636,E_pb,False,11636122795.32636,,,1612745000.0,0.2012074156874182,0.10030185392185456,0.1889244838381767,0.0351138883812699,11.238575425428625,1.3180084896324693e-29,ok
PFS,2017,11115182640.485998,E_pb,False,11115182640.485998,2033555717.4653578,5302050737.3494835,1742514000.0,0.207412188305596,0.101853047076399,0.19310649370391494,0.453928388999556,12.603910814660132,1.0046457244661483e-36,ok
PFS,2018,9684694300.56244,E_pb,False,9684694300.56244,1552721591.7386575,5042201473.302853,1442282000.0,0.2081687187991856,0.1020421796997964,0.1944125650220262,-0.0121105928051902,10.349830835545054,2.0961293986789224e-25,ok
PFS,2019,9959879640.775055,E_pb,False,9959879640.775055,1315141285.441534,5286125923.564333,1125146000.0,0.2145569199043593,0.10363922997608982,0.20329861530531762,-0.0762473687232936,10.776117759835385,2.2316386990952287e-27,ok
PFS,2020,10084319810.504028,E_pb,False,10084319810.504028,799667405.8102129,5163748466.76496,1201107000.0,0.1778490289346521,0.09446225723366303,0.16897418202994857,0.0673918239562527,13.572394660276531,2.919149257997136e-42,ok
PFS,2021,14438482515.152182,E_pb,False,14438482515.152182,8291881539.945513,12797948375.23074,637057000.0,0.6993819601168372,0.22484549002920928,0.6793291600349051,-0.2247080587723505,3.987047403388705,3.345033137029852e-05,ok
PFS,2022,12497147739.7095,E_pb,False,12497147739.7095,16922655165.79202,12766596563.496597,1347863000.0,0.2852021764478007,0.12130054411195018,0.26924574636490634,0.4041903555696076,10.018164866386858,6.341803186779545e-24,ok
PGC,2017,6672067006.767771,E_pb,False,6672067006.767771,1347181394.4087071,3885611465.5601335,129994000.0,0.2823931872109024,0.1205982968027256,0.2793011295297387,0.0351138883812699,14.155338266937436,8.655139551085717e-46,ok
PGC,2018,4587016536.290632,E_pb,False,4587016536.290632,1278166115.4015517,3994251392.2158036,199555000.0,0.2351100331610119,0.10877750829025298,0.22984315543664366,0.1411375288345278,14.323695550883727,7.781137104943537e-47,ok
PGC,2019,5641974824.339304,E_pb,False,5641974824.339304,1939130420.0075781,4440648920.543122,324115000.0,0.2260884417531962,0.10652211043829905,0.219592857104767,-0.2764836180305798,11.89544384493044,6.24933837622512e-33,ok
PGC,2020,4514115288.399057,E_pb,False,4514115288.399057,397784020.51093394,3010113652.7619076,380633000.0,0.2164056030625143,0.10410140076562857,0.20767242968684071,0.2359722576632019,13.331046484902163,7.636997768999139e-41,ok
PGC,2021,7078210700.143969,E_pb,False,7078210700.143969,459862278.7486072,4670985654.878679,138521000.0,0.7486000971275792,0.2371500242818948,0.7387831081519127,-0.2560876685761063,4.634848267106598,1.7859969417153614e-06,ok
PGC,2022,7260342029.29662,E_pb,False,7260342029.29662,2261425289.7272296,5170941443.92656,517212999.99999994,0.2832655258108543,0.12081638145271358,0.27246254094164846,0.5652797985151115,11.88678778184519,6.93182995155279e-33,ok
PGC,2023,5380176019.746714,E_pb,False,5380176019.746714,1810834979.4939063,4987987476.345615,540518000.0,0.2698392317427154,0.11745980793567885,0.2559280549241479,0.0574353606151654,9.449400894063666,1.7038776636474327e-21,ok
PKBK,2018,1768581515.1156397,E_pb,False,1768581515.1156397,1932740347.7544296,,118053000.0,0.2212484725882507,0.10531211814706268,0.21399394907498473,0.0351138883812699,13.008000273138832,5.509395769151111e-39,ok
PKBK,2019,2604126484.938309,E_pb,False,2604126484.938309,2393679185.293158,,148053000.0,0.2737014009067742,0.11842535022669355,0.2653483537101255,0.0260176817293744,10.97949493774176,2.3979881384989322e-28,ok
PKBK,2020,1670575286.238016,E_pb,False,1670575286.238016,277378598.8699718,,267218000.00000003,0.2986347523708741,0.12465868809271853,0.27464378477157264,0.3949606575303015,8.514616028428668,8.357159762307093e-18,ok
PKBK,2021,2200367167.821867,E_pb,False,2200367167.821867,737634012.6349344,,120882000.0,0.7694201238588875,0.24235503096472188,0.7419725394106323,-0.2927399038532573,3.217159983338216,0.0006473319191271048,ok
PKBK,2022,1733272526.0806801,E_pb,False,1733272526.0806801,734353380.357556,,126071000.0,0.2932131117208982,0.12330327793022455,0.28169253881150325,0.4086112985730792,10.86315416588873,8.633988707485439e-28,ok
PKBK,2023,1582075245.8646603,E_pb,False,1582075245.8646603,759730981.5420952,,168111000.0,0.2478099471093232,0.1119524867773308,0.23476040248638044,0.0039474640420575,9.879196952043515,2.562094762972028e-23,ok
PLBC,2019,1352758395.8701758,E_pb,False,1352758395.8701758,115705592.15592833,704840028.6549743,26323000.0,0.2830851952867934,0.12077129882169835,0.2799870542275017,0.0351138883812699,14.124393513972212,1.3435159071242332e-45,ok
PLBC,2020,1316131803.5861518,E_pb,False,1316131803.5861518,116794987.09577052,889326264.1565256,29188000.0,0.2760530247669343,0.11901325619173357,0.2726458967718252,0.2926002194903612,14.986697930939135,4.4851724054713484e-51,ok
PLBC,2021,2325685470.090333,E_pb,False,2325685470.090333,213090891.76410615,1429029859.2013445,27593000.0,0.507662210508349,0.17691555262708725,0.5037840921101607,-0.0926967409138554,8.389321399251513,2.4447814074583103e-17,ok
PLBC,2022,2899823896.6811404,E_pb,False,2899823896.6811404,206213466.7585445,1421580711.0050137,28934000.0,0.2869523337770008,0.1217380834442502,0.2853201370274692,0.465559561338678,17.67198114877825,3.446647061571336e-70,ok
PLBC,2023,2467744663.7629995,E_pb,False,2467744663.7629995,865977115.390045,1424452584.33776,113054000.0,0.3647807823317774,0.14119519558294436,0.3549864325131649,0.117290034472917,8.964486155843755,1.558654558068089e-19,ok
PNC,2016,426473942964.486,E_pb,False,426473942964.486,67650978607.61461,205937086705.89597,52706000000.0,0.2122877159081543,0.10307192897703857,0.20027484402044674,0.1285860546983458,11.563498896072058,3.154243861491708e-31,ok
PNC,2017,504374035279.2,E_pb,False,504374035279.2,103064348784.67313,242016882650.29443,59088000000.0,0.2242543033791031,0.10606357584477577,0.21186011659935342,0.2578094276581149,11.755110934363955,3.3236695719660603e-32,ok
PNC,2018,396838307717.27997,E_pb,False,396838307717.27997,95751336325.97102,238996486105.97504,57419000000.0,0.1750053687984765,0.09375134219961913,0.16473470308981714,0.2595929629203488,14.048726187539284,3.9216053422565813e-45,ok
PNC,2018,396838307717.27997,E_pb,False,396838307717.27997,95751336325.97102,238996486105.97504,57419000000.0,0.1750053687984765,0.09375134219961913,0.16473470308981714,-0.1697792979370387,11.442279259211839,1.285212976097107e-30,ok
PNC,2018,396838307717.27997,E_pb,False,396838307717.27997,95751336325.97102,238996486105.97504,57419000000.0,0.1750053687984765,0.09375134219961913,0.16473470308981714,-0.1697792979370387,11.442279259211839,1.285212976097107e-30,ok
PNC,2018,396838307717.27997,E_pb,False,396838307717.27997,95751336325.97102,238996486105.97504,57419000000.0,0.1750053687984765,0.09375134219961913,0.16473470308981714,-0.1697792979370387,11.442279259211839,1.285212976097107e-30,ok
PNC,2018,533839463567.47205,E_pb,False,533839463567.47205,95324704236.49113,251377508983.27798,60263000000.0,0.1750053687984765,0.09375134219961913,0.1667633369854392,-0.1697792979370387,12.620574882771264,8.131485598296494e-37,ok
PNC,2018,533839463567.47205,E_pb,False,533839463567.47205,95324704236.49113,251377508983.27798,60263000000.0,0.1750053687984765,0.09375134219961913,0.1667633369854392,-0.1697792979370387,12.620574882771264,8.131485598296494e-37,ok
PNC,2018,533839463567.47205,E_pb,False,533839463567.47205,95324704236.49113,251377508983.27798,60263000000.0,0.1750053687984765,0.09375134219961913,0.1667633369854392,-0.1697792979370387,12.620574882771264,8.131485598296494e-37,ok
PNC,2018,533839463567.47205,E_pb,False,533839463567.47205,95324704236.49113,251377508983.27798,60263000000.0,0.1750053687984765,0.09375134219961913,0.1667633369854392,-0.1697792979370387,12.620574882771264,8.131485598296494e-37,ok
PNC,2020,537363222160.68805,E_pb,False,537363222160.68805,47402653515.029106,261494521650.66922,37195000000.0,0.1954549763893449,0.09886374409733623,0.18920197930997065,-0.1697792979370387,13.476334177063391,1.0777669795190316e-41,ok
PNC,2021,874662733313.901,E_pb,False,874662733313.901,76470870138.04472,397267560367.1491,30784000000.0,0.5771282729818057,0.1942820682454514,0.5641120047321326,-0.0273244875665941,5.663764791537586,7.4043681559638675e-09,ok
PNC,2022,788826216150.05,E_pb,False,788826216150.05,144321613004.7939,396115193502.2254,58713000000.0,0.2583729514419643,0.11459323786049108,0.2484126591479326,0.3821723206542238,12.161191180596191,2.501194498825234e-34,ok
PNFP,2016,22208210486.723373,E_pb,False,22208210486.723373,6107437160.601085,9829036636.986603,848529795.0,0.2712464667656383,0.11781161669140958,0.2655997864331828,0.0351138883812699,12.432429017327681,8.712881559360582e-36,ok
PNFP,2017,28189232181.10291,E_pb,False,28189232181.10291,16829382158.460009,19925374970.66895,1926009358.0,0.2889419142195067,0.12223547855487668,0.2782802645458024,0.3647617077201901,11.052249769867583,1.0689450411987366e-28,ok
PNFP,2018,20713144098.61052,E_pb,False,20713144098.61052,16028941073.925299,22207023190.568512,2038367000.0,0.2567170584199196,0.1141792646049799,0.243946727082107,-0.0350288294682947,9.623817313711562,3.17162041294611e-22,ok
PNFP,2019,27948250102.295197,E_pb,False,27948250102.295197,15124896361.302742,23278684980.724472,2941212000.0,0.2563916184551725,0.11409790461379313,0.24284279143808649,-0.2979490647136374,8.3352607041561,3.866380918135361e-17,ok
PNFP,2020,34456388805.14144,E_pb,False,34456388805.14144,6397299227.530486,,1889667000.0,0.247702402395208,0.111925600598802,0.24064323363434578,0.4039304088556472,13.844814352615508,6.836677571108309e-44,ok
PNFP,2021,52796051943.00698,E_pb,False,52796051943.00698,15202286113.906746,,1467151000.0,0.6923110242956135,0.2230777560739034,0.6796240463553725,0.0204976491750847,5.00287939373594,2.8240139515789003e-07,ok
PNFP,2022,43296329929.28141,E_pb,False,43296329929.28141,10950776704.516094,,1085859000.0,0.3323169731718788,0.13307924329296972,0.32744240327463225,0.4951864978432461,12.680227278065134,3.805542736123864e-37,ok
PRK,2016,15427014377.169302,E_pb,False,15427014377.169302,1659232763.2536023,4435765755.8618,1134076000.0,0.2460512556908366,0.11151281392270915,0.2368382863505467,0.0351138883812699,11.350806118495514,3.6741041729605115e-30,ok
PRK,2017,13734014819.14077,E_pb,False,13734014819.14077,1416543191.7475002,4596700670.372898,906289000.0,0.2618085651905988,0.1154521412976497,0.2527485607882242,0.3763432167230442,12.370308221459464,1.891833460540487e-35,ok
PRK,2018,11332407807.657846,E_pb,False,11332407807.657846,1773205312.8423223,5741766294.868782,636966000.0,0.2214032697401893,0.10535081743504733,0.21522738556087634,-0.0985135950066168,13.063928591948322,2.646225102901426e-39,ok
PRK,2019,13870169268.10212,E_pb,False,13870169268.10212,3378334695.195923,7575822051.349875,438157000.0,0.2429490486230729,0.11073726215576823,0.2389003906153017,-0.1512164838354918,13.839518717428486,7.359438376792027e-44,ok
PRK,2020,14225576454.926956,E_pb,False,14225576454.926956,1479053461.2127798,6722401101.411882,562504000.0,0.2146115824378809,0.10365289560947022,0.21039097345715727,0.2590382186486908,16.664614910101253,1.185050684738344e-62,ok
PRK,2021,18203900684.73302,E_pb,False,18203900684.73302,1989942123.1329467,7871261563.532603,426996000.0,0.5773913895751949,0.19434784739379873,0.5686125281438331,0.0766937007766288,6.490950098133742,4.264836550038223e-11,ok
PRK,2022,20155786599.66264,E_pb,False,20155786599.66264,2226459027.3796782,8303501841.55943,416009000.0,0.298657682461877,0.12466442061546926,0.2951391387102246,0.3556261286786089,14.27476534573439,1.5717204861383946e-46,ok
PRK,2023,17378099418.08366,E_pb,False,17378099418.08366,1457831532.0335333,7260114360.410124,517328999.99999994,0.2569297796411831,0.11423244491029577,0.2528046216536605,0.0614915530020085,14.134069104769761,1.1710528674477867e-45,ok
PVBC,2021,2437336835.183734,E_pb,False,2437336835.183734,,,13500000.0,0.4727565682353949,0.16818914205884872,0.47107891258963464,0.0351138883812699,10.880663951643132,7.126052277323825e-28,ok
PVBC,2022,935626656.1324321,E_pb,False,935626656.1324321,,,126829000.0,0.2905541177949668,0.1226385294487417,0.27050945425400785,0.5643489328556295,9.808380634224788,5.180899809037492e-23,ok
QCRH,2017,6200802610.565608,E_pb,False,6200802610.565608,1460451013.9675791,3286279547.9437623,309479609.0,0.2404337114673088,0.1101084278668272,0.2342384319922844,0.0351138883812699,13.037680967155037,3.7347280308710853e-39,ok
QCRH,2018,4844999629.166741,E_pb,False,4844999629.166741,2081312636.859822,4143495273.6670046,404968557.0,0.2240677728739705,0.10601694321849263,0.21496164642844287,-0.0059108903125505,11.78420786122437,2.3541290217482666e-32,ok
QCRH,2019,6004110018.77433,E_pb,False,6004110018.77433,1342045611.8752804,4064260656.4425898,278955000.0,0.2456202533502081,0.11140506333755203,0.2396613784669932,-0.2467285514200795,11.846361732540942,1.1236894808624529e-32,ok
QCRH,2020,5825415693.167665,E_pb,False,5825415693.167665,410067673.7612684,3984207642.1288524,177114000.0,0.2413610851378463,0.11034027128446158,0.23749511168814522,0.3756291401825584,16.297471684649295,5.142993224755351e-60,ok
QCRH,2021,7652519077.951547,E_pb,False,7652519077.951547,902531024.4940596,5126025897.157939,170805000.0,0.6672768712316317,0.21681921780790792,0.6574421234023964,-0.090431579785432,5.350730481634707,4.379995251286181e-08,ok
QCRH,2022,7685483720.106613,E_pb,False,7685483720.106613,1938355705.3884552,5573908001.7123785,825894000.0,0.2679535373067957,0.11698838432669893,0.2533047673713707,0.4212956029765977,10.74557990110695,3.1084999690894483e-27,ok
RBB,2018,2384226325.39308,E_pb,False,2384226325.39308,3301356076.445947,2629366716.576666,432714000.0,0.1672072502854341,0.09180181257135853,0.15562411936821974,0.0351138883812699,12.185347907736602,1.860310816498506e-34,ok
RBB,2019,2783503199.7377825,E_pb,False,2783503199.7377825,396409104.2066821,2166895240.208376,113722000.0,0.2548026919710118,0.11370067299275295,0.24926414985019293,-0.3498552409918342,11.461055707717684,1.034881861073499e-30,ok
RBB,2020,2164406081.855548,E_pb,False,2164406081.855548,507372661.61682874,2190248385.258428,268674000.0,0.2908562951071931,0.12271407377679827,0.272289112090648,0.2293806609118722,8.79845863313001,6.935405760008698e-19,ok
RBB,2021,4250262644.6145306,E_pb,False,4250262644.6145306,879148318.4079853,3055264279.190934,337509000.0,0.578626005630816,0.19465650140770402,0.5503784873496993,-0.2573975726452105,3.9985242271266084,3.186932886586684e-05,ok
RBB,2022,2865439465.365519,E_pb,False,2865439465.365519,857527203.8038021,2654932334.1541,408305000.0,0.3138315117770879,0.128457877944272,0.29071150886823016,0.7441524690677821,9.575029039175677,5.09143435308871e-22,ok
RBB,2023,2593643769.99788,E_pb,False,2593643769.99788,365078726.81112033,2264168530.087982,284085000.0,0.2879856986118396,0.1219964246529599,0.27159949036864817,-0.1848174709350928,7.709081250332397,6.336335873232497e-15,ok
RBCAA,2017,5142182538.370321,E_pb,False,5142182538.370321,4071524628.564279,4096558474.906056,982761000.0,0.2380026125967989,0.10950065314919973,0.21738418348352687,0.0351138883812699,8.470003553554827,1.226927750744777e-17,ok
RBCAA,2018,4930678386.164162,E_pb,False,4930678386.164162,4343635434.66247,4232609532.0699944,1034230000.0,0.2457097591757617,0.11142743979394043,0.22242712108924964,-0.0153221706286337,7.6977007896707805,6.926814822064399e-15,ok
RBCAA,2019,5978219968.95383,E_pb,False,5978219968.95383,4171772738.2556696,4569944583.8834095,958857000.0,0.2555347173633721,0.11388367934084302,0.23595542049625784,0.0417239829359179,8.445579792812195,1.5127005181633302e-17,ok
RBCAA,2020,5200793884.224596,E_pb,False,5200793884.224596,1713663959.1864474,4802713596.78868,487266000.0,0.2783177536248312,0.1195794384062078,0.26471948189815053,0.2371315707416539,10.046135154163482,4.777062366444398e-24,ok
RBCAA,2021,7028461232.498686,E_pb,False,7028461232.498686,1252797832.3572628,4866305520.051681,315967000.0,0.649132652012163,0.21228316300304073,0.6303388101875577,-0.2022878250860836,4.354972415001062,6.654183800018242e-06,ok
RBCAA,2022,5209746718.069427,E_pb,False,5209746718.069427,1126549882.266697,4570040595.790091,311956000.0,0.2557001908781594,0.11392504771953985,0.24769041403623376,0.4456659862000556,13.276937386916039,1.5750844678806217e-40,ok
RBCAA,2023,7156258944.824897,E_pb,False,7156258944.824897,5088863432.508269,6029032890.692575,477618000.0,0.2448860336330255,0.11122150840825637,0.23652323401361558,-0.1692508740399462,10.883993619439027,6.870396747001018e-28,ok
RF,2016,130122312968.32999,E_pb,False,130122312968.32999,27091352424.25308,,7763000000.0,0.2775756904970454,0.11939392262426135,0.26866999171331435,0.1285860546983458,11.052770241657056,1.0627643065900751e-28,ok
RF,2017,147449481608.868,E_pb,False,147449481608.868,30812247100.05782,,8632000000.0,0.3418969560486493,0.13547423901216232,0.33048086187083925,0.5339801460338633,10.210192771343811,8.925491531759367e-25,ok
RF,2018,107298972166.95999,E_pb,False,107298972166.95999,51819199958.77521,,14024000000.0,0.2265959580548405,0.10664898951371013,0.2127310134629299,0.2294970167882331,11.115237828878412,5.288421620360181e-29,ok
RF,2019,127498379466.861,E_pb,False,127498379466.861,25579707232.0711,,9929000000.0,0.2661566403725935,0.11653916009314838,0.2553469169575237,-0.2057048394955202,9.357191483558603,4.094214846350301e-21,ok
RF,2020,135323187316.73999,E_pb,False,135323187316.73999,8032397845.110888,,3569000000.0,0.2585235772331661,0.11463089430829153,0.25482608354917846,0.3330125835830773,15.547690090526372,8.247424958503961e-55,ok
RF,2021,197792068411.09802,E_pb,False,197792068411.09802,19976069714.176136,,2407000000.0,0.7103924819827174,0.22759812049567935,0.7045878294569973,-0.0163314000797807,5.899019932251854,1.828335330220673e-09,ok
RF,2022,215656421153.71198,E_pb,False,215656421153.71198,18827813471.533,,2284000000.0,0.3195009056684604,0.1298752264171151,0.31751364213507205,0.3939424429399623,15.438166340476451,4.532035240668145e-54,ok
RMBI,2020,854501074.6849679,E_pb,False,854501074.6849679,43451002959.38516,1079955141.4992669,170492524.0,0.1585336775114177,0.08963341937785443,0.14707313870560107,0.0351138883812699,12.361528749779607,2.1102652536487474e-35,ok
RMBI,2021,1198793094.027545,E_pb,False,1198793094.027545,63565965906.330086,1264049766.112128,180531030.0,0.4321481752720885,0.15803704381802214,0.39627149912770765,-0.1333711444569558,4.596746240057002,2.145698708126658e-06,ok
RMBI,2022,1328867331.3428657,E_pb,False,1328867331.3428657,47755864541.282616,1323024187.0387428,180560196.0,0.2195806030177043,0.10489515075442607,0.20586174115524772,0.244629856541596,11.400184580558046,2.0861676651408702e-30,ok
RMBI,2023,1137841843.6298003,E_pb,False,1137841843.6298003,51758851171.113205,1453397551.885588,271588371.0,0.2125690505219185,0.10314226263047963,0.19148319415335444,-0.1701635838412869,7.6150637462454425,1.3178068009125118e-14,ok
RNST,2016,12733860298.068352,E_pb,False,12733860298.068352,940801843.0583442,6532520693.661198,312135000.0,0.2364840051229442,0.10912100128073605,0.2334367519010935,0.0351138883812699,16.024332949973925,4.3206594864376446e-58,imputed_sigmaE_sizebucket
RNST,2017,12689823607.176367,E_pb,False,12689823607.176367,1062789960.390523,7680921534.6930895,297360000.0,0.2602568778080121,0.11506421945200303,0.2569324858386181,0.0351138883812699,14.70768273110895,2.8772205790662868e-49,imputed_sigmaE_sizebucket
RNST,2018,10618951999.875294,E_pb,False,10618951999.875294,4384877801.095983,11262030723.57419,651324000.0,0.245226588249759,0.11130664706243976,0.23748717958089813,0.0351138883812699,12.033620911491484,1.1827693486217976e-33,imputed_sigmaE_sizebucket
RNST,2019,11875248184.8393,E_pb,False,11875248184.8393,7467017999.186684,12008552396.266226,865598000.0,0.2433215292923797,0.11083038232309493,0.23432023768501498,0.0351138883812699,11.509072699094704,5.937418411151776e-31,imputed_sigmaE_sizebucket
RNST,2020,12809771172.965181,E_pb,False,12809771172.965181,1888694313.362178,11822818574.429047,496310000.0,0.2378046831098632,0.1094511707774658,0.23301716296192349,0.0351138883812699,14.148061269934832,9.598860477709586e-46,imputed_sigmaE_sizebucket
RNST,2021,15631445209.412724,E_pb,False,15631445209.412724,2957360419.099634,14441223315.575726,485156000.0,0.6550777488618563,0.2137694372154641,0.6417931007860528,0.0351138883812699,5.192170738870981,1.0392812536793056e-07,imputed_sigmaE_sizebucket
RNST,2022,15604910840.108072,E_pb,False,15604910840.108072,4539524997.056125,13577419576.248995,1140365000.0,0.2978261819473289,0.12445654548683223,0.28601958841193104,0.0351138883812699,9.37340723159344,3.5114026072985706e-21,imputed_sigmaE_sizebucket
RRBI,2020,3359970028.031508,E_pb,False,3359970028.031508,,,0.0,0.2074697089058651,0.10186742722646627,0.2074697089058651,0.0351138883812699,,,nonpos_EF
RRBI,2021,4154736183.0676603,E_pb,False,4154736183.0676603,,,0.0,0.6689399839798872,0.2172349959949718,0.6689399839798872,-0.1112384734845839,,,nonpos_EF
RRBI,2022,4254936761.024592,E_pb,False,4254936761.024592,,,0.0,0.3015724733621602,0.12539311834054007,0.3015724733621602,0.0853112344196793,,,nonpos_EF
RRBI,2023,4097370978.4569497,E_pb,False,4097370978.4569497,,,0.0,0.2980010750263921,0.12450026875659803,0.2980010750263921,-0.0403853893171041,,,nonpos_EF
SBCF,2017,9111133592.953487,E_pb,False,9111133592.953487,2431092014.347251,4822933173.694872,497615000.0,0.2290115974579363,0.10725289936448408,0.2227059943957222,0.0351138883812699,13.340087701890504,6.765013445284918e-41,ok
SBCF,2018,9405413696.495878,E_pb,False,9405413696.495878,3526164202.8512764,5676855287.432784,665127000.0,0.2528919578139739,0.11322298945349347,0.24366726921795584,0.1427923844958909,11.616238827376472,1.7040618939490027e-31,ok
SBCF,2019,10602955034.61935,E_pb,False,10602955034.61935,4350547357.685979,6412501627.187745,472206000.0,0.2988996657328552,0.1247249164332138,0.291473465661299,0.032130107096042,10.788963288639646,1.940716162105534e-27,ok
SBCF,2020,11731798031.629017,E_pb,False,11731798031.629017,1181320995.0340958,7181431725.943009,190974000.0,0.2583428321929893,0.11458570804824733,0.2560401904119012,0.1748654879986064,16.701109950793953,6.432458172682311e-63,ok
SBCF,2021,14987789628.686789,E_pb,False,14987789628.686789,2151959257.933976,8883811016.808167,193211000.0,0.6688871152361128,0.2172217788090282,0.6631386989458512,-0.0366372257484721,6.194033652584557,2.9321848690612333e-10,ok
SBCF,2022,16309847353.852798,E_pb,False,16309847353.852798,4550267030.283324,11149559537.999397,406562000.0,0.337453341576953,0.13436333539423825,0.33251396271000594,0.2160516822945475,11.660197833878543,1.0178442645438433e-31,ok
SBFG,2018,827047557.480924,E_pb,False,827047557.480924,212440061.80083832,,41494000.0,0.2572375118449521,0.11430937796123802,0.25040921452712217,0.0351138883812699,12.16020785239847,2.5314852323075138e-34,ok
SBFG,2019,1068927895.1846399,E_pb,False,1068927895.1846399,171119380.6872483,,39255000.0,0.2086910350943255,0.10217275877358137,0.20491785383052866,-0.1171272809927591,15.627116391416623,2.3792773265926643e-55,ok
SBFG,2020,1094989661.96682,E_pb,False,1094989661.96682,128026107.41610223,967038745.4975785,38499000.0,0.1857691132996727,0.09644227832491817,0.1827351228107641,0.2165959382924525,19.60391095552586,7.159231716330417e-86,ok
SBFG,2021,1139178622.840434,E_pb,False,1139178622.840434,126102663.28969197,949346661.4402009,50676000.0,0.6122425942669965,0.2030606485667491,0.594815503694532,-0.0473031823806293,4.929138606699803,4.129648206037893e-07,ok
SBFG,2022,1221744264.67336,E_pb,False,1221744264.67336,250104539.6749921,941161433.6714499,104827000.0,0.2684932677032882,0.11712331692582205,0.25653186144287404,0.0909090018643918,10.119780884045646,2.2571254245969126e-24,ok
SBFG,2023,1016333762.96132,E_pb,False,1016333762.96132,252542630.83601364,893923733.8674599,126939000.0,0.2469712388108993,0.11174280970272482,0.23195665776018,-0.0712693598933542,9.052433897866244,6.990824413939841e-20,ok
SBNY,2016,81399483319.4442,E_pb,False,81399483319.4442,31235252438.14726,35418491703.00041,3200488000.0,0.2365023210398207,0.10912558025995517,0.23168355190802345,0.0351138883812699,14.169783986184392,7.046667872016727e-46,ok
SBNY,2017,70892777513.14992,E_pb,False,70892777513.14992,47348824709.1095,38819672193.49335,5242381000.0,0.3072308380875851,0.1268077095218963,0.29480757924600853,-0.0206689704005831,8.85869237058817,4.047921895551752e-19,ok
SBNY,2018,53049034075.81597,E_pb,False,53049034075.81597,46156848164.67741,41877400495.95255,6048174000.0,0.2299603662611445,0.10749009156528613,0.21742641490699466,-0.0861517975362032,9.978724778007324,9.443928795976822e-24,ok
SBNY,2019,70634938549.22215,E_pb,False,70634938549.22215,75987179298.014,47616372091.34189,4748263000.0,0.2729590122731241,0.11823975306828102,0.2632135024145375,-0.2433241547211899,9.44799845239799,1.7268572819244217e-21,ok
SBNY,2020,87236620431.9085,E_pb,False,87236620431.9085,27951799208.91923,65009004243.88422,3817833000.0,0.2449568426873152,0.1112392106718288,0.23935018020185705,0.35252535444641,14.604776273254265,1.309202001829055e-48,ok
SBSI,2017,8253295494.934308,E_pb,False,8253295494.934308,7569468566.150639,5618294867.3269005,1185348000.0,0.2963584338919891,0.12408960847299728,0.27472412724799483,0.0351138883812699,7.542668734609284,2.3022487664306423e-14,ok
SBSI,2018,7584526628.010736,E_pb,False,7584526628.010736,6663719418.2168865,5384522782.8692045,914528000.0,0.235967922807012,0.108991980701753,0.22230486738918634,-0.0830362159716142,9.54345360398492,6.907662471536242e-22,ok
SBSI,2019,8684870267.61888,E_pb,False,8684870267.61888,7930594621.0014925,5887768545.137065,1159928000.0,0.2333278503946171,0.10833196259865427,0.21860065881606758,-0.0319311589440248,9.527697744038091,8.040492397854247e-22,ok
SBSI,2020,6864729521.2269335,E_pb,False,6864729521.2269335,4479932659.9765625,5613376057.154288,1113205000.0,0.2042413788835161,0.10106034472087902,0.18984396275664697,0.2132503464812818,11.402344608533168,2.0350391008965885e-30,ok
SBSI,2021,9969469410.421255,E_pb,False,9969469410.421255,3664581369.065492,6348302571.087162,526051000.00000006,0.5155362093238317,0.17888405233095794,0.4986627054942917,-0.1281648771422332,5.496317444751185,1.939020757631881e-08,ok
SBSI,2022,10684560622.91481,E_pb,False,10684560622.91481,2593932636.6902456,6269329624.299572,533450000.00000006,0.2718376435587732,0.1179594108896933,0.26452027277204526,0.3955651869396119,12.877992961637858,2.993616688074322e-38,ok
SBSI,2023,9076453363.235064,E_pb,False,9076453363.235064,1398366546.6318367,5092501340.928434,876615000.0,0.2452433867311396,0.1113108466827849,0.23344729839840284,-0.108404476083799,9.826264773727793,4.338890484138368e-23,ok
SFBS,2016,22476095271.21265,E_pb,False,22476095271.21265,1404662689.9510841,4927851157.891637,411206000.0,0.2364840051229442,0.10912100128073605,0.23419573047066738,0.0351138883812699,17.19473391261776,1.4539487481959812e-66,imputed_sigmaE_sizebucket
SFBS,2017,24327438903.721664,E_pb,False,24327438903.721664,2433209598.1079116,6154970765.730593,366629000.0,0.2602568778080121,0.11506421945200303,0.2581012249059488,0.0351138883812699,16.318301701701106,3.6571122165918883e-60,imputed_sigmaE_sizebucket
SFBS,2018,18217345524.720116,E_pb,False,18217345524.720116,2367000520.029996,6967187340.453397,353391000.0,0.245226588249759,0.11130664706243976,0.24267816471937662,0.0351138883812699,16.348544460600948,2.2274737322916277e-60,imputed_sigmaE_sizebucket
SFBS,2019,20182395490.873123,E_pb,False,20182395490.873123,2186680905.0935965,7187621857.226425,535452000.0,0.2433215292923797,0.11083038232309493,0.2398973005129059,0.0351138883812699,15.264774045145888,6.56408908815622e-53,imputed_sigmaE_sizebucket
SFBS,2020,24127416384.149586,E_pb,False,24127416384.149586,2290187378.1493163,8522744678.695479,916293000.0,0.2378046831098632,0.1094511707774658,0.23310851677637165,0.0351138883812699,14.22507385832772,3.2018353304263263e-46,imputed_sigmaE_sizebucket
SFBS,2021,54689131432.238686,E_pb,False,54689131432.238686,5543639381.999091,11699614414.548258,1776483000.0,0.6550777488618563,0.2137694372154641,0.6411936050111005,0.0351138883812699,5.128787210034256,1.4580736776938248e-07,imputed_sigmaE_sizebucket
SFBS,2022,37258284722.60628,E_pb,False,37258284722.60628,4778743362.544991,10793325907.78397,1683524000.0,0.2510670492102654,0.11276676230256635,0.2450880805939249,0.2711701018059274,13.800406948723433,1.2670899895597649e-43,ok
SFNC,2016,13427851736.841377,E_pb,False,13427851736.841377,2995995590.4362726,7306123364.164381,448585000.0,0.254466433889419,0.11361660847235475,0.24991316707222772,0.0351138883812699,13.747714579355911,2.6281942180375165e-43,ok
SFNC,2017,33811521122.784676,E_pb,False,33811521122.784676,13086955384.804794,13376430199.986116,1643033000.0,0.276861333589923,0.11921533339748075,0.2695557113068963,0.2333477231294918,12.126344321488187,3.8296463032084005e-34,ok
SFNC,2018,14629412050.05592,E_pb,False,14629412050.05592,10119580410.517782,14050761797.590746,1795192000.0,0.2392193279868035,0.10980483199670088,0.22507445927779657,-0.0644150896138539,9.436539972691422,1.9264615502096074e-21,ok
SFNC,2019,19786837161.236168,E_pb,False,19786837161.236168,9382395790.874273,17779870351.30862,1836004000.0,0.2608210223310374,0.11520525558275935,0.24845672995061735,-0.1374484011025893,9.24847144337902,1.138629431458052e-20,ok
SFNC,2020,15945237113.382502,E_pb,False,15945237113.382502,4791401503.593593,15714455365.491762,2024052000.0,0.2620107543515355,0.11550268858788387,0.2455081569669676,0.1388992269305318,9.337061649054581,4.952229938772628e-21,ok
SFNC,2021,23416203153.706093,E_pb,False,23416203153.706093,9499240427.089062,20585958849.868896,1907507000.0,0.6200067222335999,0.20500168055839996,0.5887464915159899,-0.1623686060968768,3.822127475743669,6.615263013441786e-05,ok
SFNC,2022,21866646860.597843,E_pb,False,21866646860.597843,6782912078.718137,22802678622.881714,1385688000.0,0.3285441979301866,0.13213604948254665,0.3168395490836184,0.4033860924399892,10.015798960664858,6.495398983825667e-24,ok
SFNC,2023,18801748279.19834,E_pb,False,18801748279.19834,6545306530.963386,22508892564.857754,1406476000.0,0.276242818737349,0.11906070468433726,0.26530307123700136,-0.2461456131338717,8.984682668243575,1.2974099950520562e-19,ok
SFST,2018,2529498481.638327,E_pb,False,2529498481.638327,1380499022.4286728,1817156377.55318,63403000.0,0.2306390474468894,0.10765976186172235,0.22763189283682314,0.0351138883812699,16.3431728068177,2.432692310830302e-60,ok
SFST,2019,3359424234.40993,E_pb,False,3359424234.40993,1224388263.2620242,2025812583.656491,145890000.0,0.213609992984259,0.10340249824606476,0.2090231941034272,-0.2225454546033852,14.040507541273756,4.403978015501328e-45,ok
SFST,2020,2914539486.302265,E_pb,False,2914539486.302265,316752863.0529398,2081706798.994022,60998000.0,0.2463269467038603,0.11158173667596508,0.24356469337681663,0.3249142500288049,17.17240378597666,2.1367484259550617e-66,ok
SFST,2021,5149659886.622374,E_pb,False,5149659886.622374,422962597.9748355,2695452026.70597,36106000.0,0.8097715944414636,0.2524428986103659,0.8058911821105506,-0.1680395387617741,5.552168862352253,1.410734207780172e-08,ok
SFST,2022,4331638724.920364,E_pb,False,4331638724.920364,1944538209.9217262,3330252008.311813,211214000.0,0.3161790315068464,0.1290447578767116,0.30747846803629975,0.7677510607698173,12.322547951117874,3.4247701945631206e-35,ok
SFST,2023,3595927188.140351,E_pb,False,3595927188.140351,1866295743.86952,3475955213.129598,311322000.0,0.2603448578090931,0.11508621445227328,0.24877093221857932,-0.2678828612452523,8.967827378831258,1.51210262736406e-19,ok
SHBI,2018,1424108657.3690882,E_pb,False,1424108657.3690882,151017882.17898056,987396345.1317308,75812000.0,0.1983089923035407,0.09957724807588518,0.19331869434570337,0.0351138883812699,15.525341400052714,1.1687835386193272e-54,ok
SHBI,2019,1736719109.0204282,E_pb,False,1736719109.0204282,185096053.45577675,1433564976.3657916,16226000.0,0.2466191397476552,0.1116547849369138,0.2453698526993101,-0.1133871068175885,18.498390649077233,1.0636593657018125e-76,ok
SHBI,2020,1683010609.431452,E_pb,False,1683010609.431452,137873340.0660516,1631764787.7416582,25479000.0,0.2205232923370867,0.10513082308427169,0.21880242455547294,0.2260530126328177,20.144320509573948,1.5091155426762844e-90,ok
SHBI,2021,4007592458.388392,E_pb,False,4007592458.388392,424167597.3033144,3049988367.1378026,57040000.0,0.87707721881318,0.269269304703295,0.8685476989178993,-0.1221426065648876,4.337120081174577,7.2180882398536286e-06,ok
SHBI,2022,3223628518.968484,E_pb,False,3223628518.968484,664538440.287355,3090892588.8408213,83072000.0,0.255120391709495,0.11378009792737376,0.25156959513214694,0.4688210414578815,16.38185193327399,1.2888680539302422e-60,ok
SHBI,2023,5489998605.587031,E_pb,False,5489998605.587031,351521012.4927411,4981173339.249353,72669000.0,0.2177201111352403,0.10443002778381008,0.21624012389695985,-0.1435980525219428,19.288465759198775,3.3568102877969386e-83,ok
SMBK,2018,1989877972.478559,E_pb,False,1989877972.478559,332516577.7237231,1916120899.442136,62176000.0,0.2722802634624963,0.11807006586562407,0.2676077873120751,0.0351138883812699,13.063649584743185,2.6559439820593538e-39,ok
SMBK,2019,2519282361.729722,E_pb,False,2519282361.729722,472599950.4491446,2129695656.1256645,70884000.0,0.2768293233085931,0.11920733082714828,0.272515748134374,-0.1580645161424427,12.48821669026849,4.328620159603648e-36,ok
SMBK,2020,2443302745.757592,E_pb,False,2443302745.757592,87958283.09485455,1394211330.6150537,120545000.0,0.2363769137507673,0.10909422843769183,0.23039243541095433,0.2973846645829423,14.445290397862397,1.342117816151522e-47,ok
SMBK,2021,4790281168.201107,E_pb,False,4790281168.201107,1069191638.7598531,4087742142.891281,137015000.0,0.7335107401461792,0.23337768503654482,0.7196033702202378,-0.2231490078252933,4.308473081672705,8.219273926016068e-06,ok
SMBK,2022,4854090211.447568,E_pb,False,4854090211.447568,835453231.444139,4050981900.635058,120960000.0,0.249939123174617,0.11248478079365426,0.24659715142604172,0.5234887945726547,17.071626831639794,1.2068951263201191e-65,ok
SMBK,2023,4311977570.84213,E_pb,False,4311977570.84213,408525614.0716714,4182568065.5416446,63177000.0,0.2602538953804441,0.11506347384511102,0.25815735339254076,0.0157827674316366,16.34745987358853,2.2674702322723684e-60,ok
SNV,2016,49803836629.7842,E_pb,False,49803836629.7842,3891477159.757624,,2320580000.0,0.2235754132797053,0.10589385331992632,0.21833622803661484,0.0351138883812699,14.304061658008825,1.0320149418955016e-46,ok
SNV,2017,59006791577.66694,E_pb,False,59006791577.66694,5162794532.520831,,1867328000.0,0.272076053767611,0.11801901344190276,0.2673503176585197,0.2876498971795267,13.974965207413863,1.1081094499489235e-44,ok
SNV,2018,37998453589.38899,E_pb,False,37998453589.38899,5877454943.522633,,2544849000.0,0.2024258027301675,0.10060645068254187,0.19603473787629286,0.1827847952565191,14.95586600740332,7.130716940462328e-51,ok
SNV,2019,57790687533.34181,E_pb,False,57790687533.34181,9143607969.258823,,4077729000.0,0.2564454183812035,0.11411135459530088,0.2470642224154907,-0.317412139129267,9.598868960680974,4.041323162876167e-22,ok
SNV,2020,54876337875.93565,E_pb,False,54876337875.93565,2453029734.305991,,1439960000.0,0.2850647262514521,0.12126618156286303,0.28087653630811843,0.2663014116425615,13.860980660824888,5.458622815892369e-44,ok
SNV,2021,81451766400.12979,E_pb,False,81451766400.12979,6394232646.554334,,1468362000.0,0.8628144164314484,0.2657036041078621,0.8522406891167219,-0.1186519019315744,4.16774438205546,1.5381431380876736e-05,ok
SNV,2022,76108693022.87183,E_pb,False,76108693022.87183,6632921981.763921,,4859569000.0,0.3416411497974732,0.13541028744936828,0.32926354553042075,0.5222732873655318,9.96518925601075,1.0823060196798156e-23,ok
SNV,2023,69523883872.03117,E_pb,False,69523883872.03117,3078152713.402732,,2125103999.9999998,0.3957471540516553,0.1489367885129138,0.38842677576543827,-0.1887648767838796,8.376754466930459,2.720359296638268e-17,ok
SPFI,2020,3124761042.0973835,E_pb,False,3124761042.0973835,386238888.2236317,2279767013.41392,223532000.0,0.2481962452728887,0.11204906131822218,0.23910706104046828,0.0351138883812699,11.34713110522072,3.831804827007083e-30,ok
SPFI,2021,4582008847.373358,E_pb,False,4582008847.373358,434718655.5468011,3045878622.6571813,122168000.0,0.7240167563162441,0.231004189079061,0.7112131646851465,-0.0831518364403768,4.660691312627926,1.5757453728975357e-06,ok
SPFI,2022,5017896972.954747,E_pb,False,5017896972.954747,470482205.8084138,3130057580.0544224,122354000.0,0.2962974322188085,0.12407435805470213,0.29219798607753145,0.486843307366426,14.312529097840217,9.137231752149114e-47,ok
SPFI,2023,4781818314.125999,E_pb,False,4781818314.125999,402201706.05400383,3300692641.1028666,110168000.0,0.2512684863866598,0.11281712159666495,0.24815054840058237,0.0066322962172433,15.189126918922991,2.0872130888980858e-52,ok
SRCE,2017,9895678933.79637,E_pb,False,9895678933.79637,1014458159.3398019,4398338427.425124,343419000.0,0.2287987585352881,0.10719968963382204,0.22472032985796914,0.0351138883812699,15.151641168927055,3.694897860436899e-52,ok
SRCE,2018,8140572777.081996,E_pb,False,8140572777.081996,1070012381.3020879,4812876133.132059,329231000.0,0.2192837295729979,0.10482093239324948,0.21483442919129903,0.1249343918482399,15.590426902186765,4.228326611603202e-55,ok
SRCE,2019,10140486356.98896,E_pb,False,10140486356.98896,985349196.6556015,5172410617.810999,276296000.0,0.2308466641895133,0.10771166604737833,0.2275806165482421,-0.1689533837825504,15.092897267346833,9.017303588538055e-52,ok
SRCE,2020,8105130806.787468,E_pb,False,8105130806.787468,750143422.5733732,5270109583.387933,291269000.0,0.2172195375252246,0.10430488438130615,0.21330255657346125,0.3159253873728278,17.13288164700783,4.2185147704636334e-66,ok
SRCE,2021,10400821584.355673,E_pb,False,10400821584.355673,1086843677.62357,6210381439.029559,330042000.0,0.5761342620840685,0.19403356552101714,0.5643822463116459,-0.1985226371120454,5.535030769994288,1.5558686040592356e-08,ok
SRCE,2022,12150522386.667286,E_pb,False,12150522386.667286,819781093.3473138,5993618437.666591,320848000.0,0.2855521397929257,0.12138803494823143,0.2813287286457819,0.264046723600932,13.808391528664073,1.1342006209406671e-43,ok
SSB,2016,15924167621.553564,E_pb,False,15924167621.553564,1859799864.5191383,7426550581.753742,369138000.0,0.2364840051229442,0.10912100128073605,0.23359849339166533,0.0351138883812699,16.24654659251532,1.1815299085363841e-59,imputed_sigmaE_sizebucket
SSB,2017,19373998302.92176,E_pb,False,19373998302.92176,3542480931.4894156,12667087655.042559,503249000.0,0.2602568778080121,0.11506421945200303,0.2565809130724794,0.0351138883812699,14.336385701484994,6.481649112098152e-47,imputed_sigmaE_sizebucket
SSB,2018,12835075555.251745,E_pb,False,12835075555.251745,4097311164.9780717,12976458669.102821,536732999.99999994,0.245226588249759,0.11130664706243976,0.2398511559365987,0.0351138883812699,13.432300352033042,1.9553593430500232e-41,imputed_sigmaE_sizebucket
SSB,2019,18265047301.039043,E_pb,False,18265047301.039043,2623081262.1810217,11173092310.218075,1114677000.0,0.2433215292923797,0.11083038232309493,0.23570094439982975,0.0351138883812699,12.146744391026717,2.9847837724144447e-34,imputed_sigmaE_sizebucket
SSB,2020,40429478962.44018,E_pb,False,40429478962.44018,2223889063.099716,24763426864.04762,1169845000.0,0.2378046831098632,0.1094511707774658,0.23419516015775785,0.0351138883812699,15.281711433664873,5.062321897485306e-53,imputed_sigmaE_sizebucket
SSB,2021,47101114053.905136,E_pb,False,47101114053.905136,4885559190.612271,34102249694.86574,1108305000.0,0.6550777488618563,0.2137694372154641,0.6449323412228974,0.0351138883812699,5.581775626255591,1.1903769426526719e-08,imputed_sigmaE_sizebucket
SSB,2022,48946717368.53145,E_pb,False,48946717368.53145,5978206666.173173,37903693111.53993,948692000.0,0.2978261819473289,0.12445654548683223,0.29452979878834606,0.0351138883812699,13.425942266539582,2.130647298227711e-41,imputed_sigmaE_sizebucket
SSB,2023,50961521096.10189,E_pb,False,50961521096.10189,5548405083.717131,38155271313.3519,981089000.0,0.2671130394526987,0.11677825986317468,0.26427352487497874,0.0351138883812699,15.020139452772966,2.709679145682333e-51,imputed_sigmaE_sizebucket
STBA,2017,10043209864.918991,E_pb,False,10043209864.918991,1207116962.3159943,4508815340.321966,683081000.0,0.2852090555851421,0.12130226389628553,0.2747710004751699,0.0351138883812699,10.012715978818823,6.701087700917739e-24,ok
STBA,2018,9321103434.417583,E_pb,False,9321103434.417583,1371142469.6231422,5028567279.429023,606325000.0,0.2519224302342708,0.1129806075585677,0.24343645612824966,0.042186715387344,11.535645540447312,4.3615168970207785e-31,ok
STBA,2019,11162957006.988817,E_pb,False,11162957006.988817,4046927138.8069997,7947048529.183091,416352000.0,0.2289620997261581,0.10724052493153953,0.22458541187040598,-0.0267407618289755,14.57567492508586,2.005692309601329e-48,ok
STBA,2020,7388542166.444231,E_pb,False,7388542166.444231,1015487508.85361,7324015699.478716,227927000.0,0.2181159698707197,0.10452899246767994,0.21471681752955304,0.0948563663877697,16.67707041667515,9.621353848632694e-63,ok
STBA,2021,9589265502.519255,E_pb,False,9589265502.519255,1174049672.5326161,8342300000.017431,161314000.0,0.5987263050972941,0.19968157627432354,0.5921244922133811,-0.3539771180841548,6.033269091178569,8.033776185050262e-10,ok
STBA,2022,9756098172.951992,E_pb,False,9756098172.951992,7289742824.003909,8591707386.226948,440233000.0,0.3212631208682311,0.13031578021705778,0.3130188495523014,0.3167207620857712,10.894581844866883,6.116359204713602e-28,ok
STBA,2023,9006708485.20392,E_pb,False,9006708485.20392,5888791872.928991,8797661244.551939,504606000.0,0.2368713386065166,0.10921783465162915,0.23009890729674704,0.126125455287221,13.194813386986546,4.699366478076644e-40,ok
STEL,2019,4974351365.460004,E_pb,False,4974351365.460004,30312163952.871895,3472760106.2728496,50485000.0,0.2188224950112741,0.10470562375281853,0.21767595215366292,0.0351138883812699,21.18697237123293,6.296977138940509e-100,ok
STEL,2020,4480207776.605253,E_pb,False,4480207776.605253,9468059784.359259,3928471087.3879714,50000000.0,0.245106703053711,0.11127667576342776,0.24362961818376966,0.0727945987440845,18.674318073599274,4.005323990894449e-78,ok
STEL,2021,5604092057.088738,E_pb,False,5604092057.088738,,,50000000.0,0.7825581274564173,0.2456395318641043,0.7778100742750125,-0.1633958079948435,5.479771851260792,2.1293731611013846e-08,ok
STEL,2022,12098911449.030119,E_pb,False,12098911449.030119,,,173292000.0,0.305823454371611,0.12645586359290276,0.30329065994147303,0.1578740652113943,14.415200002199848,2.0761729729222998e-47,ok
SYBT,2017,7581241412.916166,E_pb,False,7581241412.916166,1035849168.6239065,2547796413.7932243,281283000.0,0.2357558384493781,0.10893895961234454,0.2312189454292028,0.0351138883812699,14.44035871644103,1.4416877847487918e-47,ok
SYBT,2018,6532119917.090296,E_pb,False,6532119917.090296,273628400.65823907,2454930456.2699356,94518000.0,0.259284659357289,0.11482116483932225,0.2572241271921568,-0.1796733690879295,15.695677966495943,8.095182011657942e-56,ok
SYBT,2019,8226961497.383795,E_pb,False,8226961497.383795,2372600983.086304,3541019536.068663,122735000.0,0.2302425954729251,0.10756064886823127,0.22843925223509068,-0.1059217900170828,17.895080788242584,6.440494921977343e-72,ok
SYBT,2020,9416118650.218313,E_pb,False,9416118650.218313,1417555510.327999,4330389101.063199,91082000.0,0.2049697282405638,0.10124243206014095,0.2039759878180885,0.2868978595246831,24.09175395729664,1.525105860802523e-128,ok
SYBT,2021,16490536739.651768,E_pb,False,16490536739.651768,1568913779.2502856,6301263869.392927,85840000.0,0.5638056975723946,0.19095142439309865,0.5618748889697432,0.0175842431233343,9.117654877916863,3.8383718988427434e-20,ok
SYBT,2022,18196092775.392838,E_pb,False,18196092775.392838,2719283407.8206935,6938781978.747155,218474000.0,0.273919716247019,0.11847992906175475,0.27207554839448533,0.6101000231242937,18.40414469179713,6.084538284892057e-76,ok
TBBK,2017,7906839394.777414,E_pb,False,7906839394.777414,460937478.82137674,4198591153.2751317,55941000.0,0.5532513203244112,0.18831283008110278,0.5506875143332162,0.0351138883812699,8.792139539948648,7.336917982776479e-19,ok
TBBK,2018,4832451679.263565,E_pb,False,4832451679.263565,539051094.7799622,4025890118.894962,55168000.0,0.4654652178182752,0.1663663044545688,0.46208920046519525,0.2569974554247047,10.029041691353967,5.680695318065944e-24,ok
TBBK,2019,8524873559.309527,E_pb,False,8524873559.309527,560159412.9326981,5155595200.960635,54474000.0,0.3060015989394926,0.12650039973487315,0.30486186794504627,-0.1943319837523395,15.805805079522939,1.4187110482031918e-56,ok
TBBK,2020,8278972308.297588,E_pb,False,8278972308.297588,497280962.26525396,4807148631.0522,152034000.0,0.3416462291892004,0.1354115572973001,0.33792725651146027,0.6293969849205028,13.576492328679334,2.7603844959476707e-42,ok
TBBK,2021,14892269168.49711,E_pb,False,14892269168.49711,487155937.0844047,5218713836.40834,151646000.0,0.9266383221752206,0.28165958054380513,0.9201367934735529,0.0524286812192866,4.593102759572008,2.18351942327718e-06,ok
TBBK,2023,19206252302.080067,E_pb,False,19206252302.080067,2325489152.7710004,7245029831.143428,147863000.0,0.4624077741540281,0.16560194353850705,0.4601402150407688,0.8542124541502945,12.219584259707753,1.2216549329471405e-34,ok
TCBI,2016,40057996486.427315,E_pb,False,40057996486.427315,13298739323.964699,,2504025000.0,0.3173109221403382,0.12932773053508456,0.3062514236738602,0.0351138883812699,9.212305991295441,1.595963386637364e-20,ok
TCBI,2017,46258358876.470726,E_pb,False,46258358876.470726,31679505972.805145,,3559852000.0,0.4194431566777778,0.15486078916944446,0.40053693637061455,0.5864022661213681,7.851582933622695,2.0540935182452097e-15,ok
TCBI,2018,25448376578.66274,E_pb,False,25448376578.66274,23204664148.084614,,4936347000.0,0.2978956394266878,0.12447390985667195,0.26972128950109153,0.1339285713672628,7.099432796662302,6.263497051002188e-13,ok
TCBI,2019,31915376797.630653,E_pb,False,31915376797.630653,15085917023.653177,,2937301000.0,0.3090377908125263,0.12725944770313158,0.2937179433077281,-0.4253093363161485,6.826938679878964,4.337287548716242e-12,ok
TCBI,2020,37761581158.262054,E_pb,False,37761581158.262054,9121682121.329899,,3507647000.0,0.3274007886637742,0.13185019716594354,0.3107801132543585,0.1111763554597791,8.13454853537322,2.067381501723327e-16,ok
TCBI,2021,33121990380.378338,E_pb,False,33121990380.378338,10211629646.618544,,3131829000.0,0.8238771994882542,0.25596929987206357,0.7748178049266511,0.0480887789434587,2.835305291889438,0.0022890956344827477,ok
TCBI,2022,28060765908.634193,E_pb,False,28060765908.634193,6747061257.559926,,2135460999.9999998,0.399714358570078,0.14992858964251948,0.3820496427261494,0.0126050420128356,6.7757124182405875,6.18973540145326e-12,ok
TCBI,2023,27375035359.0265,E_pb,False,27375035359.0265,7774607303.944422,,2360697000.0,0.3647110025463972,0.14117775063659932,0.34696486901209,0.0009958505848728,7.130969960827398,4.983203541046189e-13,ok
TCBK,2017,7873595464.344447,E_pb,False,7873595464.344447,1075244986.3513246,4081724206.31664,179024000.0,0.2310016867604817,0.10775042169012042,0.2282615927357167,0.0351138883812699,16.714572990618493,5.132630563711732e-63,ok
TCBK,2018,7800736777.987439,E_pb,False,7800736777.987439,251884439.90776038,4926882133.551667,72881000.0,0.2336778286651766,0.10841945716629416,0.2325183927323412,0.1277764382887343,20.571228514834516,2.4845615174870773e-94,ok
TCBK,2019,8787763404.35281,E_pb,False,8787763404.35281,1138842602.4155965,6067915233.926704,75686000.0,0.2067885505328714,0.10169713763321786,0.20589116303576255,-0.0909344224618965,22.589449745155083,2.7514386555520763e-113,ok
TCBK,2020,8564871500.169141,E_pb,False,8564871500.169141,728767895.6869894,6845355729.868948,84549000.0,0.1926457106404847,0.09816142766012118,0.19172211678335283,0.2335565460544615,25.26100951630595,4.286350159644599e-141,ok
TCBK,2021,10862819336.395052,E_pb,False,10862819336.395052,1346772437.0568535,7974328936.710871,108166000.0,0.5507887448827405,0.18769718622068515,0.5472089240799588,-0.108320199480042,7.970088007364729,7.928070508971826e-16,ok
TCBK,2022,15535889560.860626,E_pb,False,15535889560.860626,3674627648.049371,9032230969.541824,365645000.0,0.3020611913000161,0.12551529782500404,0.2980016382441394,0.2454159458274822,13.333891251437235,7.351216186323478e-41,ok
TFC,2016,277704622417.475,E_pb,False,277704622417.475,26832005551.463993,,23371000000.0,0.2128881595400814,0.10322203988502035,0.20437532524988258,0.1285860546983458,13.032722749582158,3.9855781649016227e-39,ok
TFC,2017,282009887042.4,E_pb,False,282009887042.4,41470157560.48585,,28586000000.0,0.2329371259923461,0.10823428149808653,0.22145997622498206,0.2847304677749867,11.947006558497938,3.365304395292673e-33,ok
TFC,2018,240421583121.53,E_pb,False,240421583121.53,35831519651.303085,,28887000000.0,0.1720835304458284,0.0930208826114571,0.16360298860227027,0.0867458771149896,14.094052512293928,2.0657788140988993e-45,ok
TFC,2020,477548062678.908,E_pb,False,477548062678.908,52880479975.26848,,45689000000.0,0.206396446346493,0.10159911158662326,0.19724555515516703,-0.1021990357776408,11.744371756641236,3.774067125854406e-32,ok
TFC,2021,621020970790.756,E_pb,False,621020970790.756,76452691875.80984,,41205000000.0,0.6671290471720958,0.21678226179302396,0.6391075860545463,-0.111306599219999,3.851482029467818,5.8702573420864294e-05,ok
TFC,2022,518147385809.80005,E_pb,False,518147385809.80005,96322358289.85614,,66625000000.0,0.2820050187874403,0.12050125469686007,0.26360437514618135,0.2607242291475842,9.09743398404062,4.6245573227289775e-20,ok
TFC,2023,442942256732.91,E_pb,False,442942256732.91,53022415818.095985,,63746000000.0,0.3235489399761165,0.13088723499402913,0.29931034181917904,-0.2351373089911292,5.990634466607915,1.0451198395225866e-09,ok
TFIN,2017,5210313691.733412,E_pb,False,5210313691.733412,2991491067.8774357,,463939000.0,0.2888336820588782,0.12220842051471956,0.27521004535899063,0.0351138883812699,9.08827536408116,5.0311212697970866e-20,ok
TFIN,2018,5201850917.550042,E_pb,False,5201850917.550042,4192339803.5305786,,422497000.0,0.2669193633592125,0.11672984083980313,0.25563723365705077,0.2045889101332842,10.798863770464502,1.742446215617324e-27,ok
TFIN,2019,6711629912.117549,E_pb,False,6711629912.117549,4406295084.771156,4490668476.2566595,558926000.0,0.2973018529588031,0.12432546323970078,0.28400424507726485,-0.0571428571296026,8.690359137553486,1.806477648052826e-18,ok
TFIN,2020,9754448677.605982,E_pb,False,9754448677.605982,905722811.725524,,427540000.0,0.2941917337137358,0.12354793342843395,0.28702642910733434,0.2801346801012367,11.87789701600204,7.709897984969707e-33,ok
TFIN,2021,20612144547.698074,E_pb,False,20612144547.698074,3495716941.90223,,356806000.0,0.7526445541651002,0.23816113854127507,0.7438901451555742,0.2769594951180698,5.476452548997525,2.169685334342342e-08,ok
TFIN,2022,7179263756.643581,E_pb,False,7179263756.643581,1471851921.7375507,,179298000.0,0.4091570790811872,0.1522892697702968,0.40289826302487797,1.4527291452052171,12.623872227479518,7.797988087375009e-37,ok
TFIN,2023,11268506653.333439,E_pb,False,11268506653.333439,4074632986.9951916,,405418000.0,0.5140850275012191,0.1785212568753048,0.5024313979978995,-0.5896036278157017,5.263150483358541,7.080378923733248e-08,ok
THFF,2017,3926181875.8613214,E_pb,False,3926181875.8613214,1427431645.2484696,2884113911.6671815,57686000.0,0.2140087343898531,0.10350218359746327,0.21240861081958243,0.0351138883812699,19.997066539458288,2.9204238880194817e-89,ok
THFF,2018,3251356882.2623,E_pb,False,3251356882.2623,730276041.5339781,2746726668.553826,69656000.0,0.2338406499310744,0.1084601624827686,0.2312108789716345,-0.0953322769230976,16.186066863802825,3.1622053798318647e-59,ok
THFF,2019,4379059132.41723,E_pb,False,4379059132.41723,728922997.50548,3491175107.8396497,111092000.0,0.2619107849163043,0.11547769622907608,0.2582878456858192,-0.0943388221564339,13.827936099138975,8.64553627598811e-44,ok
THFF,2020,3888051584.30504,E_pb,False,3888051584.30504,551219935.5742711,3732075571.9210067,121920000.0,0.2379692603611828,0.1094923150902957,0.23406302091830622,0.1677974397707309,15.523934617109767,1.194697688009815e-54,ok
THFF,2021,4941276969.379296,E_pb,False,4941276969.379296,585508390.1524185,4360937429.435628,109311000.0,0.5224421011061688,0.1806105252765422,0.5150437641972675,-0.127511607013586,6.937111982221818,2.0009830177527632e-12,ok
THFF,2022,5710654359.403218,E_pb,False,5710654359.403218,489403457.7901621,4284805774.626511,80464000.0,0.233704509379459,0.10842612734486476,0.2319638439144433,0.1945416929809968,19.15776541569208,4.1688355824471354e-82,ok
THFF,2023,4494381516.4036045,E_pb,False,4494381516.4036045,536257394.1294912,3653455804.037786,175798000.0,0.1792442188008942,0.09481105470022355,0.17606592954446745,0.0441201112874884,18.789766400115518,4.579080029881809e-79,ok
TMP,2017,11784184803.85976,E_pb,False,11784184803.85976,1645919047.1150973,3894797653.323632,1163610000.0,0.2586319089218523,0.11465797723046307,0.24569306418471787,0.0351138883812699,9.826608667635982,4.32410467781872e-23,ok
TMP,2018,10294678530.01432,E_pb,False,10294678530.01432,1377101505.8029053,3647133447.0002675,1174780000.0,0.2590381902927157,0.11475954757317892,0.2442601897924736,-0.1207076813175925,8.712298253919407,1.4888748035114405e-18,ok
TMP,2019,12335185393.395794,E_pb,False,12335185393.395794,13231999446.166697,6371474092.507402,735481000.0,0.2624790754937218,0.11561976887343045,0.25421536296052044,-0.0553483230383359,10.97471059165567,2.528376167202859e-28,ok
TMP,2020,10645412884.62144,E_pb,False,10645412884.62144,3613672798.120943,6959539365.234008,344065000.0,0.2103282607436029,0.10258206518590073,0.20695487984564062,0.2502334425856107,17.842928996054457,1.64020541605528e-71,ok
TMP,2021,12773565247.231739,E_pb,False,12773565247.231739,3103133202.1394925,7367041183.07917,190787000.0,0.5789004367452381,0.19472510918630953,0.5732468061726319,-0.2038230114351376,6.717302406682979,9.255976759121538e-12,ok
TOWN,2016,14021176467.160242,E_pb,False,14021176467.160242,33761542751.800106,7807581790.008478,719258000.0,0.2265376311614691,0.10663440779036729,0.22068696557711429,0.0351138883812699,13.733896914542791,3.1808805549273875e-43,ok
TOWN,2017,13148115979.66996,E_pb,False,13148115979.66996,6174952958.403361,7545830913.223032,798969000.0,0.2332605280156028,0.1083151320039007,0.22610293929712952,0.6285740096182111,15.314778338002693,3.0459604047293916e-53,ok
TOWN,2018,11454946020.22455,E_pb,False,11454946020.22455,8292041480.090139,9861562403.270214,1094332000.0,0.2285309618385759,0.10713274045964398,0.21794469877356556,-0.0591024904935857,10.813140127323553,1.491407376710544e-27,ok
TOWN,2019,13765740370.513058,E_pb,False,13765740370.513058,5355973548.838513,10441587222.001026,772536000.0,0.2197212990971592,0.1049303247742898,0.2136215278533441,-0.2040018741447814,12.676824592251473,3.974364261247592e-37,ok
TOWN,2020,13201727966.879627,E_pb,False,13201727966.879627,3709912554.7202115,11630298712.809895,955731000.0,0.211822387608615,0.10295559690215375,0.2044730908886253,0.192058448017623,14.019811702655014,5.896356528483e-45,ok
TOWN,2021,19196866816.656418,E_pb,False,19196866816.656418,3281122988.8177347,14266434612.255499,481816000.0,0.5898420595958465,0.1974605148989616,0.580234927446755,-0.1224326826100002,5.892371882555878,1.9034561605198183e-09,ok
TRMK,2016,18602823359.36899,E_pb,False,18602823359.36899,2908938278.782278,8571475585.012697,1622500000.0,0.2230782739521483,0.10576956848803708,0.21366762714894888,0.0351138883812699,11.865411134514714,8.951045483694971e-33,ok
TRMK,2017,16883521129.265875,E_pb,False,16883521129.265875,1748348761.7650611,7418030605.871969,1503678000.0,0.2342623507771055,0.10856558769427638,0.22398305505674587,0.6013165535513672,13.750919525769076,2.514315203489467e-43,ok
TRMK,2018,15399848671.402271,E_pb,False,15399848671.402271,592046145.3231739,10030112505.282011,192212000.0,0.2182722517733622,0.10456806294334056,0.21687055702601674,-0.0802461026748656,19.79132501778382,1.7681096162090605e-87,ok
TRMK,2019,17469538497.101715,E_pb,False,17469538497.101715,1718372145.8655376,10932264919.31414,403272000.0,0.2215006642645473,0.10537516606613682,0.21888047412058176,-0.0821900556947046,16.836952799374853,6.54004877999186e-64,ok
TRMK,2020,15951471883.407396,E_pb,False,15951471883.407396,1785837144.5975823,12832804258.242384,517548000.0,0.2054103725462739,0.10135259313656847,0.20214029964580982,0.2472789693505084,18.239720942215907,1.2486501316211041e-74,ok
TRMK,2021,19629656385.95059,E_pb,False,19629656385.95059,2430346080.573318,14521466935.244368,514500000.0,0.539444432989176,0.18486110824729401,0.5303880537055573,-0.1790649171508082,6.31189424438249,1.3782028538308045e-10,ok
TRMK,2022,23294992077.88347,E_pb,False,23294992077.88347,3304536696.6464286,11930604913.386349,1685387000.0,0.3076834929162622,0.12692087322906553,0.29548772245349636,0.2237477599092161,9.733692851199375,1.0829212214125913e-22,ok
TRST,2017,9016992302.705555,E_pb,False,9016992302.705555,959927810.7549554,3916584669.606286,242991000.0,0.2606138000948262,0.11515345002370656,0.25679677853348015,0.0351138883812699,14.184658917094662,5.700937582161199e-46,ok
TRST,2018,6493134204.018761,E_pb,False,6493134204.018761,753211406.13296,4081621515.562698,161893000.0,0.2547603031790585,0.11369007579476463,0.25132856930002434,0.0855089882020383,15.000754467441432,3.6294740269654285e-51,ok
TRST,2019,7919279174.072304,E_pb,False,7919279174.072304,777120683.8636926,4382864212.459656,148666000.0,0.2333322274871504,0.1083330568717876,0.23102889915536853,-0.2301782343150834,16.175840025900346,3.7336151311583588e-59,ok
TRST,2020,6438206570.881806,E_pb,False,6438206570.881806,558802011.9599373,4263338613.6723895,214755000.0,0.2040649927185919,0.10101624817964798,0.20073861950905483,0.3073847227268609,18.534332233532584,5.456802569012226e-77,ok
TRST,2021,6338894403.5460615,E_pb,False,6338894403.5460615,653040461.600852,4507603857.6262,244686000.0,0.6177422940923482,0.20443557352308706,0.6023812956643896,-0.1974918822992835,4.836529255968338,6.606291693139363e-07,ok
TRST,2022,7005254357.210304,E_pb,False,7005254357.210304,590229715.3848815,4967402687.850191,122700000.0,0.2420344806080296,0.11050862015200741,0.23977040563375188,0.0393410174126909,16.98555456434673,5.252797377957829e-65,ok
TRST,2023,5565039608.489266,E_pb,False,5565039608.489266,448080121.94224334,5146150683.816704,88990000.0,0.2078839497728344,0.1019709874432086,0.20621696265561767,0.1758209188741497,20.881686533838582,3.9284555783516036e-97,ok
UBFO,2018,1371585918.266989,E_pb,False,1371585918.266989,183135521.42199585,884037469.057232,10155000.0,0.2865988146151465,0.12164970365378663,0.2853865336443307,0.0351138883812699,17.196061818154845,1.4210166339832555e-66,ok
UBFO,2019,1485627772.087022,E_pb,False,1485627772.087022,186606330.61976627,904529791.5985624,10808000.0,0.240403324221315,0.11010083105532875,0.23946221510563684,-0.101265873949834,20.047496239280065,1.0613109230250532e-89,ok
UBFO,2020,1101129051.34934,E_pb,False,1101129051.34934,112405186.16373242,995871132.5082498,10924000.0,0.2195743933825382,0.10489359834563455,0.21844785269865352,0.1800740595215335,21.8780603536036,2.1017202409355976e-106,ok
UBSI,2016,22007174139.931274,E_pb,False,22007174139.931274,6450096947.980965,11949394295.945194,1381577000.0,0.2356549783685886,0.10891374459214714,0.22816835488495144,0.0351138883812699,12.438679661100364,8.057279804621367e-36,ok
UBSI,2017,19393830595.685844,E_pb,False,19393830595.685844,12292513636.089079,16575720009.507286,1841564000.0,0.2552383532111784,0.1138095883027946,0.2429734470496204,0.2921443534016574,11.143935576655412,3.832768139071647e-29,ok
UBSI,2018,17034365916.225027,E_pb,False,17034365916.225027,16863971201.791096,17347060187.390457,1850430000.0,0.2435621928615812,0.1108905482153953,0.2305623387730486,-0.2212682820467767,9.000131321955037,1.1272392434379727e-19,ok
UBSI,2019,20366178533.64666,E_pb,False,20366178533.64666,23262548073.796387,17954528294.66979,2212683000.0,0.2373774860820587,0.10934437152051468,0.22483049846688524,-0.0704507916800994,9.905609687547784,1.967810940745718e-23,ok
UBSI,2020,23985225155.4039,E_pb,False,23985225155.4039,10144987905.734652,22698896133.4435,1557734000.0,0.2195703551740986,0.10489258879352464,0.21257674669482088,0.2881595412404651,14.407477104307402,2.321827121537277e-47,ok
UBSI,2021,29764322745.62354,E_pb,False,29764322745.62354,11006858921.697777,27007150428.58261,946238000.0,0.6211299615177949,0.20528249037944873,0.6083170831514798,-0.1146301512024495,5.22788665593945,8.572928121053077e-08,ok
UBSI,2022,32775894490.846756,E_pb,False,32775894490.846756,26455158277.0953,27075706968.41605,2358354000.0,0.3178429757376402,0.12946074393441004,0.30519799231020706,0.1635285080253261,9.233901103315944,1.304753658419389e-20,ok
UBSI,2023,29675285884.908382,E_pb,False,29675285884.908382,15843189487.849628,26594156393.37637,1985198000.0,0.2629016332092783,0.11572540830231957,0.25367328570849623,0.1604426285183289,11.422638506607633,1.6114899519986186e-30,ok
UCB,2016,19169204900.539722,E_pb,False,19169204900.539722,6415747465.562343,9405024232.369984,889287000.0,0.2364840051229442,0.10912100128073605,0.23083740595888752,0.0351138883812699,13.535322763669617,4.837826892314783e-42,ok
UCB,2017,18827480113.410473,E_pb,False,18827480113.410473,9016055430.481674,11085301899.377064,675196000.0,0.2568794452807293,0.11421986132018233,0.2519404728088647,0.541339979334261,15.372309529561784,1.2552886496290835e-53,ok
UCB,2018,14169367076.210472,E_pb,False,14169367076.210472,3306971478.2002807,11134815331.051392,427189000.0,0.2463904573617524,0.1115976143404381,0.2424455528571015,-0.0367403728170782,14.29262784871331,1.21627111395573e-46,ok
UCB,2019,18949451902.41348,E_pb,False,18949451902.41348,1981882545.7435255,11664380836.454905,212664000.0,0.2501859628137846,0.11254649070344615,0.24865841956929421,-0.2216173956212551,17.085462580598527,9.521353601704866e-66,ok
UCB,2020,22530369963.39709,E_pb,False,22530369963.39709,1467461690.9088953,,326956000.0,0.2468118498811121,0.11170296247027803,0.2448792239272697,0.4742306621407921,19.158216121825703,4.1328975080313563e-82,ok
UCB,2021,31268184804.12982,E_pb,False,31268184804.12982,2843395171.5457807,,247360000.0,0.6774174431656395,0.21935436079140985,0.6738221861342192,-0.0462069757966596,6.78838775659551,5.669677407722307e-12,ok
UCB,2022,31674679652.553555,E_pb,False,31674679652.553555,11192230673.373266,,1033596000.0,0.3095761446942054,0.12739403617355136,0.30381910936043316,0.2941320499437747,12.186735627018823,1.8289104023830945e-34,ok
UCB,2023,29598756294.868656,E_pb,False,29598756294.868656,2708903939.5690994,,324823000.0,0.294447431592881,0.12361185789822025,0.2925929969008475,-0.0346639468611141,15.193980732601226,1.9382314962866846e-52,ok
UMBF,2016,36599732843.54031,E_pb,False,36599732843.54031,2715854223.904581,12080864198.780695,1933709000.0,0.254853320086284,0.113713330021571,0.2477705458519912,0.0351138883812699,12.093872254279672,5.6897068326856495e-34,ok
UMBF,2017,33608378915.876602,E_pb,False,33608378915.876602,2582550318.9206853,14334149743.67793,1339985000.0,0.2673070241261314,0.11682675603153285,0.2615373319446002,0.6841178799617305,14.954386046763236,7.291015773430552e-51,ok
UMBF,2018,29227591936.6453,E_pb,False,29227591936.6453,4473918128.670653,17195430444.519302,1601591000.0,0.2409833557020977,0.11024583892552442,0.2341914783220839,-0.0536933275043312,12.282035614582828,5.655790498796253e-35,ok
UMBF,2019,31764958787.75676,E_pb,False,31764958787.75676,3364635811.3448157,16677625188.854115,1993998000.0,0.2256288999862215,0.10640722499655537,0.21858698269651838,-0.1386199592268749,12.199235166061078,1.5687857161982145e-34,ok
UMBF,2020,33529004903.28844,E_pb,False,33529004903.28844,2749606301.2360263,17074553908.725578,2585092000.0,0.2287065688055634,0.10717664220139085,0.22000730541635688,0.1470323268700946,12.543914858695786,2.146270799065165e-36,ok
UMBF,2021,64017997851.911385,E_pb,False,64017997851.911385,5922746572.544268,26806958828.93,3509979000.0,0.5704423208919189,0.19261058022297972,0.550803327735205,0.0275326038599887,5.142983416459591,1.3520475019399505e-07,ok
UMBF,2022,54334665819.03601,E_pb,False,54334665819.03601,3932696381.6878514,23172242223.86074,2603478000.0,0.310085984907406,0.1275214962268515,0.3017382833846499,0.5604885395845736,11.93114358037567,4.072342331117739e-33,ok
UMBF,2023,51956368870.43863,E_pb,False,51956368870.43863,2917419702.751676,17783240937.655663,4302891000.0,0.302239948091486,0.12555998702287152,0.28872689057680734,-0.1996090281828664,8.06780720554374,3.5785972859416956e-16,ok
UNB,2018,2571392319.76062,E_pb,False,2571392319.76062,157264276.07858133,684283174.8153818,27821000.0,0.3164099028198505,0.12910247570496264,0.3144050346968127,0.0351138883812699,14.385461757991516,3.192526131813685e-47,ok
UNB,2019,1863761912.193104,E_pb,False,1863761912.193104,136659174.82858306,648946650.8405136,47164000.0,0.2378284976225044,0.1094571244056261,0.23466013436583985,-0.0766257821215445,15.330911758467177,2.3763417781697346e-53,ok
UNB,2020,1547405770.45437,E_pb,False,1547405770.45437,,,7164000.0,0.3560710850188954,0.13901777125472387,0.3550708276040403,-0.2150484746261797,14.368399512504459,4.084873572472315e-47,ok
UNB,2021,1890035079.423918,E_pb,False,1890035079.423918,143488414.81229195,1083287579.549062,16171000.0,0.7693456479015901,0.24233641197539751,0.7648748477891815,-0.2512785309497241,5.524897831412338,1.648387003489097e-08,ok
UNB,2022,2490205748.9082,E_pb,False,2490205748.9082,415611300.8507536,1152845868.3339443,66205000.0,0.2747004142609173,0.11867510356522933,0.27065972725511445,0.178899414397772,14.024526746536269,5.5172886858169666e-45,ok
UNB,2023,2919073601.660736,E_pb,False,2919073601.660736,488517341.3132786,1257901513.635239,81935000.0,0.3347454930212905,0.13368637325532262,0.3292560789060133,-0.1534153210524176,10.305526838490897,3.3263076730796735e-25,ok
UNTY,2018,2195859387.784041,E_pb,False,2195859387.784041,5253592741.090093,1515600138.4138267,220310000.0,0.2099771131624451,0.10249427829061128,0.20017666478728746,0.0351138883812699,12.039273230922497,1.1044654035369438e-33,ok
UNTY,2019,2178550369.518016,E_pb,False,2178550369.518016,6829382349.412305,1648156564.2252972,293310000.0,0.3013764047089723,0.1253441011772431,0.2804884793287215,0.0639264780531823,7.686896273490149,7.537362664165413e-15,ok
USB,2016,831469047325.3359,E_pb,False,831469047325.3359,64672282311.32112,,47286000000.0,0.2028963591105147,0.10072408977762867,0.19739844710149704,0.1285860546983458,15.356731240875316,1.5963567148378998e-53,ok
USB,2017,840158413285.59,E_pb,False,840158413285.59,87043652982.82127,,48910000000.0,0.2035638539590011,0.10089096348975027,0.19791554726200233,0.2340085845101203,15.737094225303878,4.211171377484188e-56,ok
USB,2018,672097943718.3,E_pb,False,672097943718.3,73698327647.46951,,55479000000.0,0.1632766108253354,0.09081915270633385,0.15775160435874722,0.0661233083865171,16.655270936680708,1.385432691655127e-62,ok
USB,2019,858414409898.144,E_pb,False,858414409898.144,97659505359.94519,,62548000000.0,0.1892171226019484,0.0973042806504871,0.1829747783145026,-0.1236233539253724,13.931546980435577,2.0371698679928126e-44,ok
USB,2020,748298556951.136,E_pb,False,748298556951.136,49833110375.77914,,51829000000.0,0.1629956770113862,0.09074891925284656,0.15831582668585115,0.3360658392655635,19.330696594378395,1.48194586743645e-83,ok
USB,2021,910631387370.311,E_pb,False,910631387370.311,72790959991.73633,,42751000000.0,0.5838949384039546,0.19597373460098866,0.5665000089365414,-0.1788408364217985,4.881414778598745,5.266371988599537e-07,ok
USB,2022,919304018500.9199,E_pb,False,919304018500.9199,72716501565.47665,,69545000000.0,0.2642162862057539,0.11605407155143847,0.2537961502442954,0.243133342093951,11.290536639498145,7.307082953700345e-30,ok
USB,2023,831630358092.232,E_pb,False,831630358092.232,51773527073.12025,,65353000000.0,0.2917860538732647,0.12294651346831617,0.27948463224203973,-0.1911949936067656,8.547815744862824,6.2719880120375204e-18,ok
UVSP,2017,5726698051.652424,E_pb,False,5726698051.652424,912426414.0824158,3277541484.5371118,355590000.0,0.1933138931365913,0.09832847328414783,0.18776074189506894,0.0351138883812699,15.215346180154887,1.398679012818026e-52,ok
UVSP,2018,4607504374.716449,E_pb,False,4607504374.716449,1022828664.43672,3509900622.253381,429672000.0,0.2471827508172923,0.11179568770432308,0.23563421134707166,-0.0662656449316561,10.047570914243193,4.707988344012928e-24,ok
UVSP,2019,5887649113.618076,E_pb,False,5887649113.618076,876841956.7379981,3938512732.8641124,321128000.0,0.2174814212165453,0.10437035530413633,0.21163113383955917,-0.2076647339468823,12.908407113620994,2.0178147884970533e-38,ok
UVSP,2020,5238441077.626218,E_pb,False,5238441077.626218,322854204.00724626,3183755868.707995,319709000.0,0.2120540270564101,0.10301350676410254,0.20578193378522194,0.2809005381155602,15.139020144494863,4.476890474953712e-52,ok
UVSP,2021,7880364016.875183,E_pb,False,7880364016.875183,1528245760.4874938,6247645937.2446575,213980000.0,0.6113793680482671,0.20284484201206676,0.6005794542196756,-0.2042767768060404,5.408799176328724,3.172436359701901e-08,ok
UVSP,2022,6680088492.985325,E_pb,False,6680088492.985325,2009216397.0281422,5923616067.537229,440401000.0,0.3133712220843804,0.12834280552109512,0.30192724765493095,0.4959391191496813,10.709219483746592,4.606765607640525e-27,ok
VABK,2023,1895689888.1991239,E_pb,False,1895689888.1991239,257431201.6069154,1280741467.3068068,73421000.0,0.2231136131311649,0.10577840328279123,0.21873860891281116,0.0351138883812699,15.0879536589079,9.718888791740022e-52,ok
VBTX,2017,3867497038.9462,E_pb,False,3867497038.9462,3711677372.2971225,2866159843.1789336,102853000.0,0.2948025172512067,0.12370062931280168,0.29037007620507677,0.0351138883812699,12.557303775600289,1.8123767378298238e-36,ok
VBTX,2018,3091756917.12256,E_pb,False,3091756917.12256,1830581054.104336,3132052931.00469,44710000.0,0.2276424937903456,0.1069106234475864,0.22592147390853,0.0329464619886252,18.847616393721697,1.5369193353031024e-79,ok
VLY,2016,27507600388.893314,E_pb,False,27507600388.893314,2163418074.8207536,,2556443000.0,0.192242159492508,0.098060539873127,0.18423359128063607,0.0351138883812699,13.476673334926211,1.0728254011178075e-41,ok
VLY,2017,26686676701.513607,E_pb,False,26686676701.513607,2642664164.8004255,,3106221000.0,0.2452283380221025,0.11130708450552562,0.2312656475115255,0.2355105726158903,10.678766420646141,6.398034131934653e-27,ok
VLY,2018,26270272860.184063,E_pb,False,26270272860.184063,3004051471.5670214,,3828552000.0,0.2186094121141109,0.10465235302852773,0.20411414432532188,0.0008376902353577,10.00423498826706,7.300792413777026e-24,ok
VLY,2019,37788515511.635605,E_pb,False,37788515511.635605,2857331919.372262,,3273213000.0,0.2355143037841008,0.10887857594602521,0.22541960671097117,-0.1779031619747156,10.318509152890366,2.905927766913849e-25,ok
VLY,2020,33410795852.661316,E_pb,False,33410795852.661316,2232189035.078449,,3501115000.0,0.2387853065201448,0.1096963266300362,0.2265411459392419,0.34261222486003,11.79655274314296,2.0331523760868003e-32,ok
VLY,2021,49110032990.331825,E_pb,False,49110032990.331825,13170851841.91316,,2136581999.9999998,0.6211847895653563,0.20529619739133909,0.6038454964196142,-0.1005876979802518,4.793510655263578,8.194387520800136e-07,ok
VLY,2022,51547715587.83556,E_pb,False,51547715587.83556,10085362267.70001,,1738580000.0,0.3179534174483041,0.129488354362076,0.31180433942053337,0.4577645783848536,12.289001827431845,5.188977160223406e-35,ok
VLY,2023,48949474322.21656,E_pb,False,48949474322.21656,18477203131.74288,,3303332000.0,0.3232505308873848,0.1308126327218462,0.31108493995045006,-0.146031025086034,8.250942646945632,7.857498098048391e-17,ok
WABC,2016,15412655621.842707,E_pb,False,15412655621.842707,1367082975.420298,5143795716.230831,59078000.0,0.2336862575571994,0.10842156438929985,0.23320794092353364,0.0351138883812699,23.909272945486777,1.2264314509658905e-126,ok
WABC,2017,14542188753.398777,E_pb,False,14542188753.398777,1380533046.165964,5289034597.595133,58471000.0,0.2464461429914689,0.11161153574786722,0.2459061732604226,0.3922078855438919,23.920766099376937,9.312484036506435e-127,ok
WABC,2018,13339233339.725403,E_pb,False,13339233339.725403,1331492812.4148848,5362145703.129482,51247000.0,0.228905970991147,0.10722649274778676,0.22844028880026712,-0.0264485581431433,24.133664072035124,5.5419717629338955e-129,ok
WABC,2019,14013204173.895376,E_pb,False,14013204173.895376,1136763014.3891234,5470712890.265988,30928000.0,0.2340821242336964,0.1085205310584241,0.2338056123847875,-0.0392695556009395,25.883450258841428,5.1144286279485134e-148,ok
WABC,2020,11658870667.089733,E_pb,False,11658870667.089733,1390216546.7831695,6284383032.501616,102545000.0,0.184742799067652,0.096185699766913,0.1839706906748499,0.2485184159087687,27.036228747014537,2.772883672841571e-161,ok
WABC,2021,13716609213.35232,E_pb,False,13716609213.35232,1855941026.5430305,6916049335.554417,146246000.0,0.4469094805693018,0.16172737014232547,0.4439009558260488,-0.1612587324436954,9.66858778293176,2.0499822601226435e-22,ok
WABC,2022,18179847502.295673,E_pb,False,18179847502.295673,1057715655.2038039,6590236353.721799,57792000.0,0.2428098461674749,0.11070246154186872,0.242391220173068,0.0739870382322291,23.924145299037985,8.588089902315591e-127,ok
WAL,2017,52331542372.8321,E_pb,False,52331542372.8321,11134766978.008806,18977659864.008938,792922000.0,0.3206891672013235,0.13017229180033088,0.3178455616485876,0.0351138883812699,13.180202780757595,5.704188437089562e-40,ok
WAL,2018,35257518484.77447,E_pb,False,35257518484.77447,13848125348.31513,21737751775.79612,873869000.0,0.2477698446296029,0.11194246115740072,0.2444847413432293,0.1623896530931461,15.765769203735774,2.6758385297249164e-56,ok
WAL,2019,51163057570.35928,E_pb,False,51163057570.35928,4851093444.796767,24730579595.267094,410238000.0,0.2648880316165743,0.11622200790414358,0.26370547286089935,-0.302543270939892,17.052009587749634,1.6885985205324506e-65,ok
WAL,2020,63566466719.704895,E_pb,False,63566466719.704895,2801180801.2092996,30298862280.147003,569700000.0,0.2796198530409525,0.11990496326023813,0.2782011593870938,0.4590800556138403,18.490346787587438,1.2348058656258841e-76,ok
WAL,2021,131765311539.2408,E_pb,False,131765311539.2408,13146976679.800976,,2397700000.0,0.7650428987559578,0.24126072468898946,0.7556821032255664,0.0775684935567888,5.050518434678198,2.2030629238427382e-07,ok
WAL,2022,77599857070.06801,E_pb,False,77599857070.06801,16049920967.194304,,7192000000.0,0.3683253854816238,0.14208134637040595,0.3491354869994703,0.8172329898843211,9.232849514517389,1.3176308747409945e-20,ok
WASH,2017,8247496121.056527,E_pb,False,8247496121.056527,35363662681.78877,4427923520.81274,814037000.0,0.2468786584493763,0.11171966461234407,0.23473673716560925,0.0351138883812699,10.298136685158404,3.591965115129969e-25,ok
WASH,2018,7408094284.903124,E_pb,False,7408094284.903124,41006433111.86389,4894579395.518349,973403000.0,0.2486951269081981,0.11217378172704953,0.2328399303429341,-0.022186127427183,9.03492079150735,8.206062278846291e-20,ok
WASH,2019,7658414661.66236,E_pb,False,7658414661.66236,42989031739.86367,5153112473.882871,1164145000.0,0.2271846931840959,0.10679617329602398,0.21129931537315205,-0.0775380509534086,9.112492259136662,4.025541538286674e-20,ok
WASH,2020,7379658685.538984,E_pb,False,7379658685.538984,2540524118.4410357,4597449748.910472,616540000.0,0.2111510841578611,0.10278777103946528,0.20279582440289262,0.1771601177127628,13.408537345624406,2.6945602166594816e-41,ok
WASH,2021,9830554039.567945,E_pb,False,9830554039.567945,6784108014.266447,5709994578.161205,167681000.0,0.5750074207931738,0.19375185519829347,0.5686133608174365,-0.1179761102393793,6.697809215625714,1.0578361121291383e-11,ok
WASH,2022,10109418205.24677,E_pb,False,10109418205.24677,35282738960.80987,6476012712.474591,1002681000.0,0.284779063507983,0.12119476587699575,0.2700183181165551,0.3088214001979299,9.916821915848438,1.7588946764169256e-23,ok
WASH,2023,6988480859.748023,E_pb,False,6988480859.748023,23959368762.78832,6855844836.915197,1212681000.0,0.2220405909838639,0.10551014774596598,0.20480958678557348,-0.1247811299098666,8.621117974942498,3.3151777616989686e-18,ok
WBS,2016,45684159687.33903,E_pb,False,45684159687.33903,13643873683.056692,,4017948000.0,0.2528208156866413,0.11320520392166032,0.24153420644284898,0.0351138883812699,10.438358007023137,8.282555330821769e-26,ok
WBS,2017,48389931160.501114,E_pb,False,48389931160.501114,10909120511.577713,,2546141000.0,0.2919326373064066,0.12298315932660166,0.2834873612070344,0.4999705642764065,12.1902454042116,1.7518235762645836e-34,ok
WBS,2018,41392036062.230034,E_pb,False,41392036062.230034,18125187674.45439,,2634703000.0,0.2463001449393457,0.11157503623483643,0.23823775704417652,0.0550829300535284,11.932327788903018,4.014813040866908e-33,ok
WBS,2019,43065259580.51123,E_pb,False,43065259580.51123,8662583892.916437,,3529271000.0,0.2695267810491116,0.1173816952622779,0.2580026550976297,-0.1039252775800267,9.469607462628197,1.4044863863843541e-21,ok
WBS,2020,38017157296.9364,E_pb,False,38017157296.9364,2159793901.065153,,1696182000.0,0.3005826235605404,0.1251456558901351,0.29308959900090387,0.1154431572564205,11.006189583311988,1.7838792326367944e-28,ok
WBS,2021,51709089627.099525,E_pb,False,51709089627.099525,5050281954.839708,,1248824000.0,0.7742974327246149,0.24357435818115375,0.7617822170099138,-0.169891396402434,4.315206714241842,7.972681133508155e-06,ok
WBS,2022,67399178594.9871,E_pb,False,67399178594.9871,25845567295.087593,,7685510000.0,0.3665458158334651,0.14163645395836627,0.343524568996995,0.3656652525480861,7.527672955881221,2.5826283245643043e-14,ok
WBS,2023,73833010484.73676,E_pb,False,73833010484.73676,22357339465.821564,,3867225000.0,0.3577289275773936,0.1394322318943484,0.3468640642510952,-0.1248530246889008,8.116466992174624,2.3997559111133907e-16,ok
WFC,2016,2492657654458.152,E_pb,False,2492657654458.152,207141967490.03784,,351858000000.0,0.1994826443111199,0.09987066107777998,0.1871609426739415,0.1319302323091558,11.777756587766056,2.541394979016155e-32,ok
WFC,2017,2653446830438.441,E_pb,False,2653446830438.441,270118019636.06995,,328276000000.0,0.2366522556807739,0.10916306392019348,0.22261619522365814,0.0466614801734617,10.009533754925643,6.920162956595774e-24,ok
WFC,2018,1905410639323.8162,E_pb,False,1905410639323.8162,259377541062.27106,,334831000000.0,0.1773862006904813,0.09434655017262034,0.1649749282926795,0.1319302323091558,12.238435115742599,9.686592422611173e-35,ok
WFC,2019,2142226634831.4722,E_pb,False,2142226634831.4722,208544299318.69357,,332703000000.0,0.2365762186196464,0.1091440546549116,0.219445605025274,-0.2182411393319708,8.040250875808402,4.482736342286226e-16,ok
WFC,2020,1285474517697.734,E_pb,False,1285474517697.734,97224823836.47122,,271949000000.0,0.1981648265078247,0.09954120662695617,0.1809436952624009,0.2140552108912148,10.737364971872987,3.39781572177039e-27,ok
WFC,2021,1950623707992.4902,E_pb,False,1950623707992.4902,176569870210.3122,,195098000000.0,0.6140947117568867,0.20352367793922166,0.5767638746509411,-0.4166238080563501,3.146481995672854,0.0008262371751382854,ok
WFC,2022,1671966754008.8152,E_pb,False,1671966754008.8152,168364533766.1421,,226015000000.0,0.3366268185046059,0.13415670462615148,0.312516321819596,0.6112248028597513,8.608627410541885,3.697027354295663e-18,ok
WNEB,2018,2226820528.718296,E_pb,False,2226820528.718296,1561158237.2612967,1809105750.0849788,267267999.99999997,0.2206996806830636,0.1051749201707659,0.20831997910588343,0.0351138883812699,10.78553297270711,2.0145049495809607e-27,ok
WNEB,2019,2139465278.6378524,E_pb,False,2139465278.6378524,,,240515000.0,0.1835302261323666,0.09588255653309166,0.1746727664958797,-0.0646182568829485,12.664776098184086,4.634221658263974e-37,ok
WNEB,2020,1773523313.5597718,E_pb,False,1773523313.5597718,,,57850000.0,0.2416916668649481,0.11042291671623702,0.23754510802854018,-0.0202836113258622,14.340310070338097,6.125343934184056e-47,ok
WNEB,2021,2232488121.149295,E_pb,False,2232488121.149295,221349623.0605426,2306228498.316635,22286000.0,0.7638418083073238,0.24096045207683098,0.758673692443455,-0.260013394839636,5.363359979627555,4.084398951885323e-08,ok
WNEB,2022,2294722185.9062257,E_pb,False,2294722185.9062257,572137884.853123,2302797251.532315,62201000.0,0.3165423169244653,0.12913557923111632,0.31159651022148527,0.3018381323694852,12.477781515784619,4.9349209059352056e-36,ok
WSBC,2016,11929111785.785648,E_pb,False,11929111785.785648,6471188845.359649,8119662980.884778,1331920000.0,0.2155709092216208,0.1038927273054052,0.20435410449174413,0.0351138883812699,11.315857234660138,5.476324218044611e-30,ok
WSBC,2017,10930658677.557573,E_pb,False,10930658677.557573,7103753603.067293,8300318342.372623,1297335000.0,0.2174972697811287,0.10437431744528218,0.20549543454645927,0.476187538318285,13.131625450001188,1.0847459028009019e-39,ok
WSBC,2018,11058675462.534954,E_pb,False,11058675462.534954,6592313087.603219,10106153278.005224,1534538000.0,0.2297403205364822,0.10743508013412055,0.21483689342036788,-0.0301408384451375,9.550084157954908,6.47954871219629e-22,ok
WSBC,2019,13652417025.475163,E_pb,False,13652417025.475163,8073155355.620453,12720855710.545143,1903446000.0,0.2111307479416538,0.10278268698541346,0.19787306606973384,-0.073604979433407,10.145846873766153,1.728831315875988e-24,ok
WSBC,2020,11907396770.299646,E_pb,False,11907396770.299646,2472119891.8773303,,988444000.0,0.2232788606048385,0.10581971515120964,0.21427581926486167,0.0653317484909297,12.184775781176896,1.8734119075027497e-34,ok
WSBC,2021,13973559045.14592,E_pb,False,13973559045.14592,4017131767.7955136,,591333000.0,0.5954779139026934,0.19886947847567338,0.5793756554568763,-0.1622608679417826,4.96032406064794,3.518783847332344e-07,ok
WSBC,2022,15162212922.373932,E_pb,False,15162212922.373932,5444052027.348602,,1125573000.0,0.3204395925719785,0.13010989814299462,0.307286794139551,0.2131121759087715,9.23574621751929,1.2824593272809518e-20,ok
WSBC,2023,12436735865.506205,E_pb,False,12436735865.506205,6576576624.271682,,1763971000.0,0.2446048827161489,0.11115122067903724,0.22802765230735303,0.0989777287646671,9.466850300399988,1.4420448742582416e-21,ok
WSBF,2021,2129592453.4901462,E_pb,False,2129592453.4901462,,,477127000.0,0.4141933279283645,0.1535483319820911,0.36648556067540966,0.0351138883812699,4.545944851837018,2.734467789605391e-06,ok
WSBF,2022,1697267293.687392,E_pb,False,1697267293.687392,6991984554.811979,1925174795.9856527,386784000.0,0.1862483495963501,0.09656208739908753,0.16960326444764004,0.2392094225655587,11.2558529643534,1.0835957551675334e-29,ok
WSFS,2016,11637608434.479004,E_pb,False,11637608434.479004,4172525661.65321,5189044952.380013,1267447000.0,0.2208391454949733,0.10520978637374333,0.20948281424368934,0.0351138883812699,11.140707937330916,3.9742492988468686e-29,ok
WSFS,2017,12581058043.206074,E_pb,False,12581058043.206074,4701772249.464412,5835585831.243515,937806000.0,0.2695852397939356,0.1173963099484839,0.2590278666976088,0.4431966788402726,11.882687454539303,7.280470155156212e-33,ok
WSFS,2018,9488652197.683582,E_pb,False,9488652197.683582,5073523378.733349,6370228281.839229,699788000.0,0.237298048339441,0.10932451208486024,0.22850824899322886,0.0391274674803983,11.777478843816272,2.5497811976687e-32,ok
WSFS,2019,14426054916.086016,E_pb,False,14426054916.086016,6046046275.618293,11338696072.668669,489288000.0,0.256318920629334,0.1140797301573335,0.25165285767528645,-0.2007712650395523,12.655364214302336,5.22449320442811e-37,ok
WSFS,2020,16739015886.300577,E_pb,False,16739015886.300577,2481669438.2591906,12603870864.34211,340641000.0,0.2294434845407719,0.10736087113519298,0.227008637998483,0.173281576584553,17.89504308410515,6.444855400861895e-72,ok
WSFS,2021,19120035405.9403,E_pb,False,19120035405.9403,2476351339.508496,14386109858.663874,239477000.0,0.6798268242795956,0.21995670606989892,0.6741382349190128,0.0361805769043712,6.232299216128168,2.2981923348527425e-10,ok
WSFS,2022,24307590785.98497,E_pb,False,24307590785.98497,5588394144.965985,17622553037.97807,726894000.0,0.3400530728442244,0.1350132682110561,0.33409959686805973,0.1285750141740715,10.811125365900669,1.5245318407237704e-27,ok
WSFS,2023,22107677432.082222,E_pb,False,22107677432.082222,2173310232.027836,14587020018.240858,895076000.0,0.3121271994385811,0.12803179985964527,0.3049637364053384,-0.0843422137299043,10.21635212778712,8.376349384995139e-25,ok
WTBA,2017,4566310141.08311,E_pb,False,4566310141.08311,1044797509.0142413,1896132499.2330372,120256000.0,0.2698908696715171,0.11747271741787928,0.26597986174681565,0.0351138883812699,13.770117197236152,1.9279356224372524e-43,ok
WTBA,2018,3405584613.9524403,E_pb,False,3405584613.9524403,1223819015.0676816,1966616141.4190161,205328000.0,0.2388022160382651,0.10970055400956627,0.23146108405999402,0.0497275107380774,12.486105499257993,4.4449942281632774e-36,ok
WTBA,2019,4455985864.73294,E_pb,False,4455985864.73294,1710419448.8232746,2185676678.9737253,225388000.0,0.2402471857469944,0.1100617964367486,0.2339793196517639,-0.2153793326410875,11.927426131805007,4.2583094497585534e-33,ok
WTBA,2020,4210752374.1010003,E_pb,False,4210752374.1010003,1288891646.9012175,2716960417.7330976,222385000.0,0.2435447998484146,0.11088619996210365,0.23689008102375833,0.3945955577611795,14.179529160430011,6.133340454236727e-46,ok
WTBA,2021,6520839962.364225,E_pb,False,6520839962.364225,1282153766.8576972,3028161969.0795107,199866000.0,0.5721295896607146,0.19303239741517864,0.5608556788766915,-0.2119445309653745,5.609423923453099,1.015006045858447e-08,ok
WTBA,2022,6298257013.414838,E_pb,False,6298257013.414838,501791790.8620843,1835760666.1208723,485855000.0,0.2829281922876176,0.12073204807190441,0.2713122567765147,0.664955635178516,12.03255233250003,1.1981809301067628e-33,ok
WTBA,2023,5094022724.966094,E_pb,False,5094022724.966094,414455251.8866922,1574439176.5306497,592637000.0,0.2749447049247645,0.11873617623119113,0.25866538484993357,-0.1444222089265646,8.05449922644897,3.9902430768279385e-16,ok
WTFC,2016,38290612084.69187,E_pb,False,38290612084.69187,3667083325.2463856,,808854000.0,0.2205104837143776,0.1051276209285944,0.2181235485604914,0.0351138883812699,17.831960980523657,1.9958578197800224e-71,ok
WTFC,2017,43153699354.506096,E_pb,False,43153699354.506096,8265091249.811847,,1218440000.0,0.2766938244304992,0.11917345610762481,0.27236838237673827,0.5103979804485281,14.936925150982338,9.476030147697472e-51,ok
WTFC,2018,35841928136.73753,E_pb,False,35841928136.73753,7578118852.419713,,1212957000.0,0.2512774205952718,0.11281935514881795,0.24674512535079865,0.1436381104795019,14.316536314849634,8.625463981525307e-47,ok
WTFC,2019,40047778942.53719,E_pb,False,40047778942.53719,5937594303.634484,,1782705000.0,0.2466884384710358,0.11167210961775895,0.24093439831077795,-0.1855875486066591,12.206149312086412,1.4410491912719904e-34,ok
WTFC,2020,39932416354.58862,E_pb,False,39932416354.58862,4696162082.443156,,2437429000.0,0.2620419722756326,0.11551049306890815,0.25361239048598166,0.081677126268977,11.454529559418145,1.1158581472595047e-30,ok
WTFC,2021,60508711597.75508,E_pb,False,60508711597.75508,9306460159.156437,,2425711000.0,0.780267220656107,0.24506680516402674,0.7596387397473138,-0.1176605550119327,3.7514971054555444,8.789089148608368e-05,ok
WTFC,2022,57832004306.99982,E_pb,False,57832004306.99982,15683971416.203066,,3603643000.0,0.3325069933669653,0.13312674834174132,0.3208119066246861,0.5109937774513751,10.272619354717547,4.681370612712176e-25,ok
WTFC,2023,59908852508.51287,E_pb,False,59908852508.51287,12678867888.538754,,3663316000.0,0.3259273365879853,0.13148183414699632,0.31472250691279924,-0.0553932895124908,8.734324829877147,1.225578944983489e-18,ok
ZION,2019,82573742188.904,E_pb,False,82573742188.904,5198308467.671279,,3776000000.0,0.2502890004615432,0.1125722501153858,0.24426676534971775,0.0351138883812699,12.834416209745463,5.259645424993287e-38,ok
ZION,2020,76510868380.0,E_pb,False,76510868380.0,5361188742.648147,,2908000000.0,0.2520659965985808,0.1130164991496452,0.24697456244911947,0.3106482461905291,14.52546533839672,4.178641739385379e-48,ok
ZION,2021,124477164501.08499,E_pb,False,124477164501.08499,12012811717.016771,,1915000000.0,0.5900690592844725,0.19751726482111814,0.5841214066798613,-0.1316029703397662,6.6552431460059545,1.414160424602786e-11,ok
ZION,2022,128797485863.613,E_pb,False,128797485863.613,14093696780.791332,,11068000000.0,0.3493735012893206,0.13734337532233015,0.33259488417937083,0.4910746871218048,8.936962754284243,2.00006562771669e-19,ok
