ticker,year,total_assets,debt_total,rit,assets_usd,book_equity,F,liab_ratio,liab_method,sigma_E,sigma_E_method,sigma_E_window_months,rf,E,sigmaE_window_months,sigmaE_window_end_year,sigmaE_window_start_year,mu_hat,mu_source_year,mu_method,asset_value,asset_vol,DD_m,PD_m,resid_price,resid_vol,nfev,solver_status,DD_a,PD_a,sigma_V_hat,barrier_convention,equity_source,measure_m,measure_a
ABCB,2016,6892.031,630.054,0.36682797,6892031000.0,1275620636.3737023,6245594000.0,0.9062051520081671,reported,0.2033440081968736,monthly36,36.0,0.002,3004515065.6,36,2015,2013,,2015,unavailable,9237630360.35622,0.06613710583446639,5.915319090383963,1.6561639977358276e-09,7.935343105159316e-16,1.1102230246251565e-16,7.0,converged,,,,total_liabilities,observed_market_cap,risk_neutral,physical
ABCB,2017,7856.203,366.742,0.244120629,7856203000.0,1487851606.546956,7051724000.0,0.8975995146764919,reported,0.2422644331164355,monthly36,36.0,0.008,3321505187.2000003,36,2016,2014,0.36682797,2016,rit_tminus1,10317040410.712093,0.07799550517687129,4.942376625311119,3.858797177268437e-07,7.178028203007181e-16,1.6653345369377348e-16,7.0,converged,4.852298677629209,6.101932199647561e-07,0.15273587636179076,total_liabilities,observed_market_cap,risk_neutral,physical
ABCB,2018,11443.515,261.345,-0.350110621,11443515000.0,2112806342.7721941,9987168000.0,0.8727360430776733,reported,0.2442752122708268,monthly36,36.0,0.0181,2182408076.32,36,2017,2015,0.244120629,2017,rit_tminus1,11990434152.565334,0.04446124986235,4.496493198015959,3.4541694250053984e-06,5.899264858473979e-15,1.1379786002407855e-15,7.0,converged,3.2058472071103874,0.0006733273676455221,0.1349571243567409,total_liabilities,observed_market_cap,risk_neutral,physical
ABCB,2019,18242.579,1546.904,0.033435141,18242579000.0,2448514002.188629,15772997000.0,0.8646253909603461,reported,0.3154915228659216,monthly36,36.0,0.021400000000000002,2931469515.84,36,2018,2016,-0.350110621,2018,rit_tminus1,18370450551.624405,0.05035739221893746,3.427025448095189,0.00030511593948272166,1.3663563981351894e-14,1.0880185641326534e-14,7.0,converged,-1.2152024780754567,0.8878555622341473,0.1581208071454568,total_liabilities,observed_market_cap,risk_neutral,physical
ABCB,2020,20438.638,561.141,-0.206422953,20438638000.0,2623084858.913724,17791550000.0,0.8704860862059399,reported,0.3220590300398134,monthly36,36.0,0.0044,2623437810.72,36,2019,2017,0.033435141,2019,rit_tminus1,20336784958.90615,0.04156267920824431,3.302096066883541,0.000479825983929792,2.3810615014146546e-14,2.5701663020072374e-14,7.0,converged,1.024618539516274,0.15277160661771888,0.1551292462199502,total_liabilities,observed_market_cap,risk_neutral,physical
ABCB,2021,23858.321,872.052,0.218988798,23858321000.0,2966451000.184452,20891870000.0,0.8756638826344905,reported,0.4277487200730229,monthly36,36.0,0.0004,3458186447.04,36,2020,2018,-0.206422953,2020,rit_tminus1,24338985498.69652,0.06111918870735798,2.4746981068174723,0.006667442094270737,2.7577296106244877e-16,2.55351295663786e-14,7.0,converged,-0.3702141686029783,0.6443885397918153,0.1953977396295362,total_liabilities,observed_market_cap,risk_neutral,physical
ABCB,2022,25053.286,2004.058,0.015657267,25053286000.0,3197399999.6388073,21855886000.0,0.8723760228498569,reported,0.3948476285305778,monthly36,36.0,0.014199999999999999,3270057017.0,36,2021,2019,0.218988798,2021,rit_tminus1,24816528747.17478,0.05219298228841482,2.680007649739736,0.003681023886334189,3.266350491206129e-14,7.216449660063518e-14,7.0,converged,1.8926317013372476,0.02920343244600956,0.1807456438304908,total_liabilities,observed_market_cap,risk_neutral,physical
ABCB,2023,25203.699,639.901,-0.03052404,25203699000.0,3426747000.0428786,21776952000.0,0.8640379334795262,reported,0.3886298423962624,monthly36,36.0,0.0495,3663279740.05,36,2022,2020,0.015657267,2022,rit_tminus1,24387448542.062767,0.05852184152803455,2.7511784652423295,0.002969064136269566,6.326103255318298e-14,1.1263212584822213e-13,7.0,converged,0.8497187649298417,0.19774073156570965,0.1819284050251226,total_liabilities,observed_market_cap,risk_neutral,physical
ACNB,2019,1720.253,99.731,0.032370998,1720253000.0,280383256.3768978,1530737000.0,0.8898324839427689,reported,0.1919254518593882,monthly36,36.0,0.021400000000000002,395838053.2662,36,2018,2016,,2018,unavailable,1894165302.6246588,0.04010811374361714,5.82487175230744,2.8578237030809627e-09,6.474869467939169e-15,9.71445146547012e-16,7.0,converged,,,,total_liabilities,observed_market_cap,risk_neutral,physical
ACNB,2020,2555.362,92.209,-0.250233842,2555362000.0,310230728.7601466,2297390000.0,0.8990467886741683,reported,0.2094796144592121,monthly36,36.0,0.0044,261659210.25000003,36,2019,2017,0.032370998,2019,rit_tminus1,2548962898.128564,0.02150375855975771,5.0261756677074265,2.5017879062028936e-07,1.6515133337317025e-14,3.0808688933348094e-15,8.0,converged,1.1808167093139148,0.11883777234656917,0.11332172206260693,total_liabilities,observed_market_cap,risk_neutral,physical
ACNB,2021,2786.987,69.902,0.213267053,2786987000.0,272114000.07862157,2514873000.0,0.902362659029267,reported,0.2841602710554291,monthly36,36.0,0.0004,271485563.68,36,2020,2018,-0.250233842,2020,rit_tminus1,2785350933.7226257,0.02769963908912269,3.688421115108791,0.00011282498116905021,1.3392547588955571e-14,3.497202527569243e-15,8.0,converged,-1.1472428399538763,0.8743593647094277,0.13693349257840118,total_liabilities,observed_market_cap,risk_neutral,physical
ACNB,2022,2525.507,62.954,0.141769598,2525507000.0,245041999.939048,2280465000.0,0.9029731455901726,reported,0.2780077239642558,monthly36,36.0,0.014199999999999999,338986927.20000005,36,2021,2019,0.213267053,2021,rit_tminus1,2587296975.574736,0.03642644835099491,3.8370712952909156,6.225516654558752e-05,2.320978326609511e-14,5.739853037312059e-14,7.0,converged,2.4429687906678557,0.007283498469308665,0.1400143867248161,total_liabilities,observed_market_cap,risk_neutral,physical
ACNB,2023,2418.847,252.174,0.073722961,2418847000.0,277460999.91889906,2141386000.0,0.8852920420349034,reported,0.3198757042116029,monthly36,36.0,0.0495,380972636.28,36,2022,2020,0.141769598,2022,rit_tminus1,2418931067.1534915,0.0503946779262727,3.3754088144929866,0.00036853056352078846,3.1290774769232267e-15,2.8699265186560297e-14,7.0,converged,1.8463384591406615,0.03242153840910189,0.15865211363849457,total_liabilities,observed_market_cap,risk_neutral,physical
ALRS,2020,3013.771,58.735,-0.011396487,3013771000.0,489032617.13774794,2683608000.0,0.8904485443651824,reported,0.1573298640320293,monthly36,36.0,0.0044,694259209.0,36,2019,2017,,2019,unavailable,3366085273.067234,0.032449477091077365,7.1021725988734135,6.140535785762544e-13,7.555115830281158e-15,8.326672684688674e-17,7.0,converged,,,,total_liabilities,observed_market_cap,risk_neutral,physical
ALRS,2021,3392.691,58.933,0.073237546,3392691000.0,529641950.3695064,3033288000.0,0.8940655072919992,reported,0.2420466181692361,monthly36,36.0,0.0004,742707696.0,36,2020,2018,-0.011396487,2020,rit_tminus1,3774782555.385778,0.04762399456038427,4.576717675924616,2.3616410319317564e-06,1.2840506723472137e-15,2.7755575615628914e-16,7.0,converged,1.4541362410910919,0.07295426880485024,0.13638351395207643,total_liabilities,observed_market_cap,risk_neutral,physical
ALRS,2022,3779.637,436.923,-0.058196417,3779637000.0,452803748.40519917,3422765000.0,0.9055803507056366,reported,0.2665454790475369,monthly36,36.0,0.014199999999999999,592289095.0,36,2021,2019,0.073237546,2021,rit_tminus1,3966793502.625302,0.039799271001238555,4.0432245966429665,2.6360537130802657e-05,1.7711650558868976e-14,1.9040324872321435e-14,7.0,converged,1.608742078538329,0.05383637537031198,0.1387505252801439,total_liabilities,observed_market_cap,risk_neutral,physical
ALRS,2023,3907.713,373.126,0.000898524,3907713000.0,474466819.3347821,3538586000.0,0.9055388663394676,reported,0.2726258193345748,monthly36,36.0,0.0495,567938023.0,36,2022,2020,-0.058196417,2022,rit_tminus1,3935627356.880542,0.039343126864626016,3.9414545395568195,4.049449305907619e-05,1.6791873017564276e-14,4.113376306236205e-14,7.0,converged,0.5799924375183944,0.28095985882127955,0.13951978425710954,total_liabilities,observed_market_cap,risk_neutral,physical
AMTB,2020,7770.893,1172.755,-0.430993268,7770893000.0,868504396.5494037,6987472000.0,0.8991852030390844,reported,,,,0.0044,637679520.0,0,2019,2019,,2019,unavailable,,,,,,,,not_attempted,,,,total_liabilities,observed_market_cap,risk_neutral,physical
AMTB,2021,7638.399,932.649,0.496432825,7638399000.0,975626879.1599673,6806526000.0,0.8910932775310638,reported,,,,0.0004,1449462329.9999998,0,2020,2020,-0.430993268,2020,rit_tminus1,,,,,,,,not_attempted,,,,total_liabilities,observed_market_cap,risk_neutral,physical
AMTB,2022,9127.804,1059.158,0.216892544,9127804000.0,878148163.2861485,8422078000.0,0.922683922660916,reported,,,,0.014199999999999999,1126007784.0,0,2021,2021,0.496432825,2021,rit_tminus1,,,,,,,,not_attempted,,,,total_liabilities,observed_market_cap,risk_neutral,physical
AMTB,2023,9716.327,798.158,0.202215007,9716327000.0,918957949.7586309,8980259000.0,0.9242442128594478,reported,,,,0.0495,1030775382.0,0,2022,2022,0.216892544,2022,rit_tminus1,,,,,,,,not_attempted,,,,total_liabilities,observed_market_cap,risk_neutral,physical
AROW,2017,2760.465,244.966,0.1238279,2760465000.0,247107567.74639377,2510862000.0,0.9095793643462243,reported,0.1801971392556177,monthly36,36.0,0.008,468535590.2864,36,2016,2014,,2016,unavailable,2959390828.028702,0.02852910547279856,6.027191093233544,8.341685314006435e-10,1.0813254981998885e-14,1.5265566588595902e-15,7.0,converged,,,,total_liabilities,observed_market_cap,risk_neutral,physical
AROW,2018,2988.334,353.659,-0.14004885,2988334000.0,264688940.08927003,2718750000.0,0.9097878617316538,reported,0.1948206759285628,monthly36,36.0,0.0181,455157045.8032,36,2017,2015,0.1238279,2017,rit_tminus1,3125140340.645475,0.028374407174083877,5.533311088305025,1.5712070293092178e-08,9.952505502657517e-15,2.0816681711721685e-15,7.0,converged,2.4206179170946167,0.007747076613428092,0.11248870125522892,total_liabilities,observed_market_cap,risk_neutral,physical
AROW,2019,3184.275,236.353,0.087534827,3184275000.0,294541601.31386536,2882547000.0,0.9052443648868267,reported,0.2038831669993971,monthly36,36.0,0.021400000000000002,553437861.392,36,2018,2016,-0.14004885,2018,rit_tminus1,3374953717.1954308,0.03343354538222254,5.340397779193341,4.6371429953304394e-08,3.877160132335464e-15,6.661338147750939e-16,7.0,converged,0.24391792950464058,0.40364719138588523,0.11754700124042503,total_liabilities,observed_market_cap,risk_neutral,physical
AROW,2020,3688.636,87.703,-0.175381542,3688636000.0,325006664.9517194,3354244000.0,0.9093453515066274,reported,0.1956713657963584,monthly36,36.0,0.0044,451056148.114,36,2019,2017,0.087534827,2019,rit_tminus1,3790573895.6475663,0.023283749946552284,5.429535850438249,2.825040141431446e-08,5.986151435059863e-14,1.149913497755506e-13,7.0,converged,1.8807636447084626,0.03000203882856677,0.11038639065937013,total_liabilities,observed_market_cap,risk_neutral,physical
AROW,2021,4027.952,70.169,0.230913245,4027952000.0,371183089.42981666,3656766000.0,0.9078474619359913,reported,0.2140732560355588,monthly36,36.0,0.0004,565115143.0334799,36,2020,2018,-0.175381542,2020,rit_tminus1,4220418723.586005,0.02866447060909018,5.000768111012911,2.855117964451199e-07,2.2360371772295948e-14,3.2834845953289005e-14,7.0,converged,-0.3269137245952677,0.6281334298886415,0.11831652119659114,total_liabilities,observed_market_cap,risk_neutral,physical
AROW,2022,3969.509,79.919,0.073301412,3969509000.0,353536623.22435206,3615971000.0,0.9109365919059511,reported,0.2097232254602229,monthly36,36.0,0.014199999999999999,561100620.940994,36,2021,2019,0.230913245,2021,rit_tminus1,4126087672.4843802,0.028519958272232932,5.110896208898678,1.6031705557704538e-07,6.373685134273845e-15,1.1712852909795402e-14,7.0,converged,3.152403372795337,0.0008096620313817429,0.11684325806321397,total_liabilities,observed_market_cap,risk_neutral,physical
ASB,2016,29139.315,3853.83,0.318896117,29139315000.0,3195174262.950019,26048003000.0,0.8939126743370598,reported,0.1898293715629111,monthly36,36.0,0.002,4095507000.0,36,2015,2013,,2015,unavailable,30091466054.393353,0.02583614650114293,5.649710708070017,8.035903817004272e-09,1.8628693666620518e-15,2.248201624865942e-15,7.0,converged,,,,total_liabilities,observed_market_cap,risk_neutral,physical
ASB,2017,30483.594,4073.732,0.194351273,30483594000.0,3338594746.7678485,27246151000.0,0.89379720120928,reported,0.1992386805907359,monthly36,36.0,0.008,4211574000.0,36,2016,2014,0.318896117,2016,rit_tminus1,31240625343.706184,0.026859528737792703,5.377844228652501,3.769149608966746e-08,6.340356564879306e-15,6.2727600891321345e-15,7.0,converged,4.033107348325639,2.7522059507066797e-05,0.11312126961101726,total_liabilities,observed_market_cap,risk_neutral,physical
ASB,2018,33615.122,4527.056,-0.27995053,33615122000.000004,3553522778.2936335,29834234000.0,0.8875241922370533,reported,0.2081515816519564,monthly36,36.0,0.0181,3281379900.0,36,2017,2015,0.194351273,2017,rit_tminus1,32580471884.796864,0.02096423131950629,5.05321705983505,2.172148491752788e-07,5.812641909620096e-15,1.0824674490095276e-15,8.0,converged,2.597591903981545,0.004693999696756978,0.11255255228122411,total_liabilities,observed_market_cap,risk_neutral,physical
ASB,2019,32386.478,4195.423,0.046528639,32386478000.0,3866873312.161751,28464354000.0,0.8788962479958456,reported,0.2089709386065134,monthly36,36.0,0.021400000000000002,3654452400.0,36,2018,2016,-0.27995053,2018,rit_tminus1,31516140722.366615,0.02423121808062774,5.074184653032065,1.9458050876733922e-07,2.714007956602472e-14,1.0394463068053028e-13,7.0,converged,-1.4486318352032037,0.9262797871096358,0.1143861853214085,total_liabilities,observed_market_cap,risk_neutral,physical
ASB,2020,33419.783,2434.505,-0.235659316,33419783000.000004,4036087480.5966787,29328850000.0,0.8775894804583261,reported,0.2237289104844829,monthly36,36.0,0.0044,2827060500.0,36,2019,2017,0.046528639,2019,rit_tminus1,32027146875.686104,0.019748747370016993,4.66952164455026,1.509509456596852e-06,1.3493511248255918e-14,2.7478019859472624e-15,8.0,converged,1.1333159982208945,0.1285407878847103,0.11628859271779676,total_liabilities,observed_market_cap,risk_neutral,physical
ASB,2021,35104.253,2224.633,0.244809493,35104253000.0,3831648787.77938,31079400000.0,0.8853457158025838,reported,0.3100499803819582,monthly36,36.0,0.0004,3373650260.19,36,2020,2018,-0.235659316,2020,rit_tminus1,34440532566.15455,0.030381123919691964,3.377999334898828,0.0003650762863087286,9.752571066498943e-15,2.7200464103316335e-15,8.0,converged,-0.9847924633233932,0.8376369882979744,0.14538660580790713,total_liabilities,observed_market_cap,risk_neutral,physical
ASB,2022,39405.727,5173.869,0.063894395,39405727000.0,3821378000.3642097,35390237000.0,0.89809882203163,reported,0.3097415187606213,monthly36,36.0,0.014199999999999999,3473752398.71,36,2021,2019,0.244809493,2021,rit_tminus1,38364904194.552185,0.02805512324569654,3.3688517949835477,0.0003774100176724584,6.863430427283786e-15,1.9984014443252818e-15,8.0,converged,2.2828335654401086,0.011220086993440466,0.14373032001135175,total_liabilities,observed_market_cap,risk_neutral,physical
ASB,2023,41015.855,2808.243,0.019607101,41015855000.0,3979860998.6554317,36841882000.0,0.8982351337062217,reported,0.3250455693760349,monthly36,36.0,0.0495,3230674456.86,36,2022,2020,0.063894395,2022,rit_tminus1,38293105371.23905,0.027440368665997274,3.198137818711074,0.0006915907938495342,4.700957552848125e-13,5.075939668586216e-13,8.0,converged,0.933818126384415,0.17519885882168562,0.14688439337602374,total_liabilities,observed_market_cap,risk_neutral,physical
ATLO,2018,1455.687351,55.274486,-0.145746779,1455687351.0,165838617.21186423,1282822287.0,0.8812484948218802,reported,0.1741587146768899,monthly36,36.0,0.0181,226633535.2,36,2017,2015,,2017,unavailable,1486445609.424165,0.02655341369460798,6.2166270109328785,2.539776249301487e-10,2.6300011038874105e-16,7.771561172376096e-16,7.0,converged,,,,total_liabilities,observed_market_cap,risk_neutral,physical
ATLO,2019,1737.182505,47.03357,0.026517159,1737182505.0,181331661.5189993,1549603033.0,0.8920208605255324,reported,0.1838264391957041,monthly36,36.0,0.021400000000000002,250170613.6,36,2018,2016,-0.145746779,2018,rit_tminus1,1766964452.157426,0.026026541240490766,5.852702181616328,2.418248705343259e-09,1.3104078914272944e-15,9.159339953157541e-16,7.0,converged,-0.01788938225539623,0.5071364503035485,0.10817061747630642,total_liabilities,observed_market_cap,risk_neutral,physical
ATLO,2021,2137.041,42.851,0.124608575,2137041000.0000002,207778000.09558824,1929263000.0,0.9027730399182794,reported,0.2649843694916539,monthly36,36.0,0.0004,222667169.83,36,2020,2018,0.026517159,2020,rit_tminus1,2151158189.759467,0.02742950747708981,3.969890325447495,3.5952861198699875e-05,4.684486196890626e-15,1.1102230246251565e-15,8.0,converged,0.9653870940614635,0.1671754816272885,0.13163652263675263,total_liabilities,observed_market_cap,risk_neutral,physical
ATLO,2022,2134.926,79.796,0.042734044,2134926000.0,149098000.04452327,1985828000.0,0.9301624505954773,reported,0.257759817413165,monthly36,36.0,0.014199999999999999,212305062.87,36,2021,2019,0.124608575,2021,rit_tminus1,2170133315.44873,0.025217284051783216,4.070013638620327,2.350519278087276e-05,1.403749961721076e-14,3.219646771412954e-15,8.0,converged,1.699008037611937,0.04465883459664835,0.12828239776648415,total_liabilities,observed_market_cap,risk_neutral,physical
ATLO,2023,2155.481,164.582,0.023772727,2155481000.0,165787999.93075868,1989693000.0,0.9230853809428151,reported,0.2456442980862369,monthly36,36.0,0.0495,191892843.78,36,2022,2020,0.042734044,2022,rit_tminus1,2085493841.4389012,0.02260271350557116,4.259218026239697,1.0257165094398734e-05,1.5996632002868622e-14,2.7478019859472624e-15,8.0,converged,1.0324312240297053,0.1509350754998645,0.12321826289006793,total_liabilities,observed_market_cap,risk_neutral,physical
AUB,2016,8426.793,990.089,0.313665117,8426793000.0,3270288020.1088696,7425761000.0,0.8812084265034159,reported,,,,0.002,5091806320.0,0,2015,2015,,2015,unavailable,,,,,,,,not_attempted,,,,total_liabilities,observed_market_cap,risk_neutral,physical
AUB,2017,9315.179,1219.414,0.209013932,9315179000.0,3407798192.437465,8268850000.0,0.8876748369516034,reported,,,,0.008,5153067560.0,0,2016,2016,0.313665117,2016,rit_tminus1,,,,,,,,not_attempted,,,,total_liabilities,observed_market_cap,risk_neutral,physical
AUB,2018,13765.599,1756.278,-0.274965182,13765599000.0,4155851079.8444853,11841018000.0,0.8601890843979982,reported,,,,0.0181,4021871640.0,0,2017,2017,0.209013932,2017,rit_tminus1,,,,,,,,not_attempted,,,,total_liabilities,observed_market_cap,risk_neutral,physical
AUB,2019,17562.99,1513.748,0.076618101,17562990000.0,4475391403.815317,15049888000.0,0.8569092164830704,reported,,,,0.021400000000000002,5349673400.0,0,2018,2018,-0.274965182,2018,rit_tminus1,,,,,,,,not_attempted,,,,total_liabilities,observed_market_cap,risk_neutral,physical
AUB,2020,19628.449,851.338,-0.217426346,19628449000.0,4900957299.227033,16919959000.0,0.8620120214286926,reported,,,,0.0044,4692895920.0,0,2019,2019,0.076618101,2019,rit_tminus1,,,,,,,,not_attempted,,,,total_liabilities,observed_market_cap,risk_neutral,physical
AUB,2021,20064.796,516.071,0.267673684,20064796000.0,5102499792.848447,17354725000.0,0.8649340367078738,reported,,,,0.0004,5312631720.0,0,2020,2020,-0.217426346,2020,rit_tminus1,,,,,,,,not_attempted,,,,total_liabilities,observed_market_cap,risk_neutral,physical
AUB,2022,20461.138,1716.988,0.04994061,20461138000.0,4524194691.598557,18088401000.0,0.8840368996093961,reported,,,,0.014199999999999999,5006325520.0,0,2021,2021,0.267673684,2021,rit_tminus1,,,,,,,,not_attempted,,,,total_liabilities,observed_market_cap,risk_neutral,physical
AUB,2023,21166.197,1318.91,0.049489421,21166197000.0,4854092224.326766,18609870000.0,0.8792259658170998,reported,,none,0.0,0.0495,5205780720.0,0,2022,2022,0.04994061,2022,rit_tminus1,,,,,,,,not_attempted,,,,total_liabilities,observed_market_cap,risk_neutral,physical
AUBN,2018,818.077,2.3,-0.125918529,818077000.0,85384940.80395891,729022000.0,0.8911410539594684,reported,0.153730516017782,monthly36,36.0,0.0181,110610542.0,36,2017,2015,,2017,unavailable,826555944.0118632,0.020572371201105475,6.973045562637941,1.5507606023773125e-12,7.544172659921229e-15,2.4868995751603507e-14,7.0,converged,,,,total_liabilities,observed_market_cap,risk_neutral,physical
AUBN,2019,827.879,1.069,0.053819029,827879000.0,96330473.71692601,729551000.0,0.8812290201829012,reported,0.2453331620553263,monthly36,36.0,0.021400000000000002,185166100.0,36,2018,2016,-0.125918529,2018,rit_tminus1,899270555.3941798,0.050515927139503196,4.538741498149366,2.829547958482529e-06,5.794168619185862e-15,1.2212453270876722e-15,7.0,converged,0.654935292093651,0.25625470826480357,0.1384588724165199,total_liabilities,observed_market_cap,risk_neutral,physical
AUBN,2020,956.597,2.392,-0.042483867,956597000.0,105498439.57399502,848907000.0,0.8874238576955604,reported,0.3040106593279699,monthly36,36.0,0.0044,145652353.0,36,2019,2017,0.053819029,2019,rit_tminus1,990830464.9400334,0.044697345706042155,3.534770945229653,0.0002040643882622003,1.1458311653303243e-14,4.785061236134425e-14,7.0,converged,1.3191550237881053,0.09355864550081999,0.15207178094149645,total_liabilities,observed_market_cap,risk_neutral,physical
AUBN,2021,1105.15,3.448,0.094432853,1105150000.0,101799201.23082711,1001424000.0,0.9061430575035063,reported,0.427635431704861,monthly36,36.0,0.0004,111599374.5,36,2020,2018,-0.042483867,2020,rit_tminus1,1112514691.007369,0.04319193360909843,2.4233039131863356,0.007690026930739225,1.6022843777334243e-14,5.828670879282072e-15,9.0,converged,0.2512055379837677,0.4008276015651379,0.18405376519988093,total_liabilities,observed_market_cap,risk_neutral,physical
AUBN,2022,1023.888,2.551,-0.0134647,1023888000.0,68558703.27466309,955847000.0,0.9335464425796571,reported,0.3914345668324941,monthly36,36.0,0.014199999999999999,81192500.10000001,36,2021,2019,0.094432853,2021,rit_tminus1,1023524239.5120956,0.03117080290091817,2.6346263894885587,0.004211496928141774,1.5967004615796353e-14,5.440092820663267e-15,9.0,converged,0.9706392594368881,0.16586397433143868,0.16692882979942672,total_liabilities,observed_market_cap,risk_neutral,physical
BAC,2016,2188067.0,411058.0,0.296272614,2188067000000.0,180549324995.76395,1921872000000.0,0.8783423907951631,reported,0.2177670658141877,monthly36,36.0,0.002,166454546585.6,36,2015,2013,,2015,unavailable,2084486638031.1865,0.01738958029244187,4.777096225355173,8.892234089576785e-07,1.7050509126018233e-14,3.469446951953614e-15,9.0,converged,,,,total_liabilities,observed_market_cap,risk_neutral,physical
BAC,2017,2281234.0,436933.0,0.292169939,2281234000000.0,179247908208.59982,2014088000000.0,0.8828940827639777,reported,0.2870739268840896,monthly36,36.0,0.008,222341095710.72,36,2016,2014,0.296272614,2016,rit_tminus1,2220378893461.2056,0.02874989038932412,3.6555996230522254,0.00012829077069392335,1.6333425835050904e-14,4.218847493575595e-15,8.0,converged,2.8323344492295854,0.002310474384487762,0.13820280278892305,total_liabilities,observed_market_cap,risk_neutral,physical
BAC,2018,2354507.0,436569.0,-0.250433597,2354507000000.0,189283802695.2677,2089182000000.0,0.8873118661358832,reported,0.2830160603976913,monthly36,36.0,0.0181,185585521623.04,36,2017,2015,0.292169939,2017,rit_tminus1,2237292120756.9023,0.02347898522897732,3.676395121260847,0.00011827652106399806,1.0359684338847221e-14,2.6645352591003757e-15,8.0,converged,2.7486572349664566,0.0029919963212096477,0.13399206515511142,total_liabilities,observed_market_cap,risk_neutral,physical
BAC,2019,2434079.0,430169.0,0.252632155,2434079000000.0,205775571818.66675,2169269000000.0,0.8912073108555638,reported,0.280422858858887,monthly36,36.0,0.021400000000000002,265272811345.92,36,2018,2016,-0.250433597,2018,rit_tminus1,2388611348609.4463,0.031145311533573312,3.764191333062057,8.354445797008453e-05,4.026478359978477e-15,1.0547118733938987e-15,8.0,converged,-1.0505501216239685,0.8532673702370085,0.1375742089241355,total_liabilities,observed_market_cap,risk_neutral,physical
BAC,2020,2819627.0,452578.0,-0.144120537,2819627000000.0,216283045670.16885,2546703000000.0,0.903205636773942,reported,0.2373166333401154,monthly36,36.0,0.0044,228291280860.16,36,2019,2017,0.252632155,2019,rit_tminus1,2763813344571.392,0.019602481901182873,4.38820263059248,5.714563407015633e-06,1.9918058733966023e-14,4.3298697960381105e-15,8.0,converged,2.764081690624207,0.002854162313542597,0.11985834205425154,total_liabilities,observed_market_cap,risk_neutral,physical
BAC,2021,3169495.0,496199.0,0.425587971,3169495000000.0,245357999973.11584,2899429000000.0,0.9147921041049126,reported,0.3248416105054304,monthly36,36.0,0.0004,359382721788.87,36,2020,2018,-0.144120537,2020,rit_tminus1,3257635873042.8223,0.035855307656572244,3.242061635535941,0.0005933417733181858,1.0529665056416174e-14,2.886579864025407e-15,8.0,converged,-0.25503793464179075,0.6006530999232146,0.15256410957591057,total_liabilities,observed_market_cap,risk_neutral,physical
BAC,2022,3051375.0,498549.0,-0.009549422,3051375000000.0,244799999958.7399,2778178000000.0,0.9104675760927451,reported,0.3333581613620677,monthly36,36.0,0.014199999999999999,264853285472.16,36,2021,2019,0.425587971,2021,rit_tminus1,3003840264420.156,0.029416537730489314,3.122854753881166,0.0008955305623820259,2.4197137652361303e-15,1.1102230246251565e-16,8.0,converged,3.3518392162457773,0.00040138313026814377,0.15074836199347894,total_liabilities,observed_market_cap,risk_neutral,physical
BANC,2017,10327.852,1875.707,0.279441182,10327852000.0,2161627860.761312,9315544000.0,0.9019827162511624,reported,0.3614693217033709,monthly36,36.0,0.008,3038441000.0,36,2016,2014,,2016,unavailable,12279565144.801016,0.08949874478792091,3.1312963735735226,0.0008701821470313298,6.277392362769262e-15,1.6653345369377348e-15,7.0,converged,,,,total_liabilities,observed_market_cap,risk_neutral,physical
BANC,2018,10630.067,1696.763,-0.350183797,10630067000.0,2075401197.5958557,9684533000.0,0.9110509839683983,reported,0.3870982382668705,monthly36,36.0,0.0181,1958433400.0,36,2017,2015,0.279441182,2017,rit_tminus1,11468770942.749037,0.06624250397426222,2.792824074528284,0.0026125050038417,1.1686985931586952e-14,2.6645352591003757e-15,7.0,converged,2.3829837531828004,0.008586476109399468,0.18719878677888652,total_liabilities,observed_market_cap,risk_neutral,physical
BANC,2019,7828.41,1374.622,0.048575203,7828410000.0,2074260176.6431756,6921165000.0,0.8841086504156016,reported,0.4024037260465672,monthly36,36.0,0.021400000000000002,2527865200.0,36,2018,2016,-0.350183797,2018,rit_tminus1,9302011675.846008,0.10952946845397665,2.839858807844615,0.002256675276274539,4.904441151878371e-15,1.27675647831893e-15,7.0,converged,-0.2872487577134672,0.6130390723234335,0.21796483109655246,total_liabilities,observed_market_cap,risk_neutral,physical
BANC,2020,7877.334,801.625,-0.05203583,7877334000.0,2086028169.4308164,6980127000.0,0.8861027093684234,reported,0.3469689934387899,monthly36,36.0,0.0044,2164429400.0,36,2019,2017,0.048575203,2019,rit_tminus1,9113824280.280481,0.0824369655933841,3.2476616822560453,0.0005817876710895253,4.406123463330567e-15,1.2212453270876722e-15,7.0,converged,1.615410661021589,0.05311089652488911,0.18650091655660345,total_liabilities,observed_market_cap,risk_neutral,physical
BANC,2021,9393.743,780.032,0.128714233,9393743000.0,970333999.9899802,8328453000.0,0.8865957904107021,reported,0.5227341885321466,monthly36,36.0,0.0004,1229497639.74,36,2020,2018,-0.05203583,2020,rit_tminus1,9549350412.923346,0.06876052687910636,1.9608837953311746,0.024946290030289194,9.695772134706192e-16,2.220446049250313e-16,8.0,converged,0.26890442743414444,0.39400161491246344,0.22468361285038785,total_liabilities,observed_market_cap,risk_neutral,physical
BANC,2022,9197.016,1002.376,-0.096957373,9197016000.0,959617999.7076681,8237398000.0,0.8956598531523703,reported,0.5016753781893297,monthly36,36.0,0.014199999999999999,940218150.15,36,2021,2019,0.128714233,2021,rit_tminus1,9058167594.81465,0.053057846822133915,2.0312690566465443,0.02111385425857824,6.719815337731392e-15,2.1094237467877974e-15,8.0,converged,1.029432374087101,0.1516382713499389,0.2088428088444464,total_liabilities,observed_market_cap,risk_neutral,physical
BANC,2023,38534.064,3847.921,-0.054577093,38534064000.0,2892248999.2111845,35143299000.0,0.9120060370481556,reported,0.4623123782255308,monthly36,36.0,0.0495,2257551573.8,36,2022,2020,-0.096957373,2022,rit_tminus1,35698599056.190025,0.029633516442560823,2.184634867766732,0.014457814624900594,2.3234059416881592e-14,8.493206138382448e-15,10.0,converged,-0.28084499403212293,0.6105853542017226,0.18348926338864913,total_liabilities,observed_market_cap,risk_neutral,physical
BANF,2016,7018.952,32.459,0.277536059,7018952000.0,747544519.7977098,6307858000.0,0.8986894339781779,reported,0.1677074050086859,monthly36,36.0,0.002,1546621270.0,36,2015,2013,,2015,unavailable,7841876161.309212,0.033076247876277276,6.625144907762049,1.7345384815034245e-11,3.699707232422518e-15,2.220446049250313e-16,7.0,converged,,,,total_liabilities,observed_market_cap,risk_neutral,physical
BANF,2017,7253.156,32.859,0.219474666,7253156000.0,808416146.6761582,6477527000.0,0.8930632403328979,reported,0.1901830276018589,monthly36,36.0,0.008,1700369220.0,36,2016,2014,0.277536059,2016,rit_tminus1,8126282733.134362,0.03979450105824344,5.879530626160275,2.0571573689235725e-09,7.29122002883659e-15,1.1379786002407855e-15,7.0,converged,4.313180259005334,8.046140351580347e-06,0.11680713653747099,total_liabilities,observed_market_cap,risk_neutral,physical
BANF,2018,7574.258,28.479,-0.239323586,7574258000.0,920479152.3802217,6671469000.0,0.880808258709962,reported,0.2239258923645233,monthly36,36.0,0.0181,1658815720.0,36,2017,2015,0.219474666,2017,rit_tminus1,8210617368.61136,0.045240433712377785,4.966015472732153,3.4171252275906264e-07,8.623691332087056e-15,1.582067810090848e-15,7.0,converged,3.345628482713803,0.0004104815703073984,0.12946783200359957,total_liabilities,observed_market_cap,risk_neutral,physical
BANF,2019,8565.758,27.904,0.131591861,8565758000.0,1021850323.5952386,7560769000.0,0.8826736641404065,reported,0.2167415528754992,monthly36,36.0,0.021400000000000002,2075680432.0,36,2018,2016,-0.239323586,2018,rit_tminus1,9476367949.54402,0.04747454302709107,5.183858100881764,1.0867115850780424e-07,1.3783542519895711e-15,3.0531133177191805e-16,7.0,converged,-0.03886074850578382,0.5154992944655166,0.12842986022356379,total_liabilities,observed_market_cap,risk_neutral,physical
BANF,2020,9212.357,27.904,-0.167507814,9212357000.0,1084952568.5259252,8144472000.0,0.884081240012735,reported,0.2107593697700591,monthly36,36.0,0.0044,1951352360.0,36,2019,2017,0.131591861,2019,rit_tminus1,10060067401.819105,0.040881020138653745,5.254243169376009,7.431719797188341e-08,6.353422563458119e-15,1.1379786002407855e-15,7.0,converged,2.7410947181234437,0.0030617426164288365,0.12357785709837674,total_liabilities,observed_market_cap,risk_neutral,physical
BANF,2021,9405.612,85.987,0.293750321,9405612000.0,1171733999.9227548,8233878000.0,0.8754218226309994,reported,0.3551957521154332,monthly36,36.0,0.0004,2300476006.08,36,2020,2018,-0.167507814,2020,rit_tminus1,10530913914.573801,0.07764342569084337,3.135407206994231,0.0008580785580273602,4.145552111327196e-15,5.551115123125783e-16,7.0,converged,0.33091504171748265,0.37035432991735373,0.18605534106135568,total_liabilities,observed_market_cap,risk_neutral,physical
BANF,2022,12387.863,86.344,0.023241259,12387863000.0,1250836000.0312357,11137027000.0,0.8990272979286258,reported,0.3682938264005822,monthly36,36.0,0.014199999999999999,2898966880.8,36,2021,2019,0.293750321,2021,rit_tminus1,13878653121.085482,0.07700856224020021,3.00371055071156,0.00133354465987166,1.6448520380182364e-15,1.3877787807814457e-15,7.0,converged,2.686902321581633,0.003605901949763175,0.18879657185533805,total_liabilities,observed_market_cap,risk_neutral,physical
BANF,2023,12372.042,89.452,0.110421671,12372042000.0,1433890999.8157547,10938151000.0,0.8841023171437665,reported,0.3924064034155798,monthly36,36.0,0.0495,3205370641.94,36,2022,2020,0.023241259,2022,rit_tminus1,13614670088.850111,0.09253482767958741,2.8541661980545165,0.002157497550123239,1.041333586746052e-15,3.3306690738754696e-16,7.0,converged,1.2755831366551367,0.10105145918394548,0.20346881855546595,total_liabilities,observed_market_cap,risk_neutral,physical
BANR,2016,9793.668,255.101,0.273661317,9793668000.0,1360254442.0377393,8487958000.0,0.866678143469842,reported,0.2401628289235117,monthly36,36.0,0.002,1847450989.02,36,2015,2013,,2015,unavailable,10318449856.95098,0.042999671187448144,4.56656055012354,2.478959358926643e-06,6.968846994048727e-15,1.2212453270876722e-15,7.0,converged,,,,total_liabilities,observed_market_cap,risk_neutral,physical
BANR,2017,9763.209,194.769,0.185577543,9763209000.0,1344703126.3594217,8490583000.0,0.8696508494287073,reported,0.2398312109825277,monthly36,36.0,0.008,1856909310.62,36,2016,2014,0.273661317,2016,rit_tminus1,10279838450.39103,0.04332224321572519,4.57705914735295,2.3577908242632916e-06,2.5679076273461883e-15,5.273559366969494e-16,7.0,converged,3.471060101365019,0.00025920397764795077,0.1332642361999994,total_liabilities,observed_market_cap,risk_neutral,physical
BANR,2018,11871.317,773.275,-0.234949506,11871317000.0,1453262845.9716022,10392722000.0,0.8754481074003836,reported,0.2067451633119174,monthly36,36.0,0.0181,1816261143.06,36,2017,2015,0.185577543,2017,rit_tminus1,12022567025.104057,0.031233199448333214,5.228153444456463,8.560569591698957e-08,1.0238973201062166e-14,1.3600232051658168e-15,7.0,converged,2.8961469156337203,0.0018888774719927504,0.11731530313722621,total_liabilities,observed_market_cap,risk_neutral,physical
BANR,2019,12604.031,687.778,0.078729093,12604031000.0,1541797639.291867,11009997000.0,0.8735298254978903,reported,0.1890841941913391,monthly36,36.0,0.021400000000000002,1921881395.98,36,2018,2016,-0.234949506,2018,rit_tminus1,12698767641.198456,0.028616745104047596,5.72014094299687,5.32178626123046e-09,7.443286966623311e-16,2.7755575615628914e-17,7.0,converged,-0.7231503912563814,0.765206253420948,0.11091593223105173,total_liabilities,observed_market_cap,risk_neutral,physical
BANR,2020,15031.623,549.96,-0.191629824,15031623000.0,1638814567.5406106,13365359000.0,0.8891494285081525,reported,0.204852805295796,monthly36,36.0,0.0044,1611082200.0,36,2019,2017,0.078729093,2019,rit_tminus1,14917762800.770706,0.022123608605015048,5.1547512784161285,1.2698389705643695e-07,4.806604808382062e-13,6.141753772226366e-13,7.0,converged,1.657396151364368,0.048719704506471215,0.11236217316207114,total_liabilities,observed_market_cap,risk_neutral,physical
BANR,2021,16804.872,532.869,0.246029636,16804872000.0,1690326999.7083914,15114545000.0,0.8994144674234948,reported,0.327314554325006,monthly36,36.0,0.0004,2078107183.44,36,2020,2018,-0.191629824,2020,rit_tminus1,17186511103.42844,0.03959822469401341,3.2345718534126258,0.0006091263129842332,9.866669999568083e-15,2.6645352591003757e-15,8.0,converged,-0.48173174354321197,0.6850017385151567,0.1554573772676384,total_liabilities,observed_market_cap,risk_neutral,physical
BANR,2022,15833.431,456.603,0.047381615,15833431000.0,1456432000.2499304,14376999000.0,0.908015388452446,reported,0.34104603484179,monthly36,36.0,0.014199999999999999,2161061937.6,36,2021,2019,0.246029636,2021,rit_tminus1,16335192892.800053,0.045153646816645555,3.119854091040123,0.0009047032150551134,9.929225880018398e-15,2.5979218776228663e-14,7.0,converged,2.2998071447726915,0.01072957425073088,0.16215178976863506,total_liabilities,observed_market_cap,risk_neutral,physical
BANR,2023,15670.391,665.141,0.061140194,15670391000.0,1652690999.8461192,14017700000.0,0.8945341568056598,reported,0.3591910302672025,monthly36,36.0,0.0495,1839698643.64,36,2022,2020,0.047381615,2022,rit_tminus1,15180146144.227497,0.043592594996611084,2.941266180367641,0.001634367575861203,4.535878904625427e-15,1.27675647831893e-15,8.0,converged,0.9503323161277563,0.17097171171372683,0.16525070324099864,total_liabilities,observed_market_cap,risk_neutral,physical
BCBP,2018,2674.731,282.377,-0.168478601,2674731000.0,194974139.41447636,2474516000.0,0.9251457436280508,reported,0.178219778735224,monthly36,36.0,0.0181,179692422.0,36,2017,2015,,2017,unavailable,2609822585.964266,0.012270850883068967,5.807432324346147,3.1719090056322394e-09,2.122903805940687e-14,3.552713678800501e-15,9.0,converged,,,,total_liabilities,observed_market_cap,risk_neutral,physical
BCBP,2019,2907.468,282.61,0.058654386,2907468000.0,210120217.51236758,2667995000.0,0.9176352069911001,reported,0.1750254629823701,monthly36,36.0,0.021400000000000002,236672254.0,36,2018,2016,-0.168478601,2018,rit_tminus1,2848178743.8244505,0.014543915465189013,5.957593485389298,1.2798964429147431e-09,1.007378664258475e-14,1.5543122344752192e-15,8.0,converged,-0.881913882341452,0.8110883103743477,0.10037817084119724,total_liabilities,observed_market_cap,risk_neutral,physical
BCML,2019,1994.177,8.242,-0.031549599,1994177000.0,224849888.61034188,1739957000.0,0.8725188385985798,reported,0.2355834589517707,peer_median,8.0,0.021400000000000002,250296906.0,8,2018,2018,,2018,unavailable,1953414383.6394486,0.030186100796442458,4.527342159701046,2.986509226746685e-06,3.52440929763543e-14,4.141131881851834e-14,7.0,converged,,,,total_liabilities,observed_market_cap,risk_neutral,physical
BCML,2020,2195.666,76.694,-0.302033732,2195666000.0,246139544.83062443,1943075000.0,0.8849592788702836,reported,0.1602079856809218,monthly_ewma,20.0,0.0044,166974673.0,20,2019,2019,-0.031549599,2019,rit_tminus1,2101518924.4096882,0.012729210149548708,6.497464767522445,4.0842406979082326e-11,7.139363557896068e-15,1.0269562977782698e-15,8.0,converged,0.48450125981399483,0.31401508523975724,0.09560365404975937,total_liabilities,observed_market_cap,risk_neutral,physical
BCML,2021,2350.697,71.945,0.191419256,2350697000.0,270635254.8702678,2088090000.0,0.8882854744784207,reported,0.4525928126245674,monthly36,32.0,0.0004,206489444.00000003,32,2020,2019,-0.302033732,2020,rit_tminus1,2293401777.165847,0.04118260625113927,2.266452756497582,0.01171183830293776,1.1401955581942143e-14,2.3314683517128287e-15,8.0,converged,-1.192584083189062,0.8834838487337551,0.18919535381558636,total_liabilities,observed_market_cap,risk_neutral,physical
BCML,2022,2513.334,72.195,0.13384876,2513334000.0,271903856.42609555,2196185000.0,0.8738134286967033,reported,0.4348044965577162,monthly36,36.0,0.014199999999999999,208910962.0,36,2021,2019,0.191419256,2021,rit_tminus1,2373881606.8324003,0.03857710350898836,2.36566655485077,0.008998822954477296,1.1412449438702144e-15,4.829470157119431e-15,8.0,converged,1.4538801401634798,0.07298976988688625,0.18268395977455398,total_liabilities,observed_market_cap,risk_neutral,physical
BCML,2023,2551.96,72.446,-0.03303283,2551960000.0,298124578.2849525,2239091000.0,0.8774005078449505,reported,0.4445369910818853,monthly36,36.0,0.0495,259652771.0,36,2022,2020,0.13384876,2022,rit_tminus1,2390267722.158181,0.04870911813909855,2.333220403515788,0.009818290251971123,1.1936870599853188e-14,5.773159728050814e-15,8.0,converged,1.1827139508883535,0.11846126664682094,0.19058356885086408,total_liabilities,observed_market_cap,risk_neutral,physical
BFC,2019,2210.168,114.277,0.020798879,2210168000.0,312652980.16313726,1979957000.0,0.8958400447386805,reported,0.2355834589517707,peer_median,2.0,0.021400000000000002,670753057.1416,2,2018,2018,,2018,unavailable,2608789119.131475,0.06057154516849731,4.876490941231162,5.399482251408601e-07,5.864910362004224e-15,1.0824674490095276e-15,7.0,converged,,,,total_liabilities,observed_market_cap,risk_neutral,physical
BFC,2020,2718.016,77.346,-0.109338715,2718016000.0,367997681.5121105,2423159000.0,0.8915175628105206,reported,0.3203095864685574,monthly_ewma,14.0,0.0044,621028614.13076,14,2019,2019,0.020798879,2019,rit_tminus1,3033538445.765911,0.06558793436718426,3.4595813218028937,0.00027050794141837356,3.4551825199189018e-15,1.3322676295501878e-15,7.0,converged,1.3896958927763396,0.08231062128035688,0.1688856595106928,total_liabilities,observed_market_cap,risk_neutral,physical
BFC,2021,2937.552,66.633,0.098985722,2937552000.0,407603275.6905134,2614899000.0,0.8901626252062942,reported,0.309279550072208,monthly36,26.0,0.0004,695084209.53532,26,2020,2019,-0.109338715,2020,rit_tminus1,3308930822.8887634,0.06497636208934553,3.5965184599761533,0.00016125235331216373,1.0290202647285753e-15,3.885780586188048e-16,7.0,converged,0.6807117111709933,0.2480269622787103,0.16553074244003962,total_liabilities,observed_market_cap,risk_neutral,physical
BFC,2022,3660.432,122.625,0.044460666,3660432000.0,483246127.81776255,3207329000.0,0.8762159766934613,reported,0.2645950930121699,monthly36,36.0,0.014199999999999999,893102378.99188,36,2021,2019,0.098985722,2021,rit_tminus1,4055208707.1116424,0.05827383012370131,4.239737316392204,1.1189075083679395e-05,2.002166140549466e-15,3.885780586188048e-16,7.0,converged,2.2468538969863765,0.01232468296682721,0.14848141074301827,total_liabilities,observed_market_cap,risk_neutral,physical
BFC,2023,4221.842,127.141,0.027265502,4221841999.9999995,575353895.7697653,3602044000.0,0.8531925164418754,reported,0.2127394204789975,monthly36,36.0,0.0495,833831634.5950401,36,2022,2020,0.044460666,2022,rit_tminus1,4261915486.824171,0.04162186524798753,5.210027248306862,9.440644968797842e-08,8.292008250926153e-15,1.4432899320127035e-15,7.0,converged,1.9795364404585323,0.02387782052805342,0.12377832297949258,total_liabilities,observed_market_cap,risk_neutral,physical
BFIN,2018,1585.325,21.049,-0.185115892,1585325000.0,141493069.49630773,1398175000.0,0.8819484963650986,reported,0.1675679123837136,monthly36,36.0,0.0181,186287465.0,36,2017,2015,,2017,unavailable,1559383149.9829037,0.02001804470998027,6.345382496892836,1.1093674496022455e-10,0.0,1.8290924330699454e-14,7.0,converged,,,,total_liabilities,observed_market_cap,risk_neutral,physical
BFIN,2019,1488.015,0.061,-0.047596957,1488015000.0,142213064.09839782,1313643000.0,0.8828156974224051,reported,0.1750427158939885,monthly36,36.0,0.021400000000000002,162985956.0,36,2018,2016,-0.185115892,2018,rit_tminus1,1448815659.5095584,0.019691604119385153,6.050718982886571,7.210040014892483e-10,4.388450114712261e-15,6.386557949156213e-14,7.0,converged,-0.7148215301823515,0.7626403352249328,0.10273235086120024,total_liabilities,observed_market_cap,risk_neutral,physical
BFST,2021,4726.378,187.59,0.170951464,4726378000.0,630815813.8119569,4293010000.0,0.9083086456478936,reported,0.4132654154274688,monthly36,33.0,0.0004,840665450.0,33,2020,2019,,2020,unavailable,5131536041.22205,0.06796412512990309,2.5970665774309465,0.00470118488710016,1.1911492642246241e-14,7.771561172376096e-16,7.0,converged,,,,total_liabilities,observed_market_cap,risk_neutral,physical
BFST,2022,5990.46,560.123,0.016897866,5990460000.0,601403174.4569184,5409979000.0,0.9030990942264868,reported,0.3922138076188131,monthly36,36.0,0.014199999999999999,657447300.0,36,2021,2019,0.170951464,2021,rit_tminus1,5990880562.382371,0.04318644247779235,2.6689084480903604,0.0038049094891598797,0.0,1.1102230246251565e-16,8.0,converged,1.5495619852866398,0.06062334155648616,0.17450990290951912,total_liabilities,observed_market_cap,risk_neutral,physical
BFST,2023,6584.55,635.073,-0.000118761,6584550000.0,670378577.6246908,5940291000.0,0.9021559559878807,reported,0.4123594346521411,monthly36,36.0,0.0495,731981750.0,36,2022,2020,0.016897866,2022,rit_tminus1,6384915320.413877,0.04750504584355771,2.5376618046197557,0.0055797883977288494,9.120063737714431e-15,3.885780586188048e-15,8.0,converged,0.6424349736215471,0.2602953988596311,0.18153303013774208,total_liabilities,observed_market_cap,risk_neutral,physical
BHB,2017,3565.184,829.721,0.142513681,3565184000.0,351859386.9549986,3210543000.0,0.9005265927368685,reported,0.1759431755158553,monthly36,36.0,0.008,413841818.0,36,2016,2014,,2016,unavailable,3598802937.9482994,0.020232461996126102,6.027764440077803,8.312155383738979e-10,1.2674429001842377e-14,4.268807529683727e-14,7.0,converged,,,,total_liabilities,observed_market_cap,risk_neutral,physical
BHB,2018,3608.487,723.796,-0.201305899,3608487000.0,365771366.4963765,3237908000.0,0.897303495897311,reported,0.2447380474858503,monthly36,36.0,0.0181,343667974.0,36,2017,2015,0.142513681,2017,rit_tminus1,3523496893.7177887,0.02387097660984815,4.287280736507118,9.043682314061357e-06,2.7749874546245908e-15,5.828670879282072e-16,8.0,converged,1.9008229585557934,0.02866260292099776,0.12399956126265929,total_liabilities,observed_market_cap,risk_neutral,physical
BHB,2019,3669.128,531.316,0.047418064,3669128000.0,390385501.30149174,3272721000.0,0.8919615232829162,reported,0.2555334892755805,monthly36,36.0,0.021400000000000002,389020502.0,36,2018,2016,-0.201305899,2018,rit_tminus1,3592448988.7462425,0.027671757774410034,4.128018478201869,1.829513586724505e-05,6.128689307525558e-15,1.3877787807814457e-15,8.0,converged,-0.7546646195582448,0.7747748798292096,0.12893216797439153,total_liabilities,observed_market_cap,risk_neutral,physical
BHB,2020,3724.275,336.023,-0.208082509,3724275000.0,418141640.88559467,3317210000.0,0.8906995321237019,reported,0.2666388449973595,monthly36,36.0,0.0044,346119462.0,36,2019,2017,0.047418064,2019,rit_tminus1,3648764985.2154326,0.02529416317924625,3.927577437223665,4.290289893836657e-05,4.13299924350794e-15,9.992007221626409e-16,8.0,converged,1.0556301296672042,0.1455686150112635,0.13083007119718632,total_liabilities,observed_market_cap,risk_neutral,physical
BHB,2021,3709.233,178.524,0.214591907,3709233000.0,424146999.9111164,3285086000.0,0.8856510227316536,reported,0.2774745403439131,monthly36,36.0,0.0004,433988447.97,36,2020,2018,-0.208082509,2020,rit_tminus1,3717758995.4342985,0.03239260812200124,3.8157963070009724,6.787222603984554e-05,1.483288706382151e-14,3.6637359812630166e-15,8.0,converged,-0.6784105039456646,0.7512442745266277,0.13781842343996942,total_liabilities,observed_market_cap,risk_neutral,physical
BHB,2022,3909.803,394.246,0.075820572,3909803000.0,393449999.955546,3516353000.0,0.8993683313455947,reported,0.3058147017390877,monthly36,36.0,0.014199999999999999,483249323.52,36,2021,2019,0.214591907,2021,rit_tminus1,3950014434.3211503,0.037422241311889204,3.4683825334671603,0.00026180068935053094,9.867311447636002e-16,5.873079800267078e-14,7.0,converged,2.2439987405118456,0.012416241190207076,0.14812485362108996,total_liabilities,observed_market_cap,risk_neutral,physical
BHB,2023,3970.885,331.505,0.045026499,3970885000.0,432059000.0233065,3538826000.0,0.8911932730361116,reported,0.297970233121183,monthly36,36.0,0.0495,445453766.16,36,2022,2020,0.075820572,2022,rit_tminus1,3813367172.8750534,0.03481287881558879,3.550742525934841,0.0001920730112513535,1.4584917165531364e-14,3.774758283725532e-15,8.0,converged,1.2789838463084537,0.10045137219717737,0.14388785382627872,total_liabilities,observed_market_cap,risk_neutral,physical
BHLB,2017,11570.751,1148.398,0.175820722,11570751000.0,1488464083.5340395,10074487000.0,0.8706856624950273,reported,,,,0.008,1695019200.0,0,2016,2016,,2016,unavailable,,,,,,,,not_attempted,,,,total_liabilities,observed_market_cap,risk_neutral,physical
BHLB,2018,12212.231,1528.802,-0.300176825,12212231000.0,1542091431.934636,10659313000.0,0.8728391233346307,reported,,,,0.0181,1249034640.0,0,2017,2017,0.175820722,2017,rit_tminus1,,,,,,,,not_attempted,,,,total_liabilities,observed_market_cap,risk_neutral,physical
BHLB,2019,13215.97,838.433,0.012114189,13215970000.0,1604529414.830391,11457406000.0,0.866936441290348,reported,,,,0.021400000000000002,1522738560.0,0,2018,2018,-0.300176825,2018,rit_tminus1,,,,,,,,not_attempted,,,,total_liabilities,observed_market_cap,risk_neutral,physical
BHLB,2020,12838.013,582.02,-0.325208116,12838013000.0,1082132650.3134162,11650240000.0,0.9074799970992395,reported,,,,0.0044,792861440.0,0,2019,2019,0.012114189,2019,rit_tminus1,,,,,,,,not_attempted,,,,total_liabilities,observed_market_cap,risk_neutral,physical
BHLB,2021,11554.913,120.706,0.269187938,11554913000.0,1182435000.115192,10372478000.0,0.8976682039925354,reported,,,,0.0004,1383605937.3,0,2020,2020,-0.325208116,2020,rit_tminus1,,,,,,,,not_attempted,,,,total_liabilities,observed_market_cap,risk_neutral,physical
BHLB,2022,11662.864,134.815,0.123426745,11662864000.0,954062000.072281,10708802000.0,0.9181965939069512,reported,,,,0.014199999999999999,1326400537.8,0,2021,2021,0.269187938,2021,rit_tminus1,,,,,,,,not_attempted,,,,total_liabilities,observed_market_cap,risk_neutral,physical
BHLB,2023,12430.821,515.267,-0.002421594,12430821000.0,1012221000.2315503,11418600000.0,0.918571669562292,reported,,,,0.0495,1080126651.76,0,2022,2022,0.123426745,2022,rit_tminus1,,,,,,,,not_attempted,,,,total_liabilities,observed_market_cap,risk_neutral,physical
BKU,2016,27880.151,5642.157,0.373925652,27880151000.0,1746183971.636273,25461722000.0,0.9132562445590772,reported,0.1950807041870303,monthly36,36.0,0.002,2834736661.76,36,2015,2013,,2015,unavailable,28245586104.260475,0.01957836666513291,5.3921412610330925,3.481149973998902e-08,3.3642430680461977e-15,5.551115123125783e-16,8.0,converged,,,,total_liabilities,observed_market_cap,risk_neutral,physical
BKU,2017,30346.986,5173.83,0.270959392,30346986000.0,2130086576.9135225,27320924000.0,0.9002845949841609,reported,0.2098630097275965,monthly36,36.0,0.008,3062628730.88,36,2016,2014,0.373925652,2016,rit_tminus1,30165857253.185974,0.02130662593425077,5.013974946576517,2.665846596545756e-07,1.5880929231256683e-14,2.9976021664879227e-15,8.0,converged,4.181758574837265,1.4463151623058932e-05,0.11329127796292834,total_liabilities,observed_market_cap,risk_neutral,physical
BKU,2018,32164.326,5373.749,-0.35638478,32164326000.0,2218115788.1027727,29240493000.0,0.9090970225833428,reported,0.2148093504513544,monthly36,36.0,0.0181,2251844405.76,36,2017,2015,0.270959392,2017,rit_tminus1,30967845393.510696,0.015619993589155357,4.825413856199057,6.985642177103575e-07,8.470161739122324e-16,1.6653345369377348e-16,8.0,converged,3.0356091795569653,0.0012002514788747108,0.11164699100828186,total_liabilities,observed_market_cap,risk_neutral,physical
BKU,2019,32871.293,5009.839,0.07365581,32871292999.999996,2356714317.64868,29890514000.0,0.9093196911968143,reported,0.220939136254065,monthly36,36.0,0.021400000000000002,2749747210.24,36,2018,2016,-0.35638478,2018,rit_tminus1,32007399851.696716,0.018980842535223925,4.722962773616824,1.1621670394095208e-06,1.595383691683374e-14,3.191891195797325e-15,9.0,converged,-2.391586754542306,0.9916121406097186,0.11498218521325872,total_liabilities,observed_market_cap,risk_neutral,physical
BKU,2020,35010.493,4025.494,-0.194175081,35010493000.0,2410702040.918263,32027481000.0,0.9147966296847062,reported,0.21987923864709,monthly36,36.0,0.0044,2615870021.12,36,2019,2017,0.07365581,2019,rit_tminus1,34502739554.77649,0.016670448115522075,4.721256459085759,1.1719608517627825e-06,1.822862582441938e-15,3.608224830031759e-16,8.0,converged,1.2821301922370254,0.09989848962798259,0.11364645674026841,total_liabilities,observed_market_cap,risk_neutral,physical
BKU,2021,35815.396,2825.416,0.260038257,35815396000.0,3037760999.4461126,32777635000.0,0.9151828169092421,reported,0.3998227422526626,monthly36,36.0,0.0004,3623766287.66,36,2020,2018,-0.194175081,2020,rit_tminus1,36386411195.879814,0.039983447506092486,2.602317497318731,0.004629804203522312,2.1053770926757484e-15,9.992007221626409e-16,8.0,converged,-0.5982783200074707,0.7251728799781857,0.17482999766101276,total_liabilities,observed_market_cap,risk_neutral,physical
BKU,2022,37026.712,6330.923,0.000492001,37026712000.0,2435981000.7531343,34590731000.0,0.934210172375014,reported,0.4059570857576355,monthly36,36.0,0.014199999999999999,2570665720.39,36,2021,2019,0.260038257,2021,rit_tminus1,36671880457.308876,0.028610123338457572,2.524114799212368,0.005799502199840026,1.8549170139896028e-16,0.0,9.0,converged,1.8772408753676615,0.030242543793258865,0.16909226123369472,total_liabilities,observed_market_cap,risk_neutral,physical
BKU,2023,35761.607,5823.973,0.007384767,35761607000.0,2577920999.052873,33183686000.0,0.9279137260246723,reported,0.4171810629208647,monthly36,36.0,0.0495,2411900337.15,36,2022,2020,0.000492001,2022,rit_tminus1,33990825033.663193,0.029796323663079615,2.4529320130960004,0.007084855842323246,2.1154097929279927e-14,7.771561172376096e-15,10.0,converged,0.32447478156193715,0.372789305874779,0.1721079893884392,total_liabilities,observed_market_cap,risk_neutral,physical
BLFY,2022,2043.338,319.802,0.020981352,2043338000.0,310714743.47236973,1732623256.5276303,0.8479376669584916,implied_pb,0.3112973075093087,peer_median,6.0,0.014199999999999999,279112280.0,6,2021,2021,,2021,unavailable,1987300639.8282719,0.043731927004923725,3.438778755020144,0.00029217229308303825,1.1104640499229602e-14,2.8255175976710234e-14,7.0,converged,,,,total_liabilities,observed_market_cap,risk_neutral,physical
BLFY,2023,2044.963,406.429,-0.001220988,2044963000.0,315169362.27828634,1729793637.7217135,0.8458801639549046,implied_pb,0.1633558765384298,monthly_ewma,18.0,0.0495,210040136.0,18,2022,2022,0.020981352,2022,rit_tminus1,1856293663.531191,0.01848376213308168,6.48725639822902,4.3706755441492134e-11,1.2486205827429037e-14,1.8318679906315083e-15,8.0,converged,1.324454018236994,0.09267615228617643,0.09869091052243864,total_liabilities,observed_market_cap,risk_neutral,physical
BMRC,2017,2468.154,5.739,0.143517489,2468154000.0,347941766.69441164,2171129000.0,0.8796570230220643,reported,0.2083004043394529,monthly36,36.0,0.008,551347400.0,36,2016,2014,,2016,unavailable,2705176658.5163846,0.0424541184914288,5.347390112677144,4.461577629402145e-08,6.054005346577992e-15,1.0269562977782698e-15,7.0,converged,,,,total_liabilities,observed_market_cap,risk_neutral,physical
BMRC,2018,2520.892,9.64,-0.192118413,2520892000.0,370612303.2778422,2204485000.0,0.8744860946046082,reported,0.2075086836102567,monthly36,36.0,0.0181,668751964.0,36,2017,2015,0.143517489,2017,rit_tminus1,2833694721.915238,0.04897205086129059,5.472271601475812,2.221515956976914e-08,0.0,5.551115123125783e-17,7.0,converged,3.1666650009832273,0.0007709892001683669,0.1264631282978834,total_liabilities,observed_market_cap,risk_neutral,physical
BMRC,2019,2707.28,2.92,0.057246619,2707280000.0,402252682.46926713,2370492000.0,0.8755991253213558,reported,0.1975554890076738,monthly36,36.0,0.021400000000000002,730535305.0,36,2018,2016,-0.192118413,2018,rit_tminus1,3050837720.071004,0.04730545283296756,5.76254464183352,4.142755883930398e-09,7.179952432599237e-15,1.0824674490095276e-15,7.0,converged,0.5632997442058112,0.28661539613893083,0.12251481480548905,total_liabilities,observed_market_cap,risk_neutral,physical
BMRC,2020,2911.926,2.835,-0.192570769,2911926000.0,430316410.4196713,2553673000.0,0.8769704312540909,reported,0.1581147412438442,monthly36,36.0,0.0044,556860874.0,36,2019,2017,0.057246619,2019,rit_tminus1,3099322396.139118,0.028408762222071452,6.957264111685129,1.7347208877150773e-12,6.850359656665338e-15,3.2751579226442118e-15,7.0,converged,2.448999667193896,0.007162679025154545,0.10180724989122199,total_liabilities,observed_market_cap,risk_neutral,physical
BMRC,2021,4314.209,0.419,0.214193838,4314209000.0,450368000.0098785,3863841000.0,0.8956082099870452,reported,0.2471094914669206,monthly36,36.0,0.0004,593045716.89,36,2020,2018,-0.192570769,2020,rit_tminus1,4455341287.329517,0.03289269507596352,4.326216937705316,7.584601650174607e-06,1.8392595517083333e-13,2.135791543622645e-13,7.0,converged,-0.44846568552424726,0.6730914271849523,0.1297850401896044,total_liabilities,observed_market_cap,risk_neutral,physical
BMRC,2022,4147.464,112.439,0.067445382,4147464000.0,412092000.0125824,3735372000.0,0.900640005555202,reported,0.2631071474092407,monthly36,36.0,0.014199999999999999,527038057.44000006,36,2021,2019,0.214193838,2021,rit_tminus1,4209741891.44313,0.032940414690807496,4.044010712695953,2.6272258355880203e-05,4.25232032472309e-14,8.3322237998118e-14,7.0,converged,2.5165626687878935,0.0059252911490797035,0.13399387671073998,total_liabilities,observed_market_cap,risk_neutral,physical
BMRC,2023,3803.903,26.298,0.055328468,3803903000.0,439061999.95539886,3364841000.0,0.884575921099986,reported,0.2856512854557338,monthly36,36.0,0.0495,355808254.26,36,2022,2020,0.067445382,2022,rit_tminus1,3558142163.1950936,0.02856770183544557,3.673721369639191,0.00011952169659058037,1.1391292349740787e-14,3.164135620181696e-15,8.0,converged,1.1563821830891545,0.12376243300421147,0.13711905895779924,total_liabilities,observed_market_cap,risk_neutral,physical
BOH,2016,16492.367,800.932,0.319419393,16492366999.999998,1082499864.1837316,15330830000.0,0.9295712374094028,reported,0.174898244697517,monthly36,36.0,0.002,3524079412.0,36,2015,2013,,2015,unavailable,18824278393.21888,0.032742572678012664,6.314273803806974,1.3571650296113236e-10,1.6236994770756601e-15,1.942890293094024e-16,7.0,converged,,,,total_liabilities,observed_market_cap,risk_neutral,physical
BOH,2017,17089.052,766.009,0.203358389,17089052000.0,1154395349.5263696,15857184000.0,0.9279147842724101,reported,0.1693144374269391,monthly36,36.0,0.008,3405272360.0,36,2016,2014,0.319419393,2016,rit_tminus1,19136104967.440594,0.030129526093232592,6.488662366189593,4.3300897378369223e-11,1.680348968749595e-15,2.220446049250313e-16,7.0,converged,4.798479887823369,7.993717906434818e-07,0.1059383851578922,total_liabilities,observed_market_cap,risk_neutral,physical
BOH,2018,17143.974,640.138,-0.293632225,17143973999.999998,1214260173.9462469,15875774000.0,0.9260264860411012,reported,0.1693399566603846,monthly36,36.0,0.0181,2674946735.9999995,36,2017,2015,0.203358389,2017,rit_tminus1,18265954138.623795,0.02479888873809309,6.37274949081102,9.283451396248008e-11,4.0999899142185676e-15,2.525757381022231e-15,7.0,converged,3.4196340761809125,0.0003135271144793661,0.10343882655172501,total_liabilities,observed_market_cap,risk_neutral,physical
BOH,2019,18095.496,689.871,0.033146139,18095496000.0,1277033008.1622427,16808664000.0,0.9288866135528974,reported,0.1766130237165423,monthly36,36.0,0.021400000000000002,3781163568.0,36,2018,2016,-0.293632225,2018,rit_tminus1,20233943697.409462,0.03300408170586553,6.251422917338738,2.0336491649752182e-10,5.548777402410828e-15,8.881784197001252e-16,7.0,converged,-0.8847723260084636,0.811860280965916,0.1092963584516677,total_liabilities,observed_market_cap,risk_neutral,physical
BOH,2020,20603.651,661.071,-0.203735106,20603651000.0,1361333432.979976,19229144000.0,0.9332881827594537,reported,0.1886322125856342,monthly36,36.0,0.0044,3044480376.0,36,2019,2017,0.033146139,2019,rit_tminus1,22189202007.287678,0.025881375655544298,5.689180081018942,6.382539873719011e-09,8.77091574308607e-15,3.1363800445660672e-15,7.0,converged,1.587703328445944,0.05617672002468092,0.10966123981341072,total_liabilities,observed_market_cap,risk_neutral,physical
BOH,2021,22784.941,460.881,0.208207183,22784941000.0,1431611000.2536674,21173330000.0,0.9292685901622479,reported,0.3487276340704892,monthly36,36.0,0.0004,3371607445.6800003,36,2020,2018,-0.203735106,2020,rit_tminus1,24536157569.88738,0.047965561743658965,3.057508867840621,0.0011159251881058755,1.1314179740920686e-15,1.8485213360008856e-14,7.0,converged,-0.4198118321717003,0.6626885397523086,0.1662408191363315,total_liabilities,observed_market_cap,risk_neutral,physical
BOH,2022,23606.877,1135.784,0.036632881,23606877000.0,1136994999.9055989,22289882000.0,0.94421138382684,reported,0.3418967115069254,monthly36,36.0,0.014199999999999999,3089660770.0,36,2021,2019,0.208207183,2021,rit_tminus1,25065015826.057182,0.04217986691114,3.097464917914843,0.0009759174859183046,1.7285315668732784e-14,5.806466418789569e-14,7.0,converged,2.0243681637853097,0.021466142450022194,0.16060369301343042,total_liabilities,observed_market_cap,risk_neutral,physical
BOKF,2016,32772.281,5717.302,0.319423811,32772281000.000004,3220940987.4144764,29465924000.0,0.8991111726400733,reported,0.1818807630672442,monthly36,36.0,0.002,5336299872.0,36,2015,2013,,2015,unavailable,34743350916.41033,0.02793542557457205,5.95528933986829,1.2980605531280742e-09,7.148581146350165e-16,2.7755575615628914e-17,7.0,converged,,,,total_liabilities,observed_market_cap,risk_neutral,physical
BOKF,2017,32272.16,5854.537,0.259061747,32272160000.0,3434800696.239643,28753826000.0,0.8909792836921978,reported,0.2339926684916424,monthly36,36.0,0.008,5932649376.0,36,2016,2014,0.319423811,2016,rit_tminus1,34457362101.68277,0.04028741875254362,4.669951804220372,1.506352044187782e-06,5.787005638579137e-15,9.992007221626409e-16,7.0,converged,3.836172140592337,6.248341601681443e-05,0.12996229304421356,total_liabilities,observed_market_cap,risk_neutral,physical
BOKF,2018,38020.504,7418.714,-0.312401801,38020504000.0,3949025562.452191,33577459000.0,0.8831408179123559,reported,0.2346682394112947,monthly36,36.0,0.0181,4712317794.0,36,2017,2015,0.259061747,2017,rit_tminus1,37687491351.84406,0.02934220392788836,4.537586342668589,2.8450867904676022e-06,4.047580651799521e-14,7.177591854201637e-14,7.0,converged,3.081805258329676,0.0010287469742339367,0.12417400844886287,total_liabilities,observed_market_cap,risk_neutral,physical
BOKF,2019,42172.021,8621.328,0.088205528,42172021000.0,4421137777.423697,37308102000.0,0.8846647875851148,reported,0.2354162410681092,monthly36,36.0,0.021400000000000002,5616481320.0,36,2018,2016,-0.312401801,2018,rit_tminus1,42134671492.81796,0.031380666525979685,4.543181533823326,2.7705746579966474e-06,1.2225546008092126e-14,2.9726221484338566e-14,7.0,converged,-1.4354998701840789,0.9244276473496027,0.12541413072801505,total_liabilities,observed_market_cap,risk_neutral,physical
BOKF,2020,46671.088,3821.361,-0.122595584,46671088000.0,4859727108.177553,41379527000.0,0.8866201490738763,reported,0.2418517661296125,monthly36,36.0,0.0044,4400648064.0,36,2019,2017,0.088205528,2019,rit_tminus1,45598503650.9569,0.023340928974268833,4.336428097166818,7.240838468505873e-06,1.7336979509138953e-14,3.83026943495679e-15,8.0,converged,1.4760777769193028,0.06996150699051815,0.123092774768878,total_liabilities,observed_market_cap,risk_neutral,physical
BOKF,2021,50249.431,2494.428,0.220648776,50249431000.0,5363732000.91828,44881060000.0,0.8931655365411003,reported,0.4280018949587788,monthly36,36.0,0.0004,7222665268.28,36,2020,2018,-0.122595584,2020,rit_tminus1,52079970320.96393,0.05969903961644634,2.468759327347201,0.006779118612784736,1.465634155662632e-14,4.068967385251199e-14,7.0,converged,0.039558823344084684,0.4842224279674689,0.1945669345371764,total_liabilities,observed_market_cap,risk_neutral,physical
BOKF,2022,47790.642,7138.49,-0.034598287,47790642000.0,4682648998.51383,43103284000.0,0.9019189154228143,reported,0.4279159417826948,monthly36,36.0,0.014199999999999999,6949636622.860001,36,2021,2019,0.220648776,2021,rit_tminus1,49439657722.06938,0.060494158398629365,2.4717085630001394,0.006723454437967727,3.293436022030569e-14,5.134781488891349e-14,7.0,converged,1.8047327253923395,0.03555825811228891,0.1945974374923266,total_liabilities,observed_market_cap,risk_neutral,physical
BOKF,2023,49824.83,8955.45,0.022135395,49824830000.0,5142442000.156479,44679411000.0,0.8967298232628189,reported,0.4395263689567626,monthly36,36.0,0.0495,5564438710.05,36,2022,2020,-0.034598287,2022,rit_tminus1,48079691487.24162,0.05126361949192996,2.3707475970756238,0.008876074677631227,1.3196824727470384e-14,6.161737786669619e-15,8.0,converged,0.33829821250727676,0.36756923530479535,0.19085187476352705,total_liabilities,observed_market_cap,risk_neutral,physical
BRBS,2022,3130.465,351.671,-0.041574198,3130465000.0,1197045096.1429124,2881672000.0,0.9205252254856706,reported,0.2670667499927753,monthly36,36.0,0.014199999999999999,1138810722.0,36,2021,2019,,2021,unavailable,3979851864.646657,0.07641987704494818,4.372604766415532,6.138643401236221e-06,4.187150234814219e-15,7.216449660063518e-16,7.0,converged,,,,total_liabilities,observed_market_cap,risk_neutral,physical
BRBS,2023,3117.554,314.855,-0.053401671,3117554000.0,883307274.8979554,2931565000.0,0.9403413701895781,reported,0.2677151272459835,monthly36,36.0,0.0495,276268734.0,36,2022,2020,-0.041574198,2022,rit_tminus1,3066253531.2136135,0.024122111402489613,3.9021924077832124,4.7662667259036726e-05,6.903961245258032e-15,1.7763568394002505e-15,8.0,converged,0.30825007700450685,0.3789460251853828,0.12991497630036292,total_liabilities,observed_market_cap,risk_neutral,physical
BRKL,2017,6780.249,1020.819,0.142611662,6780249000.0,927123458.6770927,5967666000.0,0.8801544014091518,reported,,,,0.008,1398942220.0,0,2016,2016,,2016,unavailable,,,,,,,,not_attempted,,,,total_liabilities,observed_market_cap,risk_neutral,physical
BRKL,2018,7392.805,920.542,-0.235247827,7392805000.0,1000617133.2809304,6482186000.0,0.8768236143114826,reported,,,,0.0181,1231425572.0,0,2017,2017,0.142611662,2017,rit_tminus1,,,,,,,,not_attempted,,,,total_liabilities,observed_market_cap,risk_neutral,physical
BRKL,2019,7856.853,902.749,0.022985638,7856853000.0,1050936676.2581992,6911247000.0,0.8796457054752075,reported,,,,0.021400000000000002,1466661716.0,0,2018,2018,-0.235247827,2018,rit_tminus1,,,,,,,,not_attempted,,,,total_liabilities,observed_market_cap,risk_neutral,physical
BRKL,2020,8942.424,820.247,-0.277210743,8942424000.0,1066945581.8355997,8000646000.0,0.8946842601066557,reported,,,,0.0044,1072819384.0,0,2019,2019,0.022985638,2019,rit_tminus1,,,,,,,,not_attempted,,,,total_liabilities,observed_market_cap,risk_neutral,physical
BRKL,2021,8602.622,357.321,0.238767718,8602622000.0,995341999.820817,7607280000.0,0.8842978338464714,reported,,,,0.0004,1265081872.52,0,2020,2020,-0.277210743,2020,rit_tminus1,,,,,,,,not_attempted,,,,total_liabilities,observed_market_cap,risk_neutral,physical
BRKL,2022,9185.836,1432.652,0.114149369,9185836000.0,984419497.6289877,8193711000.0,0.8919940438736332,reported,,,,0.014199999999999999,1087345882.8,0,2021,2021,0.238767718,2021,rit_tminus1,,,,,,,,not_attempted,,,,total_liabilities,observed_market_cap,risk_neutral,physical
BSRR,2018,2522.502,107.226,-0.232170914,2522502000.0,246585008.0346213,2249478000.0,0.8917646051420376,reported,0.2406922692719549,monthly36,36.0,0.0181,332065764.0,36,2017,2015,,2017,unavailable,2541194409.586546,0.03145213030140545,4.436628031530223,4.5689497139688674e-06,1.4359720570384516e-14,4.671263376110346e-14,7.0,converged,,,,total_liabilities,observed_market_cap,risk_neutral,physical
BSRR,2019,2593.819,80.656,0.069922842,2593819000.0,279625564.016735,2284534000.0,0.8807607624124891,reported,0.252295187694427,monthly36,36.0,0.021400000000000002,402403456.0,36,2018,2016,-0.232170914,2018,rit_tminus1,2638567660.3016553,0.03847740945959072,4.281314646292773,9.289621973027566e-06,1.066475538378111e-14,4.3298697960381105e-15,7.0,converged,-0.5891307661392754,0.7221132218904324,0.13392399150859918,total_liabilities,observed_market_cap,risk_neutral,physical
BUSE,2017,7860.64,749.693,0.172015075,7860640000.0,1718680912.087622,6925637000.0,0.8810525606057522,reported,0.203411442875767,monthly36,36.0,0.008,2679345450.24,36,2016,2014,,2016,unavailable,9549798384.515488,0.05707026513812519,5.741369887167601,4.695685159780044e-09,4.627162246723628e-15,6.661338147750939e-16,7.0,converged,,,,total_liabilities,observed_market_cap,risk_neutral,physical
BUSE,2018,7702.357,405.637,-0.208044108,7702357000.0,1821792749.3003232,6707393000.0,0.8708234375529464,reported,0.1986449052488039,monthly36,36.0,0.0181,2196096771.84,36,2017,2015,0.172015075,2017,rit_tminus1,8783178063.873528,0.04966806243561086,5.768183522073386,4.006525966932053e-09,4.342587852388735e-16,5.551115123125783e-17,7.0,converged,3.6070647529621054,0.00015484019922428922,0.12407611792751388,total_liabilities,observed_market_cap,risk_neutral,physical
BUSE,2019,9695.729,467.872,0.084311309,9695729000.0,1993423835.322816,8475295000.0,0.8741266386467691,reported,0.2215013846578261,monthly36,36.0,0.021400000000000002,2460988640.0,36,2018,2016,-0.208044108,2018,rit_tminus1,10756839217.436016,0.05067589565116845,5.1010894057495015,1.6885198901526025e-07,3.4876507384675494e-15,6.38378239159465e-16,7.0,converged,0.2907781030912372,0.38561051663948975,0.13150715391083875,total_liabilities,observed_market_cap,risk_neutral,physical
BUSE,2020,10544.047,478.532,-0.173628848,10544047000.0,2089153609.5463543,9273978000.0,0.8795463449660268,reported,0.1969391967700304,monthly36,36.0,0.0044,1928520188.8,36,2019,2017,0.084311309,2019,rit_tminus1,11161782325.459957,0.034026933166874655,5.557489416488084,1.3684128656523198e-08,3.3379487926168543e-15,5.273559366969494e-16,7.0,converged,2.2963426354334517,0.010828149065864113,0.11605469954751749,total_liabilities,observed_market_cap,risk_neutral,physical
BUSE,2021,12859.689,628.225,0.236057486,12859689000.0,1319112000.3976617,11540577000.0,0.897422713721926,reported,0.2892357060771348,monthly36,36.0,0.0004,1503394759.2,36,2020,2018,-0.173628848,2020,rit_tminus1,13039344595.785858,0.033351696378087464,3.65636173758429,0.00012791014497526702,8.405100932443647e-15,2.1649348980190553e-15,8.0,converged,-0.43229058791617864,0.6672348864982421,0.14154822342901563,total_liabilities,observed_market_cap,risk_neutral,physical
BUSE,2022,12336.677,904.708,0.044794795,12336677000.0,1145977000.0972826,11190700000.0,0.9071081296851656,reported,0.2878733160344822,monthly36,36.0,0.014199999999999999,1366499945.28,36,2021,2019,0.236057486,2021,rit_tminus1,12399404482.392752,0.03172910168411266,3.664207163320738,0.0001240529583474563,5.0771905815436057e-14,2.4619195571062846e-13,7.0,converged,2.438648080951623,0.007371158615858933,0.14002244590414187,total_liabilities,observed_market_cap,risk_neutral,physical
BUSE,2023,12283.415,512.271,0.073319226,12283415000.0,1271980999.8246918,11011434000.0,0.8964472827792597,reported,0.3081476856233789,monthly36,36.0,0.0495,1371159033.58,36,2022,2020,0.044794795,2022,rit_tminus1,11850769004.613894,0.035662770963949354,3.429981826199091,0.0003018108386799275,8.346290631944627e-15,2.1649348980190553e-15,8.0,converged,1.0288424149361108,0.1517768659157333,0.14709182103486473,total_liabilities,observed_market_cap,risk_neutral,physical
BWB,2020,2927.345,142.239,-0.221563344,2927345000.0,258769821.56047976,2661940000.0,0.9093359340972793,reported,0.2163416848642418,monthly_ewma,22.0,0.0044,342724351.0,22,2019,2019,,2019,unavailable,2992977538.7788806,0.02477318804560151,4.896692679878557,4.873154018746505e-07,3.353066532671124e-13,3.727296249422807e-13,7.0,converged,,,,total_liabilities,observed_market_cap,risk_neutral,physical
BWB,2021,3477.659,134.739,0.133604459,3477659000.0,304257109.6048667,3098387000.0,0.8909404286044147,reported,0.2692419225449899,monthly36,34.0,0.0004,485411831.00000006,34,2020,2019,-0.221563344,2020,rit_tminus1,3582558820.341438,0.03648152139159769,3.9727015118098774,3.553103733629118e-05,1.1382809848898616e-13,1.6292522886374172e-13,7.0,converged,-0.6202693159157731,0.7324597536086308,0.13788901276965249,total_liabilities,observed_market_cap,risk_neutral,physical
BWB,2022,4345.662,476.655,0.080166439,4345662000.0,323866944.2205455,3951598000.0,0.9093201450089767,reported,0.2513469002427236,monthly36,36.0,0.014199999999999999,486783826.0,36,2021,2019,0.133604459,2021,rit_tminus1,4382665347.631204,0.02791749257194073,4.203361695371046,1.3148993029109283e-05,9.795665606258763e-15,2.1094237467877974e-15,8.0,converged,1.8869212369947885,0.02958546011159127,0.1280279626914933,total_liabilities,observed_market_cap,risk_neutral,physical
BWB,2023,4611.99,412.538,-0.049497958,4611990000.0,355002485.2019504,4186475000.0,0.9077372240616307,reported,0.2614035292929076,monthly36,36.0,0.0495,370987448.0,36,2022,2020,0.080166439,2022,rit_tminus1,4355276631.832262,0.022267329752981277,3.987057349408043,3.344892965622724e-05,3.8559565352447586e-15,1.7041923427996153e-14,8.0,converged,1.2337195766693116,0.10865370823229697,0.127239888407458,total_liabilities,observed_market_cap,risk_neutral,physical
BWFG,2018,1873.665,185.155,-0.239048102,1873665000.0,174887229.06550217,1699469000.0,0.9070292715079803,reported,0.2039919382439102,monthly36,36.0,0.0181,226045026.9,36,2017,2015,,2017,unavailable,1895030346.8288512,0.024332785544006728,5.207910158081478,9.548967397070213e-08,1.4502665719324809e-15,5.687117443642364e-14,7.0,converged,,,,total_liabilities,observed_market_cap,risk_neutral,physical
BWFG,2019,1882.182,175.207,-0.024379108,1882182000.0,182503325.61905038,1699785000.0,0.9030927933642974,reported,0.2049222344722003,monthly36,36.0,0.021400000000000002,227068567.6,36,2018,2016,-0.239048102,2018,rit_tminus1,1890864622.9575706,0.024608532020640738,5.1863977266192185,1.0720033866296396e-07,1.9555969735049324e-14,4.3826053897078054e-14,7.0,converged,-1.058588862084533,0.8551064692298402,0.1134500239184528,total_liabilities,observed_market_cap,risk_neutral,physical
BWFG,2020,2253.747,200.258,-0.34301672,2253747000.0,175578685.3526418,2077145000.0,0.9216407165489294,reported,0.1790880506905272,monthly36,36.0,0.0044,153924774.5,36,2019,2017,-0.024379108,2019,rit_tminus1,2221950413.79046,0.01240625701746509,5.780475331810124,3.724493018085893e-09,1.5489292082838978e-14,2.525757381022231e-15,8.0,converged,0.4180238602150081,0.33796483610390105,0.10058909974313658,total_liabilities,observed_market_cap,risk_neutral,physical
BWFG,2021,2456.264,84.441,0.228270898,2456264000.0,201987000.07278854,2254277000.0,0.9177665755798237,reported,0.4071925963037257,monthly36,36.0,0.0004,256255971.44000003,36,2020,2018,-0.34301672,2020,rit_tminus1,2509474855.127619,0.04177675435874586,2.5557648631043652,0.005297734508286794,1.5002575613785647e-14,5.10702591327572e-15,8.0,converged,-1.4121195136272018,0.9210426130138927,0.17786685756104695,total_liabilities,observed_market_cap,risk_neutral,physical
BWFG,2022,3252.449,158.959,0.164468367,3252449000.0,238469000.08788937,3013980000.0,0.9266801723870228,reported,0.4396135723897137,monthly36,36.0,0.014199999999999999,227514471.57,36,2021,2019,0.228270898,2021,rit_tminus1,3198676107.015118,0.03156510185950927,2.3182996734614294,0.010216520078252689,4.6894737469534064e-14,9.514611321037592e-14,8.0,converged,1.5870232254887897,0.0562536922467056,0.17953573064808032,total_liabilities,observed_market_cap,risk_neutral,physical
BWFG,2023,3215.482,159.205,-0.012731868,3215482000.0,265752000.07249445,2949730000.0,0.9173523596151371,reported,0.4482711146545922,monthly36,36.0,0.0495,237897350.88,36,2022,2020,0.164468367,2022,rit_tminus1,3044785966.8948727,0.03539183567135171,2.277097963108639,0.011390188155255979,1.6536151161935887e-14,4.052314039881821e-15,9.0,converged,1.227780371238846,0.10976471303405383,0.18342755756831441,total_liabilities,observed_market_cap,risk_neutral,physical
BY,2018,4942.574,495.934,-0.286127085,4942574000.0,805442652.5491297,4291902000.0,0.8683536149382892,reported,0.2206680248697309,peer_median,6.0,0.0181,761718524.0,6,2017,2017,,2017,unavailable,4976635897.527545,0.033775223439966466,4.901633479607647,4.7521518729349824e-07,1.8780053648916842e-15,8.049116928532385e-16,7.0,converged,,,,total_liabilities,observed_market_cap,risk_neutral,physical
BY,2019,5521.809,576.972,0.093872976,5521809000.0,884008416.6399806,4771694000.0,0.8641541205065224,reported,0.2624724861491481,monthly_ewma,18.0,0.021400000000000002,894767798.0,18,2018,2018,-0.286127085,2018,rit_tminus1,5565431646.367573,0.04219896116115969,4.1323953747563476,1.7950109742089062e-05,4.263337677274121e-15,3.164135620181696e-15,7.0,converged,-0.8925848995598588,0.8139602456411601,0.13880729339349232,total_liabilities,observed_market_cap,risk_neutral,physical
BY,2020,6390.652,757.694,-0.126683753,6390652000.0,941261871.1458359,5585188000.0,0.8739621559740697,reported,0.2421336730097012,monthly36,30.0,0.0044,706395630.0,30,2019,2018,0.093872976,2019,rit_tminus1,6267062590.048149,0.0272923896091318,4.36814911881933,6.265196516197706e-06,1.4445609163163813e-13,3.287092820158932e-13,7.0,converged,1.6368856822208986,0.0508271790648895,0.12530900582057886,total_liabilities,observed_market_cap,risk_neutral,physical
BY,2021,6696.172,630.146,0.226416808,6696172000.0,1001310206.8310617,5859790000.0,0.8750955023258065,reported,0.4135613472107552,monthly36,36.0,0.0004,1250480290.0,36,2020,2018,-0.126683753,2020,rit_tminus1,7107336709.642679,0.07302770750487313,2.6119853220392786,0.004500905942499915,4.575878519794582e-15,2.886579864025407e-15,7.0,converged,0.23557066059034298,0.40688292111671887,0.19914650461001304,total_liabilities,observed_market_cap,risk_neutral,physical
CAC,2017,4065.398,611.498,0.162628659,4065398000.0,439207550.09170514,3661985000.0,0.900769125187743,reported,0.2640841848051946,monthly36,36.0,0.008,712089686.0,36,2016,2014,,2016,unavailable,4344895009.876056,0.043281748462853195,4.113964807750374,1.9446037669581433e-05,1.004446141219194e-14,5.495603971894525e-15,7.0,converged,,,,total_liabilities,observed_market_cap,risk_neutral,physical
CAC,2018,4297.435,341.694,-0.199058577,4297435000.0,472450099.0098752,3861610000.0,0.8985848535230899,reported,0.2149260619120932,monthly36,36.0,0.0181,607972134.0,36,2017,2015,0.162628659,2017,rit_tminus1,4400315738.604359,0.029695389528516414,4.992397689898847,2.9817152332156605e-07,6.274460706820816e-15,6.522560269672795e-15,7.0,converged,2.538989971365034,0.005558650498666499,0.11885668460075356,total_liabilities,observed_market_cap,risk_neutral,physical
CAC,2019,4429.521,339.554,0.0632569,4429521000.0,528352821.50860006,3956106000.0,0.8931227552595417,reported,0.2198466028749471,monthly36,36.0,0.021400000000000002,778515332.0,36,2018,2016,-0.199058577,2018,rit_tminus1,4650860095.916509,0.03680050517302985,4.959573836458573,3.5323996038166295e-07,1.1024919477958656e-14,2.0816681711721685e-15,7.0,converged,-0.21870193314117958,0.5865588784942574,0.12385222092446746,total_liabilities,observed_market_cap,risk_neutral,physical
CAC,2020,4898.745,251.698,-0.130946362,4898745000.0,600074644.8871039,4369431000.0,0.8919490604226185,reported,0.2100959615721783,monthly36,36.0,0.0044,604760716.0,36,2019,2017,0.0632569,2019,rit_tminus1,4955008449.50853,0.025642298758120144,5.063403863712354,2.0591805357666708e-07,1.5296365363025044e-13,1.740274591099933e-13,7.0,converged,1.6107344094709304,0.05361881123587458,0.11560255793248364,total_liabilities,observed_market_cap,risk_neutral,physical
CAC,2021,5500.356,260.715,0.179165418,5500356000.0,541294000.0990466,4959062000.0,0.9015892789484898,reported,0.265658678009665,monthly36,36.0,0.0004,709876280.9599999,36,2020,2018,-0.130946362,2020,rit_tminus1,5666953908.109066,0.03327887874834708,4.0049844510302295,3.101078032943005e-05,1.0361260634509994e-13,2.1094237467877974e-13,7.0,converged,-0.04653902608436188,0.5185596852739238,0.1351033156763427,total_liabilities,observed_market_cap,risk_neutral,physical
CAC,2022,5671.85,314.123,0.019697672,5671850000.0,451277999.9694061,5220572000.0,0.9204354840131527,reported,0.2730765429269994,monthly36,36.0,0.014199999999999999,607311779.25,36,2021,2019,0.179165418,2021,rit_tminus1,5754273531.90799,0.028822250841399916,3.8553708660972292,5.7777157664401946e-05,3.1406415913223042e-15,7.216449660063518e-16,8.0,converged,2.084656483926509,0.018550246680253374,0.1344012971587791,total_liabilities,observed_market_cap,risk_neutral,physical
CADE,2019,21052.576,1540.022,0.087023726,21052576000.0,4421190191.17664,16631385808.82336,0.789992911500396,implied_pb,0.2538879968922853,monthly36,36.0,0.021400000000000002,5764519998.72,36,2018,2016,,2018,unavailable,22043774754.133923,0.0663926917147783,4.5326467994424995,2.912458394457361e-06,3.474211321840889e-15,7.216449660063518e-16,7.0,converged,,,,total_liabilities,observed_market_cap,risk_neutral,physical
CADE,2020,24081.194,939.367,-0.161670528,24081194000.0,4751761378.908783,19329432621.091217,0.8026775010031154,implied_pb,0.2469761226005174,monthly36,36.0,0.0044,5035925780.4800005,36,2019,2017,0.087023726,2019,rit_tminus1,24280495094.444168,0.05122451369324181,4.512145151087455,3.2087621930791756e-06,3.219361064006975e-15,6.938893903907228e-16,7.0,converged,2.210540296820543,0.013533843529453256,0.13969431838968033,total_liabilities,observed_market_cap,risk_neutral,physical
CADE,2021,47669.751,1764.599,0.241502388,47669751000.0,5080994001.415946,42588756998.58405,0.8934126171245168,implied_pb,0.3400014033700224,monthly36,36.0,0.0004,5610578831.82,36,2020,2018,-0.161670528,2020,rit_tminus1,48181864415.00618,0.0396247837660106,3.104302955063891,0.0009536396192119207,0.0,0.0,8.0,converged,-0.3180997190229177,0.6247953516212396,0.1588632225189692,total_liabilities,observed_market_cap,risk_neutral,physical
CADE,2022,48653.414,4471.521,0.007598814,48653414000.0,4144380999.9016156,44509033000.09838,0.9148182900402093,implied_pb,0.3346572139399121,monthly36,36.0,0.014199999999999999,4498902954.9,36,2021,2019,0.241502388,2021,rit_tminus1,48380034429.93929,0.031145581104471524,3.117939445796858,0.0009106010888177406,3.8156274690513e-15,9.992007221626409e-16,8.0,converged,2.144576067384034,0.015993378755580878,0.15211534781359415,total_liabilities,observed_market_cap,risk_neutral,physical
CATY,2016,14520.769,836.798,0.317908343,14520769000.0,1610865729.943806,12692230000.0,0.8740742311925767,reported,0.2195007461823595,monthly36,36.0,0.002,2667169246.88,36,2015,2013,,2015,unavailable,15334040126.72391,0.03817948715253942,4.985828368815408,3.0848448032512096e-07,9.654132962536834e-15,1.8041124150158794e-15,7.0,converged,,,,total_liabilities,observed_market_cap,risk_neutral,physical
CATY,2017,15640.186,741.617,0.241176133,15640186000.0,1710823743.586757,13666882000.0,0.8738311679925034,reported,0.2362376570266058,monthly36,36.0,0.008,2957521092.32,36,2016,2014,0.317908343,2016,rit_tminus1,16515504018.56102,0.042304420629647364,4.6432313284637035,1.7150097009243841e-06,2.418429877514793e-15,3.885780586188048e-16,7.0,converged,3.8359349987779567,6.254374554176618e-05,0.13168472798295877,total_liabilities,observed_market_cap,risk_neutral,physical
CATY,2018,16784.737,736.746,-0.292066802,16784737000.000002,1848569630.937274,14662871000.0,0.8735836015780288,reported,0.2357255813752334,monthly36,36.0,0.0181,2351569414.88,36,2017,2015,0.241176133,2017,rit_tminus1,16751429624.277706,0.03309128367387424,4.55460035904181,2.624263157234491e-06,1.2166440552913668e-15,1.7458257062230587e-14,7.0,converged,3.020225123623271,0.0012629343234104734,0.1264556466612565,total_liabilities,observed_market_cap,risk_neutral,physical
CATY,2019,18094.144,843.841,0.099590353,18094144000.0,2018146259.2290554,15799861000.0,0.8732030097693486,reported,0.2393784531972708,monthly36,36.0,0.021400000000000002,2668571912.8,36,2018,2016,-0.292066802,2018,rit_tminus1,18133907696.251144,0.03522684989783463,4.5011669103229535,3.379070421500738e-06,1.3222783893429896e-14,4.912736883966318e-15,7.0,converged,-1.1221796034587896,0.8691069584564575,0.1285614350535465,total_liabilities,observed_market_cap,risk_neutral,physical
CATY,2020,19043.134,292.85,-0.171455119,19043134000.0,2133016095.0013943,16624990000.0,0.8730175400750738,reported,0.2332522404871138,monthly36,36.0,0.0044,2257590798.24,36,2019,2017,0.099590353,2019,rit_tminus1,18809591289.997128,0.027995787970340608,4.55311519596291,2.642865510521875e-06,2.2726739612269555e-13,2.792488462688425e-13,7.0,converged,1.7795258863758614,0.03757679238536112,0.12325071864135537,total_liabilities,observed_market_cap,risk_neutral,physical
CATY,2021,20886.723,162.281,0.265740704,20886723000.0,2446250999.1978893,18440472000.0,0.8828800956473641,reported,0.3474784431034434,monthly36,36.0,0.0004,3256529557.38,36,2020,2018,-0.171455119,2020,rit_tminus1,21689363082.758446,0.05221571100121132,3.0893174140452864,0.0010030848825374316,9.664046306622824e-15,2.0539125955565396e-14,7.0,converged,-0.13664303976744632,0.5543435226312882,0.16848014855944574,total_liabilities,observed_market_cap,risk_neutral,physical
CATY,2022,21947.976,626.736,0.007740714,21947976000.0,2474039999.4157,19473936000.0,0.8872770773942891,reported,0.3371521499060915,monthly36,36.0,0.014199999999999999,2967152339.29,36,2021,2019,0.265740704,2021,rit_tminus1,22166328028.9844,0.045161250785712856,3.1592937330687323,0.0007907600302269064,1.832040617374022e-14,2.19824158875781e-14,7.0,converged,2.449118006305471,0.007160326071986161,0.16111065484038412,total_liabilities,observed_market_cap,risk_neutral,physical
CATY,2023,23081.534,674.923,0.055483315,23081534000.0,2736575000.53061,20344959000.0,0.8814387726569647,reported,0.3471224583297205,monthly36,36.0,0.0495,3238854076.39,36,2022,2020,0.007740714,2022,rit_tminus1,22600984583.41733,0.049788019314457026,3.0814819193777248,0.0010298649269262741,1.1292083302173376e-13,1.4382939284018903e-13,7.0,converged,0.8556000442928082,0.19610952272467047,0.16566765400432593,total_liabilities,observed_market_cap,risk_neutral,physical
CBAN,2018,1251.878468,68.229,-0.183680805,1251878468.0,197657656.36831728,1156186073.0,0.9235609546405267,reported,0.157225796085575,monthly36,36.0,0.0181,254673640.0,36,2017,2015,,2017,unavailable,1390120996.6428764,0.028804158693919148,7.011113692497212,1.1821425349259467e-12,9.361729745629053e-15,1.7208456881689926e-15,7.0,converged,,,,total_liabilities,observed_market_cap,risk_neutral,physical
CBAN,2019,1515.313,85.792,0.008719579,1515313000.0,239658950.05128714,1384807000.0,0.9138752191791399,reported,0.2033569086584328,monthly36,36.0,0.021400000000000002,287816100.0,36,2018,2016,-0.183680805,2018,rit_tminus1,1643303073.1277466,0.03561691998387417,5.388259937760119,3.557155398635748e-08,1.6567424761961718e-15,2.498001805406602e-16,7.0,converged,-0.015759787105298333,0.506286985154669,0.1184799253401833,total_liabilities,observed_market_cap,risk_neutral,physical
CBAN,2020,1763.974,167.081,-0.104601369,1763974000.0,265335251.69176036,1619486000.0,0.9180894956501626,reported,0.1694300736728535,monthly36,36.0,0.0044,255545810.0,36,2019,2017,0.008719579,2019,rit_tminus1,1867921725.2567012,0.02317931465439166,6.335346100104499,1.1840454364489714e-10,2.7989335348706655e-15,1.915134717478395e-15,7.0,converged,1.457745810735578,0.0724553098830185,0.1028616434449332,total_liabilities,observed_market_cap,risk_neutral,physical
CBAN,2021,2691.715,88.448,0.092244677,2691715000.0,217707000.00097936,2474008000.0,0.9191195947565028,reported,0.2421281935989411,monthly36,36.0,0.0004,233413438.86,36,2020,2018,-0.104601369,2020,rit_tminus1,2706431944.0041475,0.02088225301812175,4.308615532581559,8.213982767735803e-06,1.2768040492120322e-14,2.7200464103316335e-15,8.0,converged,-0.17945288275901225,0.5712089445942856,0.12187727465479517,total_liabilities,observed_market_cap,risk_neutral,physical
CBAN,2022,2936.57,203.352,0.012120583,2936570000.0,230267999.89407188,2706302000.0,0.921586068099858,reported,0.2317374547174762,monthly36,36.0,0.014199999999999999,223320180.87,36,2021,2019,0.092244677,2021,rit_tminus1,2891464218.853157,0.017898138206944542,4.482015055134472,3.697076295741701e-06,5.871848123846604e-15,1.27675647831893e-15,8.0,converged,1.4027828713087835,0.08034079813038458,0.11737166548006908,total_liabilities,observed_market_cap,risk_neutral,physical
CBFV,2018,1281.701,50.979,-0.194941557,1281701000.0,125334945.76322159,1144076000.0,0.8926231625004584,reported,0.1564178421220595,monthly36,36.0,0.0181,122591120.4,36,2017,2015,,2017,unavailable,1246145624.5879529,0.015387799096745593,6.722180998976532,8.951218518705025e-12,1.2884482019530115e-14,1.7486012637846216e-15,8.0,converged,,,,total_liabilities,observed_market_cap,risk_neutral,physical
CBFV,2019,1321.537,44.571,-0.005295591,1321537000.0,136809587.75298315,1170440000.0,0.8856657059166713,reported,0.1893369905170513,monthly36,36.0,0.021400000000000002,149108005.2,36,2018,2016,-0.194941557,2018,rit_tminus1,1294766694.904968,0.02180443885670112,5.600376055643724,1.0694364629681646e-08,1.3191466648283555e-14,5.4289905904170155e-14,7.0,converged,-0.7503444274653578,0.7734763542282098,0.10773049347319281,total_liabilities,observed_market_cap,risk_neutral,physical
CBFV,2020,1416.72,49.055,-0.118728264,1416720000.0,122469326.78368051,1282190000.0,0.9050412219775256,reported,0.1837358042531628,monthly36,36.0,0.0044,98993071.8,36,2019,2017,-0.005295591,2019,rit_tminus1,1375553829.1917784,0.013222726307334336,5.641760970054546,8.415983527157865e-09,9.182166148567854e-15,1.582067810090848e-15,8.0,converged,0.6245918092068904,0.2661194984193564,0.10222694388550266,total_liabilities,observed_market_cap,risk_neutral,physical
CBFV,2021,1425.479,56.867,0.086910777,1425479000.0,133289921.11544293,1292355000.0,0.9066110409202801,reported,0.3533614493412277,monthly36,36.0,0.0004,126782195.2,36,2020,2018,-0.118728264,2020,rit_tminus1,1418601507.6827953,0.03162660884389403,2.9438905836261866,0.0016205728171469528,1.4691693469202188e-14,4.718447854656915e-15,9.0,converged,-0.2383772636274648,0.5942057498940068,0.1575498126387069,total_liabilities,observed_market_cap,risk_neutral,physical
CBFV,2022,1408.938,22.698,0.019054797,1408938000.0,110154999.97786762,1298783000.0,0.921816999754425,reported,0.3585403206094141,monthly36,36.0,0.014199999999999999,109297050.27,36,2021,2019,0.086910777,2021,rit_tminus1,1389747184.900491,0.028248024534733487,2.8849876398509178,0.001957145147173202,2.0450452903857207e-15,1.304512053934559e-14,8.0,converged,0.9924498324562318,0.1604890701508377,0.15662679668580917,total_liabilities,observed_market_cap,risk_neutral,physical
CBFV,2023,1456.091,34.678,-0.033024697,1456091000.0,139892729.16998854,1316257000.0,0.9039661669497305,reported,0.3474668057019685,monthly36,36.0,0.0495,121947514.26,36,2022,2020,0.019054797,2022,rit_tminus1,1374621130.8422277,0.030863378089087155,2.994156214319605,0.0013760250073649141,9.763239428152553e-14,2.233768725545815e-13,8.0,converged,0.6184467940679254,0.26814043000612975,0.15472379960921417,total_liabilities,observed_market_cap,risk_neutral,physical
CBNK,2020,1876.593,36.016,-0.178711424,1876593000.0,191868952.0567266,1717282000.0,0.9151062590556397,reported,0.2057806984523731,monthly_ewma,16.0,0.0044,230740699.0,16,2019,2019,,2019,unavailable,1940483256.2098262,0.024469155894298867,5.161390346337203,1.225612279771405e-07,1.91155861644456e-13,2.078337502098293e-13,7.0,converged,,,,total_liabilities,observed_market_cap,risk_neutral,physical
CBNK,2021,2055.3,34.062,0.152144883,2055300000.0000002,234783429.6622663,1857397000.0,0.903710893786795,reported,0.2723840302142151,monthly36,28.0,0.0004,433984660.0,28,2020,2019,-0.178711424,2020,rit_tminus1,2290638294.2729874,0.05160700176148149,4.044467150081832,2.622113026134437e-05,6.592451791311587e-15,1.1657341758564144e-15,7.0,converged,0.13858610377020888,0.4448886124609744,0.14731795526542443,total_liabilities,observed_market_cap,risk_neutral,physical
CBNK,2022,2123.655,119.062,0.090504498,2123655000.0000002,262444058.43865478,1899640000.0,0.894514410297341,reported,0.2621385461285489,monthly36,36.0,0.014199999999999999,389923622.0,36,2021,2019,0.152144883,2021,rit_tminus1,2262779066.7787867,0.0451724701734584,4.164241232090504,1.5619484754472332e-05,7.337393242666253e-15,3.164135620181696e-15,7.0,converged,2.341399886341462,0.009605788814125278,0.14050198265867062,total_liabilities,observed_market_cap,risk_neutral,physical
CBSH,2016,25641.424,1825.954,0.189774542,25641424000.0,2088805343.6624813,23140292000.0,0.9024573674223397,reported,0.1490359497300207,monthly36,36.0,0.002,5220470968.58,36,2015,2013,,2015,unavailable,28314528634.32566,0.02747839665242355,7.402985811871719,6.657799077600824e-14,5.480392413707773e-15,8.770761894538737e-15,7.0,converged,,,,total_liabilities,observed_market_cap,risk_neutral,physical
CBSH,2017,24833.415,1508.896,0.169500943,24833415000.0,2283161725.488177,22115231000.0,0.8905432861328174,reported,0.1624960823882393,monthly36,36.0,0.008,5294700519.78,36,2016,2014,0.189774542,2016,rit_tminus1,27233715475.773537,0.031592020290128114,6.827362059752473,4.324511063607321e-12,6.304152793821409e-15,0.0,7.0,converged,3.8174589013957965,6.741661943726601e-05,0.10450734761846467,total_liabilities,observed_market_cap,risk_neutral,physical
CBSH,2018,25463.842,1965.091,-0.181420166,25463842000.0,2491875241.382003,22526693000.0,0.8846541303547202,reported,0.1633447997124858,monthly36,36.0,0.0181,5612202228.5,36,2017,2015,0.169500943,2017,rit_tminus1,27734829907.6133,0.03305317003988146,6.823605809027368,4.439164642655633e-12,2.7188594496849213e-15,8.326672684688674e-16,7.0,converged,3.6696780885965343,0.00012142805017440698,0.10529778137937434,total_liabilities,observed_market_cap,risk_neutral,physical
CBSH,2019,26065.789,1853.19,0.074536363,26065789000.0,2782000455.3917756,22927317000.0,0.8795942067972697,reported,0.1697175775722637,monthly36,36.0,0.021400000000000002,7102317641.02,36,2018,2016,-0.181420166,2018,rit_tminus1,29544202704.498997,0.04079948128055081,6.718863805475258,9.157349386396682e-12,2.68552989209671e-15,3.885780586188048e-16,7.0,converged,0.7434567981651689,0.22860258396138855,0.11070884512225257,total_liabilities,observed_market_cap,risk_neutral,physical
CBSH,2020,32922.974,2099.185,-0.052510211,32922974000.000004,3176841166.07537,29523002000.0,0.8967294995889495,reported,0.1686978535912464,monthly36,36.0,0.0044,7211559535.46,36,2019,2017,0.074536363,2019,rit_tminus1,36604945690.628914,0.033235252552529265,6.585217902491113,2.2710936641378556e-11,1.4546669730571119e-15,8.326672684688674e-17,7.0,converged,2.680472511178334,0.0036759151225313523,0.10719718209019304,total_liabilities,observed_market_cap,risk_neutral,physical
CBSH,2021,36689.088,3035.527,0.134974257,36689088000.0,3437287642.2264333,33240764000.0,0.9060122726408463,reported,0.2467442695826745,monthly36,36.0,0.0004,8364580820.04441,36,2020,2018,-0.052510211,2020,rit_tminus1,41592050039.55625,0.049622894999313695,4.499956607846619,3.3983667613947156e-06,4.446522681772149e-15,8.881784197001252e-16,7.0,converged,1.1690043878539709,0.12120093175950519,0.13883895490301712,total_liabilities,observed_market_cap,risk_neutral,physical
CBSH,2022,31875.931,2851.406,-0.030693804,31875931000.0,2347889146.1337786,29394354000.0,0.9221488777849344,reported,0.2358057396412192,monthly36,36.0,0.014199999999999999,8526363078.108771,36,2021,2019,0.134974257,2021,rit_tminus1,37506266556.59188,0.053606153202102554,4.784312750581758,8.578667919359305e-07,1.454050924140471e-15,2.7755575615628914e-16,7.0,converged,2.765751585361773,0.0028395889404428335,0.13747425682659253,total_liabilities,observed_market_cap,risk_neutral,physical
CBSH,2023,31701.061,2910.219,0.041701003,31701061000.0,2944113031.2880483,28736831000.0,0.9064942968312638,reported,0.2263627673600397,monthly36,36.0,0.0495,6967488182.609535,36,2022,2020,-0.030693804,2022,rit_tminus1,34316478369.01714,0.045959857621166764,4.914938927870785,4.4405070010277073e-07,7.664994947827514e-15,1.4155343563970746e-15,7.0,converged,1.3692535505895589,0.08546001599957498,0.12996350890800457,total_liabilities,observed_market_cap,risk_neutral,physical
CBU,2016,8666.437,248.37,0.165759158,8666437000.0,1424956472.8299642,7468337000.0,0.8617540287894552,reported,0.1963674935545806,monthly36,36.0,0.002,3265694185.0,36,2015,2013,,2015,unavailable,10719109437.668808,0.059825509375189524,6.043679106218417,7.531948839975321e-10,2.336224428574288e-15,2.7755575615628914e-16,7.0,converged,,,,total_liabilities,observed_market_cap,risk_neutral,physical
CBU,2017,10746.198,485.896,0.148559429,10746198000.0,1704842974.9775784,9110883000.0,0.8478238536085041,reported,0.2247479855433179,monthly36,36.0,0.008,2840768125.0,36,2016,2014,0.165759158,2016,rit_tminus1,11879054814.553713,0.05374644912575585,5.058246278608695,2.1156487366139902e-07,0.0,8.326672684688674e-17,7.0,converged,3.1862723321573356,0.0007205943350030637,0.13436756117512036,total_liabilities,observed_market_cap,risk_neutral,physical
CBU,2018,10607.295,413.682,-0.1573255,10607295000.0,1767066862.187715,8893512000.0,0.8384335497410037,reported,0.2104550441156937,monthly36,36.0,0.0181,3081242450.0,36,2017,2015,0.148559429,2017,rit_tminus1,11815229933.035233,0.05488365690939942,5.47815612992339,2.14890417517903e-08,6.190193286518235e-15,9.159339953157541e-16,7.0,converged,3.3563380571780694,0.00039490980524007035,0.1303625671273586,total_liabilities,observed_market_cap,risk_neutral,physical
CBU,2019,11410.295,344.873,0.064195598,11410295000.0,1893115911.8065357,9555061000.0,0.8374070083201179,reported,0.2086579642491136,monthly36,36.0,0.021400000000000002,3749285410.0,36,2018,2016,-0.1573255,2018,rit_tminus1,13102040497.551968,0.05970965107275461,5.615748748239131,9.785643833901967e-09,1.0174464860558588e-15,1.1102230246251565e-16,7.0,converged,1.2480330235210981,0.10600948191973258,0.13217531707170332,total_liabilities,observed_market_cap,risk_neutral,physical
CBU,2020,13931.094,371.289,-0.042738912,13931094000.0,2074990159.1491978,11826987000.0,0.8489632616074516,reported,0.2035979755516982,monthly36,36.0,0.0044,3293176965.0,36,2019,2017,0.064195598,2019,rit_tminus1,15068239538.19975,0.04449651668516765,5.519876184925574,1.696193040760283e-08,3.475091657236525e-15,6.38378239159465e-16,7.0,converged,2.4519361673955826,0.007104493273852113,0.12326725887635231,total_liabilities,observed_market_cap,risk_neutral,physical
CBU,2021,15552.657,329.885,0.111930364,15552657000.0,2100806999.8010314,13451850000.0,0.8649229517503022,reported,0.2189310522696359,monthly36,36.0,0.0004,4012836940.56,36,2020,2018,-0.042738912,2020,rit_tminus1,17459307261.93878,0.05031898926299783,5.164853951035344,1.2031336594656284e-07,4.871945652394197e-15,9.159339953157541e-16,7.0,converged,1.6014771053493273,0.05463564345757182,0.13097194588351713,total_liabilities,observed_market_cap,risk_neutral,physical
CBU,2022,15835.651,1137.775,-0.026987977,15835651000.0,1551704999.8782516,14283946000.0,0.902011922339031,reported,0.2104083523002031,monthly36,36.0,0.014199999999999999,3382759824.55,36,2021,2019,0.111930364,2021,rit_tminus1,17465307099.176273,0.04075284547925222,5.262204707310449,7.116907906573182e-08,3.6649856201158155e-15,6.106226635438361e-16,7.0,converged,2.571161085825705,0.00506790844818697,0.12324445927188686,total_liabilities,observed_market_cap,risk_neutral,physical
CBU,2023,15555.753,765.198,0.037625359,15555753000.0,1697936999.5264444,13857816000.0,0.8908482925898862,reported,0.1919996451267843,monthly36,36.0,0.0495,2778873096.6,36,2022,2020,-0.026987977,2022,rit_tminus1,15967428063.88409,0.03341443899469194,5.705414756803607,5.803006500225742e-09,8.0649046057438e-15,1.3877787807814457e-15,7.0,converged,1.3131737659445268,0.09456220089508866,0.11370095191261462,total_liabilities,observed_market_cap,risk_neutral,physical
CCB,2020,1766.122,192.292,-0.175990595,1766122000.0,176249378.7820206,1625905000.0,0.9206074099071299,reported,0.1857550894454605,monthly_ewma,18.0,0.0044,315552300.0,18,2019,2019,,2019,unavailable,1934319033.6841726,0.030302884272034925,5.8618719637297145,2.2883894003599336e-09,4.533357781291326e-15,6.938893903907228e-16,7.0,converged,,,,total_liabilities,observed_market_cap,risk_neutral,physical
CCB,2021,2635.517,52.873,0.279165667,2635517000.0,234838692.40938985,2434295000.0,0.9236498948783104,reported,0.4383904601932262,monthly36,30.0,0.0004,760631306.0,30,2020,2019,-0.175990595,2020,rit_tminus1,3193515896.3458014,0.10484342586666456,2.5406382008026798,0.005532517699184524,3.761379431336146e-15,8.881784197001252e-16,7.0,converged,0.3114767426814489,0.3777191103995131,0.22597115408981583,total_liabilities,observed_market_cap,risk_neutral,physical
CCB,2022,3144.467,47.587,0.018139444,3144467000.0,278001141.6609754,2900973000.0,0.9225643010405261,reported,0.4729533131497052,monthly36,36.0,0.014199999999999999,714049776.0,36,2021,2019,0.279165667,2021,rit_tminus1,3573113861.3714824,0.09533445256174133,2.287178590254844,0.011092700572904235,5.342340819703583e-15,2.942091015256665e-15,7.0,converged,2.0712494261564762,0.01916774640377343,0.22842651524139795,total_liabilities,observed_market_cap,risk_neutral,physical
CCB,2023,3750.005,47.734,0.076695507,3750005000.0,333156568.07438403,3455027000.0,0.9213393048809269,reported,0.4830081626488946,monthly36,36.0,0.0495,667317983.0,36,2022,2020,0.018139444,2022,rit_tminus1,3954178989.0819306,0.08245006290976012,2.195798363253603,0.014053189437875898,3.9300669799530754e-14,3.813616089587413e-14,7.0,converged,0.7692949841014699,0.22085910711062118,0.2212995145788547,total_liabilities,observed_market_cap,risk_neutral,physical
CCBG,2017,2898.794,74.334,0.098039535,2898794000.0,285313268.00822705,2614584000.0,0.901955778851481,reported,0.2476751916108082,monthly36,36.0,0.008,391239406.0,36,2016,2014,,2016,unavailable,2984990034.3547864,0.0324627458032037,4.311541960632053,8.10600001908258e-06,6.94708089235217e-14,9.720002580593246e-14,7.0,converged,,,,total_liabilities,observed_market_cap,risk_neutral,physical
CCBG,2018,2959.183,74.996,-0.191459842,2959183000.0,308139671.4857827,2656596000.0,0.8977464387974654,reported,0.2395441969058863,monthly36,36.0,0.0181,395844229.0,36,2017,2015,0.098039535,2017,rit_tminus1,3004788322.6260133,0.03155713881921406,4.46059429070086,4.086634433411084e-06,2.4092161677220007e-14,3.9718228705964975e-14,7.0,converged,1.8066952924486954,0.03540490105558194,0.12670027838454434,total_liabilities,observed_market_cap,risk_neutral,physical
CCBG,2019,3088.953,65.805,-0.015250302,3088953000.0,332540950.2901491,2761937000.0,0.8941337080881451,reported,0.2586546242219323,monthly36,36.0,0.021400000000000002,520174450.0,36,2018,2016,-0.191459842,2018,rit_tminus1,3223633608.9045334,0.04173769921634226,4.195389627524528,1.3620145620270696e-05,6.416809029013007e-15,4.6074255521944e-15,7.0,converged,-0.20624967709052358,0.5817020573944329,0.1374844602274286,total_liabilities,observed_market_cap,risk_neutral,physical
CCBG,2020,3798.071,135.598,-0.241680753,3798071000.0,348234140.08835065,3455234000.0,0.9097339149268142,reported,0.2343928960060919,monthly36,36.0,0.0044,419209442.0,36,2019,2017,-0.015250302,2019,rit_tminus1,3859273750.617108,0.025460750542378157,4.5035872100304,3.3407965096639097e-06,1.5128319089963539e-13,4.84223772190262e-13,7.0,converged,0.7511229947577234,0.22628931906386623,0.12220903418549786,total_liabilities,observed_market_cap,risk_neutral,physical
CCBG,2021,4263.849,88.328,0.160833867,4263849000.0,395862799.76534903,3868925000.0,0.9073785211436897,reported,0.2979133247610975,monthly36,36.0,0.0004,445950384.0,36,2020,2018,-0.241680753,2020,rit_tminus1,4313321914.45831,0.030806743599246306,3.5270568051266036,0.00021010329990213254,9.623345057660327e-15,2.4980018054066022e-15,8.0,converged,-1.0022834422418776,0.8418966414119533,0.14240315985826868,total_liabilities,observed_market_cap,risk_neutral,physical
CCBG,2022,4519.223,110.193,0.109928211,4519223000.0,396037999.913758,4123185000.0,0.9123659089184136,reported,0.2884687631513481,monthly36,36.0,0.014199999999999999,552070512.5,36,2021,2019,0.160833867,2021,rit_tminus1,4617116013.047712,0.034495923325074083,3.6743287622491083,0.0001192377567942037,2.6775478076809752e-14,8.221201497349284e-14,7.0,converged,1.9500749702659919,0.02558359201724182,0.14176056590698555,total_liabilities,observed_market_cap,risk_neutral,physical
CCBG,2023,4304.477,88.543,-0.010208285,4304477000.0,448031999.87860036,3856445000.0,0.895914881180687,reported,0.2936531534996682,monthly36,36.0,0.0495,498845033.46,36,2022,2020,0.109928211,2022,rit_tminus1,4169038806.4583673,0.035141692313098105,3.608883207428028,0.0001537590038831251,1.1948529258068687e-16,5.551115123125783e-17,8.0,converged,1.5489351803731342,0.060698651430371134,0.14291217606367018,total_liabilities,observed_market_cap,risk_neutral,physical
CCNE,2017,2768.773,327.979,0.15540795,2768773000.0,335220977.4785742,2524863000.0,0.911906826597919,reported,0.2483065750752307,monthly36,36.0,0.008,550496832.0,36,2016,2014,,2016,unavailable,3055241393.8702655,0.04474033894460084,4.418181832495822,4.97673340121701e-06,6.929553530337119e-15,1.4988010832439613e-15,7.0,converged,,,,total_liabilities,observed_market_cap,risk_neutral,physical
CCNE,2018,3221.521,315.737,-0.216873037,3221521000.0,362588777.08483744,2958691000.0,0.9184143142323145,reported,0.251897567983458,monthly36,36.0,0.0181,481474935.0,36,2017,2015,0.15540795,2017,rit_tminus1,3387095143.6779656,0.03580749771833423,4.264040906815723,1.003813323814232e-05,3.961470253508628e-15,2.275957200481571e-14,7.0,converged,2.2460261451460957,0.012351166644274943,0.13241764804584344,total_liabilities,observed_market_cap,risk_neutral,physical
CCNE,2019,3763.659,299.156,0.045425259,3763659000.0,419594667.9424825,3458693000.0,0.9189708738225222,reported,0.2732203712146666,monthly36,36.0,0.021400000000000002,685603524.0,36,2018,2016,-0.216873037,2018,rit_tminus1,4071065667.1189246,0.046014009946410035,3.9847729739612983,3.3772335521490766e-05,5.563998917871665e-15,1.4432899320127035e-15,7.0,converged,-0.3222962825205847,0.6263858754339117,0.1439331964359594,total_liabilities,observed_market_cap,risk_neutral,physical
CCNE,2020,4729.399,71.17,-0.1938176,4729399000.0,446620955.3274168,4313262000.0,0.9120105958494937,reported,0.2889947602798564,monthly36,36.0,0.0044,446649297.0,36,2019,2017,0.045425259,2019,rit_tminus1,4740970449.367997,0.02722995390725217,3.6201549824519326,0.0001472133042761321,0.0,1.1102230246251565e-16,8.0,converged,0.975030668355275,0.1647725237676701,0.1378954133783798,total_liabilities,observed_market_cap,risk_neutral,physical
CCNE,2021,5328.939,104.75,0.204495514,5328939000.0,385062000.1097307,4886092000.0,0.9168977164122164,reported,0.3422941400993874,monthly36,36.0,0.0004,446659143.0,36,2020,2018,-0.1938176,2020,rit_tminus1,5330749802.281194,0.028712127549727077,3.033105397097913,0.0012102552224958088,1.2810766303819958e-14,3.941291737419306e-15,9.0,converged,-0.7720064042484459,0.7799446827858803,0.15288798413883503,total_liabilities,observed_market_cap,risk_neutral,physical
CCNE,2022,5475.179,237.363,0.05943158,5475179000.0,472977000.0206752,4944417000.0,0.9030603383012683,reported,0.3279582902169281,monthly36,36.0,0.014199999999999999,499761026.31,36,2021,2019,0.204495514,2021,rit_tminus1,5374434312.37881,0.03051639451449305,3.1828346495713506,0.0007292043697702037,1.6100949495982585e-14,4.718447854656915e-15,8.0,converged,1.930513160528276,0.026771643077470247,0.14997897829931645,total_liabilities,observed_market_cap,risk_neutral,physical
CCNE,2023,5752.957,105.181,0.032855471,5752957000.0,513462000.0220526,5181710000.0,0.9007037598229919,reported,0.2927831168707333,monthly36,36.0,0.0495,472050557.01,36,2022,2020,0.05943158,2022,rit_tminus1,5403504937.79941,0.025581845762355313,3.560551235444556,0.00018503854537267814,7.576050135764753e-15,1.9984014443252818e-15,9.0,converged,0.9987549188620722,0.15895671467121814,0.13735516859997823,total_liabilities,observed_market_cap,risk_neutral,physical
CFFI,2018,1521.411,166.691,-0.157026667,1521411000.0,140748088.3647411,1369453000.0,0.9001203488077844,reported,0.2156085585058245,monthly36,36.0,0.0181,172354639.4,36,2017,2015,,2017,unavailable,1517243513.2196844,0.02449254182396098,4.911041038351922,4.5297061711322086e-07,6.276734449617258e-14,1.6028844918025698e-13,7.0,converged,,,,total_liabilities,observed_market_cap,risk_neutral,physical
CFFI,2019,1657.432,161.17,-0.034095627,1657432000.0,155260102.01330099,1492153000.0,0.900280071821951,reported,0.2763255387708123,monthly36,36.0,0.021400000000000002,179221616.2,36,2018,2016,-0.157026667,2018,rit_tminus1,1639781097.17253,0.030203097079049418,3.817045593509492,6.752960977233307e-05,6.9840768475516245e-15,1.7208456881689926e-15,8.0,converged,-0.3886969394794342,0.6512498266849748,0.13594268625773073,total_liabilities,observed_market_cap,risk_neutral,physical
CFFI,2020,2086.31,76.169,-0.20899564,2086310000.0,171038159.5444038,1891839000.0,0.9067871025878225,reported,0.2929282564117398,monthly36,36.0,0.0044,120204485.4,36,2019,2017,-0.034095627,2019,rit_tminus1,2003735833.9813142,0.017576493555547603,3.5109116920126207,0.0002232863604589081,4.710673844507061e-15,1.3322676295501878e-15,9.0,converged,0.13955200061211875,0.44450698367654184,0.1333701369720529,total_liabilities,observed_market_cap,risk_neutral,physical
CFFI,2021,2264.521,90.461,0.109803506,2264521000.0,210318000.02016768,2053497000.0,0.9068129639778125,reported,0.3136630608912928,monthly36,36.0,0.0004,181496909.26,36,2020,2018,-0.20899564,2020,rit_tminus1,2234166323.991979,0.02549185849294501,3.310823264858309,0.00046510969664453986,3.9408700689225585e-15,5.551115123125783e-17,8.0,converged,-0.9381877447852817,0.8259260323597357,0.14345912237619132,total_liabilities,observed_market_cap,risk_neutral,physical
CFFI,2022,2332.317,92.084,0.102130457,2332317000.0,195634000.01978335,2136084000.0,0.9158634953996391,reported,0.2808991437387685,monthly36,36.0,0.014199999999999999,202582297.78,36,2021,2019,0.109803506,2021,rit_tminus1,2308546983.051164,0.02465207503245998,3.713286052677691,0.00010229271155357041,1.7800573142018848e-14,4.496403249731884e-15,9.0,converged,1.4269330606171422,0.07679959513637669,0.13414288131630933,total_liabilities,observed_market_cap,risk_neutral,physical
CFG,2016,149520.0,17149.0,0.421556315,149520000000.0,16517384284.954987,129773000000.0,0.8679307116104868,reported,0.1571727079195878,monthly_ewma,16.0,0.002,15450913584.96,16,2015,2015,,2015,unavailable,144964626958.0133,0.016752100005086257,6.7193172126781295,9.128902757208155e-12,2.2220223549786867e-14,7.380207556195728e-14,7.0,converged,,,,total_liabilities,observed_market_cap,risk_neutral,physical
CFG,2017,152336.0,14436.0,0.292639564,152336000000.0,17690964435.13759,132066000000.0,0.8669388719672303,reported,0.3040962011429499,monthly36,28.0,0.008,18204584684.16,28,2016,2015,0.421556315,2016,rit_tminus1,149217975562.21124,0.03710758427157719,3.48763948554656,0.00024365233215821103,4.2118738971166195e-14,4.901634653720066e-14,7.0,converged,3.657262129847717,0.00012746182333535635,0.1475966658244614,total_liabilities,observed_market_cap,risk_neutral,physical
CFG,2018,160518.0,17242.0,-0.395363612,160518000000.0,18589822954.809097,139701000000.0,0.870313609688633,reported,0.2925073164554219,monthly36,36.0,0.0181,12892384532.16,36,2017,2015,0.292639564,2017,rit_tminus1,150087385930.67682,0.02513035266563445,3.5613310637754765,0.0001844897421694684,8.876629275467048e-16,2.7755575615628914e-16,8.0,converged,2.702808808863784,0.0034378141374381845,0.13743753060165098,total_liabilities,observed_market_cap,risk_neutral,physical
CFG,2019,165733.0,14321.0,0.079091708,165733000000.0,20656146058.370815,143532000000.0,0.8660435761133872,reported,0.3177526234412921,monthly36,36.0,0.021400000000000002,17610485565.12,36,2018,2016,-0.395363612,2018,rit_tminus1,158102946224.78845,0.035407416533705244,3.3174272881433726,0.00045425279726434936,1.0895740026668028e-13,3.1147306955858767e-13,7.0,converged,-1.9390013060745026,0.9737494104381993,0.15001813637513112,total_liabilities,observed_market_cap,risk_neutral,physical
CFG,2020,183349.0,8589.0,-0.246538316,183349000000.0,21020123296.22048,160676000000.0,0.8763396582473861,reported,0.2680793639031424,monthly36,36.0,0.0044,15507287953.92,36,2019,2017,0.079091708,2019,rit_tminus1,175477823638.52667,0.02369171259217086,3.8934336183784053,4.9417628321953106e-05,1.488262713996825e-14,3.552713678800501e-15,9.0,converged,1.2487784965378173,0.10587305051654433,0.13031578718851028,total_liabilities,observed_market_cap,risk_neutral,physical
CFG,2021,188409.0,7006.0,0.309358765,188409000000.0,21406000001.712826,164989000000.0,0.8756959593225376,reported,0.4402523231920577,monthly36,36.0,0.0004,19945982558.25,36,2020,2018,-0.246538316,2020,rit_tminus1,184844926785.02725,0.047893356400800106,2.3571442189110066,0.00920804651933232,7.650056354926823e-15,3.1086244689504383e-15,8.0,converged,-0.7910157100327244,0.7855325879916815,0.19028261884588257,total_liabilities,observed_market_cap,risk_neutral,physical
CFG,2022,226733.0,15890.0,0.021884088,226733000000.0,21675999988.283573,203043000000.0,0.8955158710906661,reported,0.4362815899930681,monthly36,36.0,0.014199999999999999,19381148560.46,36,2021,2019,0.309358765,2021,rit_tminus1,219537562514.1031,0.038837427038222565,2.3572981101772514,0.009204231056594517,1.7714262538943227e-14,6.6058269965196814e-15,9.0,converged,2.0943667863062894,0.018113659554437493,0.18322546941440654,total_liabilities,observed_market_cap,risk_neutral,physical
CFR,2016,30196.319,1213.109,0.294879642,30196319000.0,2894679374.086773,27193791000.0,0.9005664233445143,reported,0.2035249861178972,monthly36,36.0,0.002,5672121417.0,36,2015,2013,,2015,unavailable,32811579180.04838,0.035183264490081086,5.376814044415165,3.7907702136672394e-08,3.362672433449603e-15,5.273559366969494e-16,7.0,converged,,,,total_liabilities,observed_market_cap,risk_neutral,physical
CFR,2017,31747.88,1382.56,0.223323239,31747880000.0,3193731607.115774,28450017000.0,0.8961233631977946,reported,0.274369952796796,monthly36,36.0,0.008,6084849735.0,36,2016,2014,0.294879642,2016,rit_tminus1,34308164318.66168,0.0486632059482744,3.9876234401639903,3.3369240808783015e-05,6.896089755596076e-15,3.497202527569243e-15,7.0,converged,3.2733349976709603,0.000531432130892115,0.1460396033552859,total_liabilities,observed_market_cap,risk_neutral,physical
CFR,2018,32292.966,1602.498,-0.262769903,32292966000.0,3291087189.048212,28924049000.0,0.8956764454525484,reported,0.2809224714176241,monthly36,36.0,0.0181,5653477926.0,36,2017,2015,0.223323239,2017,rit_tminus1,34058694477.349407,0.04663304366862091,3.869029671563119,5.463467273145765e-05,6.072770751033264e-15,7.494005416219807e-15,7.0,converged,2.6697028982159345,0.003795919465782014,0.14650397884265445,total_liabilities,observed_market_cap,risk_neutral,physical
CFR,2019,34027.428,1930.506,0.106781733,34027428000.0,3864497665.4270873,30115760000.0,0.8850436771183529,reported,0.260895515954381,monthly36,36.0,0.021400000000000002,6286070862.0,36,2018,2016,-0.262769903,2018,rit_tminus1,35764196566.160645,0.04585664810027362,4.192353042934305,1.380379591987399e-05,8.495889227338144e-15,1.1657341758564144e-15,7.0,converged,-0.5916302628365238,0.7229508978903357,0.14037926845298543,total_liabilities,observed_market_cap,risk_neutral,physical
CFR,2020,42391.317,2352.375,-0.172136303,42391317000.0,4231597086.832584,38098301000.0,0.8987288835588666,reported,0.2163857124380658,monthly36,36.0,0.0044,5607833517.0,36,2019,2017,0.106781733,2019,rit_tminus1,43538870163.64401,0.027870623909939767,4.933367574579315,4.0411923227074446e-07,6.938492733677029e-14,1.0305645226083016e-13,7.0,converged,2.000598291160064,0.022717848950601575,0.11850400771399172,total_liabilities,observed_market_cap,risk_neutral,physical
CFR,2021,50878.49,2988.913,0.270500528,50878490000.0,4294102998.9080853,46438935000.0,0.9127420055115629,reported,0.3549211047803255,monthly36,36.0,0.0004,8066744772.519999,36,2020,2018,-0.172136303,2020,rit_tminus1,54486248641.69712,0.05260235916801316,3.0193821341368183,0.0012664541411687112,1.205874029940946e-14,1.4988010832439613e-14,7.0,converged,-0.15547309815332022,0.5617758196967478,0.17072613871134032,total_liabilities,observed_market_cap,risk_neutral,physical
CFR,2022,52892.376,4934.695,0.01942104,52892376000.0,2991775999.563632,49755148000.0,0.9406865745641678,reported,0.3540597413447107,monthly36,36.0,0.014199999999999999,8604222721.5,36,2021,2019,0.270500528,2021,rit_tminus1,57656957441.44311,0.05289122353763307,3.028824755225329,0.001227535249367237,7.093628120235311e-15,1.4099832412739488e-14,7.0,converged,2.439939096800056,0.007344869109256552,0.17029381667830776,total_liabilities,observed_market_cap,risk_neutral,physical
CHCO,2017,4132.281,269.432,0.105005007,4132281000.0,465971578.51521915,3629774000.0,0.8783947655060244,reported,0.1927040927475767,monthly36,36.0,0.008,977134275.0,36,2016,2014,,2016,unavailable,4577985926.573753,0.04113113876240606,5.816587673182509,3.003052385817021e-09,3.4159687085194868e-15,4.996003610813204e-16,7.0,converged,,,,total_liabilities,observed_market_cap,risk_neutral,physical
CHCO,2018,4899.012,266.152,-0.130270689,4899012000.0,525550493.71157175,4298248000.0,0.8773703759043661,reported,0.2170571547653807,monthly36,36.0,0.0181,978872175.0,36,2017,2015,0.105005007,2017,rit_tminus1,5200021726.12678,0.04085968329537361,5.083753280875622,1.8502427637567134e-07,9.255453610027657e-15,1.6653345369377348e-15,7.0,converged,2.415131295084947,0.007864769289410777,0.1251866468103499,total_liabilities,observed_market_cap,risk_neutral,physical
CHCO,2019,5018.756,215.463,0.061847484,5018756000.0,584492560.0094694,4360773000.0,0.8688952003245426,reported,0.2148354528985532,monthly36,36.0,0.021400000000000002,1186840875.0,36,2018,2016,-0.130270689,2018,rit_tminus1,5455284774.6201515,0.04673917578995874,5.225663645610759,8.676578207501908e-08,1.6070803365383754e-15,3.608224830031759e-16,7.0,converged,0.8026320883070516,0.2110937079309283,0.12748297257978067,total_liabilities,observed_market_cap,risk_neutral,physical
CHCO,2020,5758.64,295.956,-0.169176669,5758640000.0,643967812.9495865,5057534000.0,0.8782514621507856,reported,0.1992810572073928,monthly36,36.0,0.0044,1007257875.0,36,2019,2017,0.061847484,2019,rit_tminus1,6042587609.970408,0.03321878487320084,5.472854488345683,2.214218635786484e-08,3.787210167629615e-15,6.661338147750939e-16,7.0,converged,2.0345827753344192,0.020946435984106608,0.11633899552506169,total_liabilities,observed_market_cap,risk_neutral,physical
CHCO,2021,6003.695,312.458,0.193954656,6003695000.0,681105000.1293892,5322590000.0,0.8865523648353223,reported,0.1992811779559366,monthly36,36.0,0.0004,1231909365.8200002,36,2020,2018,-0.169176669,2020,rit_tminus1,6552370755.060094,0.03746679816035682,5.539972301268691,1.5125974588192583e-08,6.5802175990904535e-15,1.0269562977782698e-15,7.0,converged,0.2699455274299435,0.39360108051980486,0.11851383415344971,total_liabilities,observed_market_cap,risk_neutral,physical
CHCO,2022,5878.106,290.964,0.075226191,5878106000.0,577852000.0117399,5300254000.0,0.9016941851678074,reported,0.1917427712630808,monthly36,36.0,0.014199999999999999,1376628790.41,36,2021,2019,0.193954656,2021,rit_tminus1,6602151034.718859,0.03998069999684928,5.828850875031907,2.7905173903067464e-09,6.408036420719137e-15,9.992007221626409e-16,7.0,converged,3.564001141919476,0.0001826221815862252,0.1172766830635393,total_liabilities,observed_market_cap,risk_neutral,physical
CHCO,2023,6168.052,434.856,0.079105089,6168052000.0,677065999.9631963,5490986000.0,0.8902301731567762,reported,0.197212019194511,monthly36,36.0,0.0495,1635356142.42,36,2022,2020,0.075226191,2022,rit_tminus1,6861155841.715234,0.04700547478622199,5.768760401365253,3.992837260692135e-09,1.166320034723449e-15,1.1102230246251565e-16,7.0,converged,2.697701054137833,0.0034910054537939765,0.12177120866684994,total_liabilities,observed_market_cap,risk_neutral,physical
CHMG,2018,1755.343,4.304,-0.107323906,1755343000.0,163989035.3579278,1590314000.0,0.905984756255615,reported,0.217612482547086,monthly36,36.0,0.0181,197910013.5,36,2017,2015,,2017,unavailable,1759698262.6686337,0.024474486509052804,4.862670821973348,5.790617861210699e-07,7.950899473160374e-14,1.9398371797763048e-13,7.0,converged,,,,total_liabilities,observed_market_cap,risk_neutral,physical
CHMG,2019,1787.827,4.085,-0.030178248,1787827000.0,180123576.0862574,1605200000.0,0.8978497360203196,reported,0.2446023204625968,monthly36,36.0,0.021400000000000002,203611125.0,36,2018,2016,-0.107323906,2018,rit_tminus1,1774824726.1977267,0.028061409190253604,4.328349680182257,7.511540726379445e-06,9.36760519746895e-14,1.8879342533750787e-13,7.0,converged,0.03279429520491666,0.4869193137672502,0.12617274501152795,total_liabilities,observed_market_cap,risk_neutral,physical
CHMG,2020,2279.451,3.849,-0.144805685,2279451000.0,204961731.5592354,2079752000.0,0.912391624123528,reported,0.2266712959284886,monthly36,36.0,0.0044,162649357.5,36,2019,2017,-0.030178248,2019,rit_tminus1,2233270534.641674,0.01650853411840789,4.572313706965045,2.4118401467009342e-06,7.329219824971104e-15,1.609823385706477e-15,8.0,converged,0.3334000181202625,0.36941617474134597,0.11537210323372164,total_liabilities,observed_market_cap,risk_neutral,physical
CHMG,2021,2418.475,18.164,0.061869628,2418475000.0,208404949.3129015,2207020000.0,0.9125668034608586,reported,0.2903551951505641,monthly36,36.0,0.0004,213946237.68,36,2020,2018,-0.144805685,2020,rit_tminus1,2420081336.1228905,0.025672533198438062,3.5924939728337324,0.0001637641160814588,5.850523729028461e-15,1.5543122344752192e-15,8.0,converged,-0.4491771559546076,0.6733480673513849,0.13741469299150863,total_liabilities,observed_market_cap,risk_neutral,physical
CHMG,2022,2645.553,99.137,0.075683737,2645553000.0,166388000.0109997,2479165000.0,0.9371065331142487,reported,0.2911408224742648,monthly36,36.0,0.014199999999999999,215342586.36,36,2021,2019,0.061869628,2021,rit_tminus1,2659549676.3140335,0.023577400449337958,3.569395073185679,0.0001789032450802063,1.7160971448054722e-14,4.6074255521944e-15,9.0,converged,0.9973765850572126,0.1592908762032021,0.13624003281796368,total_liabilities,observed_market_cap,risk_neutral,physical
CHMG,2023,2710.529,34.97,-0.017898708,2710529000.0,195240999.9681745,2515288000.0,0.927969411137088,reported,0.2812821720369067,monthly36,36.0,0.0495,235923167.4,36,2022,2020,0.075683737,2022,rit_tminus1,2629734249.241867,0.025237211061126898,3.7118612913495412,0.00010287036596259192,3.789664582262044e-16,7.216449660063518e-15,8.0,converged,1.1656662569990963,0.12187470395353289,0.13412340111043214,total_liabilities,observed_market_cap,risk_neutral,physical
CIVB,2018,2138.954,245.226,-0.235649317,2138954000.0000002,287967916.69620496,1840056000.0,0.8602597344309414,reported,0.2598799921892191,monthly36,36.0,0.0181,270342722.0,36,2017,2015,,2017,unavailable,2077393038.1084766,0.03382021954673377,4.105409510909017,2.017996264756732e-05,3.174884377932782e-14,5.595524044110789e-14,7.0,converged,,,,total_liabilities,observed_market_cap,risk_neutral,physical
CIVB,2019,2309.557,274.601,0.037782651,2309557000.0,307010967.1331709,1979431000.0,0.857060899557794,reported,0.2753036764568951,monthly36,36.0,0.021400000000000002,372458400.0,36,2018,2016,-0.235649317,2018,rit_tminus1,2309978813.4716887,0.04439116666976045,3.9387033151573596,4.096157825682786e-05,1.1522184554914388e-14,3.3306690738754696e-15,7.0,converged,-0.5121711950114471,0.6957343995569509,0.1436066146415898,total_liabilities,observed_market_cap,risk_neutral,physical
CIVB,2020,2768.862,183.341,-0.230800881,2768862000.0,341763122.7388564,2418754000.0,0.873555272888284,reported,0.2142020760924721,monthly36,36.0,0.0044,272049823.0,36,2019,2017,0.037782651,2019,rit_tminus1,2680184680.181712,0.021742404854739137,4.911913183101252,4.5095994473817425e-07,1.7527567301638163e-15,2.7755575615628914e-16,8.0,converged,1.2008921777218124,0.11489651448049948,0.11473778442614929,total_liabilities,observed_market_cap,risk_neutral,physical
CIVB,2021,3012.905,204.23,0.224098371,3012905000.0,355211999.8972259,2657693000.0,0.8821031529371155,reported,0.3018809966248846,monthly36,36.0,0.0004,364882480.0,36,2020,2018,-0.230800881,2020,rit_tminus1,3021507246.973146,0.03646275772728602,3.511324531407873,0.00022293985441095685,0.0,6.183942247162122e-14,7.0,converged,-0.7693876329139293,0.7791683859759957,0.1467663893058857,total_liabilities,observed_market_cap,risk_neutral,physical
CIVB,2022,3639.445,643.351,0.079173522,3639445000.0,334835000.0347043,3304610000.0,0.9079983349109548,reported,0.3018280904706472,monthly36,36.0,0.014199999999999999,346178430.34000003,36,2021,2019,0.224098371,2021,rit_tminus1,3604188335.6270113,0.02899709055329093,3.4678553918640693,0.00026231476041461754,3.787937289364606e-15,1.0547118733938987e-15,8.0,converged,2.205746487717306,0.013700877490602068,0.14218104280993843,total_liabilities,observed_market_cap,risk_neutral,physical
CIVB,2023,3861.418,454.194,0.026688992,3861418000.0,372002000.0557906,3489416000.0,0.9036618154263537,reported,0.3017925757329624,monthly36,36.0,0.0495,289423618.56,36,2022,2020,0.079173522,2022,rit_tminus1,3610312921.1789045,0.024199858245805363,3.44081547797279,0.00028998194902157576,5.1485643320980444e-15,1.609823385706477e-15,9.0,converged,1.073746996561642,0.1414680457758417,0.1389544709320646,total_liabilities,observed_market_cap,risk_neutral,physical
CIZN,2020,1450.692,221.272,-0.017968447,1450692000.0,120617649.13345374,1330074350.8665462,0.9168550945800668,implied_pb,,,,0.0044,118096407.0,0,2019,2019,,2019,unavailable,,,,,,,,not_attempted,,,,total_liabilities,observed_market_cap,risk_neutral,physical
CLBK,2019,8188.694,1407.022,-0.048332098,8188694000.0,906194287.0586481,7206177000.0,0.8800154212625358,reported,0.2355834589517707,peer_median,9.0,0.021400000000000002,1777480320.0000002,9,2018,2018,,2018,unavailable,8831083416.53888,0.047417212698625706,4.715902109675438,1.2032106024950775e-06,1.4754618324647257e-15,2.7755575615628914e-16,7.0,converged,,,,total_liabilities,observed_market_cap,risk_neutral,physical
CLBK,2020,8798.536,799.364,-0.186831174,8798536000.0,956486015.5871035,7787249000.0,0.8850619012072009,reported,0.1317279143130863,monthly_ewma,21.0,0.0044,1632679680.0,21,2019,2019,-0.048332098,2019,rit_tminus1,9385740054.533653,0.022914494513842896,8.328411188324512,4.0967251022087113e-17,2.3364639814865585e-15,1.2875811528090253e-13,7.0,converged,1.5081813130165092,0.06575406431126032,0.09138938154247513,total_liabilities,observed_market_cap,risk_neutral,physical
CLBK,2021,9224.097,377.309,0.07056003,9224097000.0,1053827495.5048052,8145016000.0,0.8830149986497323,reported,0.2196728812326209,monthly36,33.0,0.0004,2188798080.0,33,2020,2019,-0.186831174,2020,rit_tminus1,10330556712.919617,0.04654344005473368,5.092378687002846,1.7679948036285154e-07,7.842723297396396e-15,1.3322676295501878e-15,7.0,converged,0.331474700458195,0.3701429739755379,0.1292243264136099,total_liabilities,observed_market_cap,risk_neutral,physical
CLBK,2022,10408.169,1127.047,0.10468066,10408169000.0,1014509803.1208041,9354574000.0,0.8987723008725166,reported,0.2161545494279801,monthly36,36.0,0.014199999999999999,2268543360.0,36,2021,2019,0.07056003,2021,rit_tminus1,11491221078.825737,0.04267222955301841,5.132318619304175,1.4309724050294754e-07,5.044687264375233e-15,8.881784197001252e-16,7.0,converged,2.2217330334902408,0.013150676363390212,0.12592087428202742,total_liabilities,observed_market_cap,risk_neutral,physical
CLBK,2023,10645.568,1528.695,-0.02954675,10645568000.0,1040425182.4907304,9605233000.0,0.90227529428209,reported,0.2376008733374731,monthly36,36.0,0.0495,2023011840.0,36,2022,2020,0.10468066,2022,rit_tminus1,11164361483.025925,0.0430539733519598,4.621915297664767,1.9010663163937044e-06,3.7713049327729095e-15,7.216449660063518e-16,7.0,converged,2.1801702909602927,0.014622420468816098,0.1317037943714752,total_liabilities,observed_market_cap,risk_neutral,physical
CMA,2016,72978.0,5185.0,0.433144516,72978000000.0,5843787081.654328,65182000000.0,0.893173285099619,reported,0.2076895131185472,monthly36,36.0,0.002,8950539430.0,36,2015,2013,,2015,unavailable,74002305661.57469,0.025119939292747723,5.119335120052701,1.533073489231859e-07,2.0201760106722976e-13,2.444155988712282e-13,7.0,converged,,,,total_liabilities,observed_market_cap,risk_neutral,physical
CMA,2017,71567.0,4632.0,0.274058084,71567000000.0,6053753108.179014,63604000000.0,0.8887336342168877,reported,0.2892047936632796,monthly36,36.0,0.008,11407962530.0,36,2016,2014,0.433144516,2016,rit_tminus1,74505097321.98322,0.04428558167478559,3.730572556666328,9.55225566080271e-05,1.7388228379156502e-14,3.6637359812630166e-14,7.0,converged,3.9761218769407383,3.502411774817987e-05,0.1476842159571063,total_liabilities,observed_market_cap,risk_neutral,physical
CMA,2018,70818.0,6507.0,-0.417450044,70818000000.0,6162511930.636502,63311000000.0,0.8939958767544974,reported,0.2930723574990738,monthly36,36.0,0.0181,9026758970.0,36,2017,2015,0.274058084,2017,rit_tminus1,71202058838.76732,0.03715929818453671,3.629569028990233,0.0001419474037075622,1.014237055395753e-14,6.206146707654625e-14,7.0,converged,2.7476022180755364,0.003001639640074038,0.14445733026721905,total_liabilities,observed_market_cap,risk_neutral,physical
CMA,2019,73402.0,7340.0,0.012523113,73402000000.0,6776164208.733632,66075000000.0,0.9001798316122176,reported,0.2867453852881211,monthly36,36.0,0.021400000000000002,9428882750.0,36,2018,2016,-0.417450044,2018,rit_tminus1,74104842423.47827,0.036487893778632624,3.711497768174711,0.0001030182424528298,1.8610484282323906e-14,6.70019595361282e-14,7.0,converged,-2.067345927342991,0.98064921524973,0.14229882701248792,total_liabilities,observed_market_cap,risk_neutral,physical
CMA,2020,88129.0,5728.0,-0.254500302,88129000000.0,7229408409.326505,80079000000.0,0.9086566283516209,reported,0.2659810353871419,monthly36,36.0,0.0044,7340730180.0,36,2019,2017,0.012523113,2019,rit_tminus1,87068138243.75694,0.022425826847619006,3.9162838741410253,4.4962178230625395e-05,1.8707825815019943e-14,4.6074255521944e-15,8.0,converged,0.7121690520576078,0.23818004931467412,0.12904774269764024,total_liabilities,observed_market_cap,risk_neutral,physical
CMA,2021,94616.0,2796.0,0.237667923,94616000000.0,7502999997.834198,86719000000.0,0.916536315210958,reported,0.4647482798184638,monthly36,36.0,0.0004,11369851824.0,36,2020,2018,-0.254500302,2020,rit_tminus1,98033329593.86383,0.054510453391006825,2.229825843698306,0.012879503491740593,1.0736315159563332e-14,4.218847493575595e-15,8.0,converged,-0.7542977551385354,0.774664775002228,0.20079443514874643,total_liabilities,observed_market_cap,risk_neutral,physical
CMA,2022,85406.0,6235.0,0.024965501,85406000000.0,4786999998.818987,80225000000.0,0.9393368147436948,reported,0.4721642183210025,monthly36,36.0,0.014199999999999999,8755134724.699999,36,2021,2019,0.237667923,2021,rit_tminus1,87829366638.01207,0.04769660470450763,2.172549750088337,0.014907110695522906,1.960693722608673e-15,2.3314683517128287e-15,8.0,converged,1.6247859575666446,0.05210408709144263,0.19796502895599588,total_liabilities,observed_market_cap,risk_neutral,physical
CMA,2023,85834.0,9771.0,-0.067745335,85834000000.0,6011999998.54299,79428000000.0,0.9253675699606216,reported,0.4466471180682975,monthly36,36.0,0.0495,7361241667.360001,36,2022,2020,0.024965501,2022,rit_tminus1,82942279498.71405,0.04002833725342989,2.2981932212017657,0.010775397175426174,1.4509987345084182e-14,5.440092820663267e-15,9.0,converged,0.5183681625407962,0.3021007117788438,0.18583350758413647,total_liabilities,observed_market_cap,risk_neutral,physical
CNOB,2017,5108.442,724.776,0.267798419,5108442000.0,885158181.6765007,4543005000.0,0.8893132191771973,reported,0.2345002008937811,monthly36,36.0,0.008,1292819950.0,36,2016,2014,,2016,unavailable,5799625863.229232,0.052273496858090844,4.798578201206947,7.989795828807636e-07,2.950679455112833e-15,5.273559366969494e-16,7.0,converged,,,,total_liabilities,observed_market_cap,risk_neutral,physical
CNOB,2018,5462.092,728.557,-0.312419079,5462092000.0,953435738.3760155,4848165000.0,0.8876022227381011,reported,0.2491507519332729,monthly36,36.0,0.0181,927315902.0,36,2017,2015,0.267798419,2017,rit_tminus1,5688518238.81691,0.04061562006430768,4.360999581819608,6.473480704337462e-06,3.0852732526727984e-15,1.27675647831893e-15,7.0,converged,3.2310313222321554,0.000616722112474502,0.13426253263275448,total_liabilities,observed_market_cap,risk_neutral,physical
CNOB,2019,6174.032,629.178,0.115285483,6174032000.0,1046718030.7477009,5442842000.0,0.8815700987620407,reported,0.2587156891299758,monthly36,36.0,0.021400000000000002,1291313752.0,36,2018,2016,-0.312419079,2018,rit_tminus1,6618915848.314889,0.0504743801371493,4.274572651867215,9.575212667836679e-06,7.385302874140304e-16,1.6653345369377348e-16,7.0,converged,-0.7705788469018374,0.7795216983478929,0.1422988147639726,total_liabilities,observed_market_cap,risk_neutral,physical
CNOB,2020,7547.339,628.602,-0.149292581,7547339000.0,1155062041.3763494,6632029000.0,0.8787241437015085,reported,0.2280311174065729,monthly36,36.0,0.0044,993588614.0,36,2019,2017,0.115285483,2019,rit_tminus1,7596500736.283904,0.029825495162606956,4.684989818993612,1.3998692449203015e-06,8.638453306245566e-14,1.2034817586936697e-13,7.0,converged,2.014641612069376,0.02197110704634533,0.12277665432104724,total_liabilities,observed_market_cap,risk_neutral,physical
CNOB,2021,8129.48,621.144,0.27223613,8129480000.0,1013285000.1751739,7005268000.0,0.8617116961970507,reported,0.3899351201596616,monthly36,36.0,0.0004,1294272223.9,36,2020,2018,-0.149292581,2020,rit_tminus1,8296361050.704646,0.06098240131770743,2.749893794542653,0.0029807291620670053,3.31578963419036e-15,8.770761894538737e-15,7.0,converged,0.016613574785499182,0.49337244747027575,0.18529286665180775,total_liabilities,observed_market_cap,risk_neutral,physical
CNOB,2022,9644.948,1010.877,-0.017946468,9644948000.0,1067824000.377894,8466197000.0,0.8777856552466639,reported,0.3862501143571121,monthly36,36.0,0.014199999999999999,950076007.83,36,2021,2019,0.27223613,2021,rit_tminus1,9296558211.986025,0.03959451642783787,2.7018633471854825,0.0034476047587544225,4.893463527301657e-15,1.5543122344752192e-15,8.0,converged,2.1319163425624366,0.01650686223856774,0.170746345734698,total_liabilities,observed_market_cap,risk_neutral,physical
CNOB,2023,9855.603,1014.524,0.058509403,9855603000.0,1105693000.1912568,8638983000.0,0.8765554984306896,reported,0.3904837606157264,monthly36,36.0,0.0495,882487930.7,36,2022,2020,-0.017946468,2022,rit_tminus1,9103884735.102085,0.03798246705940409,2.664255978477443,0.0038579412017306905,5.133161423903525e-15,1.7763568394002505e-15,9.0,converged,0.38115360121768876,0.3515446379365841,0.17013043573851125,total_liabilities,observed_market_cap,risk_neutral,physical
COFS,2018,670.544,10.033,-0.120365083,670544000.0,,590067000.0,0.87998252165406,reported,,,,0.0181,,0,2017,2017,,2017,unavailable,,,,,,,,not_attempted,,,,total_liabilities,observed_market_cap,risk_neutral,physical
COFS,2019,1386.128,33.198,0.054012394,1386128000.0,,1193989000.0,0.8613843743146377,reported,,,,0.021400000000000002,,0,2018,2018,-0.120365083,2018,rit_tminus1,,,,,,,,not_attempted,,,,total_liabilities,observed_market_cap,risk_neutral,physical
COFS,2020,1919.342,12.416,0.032781348,1919342000.0,436800684.61742544,1692074000.0,0.8815906701359112,reported,,none,0.0,0.0044,461666283.0,0,2019,2019,0.054012394,2019,rit_tminus1,,,,,,,,not_attempted,,,,total_liabilities,observed_market_cap,risk_neutral,physical
COFS,2021,2366.682,85.017,0.040871882,2366682000.0,442261941.10985917,2145013000.0,0.90633764908002,reported,0.3157859989879603,peer_median,11.0,0.0004,396934107.0,11,2020,2020,0.032781348,2020,rit_tminus1,2541080813.756359,0.04934090875235504,3.4175826187351857,0.0003158995749568819,2.6428611942054025e-14,4.246603069191224e-14,7.0,converged,1.2020124152450198,0.11467935897855713,0.15812215394503065,total_liabilities,observed_market_cap,risk_neutral,physical
COFS,2022,2385.915,85.262,-0.06542088,2385915000.0,336671858.0620559,2217041000.0,0.9292204458247675,reported,0.2196782153992772,monthly_ewma,23.0,0.014199999999999999,434544700.0,23,2021,2021,0.040871882,2021,rit_tminus1,2620326180.3516397,0.03643059132593519,4.959068240481901,3.541604240956792e-07,1.0973259096316788e-15,1.3877787807814457e-16,7.0,converged,1.7150933146106977,0.04316405992094461,0.12372632602218797,total_liabilities,observed_market_cap,risk_neutral,physical
COFS,2023,2576.706,235.507,0.021675666,2576706000.0,388361721.37515575,2381072000.0,0.9240759326054272,reported,0.2819863114600441,monthly36,35.0,0.0495,439039990.0,35,2022,2021,-0.06542088,2022,rit_tminus1,2705117061.00211,0.04576859835030719,3.8464581558907036,5.9918792768114824e-05,3.2582714722851897e-15,5.440092820663267e-15,7.0,converged,0.6399430387064022,0.26110481599741964,0.14563758335489085,total_liabilities,observed_market_cap,risk_neutral,physical
COLB,2016,9509.607,87.315,0.30254885,9509607000.0,4522681136.616058,8258595000.0,0.8684475604512363,reported,0.2197233107694781,monthly36,36.0,0.002,9236067319.430689,36,2015,2013,,2015,unavailable,17478161635.604916,0.11610942456595846,6.415990970971327,6.995486949531118e-11,4.1302181260629203e-16,3.0531133177191805e-16,6.0,converged,,,,total_liabilities,observed_market_cap,risk_neutral,physical
COLB,2017,12716.886,134.533,0.136835173,12716886000.0,5613356185.7606535,10766964000.0,0.8466667075571803,reported,0.2490637186048352,monthly36,36.0,0.008,8979739632.63344,36,2016,2014,0.30254885,2016,rit_tminus1,19660911534.774296,0.11375502135173254,5.306841066828434,5.577067583776536e-08,3.1860867533635975e-15,3.266831249959523e-14,6.0,converged,5.123004864999262,1.5035229382473994e-07,0.17447421261208912,total_liabilities,observed_market_cap,risk_neutral,physical
COLB,2018,13095.145,496.079,-0.262389011,13095145000.0,5836083349.5184965,11061496000.0,0.8447020632455768,reported,0.2508133851909462,monthly36,36.0,0.0181,7529640671.814976,36,2017,2015,0.136835173,2017,rit_tminus1,18392724601.27751,0.10267836423498516,5.07715053515229,1.9156865777610816e-07,2.1278211290477233e-14,3.274602811131899e-13,6.0,converged,3.8059276647323137,7.063683545238245e-05,0.16863962305120828,total_liabilities,observed_market_cap,risk_neutral,physical
COLB,2019,14079.524,1053.183,-0.032070557,14079524000.0,6295257525.414841,11919562000.0,0.8465884215972074,reported,0.2503515082333184,monthly36,36.0,0.021400000000000002,8504661704.617056,36,2018,2016,-0.262389011,2018,rit_tminus1,20171855022.361496,0.10555078119610739,5.134371449202869,1.4154425356172838e-07,5.3825030056925935e-15,1.8207657603852567e-13,6.0,converged,1.5398970040012832,0.06179273060602185,0.16995275394606457,total_liabilities,observed_market_cap,risk_neutral,physical
COLB,2020,16584.779,116.365,-0.266338199,16584778999.999998,6892419388.501729,14237172000.0,0.8584480987054456,reported,0.2450768508434193,monthly36,36.0,0.0044,7546431587.2,36,2019,2017,-0.032070557,2019,rit_tminus1,21721097569.85699,0.08514560921821934,4.970342595664269,3.341735049115212e-07,1.1373678736072503e-15,1.6653345369377348e-16,7.0,converged,2.4159298996982073,0.0078475413313452,0.1576238106987447,total_liabilities,observed_market_cap,risk_neutral,physical
COLB,2021,20945.333,113.682,0.16853419,20945333000.0,7142789487.2333765,18356591000.0,0.8764048296582346,reported,0.3240267885542763,monthly36,36.0,0.0004,7087986556.32,36,2020,2018,-0.266338199,2020,rit_tminus1,25437165279.9622,0.09030034062583725,3.57191937509505,0.00017718725896072413,3.2291516655518714e-15,8.881784197001252e-16,7.0,converged,0.23328192467053707,0.4077712467334116,0.18477547400373545,total_liabilities,observed_market_cap,risk_neutral,physical
COLB,2022,20265.843,1069.793,0.100533467,20265843000.0,6108059062.175581,18052690000.0,0.890793933417919,reported,0.335825320551161,monthly36,36.0,0.014199999999999999,6539846571.21,36,2021,2019,0.16853419,2021,rit_tminus1,24337874809.273766,0.0902599008121722,3.4219585806222312,0.0003108589193354617,3.3539791856746014e-15,8.326672684688674e-16,7.0,converged,2.451933658424629,0.007104542809720831,0.18763896759024523,total_liabilities,observed_market_cap,risk_neutral,physical
COLB,2023,52173.596,4626.454,-0.05057196,52173596000.0,4995034002.04475,47178562000.0,0.9042612665609632,reported,0.343833023561761,monthly36,36.0,0.0495,5565038915.559999,36,2022,2020,0.100533467,2022,rit_tminus1,50464597620.09936,0.037953627984224365,3.0593180663845496,0.0011092074240391255,1.336677026133646e-14,3.885780586188048e-15,8.0,converged,1.2639797356047378,0.10311865023038663,0.15789136534017095,total_liabilities,observed_market_cap,risk_neutral,physical
CPF,2017,5623.708,124.785,0.220707495,5623708000.0,449245503.6757649,5123673000.0,0.9110844659786745,reported,0.2061382213382809,monthly36,36.0,0.008,804691097.0,36,2016,2014,,2016,unavailable,5887538231.662024,0.028174357254872617,5.202230163580133,9.845557144191047e-08,1.3036577041275194e-14,6.8833827526759706e-15,7.0,converged,,,,total_liabilities,observed_market_cap,risk_neutral,physical
CPF,2018,5807.026,319.166,-0.259366799,5807026000.0,457914075.19200236,5315301000.0,0.9153224042737195,reported,0.1891774632334134,monthly36,36.0,0.0181,656863165.0,36,2017,2015,0.220707495,2017,rit_tminus1,5876822660.200001,0.02114470958968116,5.5949248067341095,1.1035870349156697e-08,7.259307320165e-15,1.0377809722683651e-13,7.0,converged,3.086207724670027,0.0010136357088881577,0.1074003542770458,total_liabilities,observed_market_cap,risk_neutral,physical
CPF,2019,6012.672,251.547,0.113117614,6012672000.0,503982931.2482751,5484152000.0,0.9120989802869672,reported,0.1936765091210185,monthly36,36.0,0.021400000000000002,797947122.0,36,2018,2016,-0.259366799,2018,rit_tminus1,6165985119.88646,0.025063896905429917,5.5167533985474515,1.726597241483251e-08,7.170958752373945e-15,5.2735593669694936e-15,7.0,converged,-1.172944942734071,0.8795910573954304,0.1105186424602847,total_liabilities,observed_market_cap,risk_neutral,physical
CPF,2020,6594.583,127.385,-0.190530493,6594583000.0,523263739.8143388,6047850000.0,0.9170936206277183,reported,0.1896707899057798,monthly36,36.0,0.0044,512811859.00000006,36,2019,2017,0.113117614,2019,rit_tminus1,6534109776.098164,0.014885797081659232,5.4832457328208974,2.0879616009865666e-08,1.1041946776940876e-14,1.8596235662471372e-15,8.0,converged,1.8067014341397831,0.03540442199005693,0.10462862845321638,total_liabilities,observed_market_cap,risk_neutral,physical
CPF,2021,7419.089,105.616,0.290602253,7419089000.0,558219000.1244026,6860822000.0,0.9247526212450073,reported,0.348481100112308,monthly36,36.0,0.0004,780705380.07,36,2020,2018,-0.190530493,2020,rit_tminus1,7638692739.738251,0.035658228444307875,3.0052941940466598,0.0013266204189451502,1.0230520505938113e-14,3.219646771412954e-15,8.0,converged,-0.600799117407884,0.7260131039746702,0.15871419533642533,total_liabilities,observed_market_cap,risk_neutral,physical
CPF,2022,7432.763,110.859,0.033443548,7432763000.0,452870999.9595194,6979892000.0,0.9390709753560015,reported,0.3621535169281359,monthly36,36.0,0.014199999999999999,548068419.6,36,2021,2019,0.290602253,2021,rit_tminus1,7429428241.801609,0.026770056597421106,2.8485984330899363,0.0021956133583955857,1.500805498884086e-14,5.10702591327572e-15,9.0,converged,2.2589719267634703,0.01194256560318248,0.1566729298282754,total_liabilities,observed_market_cap,risk_neutral,physical
CPF,2023,7642.796,156.102,0.088332921,7642796000.0,503815000.1455417,7138981000.0,0.9340797530118559,reported,0.3699481162510839,monthly36,36.0,0.0495,532246249.44,36,2022,2020,0.033443548,2022,rit_tminus1,7326305948.350209,0.02694254247829712,2.7851278757163582,0.0026753308483677407,1.3326449431507119e-14,4.440892098500626e-15,10.0,converged,0.5865061514884268,0.2787677144572577,0.15826876862189593,total_liabilities,observed_market_cap,risk_neutral,physical
CTBI,2017,4136.231,311.312,0.123578007,4136231000.0,543236552.4980513,3605532000.0,0.8716950286383909,reported,0.2114250747845222,monthly36,36.0,0.008,853023390.0,36,2016,2014,,2016,unavailable,4429826201.809525,0.04071278145988383,5.233301326966889,8.325448117287347e-08,7.825952128749658e-15,1.3877787807814457e-15,7.0,converged,,,,total_liabilities,observed_market_cap,risk_neutral,physical
CTBI,2018,4201.616,293.669,-0.166706964,4201616000.0,576177123.5374005,3637466000.0,0.8657302333197513,reported,0.2040592354436805,monthly36,36.0,0.0181,717372749.0,36,2017,2015,0.123578007,2017,rit_tminus1,4289592869.8939342,0.03412597525933674,5.345554184427559,4.50704132365329e-08,5.982293626026941e-15,1.0269562977782698e-15,7.0,converged,2.513935684539946,0.005969610242259673,0.11798932108224588,total_liabilities,observed_market_cap,risk_neutral,physical
CTBI,2019,4366.003,294.535,0.060703243,4366003000.0,625866104.1268815,3751117000.0,0.8591650074450247,reported,0.2101770311117435,monthly36,36.0,0.021400000000000002,844692376.0,36,2018,2016,-0.166706964,2018,rit_tminus1,4516388306.599319,0.03930905289103642,5.247808047676021,7.695977254081693e-08,6.209608242319894e-15,1.0824674490095276e-15,7.0,converged,0.23627161137156427,0.40661095711019235,0.12232675431001211,total_liabilities,observed_market_cap,risk_neutral,physical
CUBI,2017,9839.555,2062.237,0.306049989,9839555000.0,708095086.6805753,8918591000.0,0.9064018647184756,reported,0.2604070632432925,monthly36,36.0,0.008,820966922.0,36,2016,2014,,2016,unavailable,9668492449.566288,0.022112206570071766,4.001859696051692,3.142328183772422e-05,2.3232953505190067e-15,4.996003610813204e-16,8.0,converged,,,,total_liabilities,observed_market_cap,risk_neutral,physical
CUBI,2018,9833.425,1667.918,-0.368508583,9833425000.0,753290356.1730871,8876609000.0,0.9026975850225125,reported,0.2840461810380203,monthly36,36.0,0.0181,574897960.0,36,2017,2015,0.306049989,2017,rit_tminus1,9292280244.436537,0.017575839285313394,3.624857021395974,0.00014456068043530712,5.97189027955935e-14,1.5593082380860324e-13,8.0,converged,2.7513796402211623,0.0029672411639060513,0.13092830032460545,total_liabilities,observed_market_cap,risk_neutral,physical
CUBI,2019,11520.717,1692.745,0.149889328,11520717000.0,842014979.9736139,10467922000.0,0.9086172327642454,reported,0.2856786226078056,monthly36,36.0,0.021400000000000002,752105518.0,36,2018,2016,-0.368508583,2018,rit_tminus1,10998386609.602604,0.019538349733532776,3.6155655024565228,0.00014984634070355578,7.608036055437503e-15,4.796163466380676e-14,8.0,converged,-2.324940658338264,0.9899624332422774,0.1324303305571854,total_liabilities,observed_market_cap,risk_neutral,physical
CUBI,2020,18439.248,5820.447,-0.259812257,18439248000.0,896287015.4648747,17322162000.0,0.9394180283274025,reported,0.3165687856181175,monthly36,36.0,0.0044,574266204.0,36,2019,2017,0.149889328,2019,rit_tminus1,17820346015.1775,0.0102082158419874,3.20349938019424,0.000678841661475475,1.9928200052801643e-14,6.050715484207103e-15,10.0,converged,1.2827371211768994,0.09979209499314101,0.1351563996125359,total_liabilities,observed_market_cap,risk_neutral,physical
CUBI,2021,19575.028,1179.759,0.400392274,19575028000.0,1228422999.6722658,18208811000.0,0.930206127929932,reported,0.5148755309888791,monthly36,36.0,0.0004,2151540263.79,36,2020,2018,-0.259812257,2020,rit_tminus1,20343984809.121155,0.05563634202563863,1.9723076380204783,0.02428724911664162,7.535282351791796e-15,2.886579864025407e-15,8.0,converged,-0.7985291128214965,0.7877182471812219,0.21424157851322545,total_liabilities,observed_market_cap,risk_neutral,physical
CUBI,2022,20896.112,1105.532,0.035623703,20896112000.0,1265167000.5814922,19493151000.0,0.9328601894936245,reported,0.545306708170654,monthly36,36.0,0.014199999999999999,917470572.98,36,2021,2019,0.400392274,2021,rit_tminus1,20128469603.137947,0.02576312667670667,1.7831752026571233,0.03727889386276753,3.274300217523351e-14,2.4424906541753444e-15,9.0,converged,2.1035387159908154,0.017709352325827692,0.2024630604286247,total_liabilities,observed_market_cap,risk_neutral,physical
CVBF,2016,8073.707,681.802,0.242157765,8073707000.0,1261369341.4364347,7082845000.0,0.877272980057364,reported,0.2250604735699917,monthly36,36.0,0.002,3159868466.56,36,2015,2013,,2015,unavailable,10228561927.230036,0.06952702930748371,5.279836239426323,6.464969825394096e-08,2.8671782074911708e-15,4.718447854656915e-16,7.0,converged,,,,total_liabilities,observed_market_cap,risk_neutral,physical
CVBF,2017,8270.586,579.547,0.092044469,8270585999.999999,1337299059.6469395,7201320000.0,0.8707146023268485,reported,0.2580177697636817,monthly36,36.0,0.008,3246685611.52,36,2016,2014,0.242157765,2016,rit_tminus1,10390624648.061522,0.0806211146024275,4.606605858095123,2.0464737136862035e-06,5.7278872656892354e-15,9.992007221626409e-16,7.0,converged,3.7815531267525686,7.792647580099662e-05,0.15910076753921662,total_liabilities,observed_market_cap,risk_neutral,physical
CVBF,2018,11529.153,748.029,-0.191374906,11529153000.0,1822165658.8774362,9677963000.0,0.8394339983171357,reported,0.2489053028940266,monthly36,36.0,0.0181,2787794988.16,36,2017,2015,0.092044469,2017,rit_tminus1,12292162314.248362,0.05645048578142605,4.528164312125312,2.9749154505289268e-06,7.525960499263709e-15,1.4155343563970746e-15,7.0,converged,2.3459440288731668,0.009489478640072394,0.1427926954464482,total_liabilities,observed_market_cap,risk_neutral,physical
CVBF,2019,11282.45,454.433,-0.022224886,11282450000.0,1961397535.6432712,9288352000.0,0.8232566508160905,reported,0.2485329096187071,monthly36,36.0,0.021400000000000002,2973831727.36,36,2018,2016,-0.191374906,2018,rit_tminus1,12065524504.602419,0.061256870854219936,4.58911503794452,2.225645414343091e-06,1.1224105509107063e-15,1.942890293094024e-16,7.0,converged,0.5222714683511877,0.3007406658281606,0.1452129554195852,total_liabilities,observed_market_cap,risk_neutral,physical
CVBF,2020,14419.314,470.18,-0.255342704,14419314000.0,2040634391.1814926,12411324000.0,0.8607430284131409,reported,0.2015244802060452,monthly36,36.0,0.0044,2687197344.0,36,2019,2017,-0.022224886,2019,rit_tminus1,15044031482.059956,0.0359967379648836,5.448387273597679,2.541429485200675e-08,3.5489552657367094e-15,5.551115123125783e-16,7.0,converged,1.4086173745547523,0.07947416924473155,0.11838236418516326,total_liabilities,observed_market_cap,risk_neutral,physical
CVBF,2021,15883.697,644.669,0.161985247,15883697000.0,2081503000.1483538,13802194000.0,0.8689534936356441,reported,0.1985763695669244,monthly36,36.0,0.0004,2901612195.25,36,2020,2018,-0.255342704,2020,rit_tminus1,16698286420.262594,0.03450603309822551,5.51449092561794,1.748954767528759e-08,3.9440459395673956e-15,6.38378239159465e-16,7.0,converged,-0.6107890969998477,0.7293303938075839,0.11682958284821313,total_liabilities,observed_market_cap,risk_neutral,physical
CVBF,2022,16476.54,1560.431,0.120458537,16476540000.0,1948517000.2895231,14528023000.0,0.8817399162688283,reported,0.205218440649039,monthly36,36.0,0.014199999999999999,3600331602.25,36,2021,2019,0.161985247,2021,rit_tminus1,17923514479.433136,0.04122263274041904,5.4189758450394665,2.997070731089645e-08,1.5893107998334238e-15,1.942890293094024e-16,7.0,converged,3.0830047897793156,0.0010246092831990717,0.12194212834970553,total_liabilities,observed_market_cap,risk_neutral,physical
CVBF,2023,16020.993,2341.642,-0.014162801,16020993000.0,2077972000.4221778,13943021000.0,0.8702969285362024,reported,0.2176432349083686,monthly36,36.0,0.0495,2813375166.3900003,36,2022,2020,0.120458537,2022,rit_tminus1,16083020149.452875,0.03807196587349866,5.031529849399264,2.432906658295879e-07,1.0169361638639504e-15,1.6653345369377348e-16,7.0,converged,2.4034779064867995,0.008119974152534548,0.12342237259113296,total_liabilities,observed_market_cap,risk_neutral,physical
CWBC,2018,1537.836,15.155,-0.255036479,1537836000.0,304507640.7620591,1318098000.0,0.8571122018212606,reported,,,,0.0181,359686731.0,0,2017,2017,,2017,unavailable,,,,,,,,not_attempted,,,,total_liabilities,observed_market_cap,risk_neutral,physical
CWBC,2019,1596.755,5.155,-0.004965643,1596755000.0,333150525.14040595,1368627000.0,0.8571302422726091,reported,,,,0.021400000000000002,413058371.00000006,0,2018,2018,-0.255036479,2018,rit_tminus1,,,,,,,,not_attempted,,,,total_liabilities,observed_market_cap,risk_neutral,physical
CWBC,2020,2004.096,5.155,-0.090945602,2004096000.0,373339371.5104381,1759075000.0,0.8777398887079262,reported,,,,0.0044,283822757.0,0,2019,2019,-0.004965643,2019,rit_tminus1,,,,,,,,not_attempted,,,,total_liabilities,observed_market_cap,risk_neutral,physical
CWBC,2021,2450.139,39.454,0.076850295,2450139000.0,396440904.1057021,2202294000.0,0.8988445145357059,reported,,,,0.0004,395903201.0,0,2020,2020,-0.090945602,2020,rit_tminus1,,,,,,,,not_attempted,,,,total_liabilities,observed_market_cap,risk_neutral,physical
CWBC,2022,2422.519,115.599,-0.025327566,2422519000.0,283695279.3830547,2247859000.0,0.927901494271046,reported,,,,0.014199999999999999,403718334.0,0,2021,2021,0.076850295,2021,rit_tminus1,,,,,,,,not_attempted,,,,total_liabilities,observed_market_cap,risk_neutral,physical
CZNC,2018,1290.893,48.768,-0.128972766,1290893000.0,248239003.32413658,1093525000.0,0.8471073900005655,reported,0.1567121848319366,monthly36,36.0,0.0181,407915720.399,36,2017,2015,,2017,unavailable,1481825966.9142263,0.04313958939735808,7.441845365302193,4.9644204265337964e-14,5.406439973758019e-15,6.106226635438361e-16,7.0,converged,,,,total_liabilities,observed_market_cap,risk_neutral,physical
CZNC,2019,1654.145,144.847,0.010140548,1654145000.0,276141956.4722858,1409693000.0,0.8522185177236579,reported,0.1669821370287733,monthly36,36.0,0.021400000000000002,437722450.0,36,2018,2016,-0.128972766,2018,rit_tminus1,1817568520.9899817,0.04021407131704238,6.831417099712142,4.203993755457297e-12,1.0893596117885318e-15,1.1102230246251565e-16,7.0,converged,1.236082038170025,0.10821403537244706,0.10957192522672471,total_liabilities,observed_market_cap,risk_neutral,physical
CZNC,2020,2239.1,91.183,-0.118191429,2239100000.0,291893161.7477477,1939344000.0,0.8661265687106426,reported,0.1843401483394594,monthly36,36.0,0.0044,307412864.0,36,2019,2017,0.010140548,2019,rit_tminus1,2238242495.72371,0.025318317027957952,5.8226886672927245,2.8954184712004086e-09,1.5511294875517149e-15,8.326672684688674e-16,7.0,converged,1.4000409273279644,0.08075053146423827,0.10816055666961932,total_liabilities,observed_market_cap,risk_neutral,physical
CZNC,2021,2327.648,77.555,0.095254884,2327648000.0,301405000.01629573,2026243000.0,0.8705109191767827,reported,0.2418082942506129,monthly36,36.0,0.0004,411627430.8,36,2020,2018,-0.118191429,2020,rit_tminus1,2437060041.2763987,0.04084232307697084,4.509415987026461,3.250316564129506e-06,5.3576892395225015e-15,1.7486012637846216e-15,7.0,converged,0.4369605413532238,0.33106998230505824,0.13263119471620827,total_liabilities,observed_market_cap,risk_neutral,physical
CZNC,2022,2454.307,181.781,0.043936574,2454307000.0,249325000.06297076,2204982000.0,0.8984132791863446,reported,0.24751980887079,monthly36,36.0,0.014199999999999999,354760202.34,36,2021,2019,0.095254884,2021,rit_tminus1,2528652600.876213,0.03472628932255863,4.335743662873933,7.263407741091356e-06,1.3945153610032249e-14,2.917110997202599e-14,7.0,converged,1.8052205457329908,0.03552008855205715,0.13067857301147545,total_liabilities,observed_market_cap,risk_neutral,physical
CZNC,2023,2515.584,211.759,0.010158973,2515584000.0,262380999.94116062,2253203000.0,0.8956977783290083,reported,0.2195438387466074,monthly36,36.0,0.0495,343069878.05,36,2022,2020,0.043936574,2022,rit_tminus1,2487454789.159543,0.03027950960691422,4.886103928550045,5.142546074535965e-07,3.301042508218602e-15,9.492406860545088e-15,7.0,converged,1.4866802318878727,0.0685496430722293,0.12003678027994583,total_liabilities,observed_market_cap,risk_neutral,physical
DCOM,2017,4430.002,630.892,0.224502787,4430002000.0,954213791.012192,3475788208.987808,0.7846019502898212,implied_pb,0.2165467809543925,monthly36,36.0,0.008,1533651000.0,36,2016,2014,,2016,unavailable,4981743831.728332,0.06666484729882627,5.4861990181623055,2.0533710262961836e-08,5.285577807110695e-15,7.494005416219807e-16,7.0,converged,,,,total_liabilities,observed_market_cap,risk_neutral,physical
DCOM,2018,4700.744,319.753,-0.294165711,4700744000.0,1004815916.4431278,3695928083.5568724,0.7862432167241765,implied_pb,0.2091777898248162,monthly36,36.0,0.0181,1116936114.0,36,2017,2015,0.224502787,2017,rit_tminus1,4746569673.677347,0.04922254362001733,5.425949950376027,2.8823556056302103e-08,1.7076613504615359e-15,2.7755575615628914e-16,7.0,converged,3.7804045575667855,7.828686668619391e-05,0.12709919161190458,total_liabilities,observed_market_cap,risk_neutral,physical
DCOM,2019,4921.52,514.919,0.067735139,4921520000.0,1098191016.8308506,3823328983.1691494,0.7768593814856283,implied_pb,0.2266491332806366,monthly36,36.0,0.021400000000000002,1469237658.0,36,2018,2016,-0.294165711,2018,rit_tminus1,5211616649.51209,0.06389600287000566,5.150983410393152,1.295620559458893e-07,1.6227366471542107e-15,2.498001805406602e-16,7.0,converged,0.15160373688771933,0.4397497429346111,0.13997111254782219,total_liabilities,observed_market_cap,risk_neutral,physical
DCOM,2020,6434.296,295.282,-0.184277508,6434296000.0,1149258647.2740667,5285037352.725933,0.821385486885579,implied_pb,0.2449782804905248,monthly36,36.0,0.0044,1059533748.0,36,2019,2017,0.067735139,2019,rit_tminus1,6321367828.303488,0.041061316813719384,4.447322311787615,4.347366409135172e-06,4.500443323331736e-15,2.0261570199409107e-15,7.0,converged,1.8081840850799606,0.03528892736990529,0.13357789685669968,total_liabilities,observed_market_cap,risk_neutral,physical
DCOM,2021,12066.364,223.958,0.236494437,12066364000.0,1076050999.6244557,10990313000.375544,0.9108222659597823,implied_pb,0.3556477858953381,monthly36,36.0,0.0004,1402104608.28,36,2020,2018,-0.184277508,2020,rit_tminus1,12387829274.243917,0.04030811844520599,2.959400348786734,0.0015411918683271187,1.147792682109326e-13,2.7211566333562587e-13,7.0,converged,-0.47457885507442094,0.6824564097205871,0.16343390246570438,total_liabilities,observed_market_cap,risk_neutral,physical
DCOM,2022,13189.921,1332.643,0.01913565,13189921000.0,1053014000.0258068,12136906999.974194,0.920165253451798,implied_pb,0.358811892169449,monthly36,36.0,0.014199999999999999,1227778590.0,36,2021,2019,0.236494437,2021,rit_tminus1,13193346907.066322,0.033446675566176635,2.903199288670327,0.0018468575344438769,3.1069911926261884e-15,1.3322676295501878e-15,8.0,converged,2.0026421092736393,0.022607858314155915,0.1598319343988559,total_liabilities,observed_market_cap,risk_neutral,physical
DFS,2016,92308.0,25443.0,0.296669349,92308000000.0,6967021380.686283,80985000000.0,0.8773345755514148,reported,,,,0.002,18141664193.280003,0,2015,2015,,2015,unavailable,,,,,,,,not_attempted,,,,total_liabilities,observed_market_cap,risk_neutral,physical
DFS,2017,100087.0,26326.0,0.328830797,100087000000.0,7262299782.935284,89195000000.0,0.8911746780301139,reported,,,,0.008,19357148144.64,0,2016,2016,0.296669349,2016,rit_tminus1,,,,,,,,not_attempted,,,,total_liabilities,observed_market_cap,risk_neutral,physical
DFS,2018,109553.0,27228.0,-0.314649238,109553000000.0,8023081969.225868,98423000000.0,0.898405338055553,reported,,,,0.0181,14842493468.16,0,2017,2017,0.328830797,2017,rit_tminus1,,,,,,,,not_attempted,,,,total_liabilities,observed_market_cap,risk_neutral,physical
DFS,2019,113996.0,25701.0,0.177962083,113996000000.0,9165263879.163315,102137000000.0,0.895970034036282,reported,,,,0.021400000000000002,21345206781.44,0,2018,2018,-0.314649238,2018,rit_tminus1,,,,,,,,not_attempted,,,,total_liabilities,observed_market_cap,risk_neutral,physical
DFS,2020,112889.0,21241.0,0.007412977,112889000000.0,8066756040.843353,102005000000.0,0.9035867090681997,reported,,,,0.0044,22782145365.76,0,2019,2019,0.177962083,2019,rit_tminus1,,,,,,,,not_attempted,,,,total_liabilities,observed_market_cap,risk_neutral,physical
DFS,2021,110242.0,20227.0,0.238236136,110242000000.0,12351999999.098415,96834000000.0,0.8783766622521362,reported,,,,0.0004,33319220659.2,0,2020,2020,0.007412977,2020,rit_tminus1,,,,,,,,not_attempted,,,,total_liabilities,observed_market_cap,risk_neutral,physical
DFS,2022,131706.0,20108.0,-0.137601548,131706000000.0,13287999999.041935,117362000000.0,0.8910907627594794,reported,,,,0.014199999999999999,26158156273.53,0,2021,2021,0.238236136,2021,rit_tminus1,,,,,,,,not_attempted,,,,total_liabilities,observed_market_cap,risk_neutral,physical
DFS,2023,151713.0,21331.0,0.08456419,151713000000.0,13179000002.713007,137478000000.0,0.906171521227581,reported,,,,0.0495,28111561464.0,0,2022,2022,-0.137601548,2022,rit_tminus1,,,,,,,,not_attempted,,,,total_liabilities,observed_market_cap,risk_neutral,physical
EBC,2022,22646.858,704.084,0.000411213,22646858000.0,2714040347.204768,20175068000.0,0.8908550581277103,reported,0.2800031615241356,monthly_ewma,15.0,0.014199999999999999,3336805500.0,15,2021,2021,,2021,unavailable,23227400370.08299,0.04022687909793893,3.8351458058799355,6.274491402616946e-05,8.002528424079558e-15,3.9968028886505635e-14,7.0,converged,,,,total_liabilities,observed_market_cap,risk_neutral,physical
EBC,2023,21133.278,17.738,0.034549818,21133278000.0,3261689108.0370727,18158423000.0,0.8592336219681584,reported,0.2724289809578601,monthly36,27.0,0.0495,2746819600.0,27,2022,2021,0.000411213,2022,rit_tminus1,20028278184.711422,0.03736419760891876,3.929232306041062,4.2608742127586126e-05,7.638228211615171e-14,1.0202949596305189e-13,7.0,converged,0.9517097689199505,0.17062209682968005,0.13838416699005537,total_liabilities,observed_market_cap,risk_neutral,physical
EBMT,2018,853.903,127.098,-0.187980069,853903000.0,134881896.42423975,759097000.0,0.8889733377210292,reported,0.2087379203000823,monthly36,36.0,0.0181,128586750.6,36,2017,2015,,2017,unavailable,874067691.4666812,0.030708072010642826,5.166614204317603,1.1918628757885996e-07,3.0129868686489623e-15,5.828670879282072e-16,7.0,converged,,,,total_liabilities,observed_market_cap,risk_neutral,physical
EBMT,2019,1054.26,113.291,-0.011287605,1054260000.0,150622652.4065159,932601000.0,0.8846024699789425,reported,0.2317544155752136,monthly36,36.0,0.021400000000000002,170097130.20000002,36,2018,2016,-0.187980069,2018,rit_tminus1,1082952491.040504,0.03640123608217624,4.675841119616896,1.4637560070716633e-06,3.3289457893876382e-15,1.7486012637846216e-15,7.0,converged,-0.22443335752654117,0.5887899414601222,0.12703786022116442,total_liabilities,observed_market_cap,risk_neutral,physical
EBMT,2022,1948.384,128.238,0.03780374,1948384000.0,158415999.9292759,1789968000.0,0.9186936456057944,reported,0.2362780478420125,monthly36,36.0,0.014199999999999999,129377493.28,36,2021,2019,-0.011287605,2021,rit_tminus1,1894107525.1241329,0.0161391224851723,4.3756893493432445,6.052465444197788e-06,2.303516757987948e-16,3.885780586188048e-16,8.0,converged,0.4384302335400245,0.3305372169839737,0.11764426911276726,total_liabilities,observed_market_cap,risk_neutral,physical
EBTC,2017,2817.564,103.847,0.114264499,2817564000.0,249750983.338267,2585754000.0,0.9177268023015627,reported,,,,0.008,425911020.0,0,2016,2016,,2016,unavailable,,,,,,,,not_attempted,,,,total_liabilities,observed_market_cap,risk_neutral,physical
EBTC,2018,2964.358,115.352,-0.168355615,2964358000.0,272744921.1936692,2709061000.0,0.9138778109796455,reported,,,,0.0181,402270144.0,0,2017,2017,0.114264499,2017,rit_tminus1,,,,,,,,not_attempted,,,,total_liabilities,observed_market_cap,risk_neutral,physical
EBTC,2019,3235.049,111.045,0.020799732,3235049000.0,313775934.4617164,2938408000.0,0.9083040164152073,reported,,,,0.021400000000000002,423659508.0,0,2018,2018,-0.168355615,2018,rit_tminus1,,,,,,,,not_attempted,,,,total_liabilities,observed_market_cap,risk_neutral,physical
EBTC,2020,4014.324,78.518,-0.157857102,4014324000.0,350410957.6881122,3679898000.0,0.9166918265690562,reported,,,,0.0044,319589620.0,0,2019,2019,0.020799732,2019,rit_tminus1,,,,,,,,not_attempted,,,,total_liabilities,observed_market_cap,risk_neutral,physical
EBTC,2021,4447.819,64.458,0.142029493,4447819000.0,346894999.9628032,4100924000.0,0.9220078424953894,reported,,,,0.0004,540764119.44,0,2020,2020,-0.157857102,2020,rit_tminus1,,,,,,,,not_attempted,,,,total_liabilities,observed_market_cap,risk_neutral,physical
EBTC,2022,4438.333,62.398,0.055529059,4438333000.0,282267000.0872233,4156066000.0,0.9364024736314287,reported,,,,0.014199999999999999,428313114.8,0,2021,2021,0.142029493,2021,rit_tminus1,,,,,,,,not_attempted,,,,total_liabilities,observed_market_cap,risk_neutral,physical
EBTC,2023,4466.034,85.266,0.016254676,4466034000.0,329116999.9715279,4136917000.0,0.9263066514943684,reported,,,,0.0495,395916463.24,0,2022,2022,0.055529059,2022,rit_tminus1,,,,,,,,not_attempted,,,,total_liabilities,observed_market_cap,risk_neutral,physical
EFSC,2017,5289.225,544.522,0.205797537,5289225000.0,877469653.2840064,4740652000.0,0.8962848054299071,reported,0.1971149163922667,monthly36,36.0,0.008,1667511405.0,36,2016,2014,,2016,unavailable,6370389486.043747,0.05159674655215941,5.856082807427937,2.3695599429274315e-09,2.2876588754875712e-15,3.608224830031759e-16,7.0,converged,,,,total_liabilities,observed_market_cap,risk_neutral,physical
EFSC,2018,5645.662,411.606,-0.247569484,5645662000.0,977565338.7663118,5041858000.0,0.8930499204521986,reported,0.1712061364063814,monthly36,36.0,0.0181,1389777501.0,36,2017,2015,0.205797537,2017,rit_tminus1,6341198792.396231,0.03752262690464023,6.574411660177312,2.4422959725318594e-11,1.3724129448347573e-15,1.1102230246251565e-16,7.0,converged,4.038778195661517,2.6865171180105092e-05,0.10974356264800511,total_liabilities,observed_market_cap,risk_neutral,physical
EFSC,2019,7333.791,628.836,0.108351552,7333791000.0,1206615221.4136336,6466606000.0,0.8817548795704705,reported,0.2358193086361267,monthly36,36.0,0.021400000000000002,1780525467.0,36,2018,2016,-0.247569484,2018,rit_tminus1,8110216255.25285,0.05177205915713828,4.7618921881061835,9.5893070522142e-07,1.0712279426287477e-15,2.220446049250313e-16,7.0,converged,-0.10011660798380785,0.5398741248432772,0.13634440389023494,total_liabilities,observed_market_cap,risk_neutral,physical
EFSC,2020,9751.571,554.718,-0.21251532,9751571000.0,1276808331.9276433,8672596000.0,0.8893537256714841,reported,0.2482414480910202,monthly36,36.0,0.0044,1290797865.0,36,2019,2017,0.108351552,2019,rit_tminus1,9925317766.410378,0.03228429665393421,4.299289438985224,8.567328950872853e-06,1.2264502507790987e-13,1.5729084701376905e-13,7.0,converged,1.840276437126063,0.03286383145104267,0.12970317104266105,total_liabilities,observed_market_cap,risk_neutral,physical
EFSC,2021,13537.358,558.762,0.298513498,13537358000.0,1457127999.7017348,12008242000.0,0.8870447246796606,reported,0.3395106389878493,monthly36,36.0,0.0004,1780921290.98,36,2020,2018,-0.21251532,2020,rit_tminus1,13784235771.980978,0.04389781989478181,3.1292863178932087,0.0008761573537576315,3.4807170244056785e-15,2.4480417692984702e-14,7.0,converged,-0.540804901607992,0.7056789680099664,0.1613067636654832,total_liabilities,observed_market_cap,risk_neutral,physical
EFSC,2022,13054.172,579.552,0.054502591,13054172000.0,1450274999.7034917,11531909000.0,0.8833887741022564,reported,0.3256033606054389,monthly36,36.0,0.014199999999999999,1823921176.32,36,2021,2019,0.298513498,2021,rit_tminus1,13193165052.614992,0.04503364518679237,3.2812576590707088,0.0005167264511875874,1.0326689548627126e-14,2.481348460037225e-14,7.0,converged,2.741096079396889,0.003061729931236295,0.1579218489448775,total_liabilities,observed_market_cap,risk_neutral,physical
EFSC,2023,14518.59,453.813,0.093673784,14518590000.0,1644080000.7594972,12802522000.0,0.8818020207196429,reported,0.3358174184409815,monthly36,36.0,0.0495,1670625650.2,36,2022,2020,0.054502591,2022,rit_tminus1,13854743228.230936,0.040522091507344565,3.1504899645953817,0.0008149842811633934,2.7115308581472942e-15,8.326672684688674e-16,8.0,converged,1.047919365000048,0.1473378797026395,0.15725527161974798,total_liabilities,observed_market_cap,risk_neutral,physical
EGBN,2020,11117.802,594.803,-0.14963658,11117802000.0,1186138212.172326,9876910000.0,0.8883869311577954,reported,0.3119199023196189,monthly36,36.0,0.0044,1254586620.0,36,2019,2017,,2019,unavailable,11088101881.06908,0.035303937597005064,3.38346782634066,0.0003578829667222037,1.36827042642241e-14,3.774758283725532e-15,8.0,converged,,,,total_liabilities,observed_market_cap,risk_neutral,physical
EGBN,2021,11847.31,393.588,0.1567496,11847310000.0,1350774999.8581445,10496535000.0,0.8859846665614388,reported,0.3876453171019393,monthly36,36.0,0.0004,1863968367.28,36,2020,2018,-0.14963658,2020,rit_tminus1,12355778244.745333,0.058621027582362276,2.7594264252245657,0.0028951461974836682,7.802457155653342e-15,1.0935696792557792e-14,7.0,converged,-0.016152192773208292,0.5064435124389713,0.1832141014931201,total_liabilities,observed_market_cap,risk_neutral,physical
EGBN,2022,11150.854,1079.895,-0.011084718,11150854000.0,1228321000.5297368,9922533000.0,0.8898451185891233,reported,0.366484642463656,monthly36,36.0,0.014199999999999999,1381458015.21,36,2021,2019,0.1567496,2021,rit_tminus1,11163836026.77548,0.04542726851557162,2.8846017461456586,0.0019595454700454718,4.2110677747914046e-14,9.853229343548264e-14,7.0,converged,1.6132278721260234,0.05334750507456695,0.16910167249075653,total_liabilities,observed_market_cap,risk_neutral,physical
EGBN,2023,11664.538,1400.505,-0.048397424,11664538000.0,1274283000.0776515,10390255000.0,0.8907558104744483,reported,0.3018423775860753,monthly36,36.0,0.0495,901957945.68,36,2022,2020,-0.011084718,2022,rit_tminus1,10790399272.44589,0.025237216660291682,3.4461001582667423,0.0002843697611869342,1.3573575237629515e-13,2.3064883336587627e-13,8.0,converged,0.44732214406313664,0.3273212403277191,0.13954897119089102,total_liabilities,observed_market_cap,risk_neutral,physical
EQBK,2017,3170.509,401.652,0.147712691,3170509000.0,448685168.12530684,2796365000.0,0.881992449792762,reported,,,,0.008,620223854.9999999,0,2016,2016,,2016,unavailable,,,,,,,,not_attempted,,,,total_liabilities,observed_market_cap,risk_neutral,physical
EQBK,2018,4061.716,464.676,-0.289417769,4061716000.0,499967888.6617347,3605775000.0,0.8877467060720149,reported,,,,0.0181,617421375.0,0,2017,2017,0.147712691,2017,rit_tminus1,,,,,,,,not_attempted,,,,total_liabilities,observed_market_cap,risk_neutral,physical
EQBK,2019,3949.578,383.632,-0.058593294,3949578000.0,542166836.6655071,3471518000.0,0.8789592204534257,reported,,,,0.021400000000000002,540703485.0,0,2018,2018,-0.289417769,2018,rit_tminus1,,,,,,,,not_attempted,,,,total_liabilities,observed_market_cap,risk_neutral,physical
EQBK,2020,4013.356,133.857,-0.241568085,4013356000.0,491052478.1170444,3605707000.0,0.8984269025723111,reported,,,,0.0044,378159645.0,0,2019,2019,-0.058593294,2019,rit_tminus1,,,,,,,,not_attempted,,,,total_liabilities,observed_market_cap,risk_neutral,physical
EQBK,2021,5137.631,151.891,0.123067292,5137631000.0,523194636.8876699,4637000000.0,0.9025560613442265,reported,,,,0.0004,594300915.0,0,2020,2020,-0.241568085,2020,rit_tminus1,,,,,,,,not_attempted,,,,total_liabilities,observed_market_cap,risk_neutral,physical
EQBK,2022,4981.651,281.734,0.074257939,4981651000.0,450867570.58261234,4571593000.0,0.9176863252764997,reported,,,,0.014199999999999999,572231385.0,0,2021,2021,0.123067292,2021,rit_tminus1,,,,,,,,not_attempted,,,,total_liabilities,observed_market_cap,risk_neutral,physical
ESQ,2018,663.899,0.089,-0.214358675,663899000.0,104212815.66669746,571125000.0,0.8602588646767053,reported,0.2206680248697309,peer_median,7.0,0.0181,183614333.0,7,2017,2017,,2017,unavailable,744494961.1196674,0.05442322344069276,5.176412249078692,1.1309668192372542e-07,6.492373857915615e-16,5.551115123125783e-17,7.0,converged,,,,total_liabilities,observed_market_cap,risk_neutral,physical
ESQ,2019,798.008,0.086,0.055321859,798008000.0,122808301.77985232,686946000.0,0.8608259566320137,reported,0.234622797962145,monthly_ewma,19.0,0.021400000000000002,220591044.3,19,2018,2018,-0.214358675,2018,rit_tminus1,892992576.5363921,0.05795760377521215,4.86636819141249,5.683383512337496e-07,1.891429975100464e-15,3.608224830031759e-16,7.0,converged,0.3907507277637208,0.34799074928188795,0.1392739689857786,total_liabilities,observed_market_cap,risk_neutral,physical
ESQ,2020,936.714,0.049,-0.18605874,936714000.0,136882437.54289418,810638000.0,0.8654060897990208,reported,0.2199774153329597,monthly36,31.0,0.0044,162375993.10000002,31,2019,2018,0.055321859,2019,rit_tminus1,969455019.3914388,0.03684447564573058,4.956882275713803,3.581667502984612e-07,8.075714642441153e-15,1.5265566588595902e-15,7.0,converged,1.853624872157396,0.03189642334606408,0.12418265835208003,total_liabilities,observed_market_cap,risk_neutral,physical
ESQ,2021,1178.77,0.048,0.210643753,1178770000.0,150929496.58312735,1035083000.0,0.8781042951551193,reported,0.3549721131012668,monthly36,36.0,0.0004,267552313.8,36,2020,2018,-0.18605874,2020,rit_tminus1,1302202571.038467,0.07298542920904691,3.1144855279412567,0.0009213299792250176,2.227775343402417e-16,2.1649348980190553e-15,7.0,converged,0.1478318691193314,0.441237728871097,0.18315499173366484,total_liabilities,observed_market_cap,risk_neutral,physical
ESQ,2022,1395.639,0.046,0.053927963,1395639000.0,163294442.74789348,1237527000.0,0.8867099586640959,reported,0.3527233258102769,monthly36,36.0,0.014199999999999999,366044057.4,36,2021,2019,0.210643753,2021,rit_tminus1,1586102975.8211453,0.08144725401126612,3.1805638048875013,0.0007349438324115007,4.885038582412235e-15,1.2212453270876722e-15,7.0,converged,2.4164505303678183,0.007836327871297576,0.18715403083591442,total_liabilities,observed_market_cap,risk_neutral,physical
ESQ,2023,1616.876,0.044,0.042574608,1616876000.0,202715004.7419998,1418365000.0,0.877225588109416,reported,0.3647623903423164,monthly36,36.0,0.0495,422736040.4,36,2022,2020,0.053927963,2022,rit_tminus1,1772568995.9860094,0.08705709009613803,3.0857410455887258,0.0010152278574816272,2.819946211304421e-16,1.1102230246251565e-16,7.0,converged,1.5387818663164297,0.061928779148207,0.19252501777284853,total_liabilities,observed_market_cap,risk_neutral,physical
EVBN,2018,1388.207,24.472,-0.231344931,1388207000.0,151028898.25780195,1256561000.0,0.9051683214390938,reported,,,,0.0181,180995523.8,0,2017,2017,,2017,unavailable,,,,,,,,not_attempted,,,,total_liabilities,observed_market_cap,risk_neutral,physical
EVBN,2019,1460.23,23.755,0.077556533,1460230000.0,167670280.4311604,1311777000.0,0.898335878594468,reported,,,,0.021400000000000002,223251938.0,0,2018,2018,-0.231344931,2018,rit_tminus1,,,,,,,,not_attempted,,,,total_liabilities,observed_market_cap,risk_neutral,physical
EVBN,2020,2044.115,79.663,-0.173612489,2044115000.0,173774087.8475574,1875210000.0,0.9173701088246013,reported,,,,0.0044,153325645.2,0,2019,2019,0.077556533,2019,rit_tminus1,,,,,,,,not_attempted,,,,total_liabilities,observed_market_cap,risk_neutral,physical
EVBN,2021,2210.64,67.965,0.231387567,2210640000.0,183891999.96769834,2026748000.0,0.9168150399884196,reported,,,,0.0004,220955066.8,0,2020,2020,-0.173612489,2020,rit_tminus1,,,,,,,,not_attempted,,,,total_liabilities,observed_market_cap,risk_neutral,physical
EVBN,2022,2178.51,231.223,0.035981247,2178510000.0,153992999.98050046,2024517000.0,0.9293126953743613,reported,,,,0.014199999999999999,203291224.72,0,2021,2021,0.231387567,2021,rit_tminus1,,,,,,,,not_attempted,,,,total_liabilities,observed_market_cap,risk_neutral,physical
EVBN,2023,2108.663,185.775,0.056598867,2108663000.0,178219000.05776235,1930444000.0,0.915482464481048,reported,,,,0.0495,173407811.16,0,2022,2022,0.035981247,2022,rit_tminus1,,,,,,,,not_attempted,,,,total_liabilities,observed_market_cap,risk_neutral,physical
EWBC,2016,34788.84,918.02,0.372378452,34788840000.0,3276942005.4417043,31361099000.0,0.9014700978819644,reported,0.1868988172479233,monthly36,36.0,0.002,7005644343.36,36,2015,2013,,2015,unavailable,38304083825.43695,0.034182951609839356,5.8919441333132205,1.9083911297054713e-09,6.6703416864427784e-15,9.71445146547012e-16,7.0,converged,,,,total_liabilities,observed_market_cap,risk_neutral,physical
EWBC,2017,37121.563,545.468,0.309077225,37121563000.0,3663384916.5219336,33279612000.0,0.8965035227638448,reported,0.2750701849215173,monthly36,36.0,0.008,8383894263.36,36,2016,2014,0.372378452,2016,rit_tminus1,41398320334.03254,0.05570779346406775,4.034330890415489,2.7379054732994666e-05,3.0712704304370942e-15,6.661338147750939e-16,7.0,converged,3.8994511539137053,4.820549206412918e-05,0.1502201269994416,total_liabilities,observed_market_cap,risk_neutral,physical
EWBC,2018,41042.356,580.645,-0.373813835,41042356000.0,4206184106.4859943,36618382000.0,0.892209550543346,reported,0.2727238763645319,monthly36,36.0,0.0181,5999521901.76,36,2017,2015,0.309077225,2017,rit_tminus1,41961060335.60155,0.03899496688292934,3.9372105466134135,4.12171372960029e-05,2.8612509423920427e-15,3.430589146091734e-14,7.0,converged,3.2229585368073406,0.0006343695881193478,0.1399366978356931,total_liabilities,observed_market_cap,risk_neutral,physical
EWBC,2019,44196.096,1126.854,0.099797399,44196096000.0,4748849403.975696,39178479000.0,0.886469225698125,reported,0.3024795065353173,monthly36,36.0,0.021400000000000002,6712077110.400001,36,2018,2016,-0.373813835,2018,rit_tminus1,45060964386.44425,0.04506309993596633,3.556644013672199,0.0001878113026040377,1.1508750325471565e-14,2.2648549702353193e-14,7.0,converged,-1.499502235811991,0.933128305439123,0.15148784543245902,total_liabilities,observed_market_cap,risk_neutral,physical
EWBC,2020,52156.913,1125.36,-0.125163393,52156913000.0,5129960281.16371,46887738000.0,0.8989745616271423,reported,0.2861453832060595,monthly36,36.0,0.0044,6989105344.32,36,2019,2017,0.099797399,2019,rit_tminus1,53670950254.64769,0.037265382179326435,3.7252092342228518,9.757664178887881e-05,4.366449870411731e-14,8.631984016460592e-14,7.0,converged,1.599363960619933,0.054869877623976326,0.1428900449352033,total_liabilities,observed_market_cap,risk_neutral,physical
EWBC,2021,60870.701,701.328,0.245782812,60870701000.0,5837217999.756659,55033483000.0,0.9041046364818437,reported,0.4538312896029516,monthly36,36.0,0.0004,11165317820.72,36,2020,2018,-0.125163393,2020,rit_tminus1,66163830921.05011,0.07716663179839946,2.3535409326805308,0.009297780197518552,3.587387473622276e-15,1.887379141862766e-15,7.0,converged,0.17414056125432978,0.4308774984466001,0.21243321180087882,total_liabilities,observed_market_cap,risk_neutral,physical
EWBC,2022,64112.15,452.4,-0.058728626,64112150000.0,5984611999.402194,58127538000.0,0.9066540117590816,reported,0.4453901263471407,monthly36,36.0,0.014199999999999999,9288463051.400002,36,2021,2019,0.245782812,2021,rit_tminus1,66585804068.72597,0.0626053316452536,2.365488011444934,0.009003163132095955,7.392455608778091e-14,1.0608181000293371e-13,7.0,converged,1.8651462469873252,0.03108045382853902,0.20048244177589314,total_liabilities,observed_market_cap,risk_neutral,physical
EXSR,2021,3536.751,0.0,0.10665643,3536751000.0,319201255.15009695,3217549000.0,0.9097471097060551,reported,0.2550429080478102,monthly36,36.0,0.0004,266511296.4,36,2020,2018,,2020,unavailable,3482773206.2116404,0.019517001618676533,4.069197208482556,2.358770235791616e-05,3.242891993388555e-15,7.771561172376096e-16,8.0,converged,,,,total_liabilities,observed_market_cap,risk_neutral,physical
FBIZ,2018,1966.457,308.977,-0.233295589,1966457000.0,171108763.47710976,1785750000.0,0.9081052878349234,reported,0.2584532119481356,monthly36,36.0,0.0181,162300568.4,36,2017,2015,,2017,unavailable,1916019014.3293562,0.021893394565332815,4.031875814951925,2.7666712663077977e-05,5.508727914170751e-16,1.6653345369377348e-16,8.0,converged,,,,total_liabilities,observed_market_cap,risk_neutral,physical
FBIZ,2019,2096.779,329.429,0.042259666,2096779000.0,188552930.51731417,1902623000.0,0.9074027353383451,reported,0.2652866786717423,monthly36,36.0,0.021400000000000002,219035057.2,36,2018,2016,-0.233295589,2018,rit_tminus1,2081374072.73058,0.027918551074267606,3.9688701614669752,3.610710682158926e-05,5.170351564765049e-15,1.2212453270876722e-15,8.0,converged,-1.0098951763729094,0.8437272430345533,0.13170047171250632,total_liabilities,observed_market_cap,risk_neutral,physical
FBIZ,2020,2567.837,429.229,-0.283934915,2567837000.0,200191046.8956664,2361675000.0,0.9197137513011924,reported,0.2185594381562104,monthly36,36.0,0.0044,153149844.4,36,2019,2017,0.042259666,2019,rit_tminus1,2504456294.470362,0.013365129179623765,4.71459988356161,1.2109308987614201e-06,1.3037921179733082e-14,1.2490009027033011e-15,8.0,converged,0.8860837873520647,0.18778618938546,0.11157742649453328,total_liabilities,observed_market_cap,risk_neutral,physical
FBIZ,2021,2652.905,413.527,0.266549595,2652905000.0,232421999.9981347,2420483000.0,0.912389625712191,reported,0.3545075059700673,monthly36,36.0,0.0004,246707141.88000005,36,2020,2018,-0.283934915,2020,rit_tminus1,2666184815.559,0.032851923019472595,2.9386958872473743,0.0016479815198010143,1.183843958362078e-14,3.497202527569243e-15,8.0,converged,-1.257621372470621,0.8957356399017126,0.1585951915553947,total_liabilities,observed_market_cap,risk_neutral,physical
FBIZ,2022,2976.611,456.808,0.117958032,2976611000.0,248648000.09173563,2715971000.0,0.9124373322547017,reported,0.3500004864234972,monthly36,36.0,0.014199999999999999,305634206.75,36,2021,2019,0.266549595,2021,rit_tminus1,2983273557.2905736,0.03590145958667539,2.992279935677104,0.0013845111203476975,1.2481251055597036e-14,3.941291737419306e-15,8.0,converged,2.2676807659630525,0.011674335499306633,0.1589944519340168,total_liabilities,observed_market_cap,risk_neutral,physical
FBIZ,2023,3507.846,330.916,0.046417632,3507846000.0,277595999.93858004,3218258000.0,0.9174456347285486,reported,0.3606347060839552,monthly36,36.0,0.0495,333422597.8,36,2022,2020,0.117958032,2022,rit_tminus1,3396196133.884999,0.035465360094596374,2.8954141627127203,0.0018932928689119248,3.754087301047365e-15,1.559863349598345e-14,8.0,converged,1.2657334503106898,0.10280426409856414,0.16085639651727696,total_liabilities,observed_market_cap,risk_neutral,physical
FBK,2017,4727.713,347.595,0.237758603,4727713000.0,1050385503.6707872,4130984000.0,0.8737806207779533,reported,0.2328683386232606,peer_median,4.0,0.008,2256954102.0,4,2016,2016,,2016,unavailable,6355022065.474575,0.08270202215785943,5.263594745736316,7.063282713068338e-08,1.0563731840638135e-15,1.942890293094024e-16,7.0,converged,,,,total_liabilities,observed_market_cap,risk_neutral,physical
FBK,2018,5136.764,227.776,-0.27552889,5136764000.0,1175353277.1083703,4464907000.0,0.8692061772742529,reported,0.2724225191881216,monthly_ewma,16.0,0.0181,1882317996.0,16,2017,2017,0.237758603,2017,rit_tminus1,6267136590.061152,0.08182181782606585,4.324320641517688,7.650131268951285e-06,1.5199466590122055e-15,3.885780586188048e-16,7.0,converged,3.515610843737572,0.00021937178524068245,0.1638694806406113,total_liabilities,observed_market_cap,risk_neutral,physical
FBK,2019,6124.921,304.675,0.090552909,6124921000.0,1320313700.5734391,5362592000.0,0.8755365171240576,reported,0.2519035265654608,monthly36,28.0,0.021400000000000002,2127954582.0,28,2018,2017,-0.27552889,2018,rit_tminus1,7377006201.1759815,0.07266360927096592,4.647174225983979,1.6825646863286842e-06,4.033483101687858e-15,6.661338147750939e-16,7.0,converged,0.3086131690869995,0.37880790103769707,0.1524431909153119,total_liabilities,observed_market_cap,risk_neutral,physical
FBK,2020,11207.33,238.324,-0.098313311,11207330000.0,1469831288.1136715,9915948000.0,0.884773447377743,reported,0.2460341217087558,monthly36,36.0,0.0044,1866730554.0,36,2019,2017,0.090552909,2019,rit_tminus1,11739143810.82137,0.03912392824779981,4.407000504318421,5.240597209560267e-06,7.152312582594338e-15,3.858025010572419e-15,7.0,converged,1.9139856340725379,0.02781099568681921,0.13282142888141735,total_liabilities,observed_market_cap,risk_neutral,physical
FBK,2021,12597.686,171.778,0.200831697,12597686000.0,1619417458.281528,11164991000.0,0.8862731615949151,reported,0.3870871897677458,monthly36,36.0,0.0004,2355316236.0,36,2020,2018,-0.098313311,2020,rit_tminus1,13515275111.3795,0.06759855079375061,2.7981764707535297,0.0025696012919508085,3.2392230031101437e-15,7.605027718682322e-15,7.0,converged,0.39920563093280914,0.3448708472489797,0.1886361379059292,total_liabilities,observed_market_cap,risk_neutral,physical
FBK,2022,12847.756,415.677,-0.037362804,12847756000.0,1524272814.955117,11522238000.0,0.8968288314317302,reported,0.3936620616484396,monthly36,36.0,0.014199999999999999,1942517772.0,36,2021,2019,0.200831697,2021,rit_tminus1,13301631655.872557,0.05765241052365015,2.7084019510182427,0.003380404282345968,8.837055672153974e-15,1.2212453270876722e-14,7.0,converged,1.8484458787642886,0.03226893345983954,0.18379645975692724,total_liabilities,observed_market_cap,risk_neutral,physical
FBK,2023,12604.403,390.964,0.033173469,12604403000.0,1669085715.3475344,11149516000.0,0.8845731130621577,reported,0.4074968847464886,monthly36,36.0,0.0495,2141929530.0,36,2022,2020,-0.037362804,2022,rit_tminus1,12752066851.285769,0.06867674748124362,2.641928081770442,0.00412177791221211,7.123852044983011e-15,2.5646151868841116e-14,7.0,converged,0.6201134469289199,0.2675915498729995,0.1930680650300414,total_liabilities,observed_market_cap,risk_neutral,physical
FBNC,2017,5547.037,407.543,0.211739283,5547037000.0,968418859.954697,4854058000.0,0.8750722232427871,reported,0.2634306634427361,monthly36,36.0,0.008,1462547262.0,36,2016,2014,,2016,unavailable,6277927162.217081,0.06137095575886941,4.290980966185766,8.894278154759838e-06,4.5644475144788516e-15,9.43689570931383e-16,7.0,converged,,,,total_liabilities,observed_market_cap,risk_neutral,physical
FBNC,2018,5864.116,406.609,-0.286767275,5864116000.0,1064918204.6587863,5099886000.0,0.8696768617810425,reported,0.2383283783546765,monthly36,36.0,0.0181,1352783731.9999998,36,2017,2015,0.211739283,2017,rit_tminus1,6361192097.789375,0.050683439193129065,4.692128401105748,1.351886690973964e-06,1.7624293777474442e-16,0.0,7.0,converged,3.204789213635102,0.0006758071205745769,0.13657338431335303,total_liabilities,observed_market_cap,risk_neutral,physical
FBNC,2019,6143.639,300.671,0.058014409,6143639000.0,1192740279.594574,5291238000.0,0.8612547058835976,reported,0.2652396978578264,monthly36,36.0,0.021400000000000002,1653080181.9999998,36,2018,2016,-0.286767275,2018,rit_tminus1,6832288039.357359,0.06417549884617474,4.284316111085835,9.165107098307427e-06,3.894125467013909e-15,7.771561172376096e-16,7.0,converged,-0.17403280957345965,0.5690801613229771,0.15176234044742148,total_liabilities,observed_market_cap,risk_neutral,physical
FBNC,2020,7289.751,61.829,-0.198360816,7289751000.0,1294840362.3855116,6396330000.0,0.877441492857575,reported,0.2419740981048968,monthly36,36.0,0.0044,1401245366.0,36,2019,2017,0.058014409,2019,rit_tminus1,7769493178.999867,0.04364066840986828,4.535409267982917,2.8745945071319365e-06,2.722362091740184e-15,4.163336342344337e-16,7.0,converged,1.8424314975044183,0.0327060290328244,0.13412093892089222,total_liabilities,observed_market_cap,risk_neutral,physical
FBNC,2021,10508.901,67.386,0.233510034,10508901000.0,1230574999.9246833,9278326000.0,0.8829016468991382,reported,0.3748328544098032,monthly36,36.0,0.0004,1628965972.44,36,2020,2018,-0.198360816,2020,rit_tminus1,10903258305.487545,0.05610150125880273,2.8556604772165923,0.0021473706399624047,1.4343467664309196e-14,6.050715484207103e-15,7.0,converged,-0.29452870621222144,0.6158230343599188,0.17822587171767326,total_liabilities,observed_market_cap,risk_neutral,physical
FBNC,2022,10625.049,287.507,0.033192361,10625049000.0,1031596000.3126663,9593453000.0,0.9029090595252784,reported,0.3710338564344922,monthly36,36.0,0.014199999999999999,1529565957.36,36,2021,2019,0.233510034,2021,rit_tminus1,10987465577.636692,0.05174149398531807,2.8707260062734163,0.0020476516295007893,1.7146069167515665e-15,2.0039525594484076e-14,7.0,converged,2.1032620344289237,0.017721435116205077,0.17414942643127648,total_liabilities,observed_market_cap,risk_neutral,physical
FBNC,2023,12114.942,630.158,0.019551897,12114942000.0,1372379999.5080473,10742562000.0,0.8867200519820896,reported,0.390870812261808,monthly36,36.0,0.0495,1521480618.87,36,2022,2020,0.033192361,2022,rit_tminus1,11744699480.418495,0.050784238132314474,2.705542275985018,0.0034096483835137467,1.880420239163891e-15,6.106226635438361e-16,8.0,converged,0.8422886655946759,0.1998131969342013,0.1778833470180432,total_liabilities,observed_market_cap,risk_neutral,physical
FCBC,2019,2798.847,1.601,0.001873141,2798847000.0,406491033.21747446,2370028000.0,0.8467872663278843,reported,0.2342182457418213,monthly36,36.0,0.021400000000000002,540372384.1628001,36,2018,2016,,2018,unavailable,2860220598.6433825,0.04425015258571191,4.709993856430839,1.2386212927683165e-06,4.853327903091113e-15,9.43689570931383e-16,7.0,converged,,,,total_liabilities,observed_market_cap,risk_neutral,physical
FCBC,2020,3011.136,0.964,-0.218020156,3011136000.0,419449211.0520416,2584406000.0,0.8582827212055517,reported,0.1973827690069564,monthly36,36.0,0.0044,375926380.3183,36,2019,2017,0.001873141,2019,rit_tminus1,2948985973.9575,0.0251616632330107,5.407000458969875,3.2044489615187026e-08,1.0781674436613774e-14,2.4175106361212784e-14,7.0,converged,1.175630952905534,0.11987119051579032,0.11179521435493397,total_liabilities,observed_market_cap,risk_neutral,physical
FCBC,2021,3194.519,1.536,0.1592346,3194519000.0,407672992.58803564,2766744000.0,0.866090951407708,reported,0.2262427507078131,monthly36,36.0,0.0004,537563323.6019399,36,2020,2018,-0.218020156,2020,rit_tminus1,3303200832.2630215,0.03681879761999966,4.8057777413696305,7.707553708170694e-07,3.1046203869123387e-15,0.0,7.0,converged,-0.38408257675233054,0.6495413776521441,0.1260312396800503,total_liabilities,observed_market_cap,risk_neutral,physical
FCBC,2022,3135.572,1.874,0.106527915,3135572000.0,402155078.49735993,2713587000.0,0.8654200892213606,reported,0.2476936616319741,monthly36,36.0,0.014199999999999999,524193494.95642895,36,2021,2019,0.1592346,2021,rit_tminus1,3199519724.978558,0.04058109672598773,4.388888875387375,5.69656317587494e-06,1.9330246768244704e-15,1.7208456881689926e-15,7.0,converged,2.4411884335324276,0.007319507055292084,0.13390448546203404,total_liabilities,observed_market_cap,risk_neutral,physical
FCBC,2023,3268.545,1.119,0.017339647,3268545000.0,479643210.9511127,2765251000.0,0.8460189472685858,reported,0.2687743463703047,monthly36,36.0,0.0495,654181758.906412,36,2022,2020,0.106527915,2022,rit_tminus1,3285884823.8103013,0.05351066685264174,4.1220354227411695,1.8776971779890188e-05,7.106835721394035e-15,1.5543122344752192e-15,7.0,converged,2.1080701772212995,0.01751245981382825,0.14619294848658754,total_liabilities,observed_market_cap,risk_neutral,physical
FCCO,2018,1091.595,43.217,-0.167916769,1091595000.0,113129080.14795028,979098000.0,0.896942547373339,reported,0.1868406375271713,monthly36,36.0,0.0181,149253488.0,36,2017,2015,,2017,unavailable,1110789232.0583532,0.025105228033754926,5.735027996054264,4.874812019222832e-09,1.0383146048554364e-14,3.3306690738754696e-16,7.0,converged,,,,total_liabilities,observed_market_cap,risk_neutral,physical
FCCO,2019,1170.279,48.471,0.04005242,1170279000.0,124096640.34384623,1050085000.0,0.8972945767633188,reported,0.2268897842039986,monthly36,36.0,0.021400000000000002,165999376.0,36,2018,2016,-0.167916769,2018,rit_tminus1,1193851292.3111033,0.031547981775585855,4.729802103389771,1.1236939940049974e-06,1.6517011845080482e-14,6.9111383282915995e-15,7.0,converged,-0.23335246334556717,0.5922561385057493,0.12312566900382772,total_liabilities,observed_market_cap,risk_neutral,physical
FCCO,2020,1395.382,55.878,-0.150908698,1395382000.0,139631880.43374485,1259045000.0,0.902294138809301,reported,0.219444480755299,monthly36,36.0,0.0044,130510384.0,36,2019,2017,0.04005242,2019,rit_tminus1,1384027751.216006,0.020693086914707837,4.776006105762371,8.940548269015482e-07,1.6441352374796954e-14,3.3029134982598407e-15,9.0,converged,1.1416269293851933,0.12680456273384083,0.11562306502364898,total_liabilities,observed_market_cap,risk_neutral,physical
FCCO,2021,1584.508,69.18,0.160394562,1584508000.0,140221244.6016751,1443510000.0,0.9110146493422564,reported,0.2696298527527446,monthly36,36.0,0.0004,156709724.88000005,36,2020,2018,-0.150908698,2020,rit_tminus1,1599641997.6288197,0.026415610484674838,3.8898708339621897,5.014879639815341e-05,1.3312272539155715e-14,3.219646771412954e-15,8.0,converged,-0.427760565860936,0.6655872751362091,0.13231462151047654,total_liabilities,observed_market_cap,risk_neutral,physical
FCCO,2022,1672.946,155.707,0.048882843,1672946000.0,118361000.0027407,1554585000.0,0.9292499578587713,reported,0.2499258746362468,monthly36,36.0,0.014199999999999999,165880493.68,36,2021,2019,0.160394562,2021,rit_tminus1,1698546272.1157205,0.024408124229164347,4.198038446850147,1.3461846481001277e-05,8.264424583149602e-15,1.887379141862766e-15,8.0,converged,2.019165627599832,0.02173500378738125,0.12573331590668244,total_liabilities,observed_market_cap,risk_neutral,physical
FCCO,2023,1827.688,167.827,0.035502847,1827688000.0,131059000.05230488,1696629000.0,0.928292465672478,reported,0.250537117340773,monthly36,36.0,0.0495,163760883.16,36,2022,2020,0.048882843,2022,rit_tminus1,1778451334.05223,0.02306992005383662,4.175718705022167,1.4852335216218852e-05,1.1101196027828102e-14,3.497202527569243e-15,8.0,converged,1.0678689702882473,0.14278981062028978,0.12477318137206372,total_liabilities,observed_market_cap,risk_neutral,physical
FCF,2017,7308.539,795.384,0.181346654,7308539000.0,956315692.3831244,6420412000.0,0.8784809111643244,reported,0.2326715793426072,monthly36,36.0,0.008,1502726480.0,36,2016,2014,,2016,unavailable,7871980033.878815,0.04441602131828137,4.746956966647083,1.0324993240537452e-06,0.0,2.7755575615628914e-17,7.0,converged,,,,total_liabilities,observed_market_cap,risk_neutral,physical
FCF,2018,7828.255,906.879,-0.240542174,7828255000.0,1038953818.124698,6852866000.0,0.8754014783626747,reported,0.2243713685383379,monthly36,36.0,0.0181,1267663120.0,36,2017,2015,0.181346654,2017,rit_tminus1,7997608006.590094,0.035564067069416075,4.834743368728795,6.665875638483571e-07,7.52308954453333e-15,2.0261570199409107e-15,7.0,converged,2.7563146614566008,0.0029228365519257562,0.12455682688167499,total_liabilities,observed_market_cap,risk_neutral,physical
FCF,2019,8308.773,436.035,0.071616613,8308772999.999999,1126826935.5473847,7253108000.0,0.8729457406045394,reported,0.2398197979062424,monthly36,36.0,0.021400000000000002,1522664890.0,36,2018,2016,-0.240542174,2018,rit_tminus1,8622205262.471136,0.042351801325119044,4.566841848979984,2.4756364036236514e-06,3.757915438923334e-15,8.326672684688674e-16,7.0,converged,-0.443467209136522,0.6712860839342852,0.13248751129506137,total_liabilities,observed_market_cap,risk_neutral,physical
FCF,2020,9068.104,350.628,-0.218098728,9068104000.0,1166532021.7434487,7999487000.0,0.8821565125411001,reported,0.2336032528217581,monthly36,36.0,0.0044,1148032660.0,36,2019,2017,0.071616613,2019,rit_tminus1,9112399118.798662,0.029430751895855423,4.560723691558228,2.5488812097197732e-06,1.5035726533209538e-13,1.9462209621678994e-13,7.0,converged,1.595467551828817,0.05530386024274986,0.12411397864631178,total_liabilities,observed_market_cap,risk_neutral,physical
FCF,2021,9545.093,320.584,0.256883301,9545093000.0,1109372000.0752249,8435721000.0,0.8837756740557687,reported,0.3165134635571981,monthly36,36.0,0.0004,1516211415.68,36,2020,2018,-0.218098728,2020,rit_tminus1,9948524311.22734,0.04825192241987054,3.4026606190181745,0.0003336655878237184,1.2107962254450443e-14,5.234701561107613e-14,7.0,converged,-0.41374554363976324,0.6604697654306856,0.15767713534886046,total_liabilities,observed_market_cap,risk_neutral,physical
FCF,2022,9805.666,553.918,0.064845085,9805666000.0,1052073999.6265846,8753592000.0,0.8927075427615013,reported,0.3101240904072301,monthly36,36.0,0.014199999999999999,1304467106.5800002,36,2021,2019,0.256883301,2021,rit_tminus1,9934610210.238035,0.04073129838584436,3.4354660182932037,0.0002957678223145452,1.1514564382369323e-14,3.5638159090467525e-14,7.0,converged,2.541863874166338,0.0055131553765149595,0.15121219690370474,total_liabilities,observed_market_cap,risk_neutral,physical
FCF,2023,11459.488,784.592,0.058104664,11459488000.0,1314274000.0086324,10145214000.0,0.8853112809228475,reported,0.310025213499326,monthly36,36.0,0.0495,1576650412.1599998,36,2022,2020,0.064845085,2022,rit_tminus1,11231873609.686193,0.043529390754051565,3.452980177243193,0.0002772148716965507,9.919928139070129e-14,1.3167245072054357e-13,7.0,converged,1.3004308816557937,0.09672666568181987,0.152056025565463,total_liabilities,observed_market_cap,risk_neutral,physical
FCNCA,2016,32990.836,1436.429,0.158390746,32990836000.000004,3080974333.316491,29978409000.0,0.9086889765388181,reported,0.2018023774800158,monthly36,36.0,0.002,4360713500.0,36,2015,2013,,2015,unavailable,34279225590.439186,0.025671595087565967,5.287266504080699,6.2078844948798e-08,2.6243622280791895e-14,4.3021142204224816e-14,7.0,converged,,,,total_liabilities,observed_market_cap,risk_neutral,physical
FCNCA,2017,34527.512,1564.047,0.195459847,34527512000.0,3409930136.492791,31193448000.0,0.9034374674896934,reported,0.2316068765974425,monthly36,36.0,0.008,4950331100.0,36,2016,2014,0.158390746,2016,rit_tminus1,35895226691.63011,0.03194108592896281,4.629965822062667,1.828630468633638e-06,1.464129299288183e-14,4.748978987834107e-14,7.0,converged,2.3861209291590684,0.00851357551751028,0.12484464828943045,total_liabilities,observed_market_cap,risk_neutral,physical
FCNCA,2018,35408.629,892.154,-0.143172394,35408629000.0,3685566872.468309,31919675000.0,0.9014659957605249,reported,0.2256910438498534,monthly36,36.0,0.0181,4631569085.0,36,2017,2015,0.195459847,2017,rit_tminus1,35978694965.73975,0.029053435263781867,4.728608291554541,1.1303202093557178e-06,1.3178073160491355e-14,4.213296378452469e-14,7.0,converged,2.6623191448442527,0.0038802130143747453,0.12153577026408013,total_liabilities,observed_market_cap,risk_neutral,physical
FCNCA,2019,39824.496,1326.871,0.166814509,39824496000.0,4144280457.0569487,36238312000.0,0.9099502979271853,reported,0.2403658618858282,monthly36,36.0,0.021400000000000002,6537507977.0,36,2018,2016,-0.143172394,2018,rit_tminus1,42008558173.58686,0.03740661929102223,4.503396389450869,3.343798967380793e-06,9.3361501759893e-15,9.43689570931383e-16,7.0,converged,0.1094871061765879,0.45640807403382233,0.13000154331954372,total_liabilities,observed_market_cap,risk_neutral,physical
FCNCA,2020,49957.68,1889.65,-0.009412697,49957680000.0,4866891209.093665,45728412000.0,0.9153429863036073,reported,0.2294112829113323,monthly36,36.0,0.0044,7054160399.0,36,2019,2017,0.166814509,2019,rit_tminus1,52581808963.08051,0.03077692013910757,4.665080234308442,1.5424832143564295e-06,6.272963156256407e-14,9.686695889854491e-14,7.0,converged,2.447161423870451,0.00719931675832073,0.12366540139913801,total_liabilities,observed_market_cap,risk_neutral,physical
FCNCA,2021,58308.14,1783.479,0.210641669,58308140000.0,4397303999.590791,53570899000.0,0.9187550657592576,reported,0.3967351351622778,monthly36,36.0,0.0004,8146045525.200001,36,2020,2018,-0.009412697,2020,rit_tminus1,61692247647.166565,0.05255799503874088,2.666979858092764,0.003826812932544479,7.960899962443166e-15,4.246603069191224e-14,7.0,converged,0.6356800914318174,0.26249247754551364,0.18185819101556297,total_liabilities,observed_market_cap,risk_neutral,physical
FCNCA,2022,109298.0,7640.0,-0.054955615,109298000000.0,8781000002.541487,99636000000.0,0.9115994803198595,reported,0.404824792860792,monthly36,36.0,0.014199999999999999,11000923348.72,36,2021,2019,0.210641669,2021,rit_tminus1,109225685832.79941,0.04095789275605604,2.569808338771126,0.005087739693210803,1.2310035134045757e-14,4.6629367034256575e-15,8.0,converged,1.6993661402110778,0.044625108813263335,0.17642416916972514,total_liabilities,observed_market_cap,risk_neutral,physical
FDBC,2018,981.102,108.406,-0.061923155,981102000.0,143529889.2873975,887545000.0,0.9046409038000126,reported,0.1580494722977747,monthly36,36.0,0.0181,370158150.00000006,36,2017,2015,,2017,unavailable,1241783096.6115158,0.04711233421831985,7.489219169024883,3.464228042389595e-14,2.7374217241512593e-15,2.7755575615628914e-16,7.0,converged,,,,total_liabilities,observed_market_cap,risk_neutral,physical
FDBC,2019,1009.927,53.125,0.181012105,1009927000.0,162943504.59039906,903092000.0,0.8942151264398318,reported,0.2220351780253759,monthly36,36.0,0.021400000000000002,358796175.0,36,2018,2016,-0.061923155,2018,rit_tminus1,1242767328.3272974,0.06410321091282688,5.28236950886762,6.376183170580445e-08,4.65147114154976e-15,7.216449660063518e-16,7.0,converged,1.8970293612007614,0.028912031537279368,0.1386410652744821,total_liabilities,observed_market_cap,risk_neutral,physical
FDBC,2020,1699.51,5.291,-0.063027718,1699510000.0,193113198.6951929,1532840000.0,0.9019305564545075,reported,0.2592943201514224,monthly36,36.0,0.0044,371196300.0,36,2019,2017,0.181012105,2019,rit_tminus1,1897306457.354203,0.05072973481782149,4.266260215603705,9.938846035347144e-06,4.496084830885807e-15,8.326672684688674e-16,7.0,converged,2.7110086860220397,0.0033539434512757558,0.14298848644663448,total_liabilities,observed_market_cap,risk_neutral,physical
FDBC,2021,2419.104,11.94,0.25327531,2419104000.0,216297327.03204292,2207375000.0,0.912476272206569,reported,0.3694362374527739,monthly36,36.0,0.0004,340282500.0,36,2020,2018,-0.063027718,2020,rit_tminus1,2546711248.223774,0.04944799733017981,2.8752679362044966,0.0020184238619972966,4.2038937488979746e-15,1.5432100042289676e-14,7.0,converged,0.3788996410699209,0.35238119537485624,0.17268903497933014,total_liabilities,observed_market_cap,risk_neutral,physical
FDBC,2022,2378.372,21.669,0.01522173,2378372000.0,166906145.94652158,2215422000.0,0.9314867480780972,reported,0.393473564517019,monthly36,36.0,0.014199999999999999,271879950.0,36,2021,2019,0.25327531,2021,rit_tminus1,2455951878.557606,0.043707798727160886,2.661225906733247,0.0038928350556798417,1.4030814944702616e-14,4.773959005888173e-15,8.0,converged,2.019240367097878,0.021731121285334228,0.17516014525681722,total_liabilities,observed_market_cap,risk_neutral,physical
FDBC,2023,2503.159,125.573,0.208135109,2503159000.0,191600609.19655538,2313680000.0,0.9243040494031741,reported,0.403443308000998,monthly36,36.0,0.0495,334688025.0,36,2022,2020,0.01522173,2022,rit_tminus1,2536470166.7991548,0.053434985581210986,2.6201267858110606,0.004394854080910312,5.698885201561962e-15,1.887379141862766e-15,8.0,converged,0.731047400018448,0.2323751005532691,0.18278098723392416,total_liabilities,observed_market_cap,risk_neutral,physical
FFBC,2016,8437.967,927.501,0.314097963,8437967000.000001,1336461062.4064667,7572743000.0,0.897460608698754,reported,0.1851836846625216,monthly36,36.0,0.002,2723694890.0,36,2015,2013,,2015,unavailable,10281307539.382452,0.049058337548081504,6.249064814736265,2.0645877569995538e-10,0.0,2.7755575615628914e-17,7.0,converged,,,,total_liabilities,observed_market_cap,risk_neutral,physical
FFBC,2017,8896.923,934.219,0.212427002,8896923000.0,1435468751.4851744,7966259000.0,0.8953948460608235,reported,0.2360284826617998,monthly36,36.0,0.008,2522648870.0,36,2016,2014,0.314097963,2016,rit_tminus1,10425431978.812044,0.05711200296588608,4.822144233919999,7.101159369004248e-07,4.914582548811579e-15,8.881784197001252e-16,7.0,converged,4.152174843597734,1.6466524471149044e-05,0.139556563875113,total_liabilities,observed_market_cap,risk_neutral,physical
FFBC,2018,13986.66,1611.43,-0.267890451,13986660000.0,2032433863.860188,11908411000.0,0.8514120597769589,reported,0.2438337829452732,monthly36,36.0,0.0181,2270862664.0,36,2017,2015,0.212427002,2017,rit_tminus1,13965669970.4223,0.0396482915375768,4.455960539072821,4.175919744523854e-06,9.239147436587341e-15,2.498001805406602e-16,7.0,converged,2.8601245501046577,0.0021173732780872014,0.13223891816279545,total_liabilities,observed_market_cap,risk_neutral,physical
FFBC,2019,14511.625,1730.557,0.09812075,14511625000.0,2184836581.560657,12263920000.0,0.8451100410877486,reported,0.2667609225112458,monthly36,36.0,0.021400000000000002,2435528928.0,36,2018,2016,-0.267890451,2018,rit_tminus1,14439786669.515676,0.04499483592621523,4.082990191508263,2.222995010425887e-05,8.614488097321215e-15,3.83026943495679e-15,7.0,converged,-0.6835566300546464,0.7528724104995992,0.14155521115309222,total_liabilities,observed_market_cap,risk_neutral,physical
FFBC,2020,15973.134,942.796,-0.229520267,15973134000.0,2228855443.0515323,13691064000.0,0.8571307296364007,reported,0.2535106441450382,monthly36,36.0,0.0044,1678255586.0,36,2019,2017,0.09812075,2019,rit_tminus1,15309209955.373472,0.027791214644359432,4.164088313258028,1.562995554900539e-05,1.591109309102279e-14,3.608224830031759e-15,8.0,converged,1.596769192692995,0.055158582758568823,0.12867950705287678,total_liabilities,observed_market_cap,risk_neutral,physical
FFBC,2021,16329.141,706.035,0.301158492,16329141000.0,2258941999.45847,14070199000.0,0.8616619208567065,reported,0.3510614283554613,monthly36,36.0,0.0004,2295358471.2,36,2020,2018,-0.229520267,2020,rit_tminus1,16359704512.73245,0.04930515118341968,3.0411985823547902,0.0011781918136740867,1.6203699250687982e-14,1.2545520178264269e-14,7.0,converged,-0.5513961414809412,0.7093189274156317,0.1676812915088836,total_liabilities,observed_market_cap,risk_neutral,physical
FFBC,2022,17003.316,1633.828,0.059479922,17003315999.999998,2041372999.1301506,14961943000.0,0.8799426535388745,reported,0.3515381795125891,monthly36,36.0,0.014199999999999999,2299211328.77,36,2021,2019,0.301158492,2021,rit_tminus1,17049957165.771559,0.04745524066795011,3.028366218500693,0.0012293995884530486,2.0739161826338803e-16,2.481348460037225e-14,7.0,converged,2.586647871233935,0.004845728825563994,0.16634352553656304,total_liabilities,observed_market_cap,risk_neutral,physical
FFBC,2023,17532.9,1281.929,0.078841733,17532900000.0,2267973999.5551305,15264926000.0,0.8706446737276777,reported,0.3664349904542845,monthly36,36.0,0.0495,2259604545.0,36,2022,2020,0.059479922,2022,rit_tminus1,16786931249.834553,0.04940233319988923,2.901130348723619,0.0018590958802972369,1.3505716384102954e-14,4.163336342344337e-15,8.0,converged,1.072534722578559,0.1417399633607091,0.17059773529878444,total_liabilities,observed_market_cap,risk_neutral,physical
FFIC,2017,6299.274,1309.653,0.163460391,6299274000.0,629275676.0917933,5766666000.0,0.9154493041579077,reported,0.246274439184909,monthly36,36.0,0.008,928867500.0,36,2016,2014,,2016,unavailable,6649583942.840238,0.03440179359239843,4.356413812892305,6.610535875642089e-06,2.977448901568981e-14,5.340172748447003e-14,7.0,converged,,,,total_liabilities,observed_market_cap,risk_neutral,physical
FFIC,2018,6834.176,1250.843,-0.252207069,6834176000.0,663217777.1911845,6284712000.0,0.9196005487713516,reported,0.2423379291649186,monthly36,36.0,0.0181,727218810.0,36,2017,2015,0.163460391,2017,rit_tminus1,6899200579.994776,0.0255440868621031,4.347749039879754,6.877092715286649e-06,1.049119525834322e-14,2.275957200481571e-15,8.0,converged,2.134704585646898,0.016392574098203976,0.12424884770570846,total_liabilities,observed_market_cap,risk_neutral,physical
FFIC,2019,7017.776,1237.231,0.000460108,7017776000.0,695366619.4131578,6438104000.0,0.9173994724254522,reported,0.2312031553495187,monthly36,36.0,0.021400000000000002,729752085.0,36,2018,2016,-0.252207069,2018,rit_tminus1,7031544316.6168995,0.02399492518372015,4.554479374561628,2.62577384093945e-06,1.3068469909287756e-14,2.6645352591003757e-15,8.0,converged,-1.263484180062364,0.8967923857794139,0.12036425735408436,total_liabilities,observed_market_cap,risk_neutral,physical
FFIC,2020,7976.394,1020.895,-0.167176465,7976394000.0,679359268.8066344,7357397000.0,0.922396386136392,reported,0.1769930221168339,monthly36,36.0,0.0044,562049280.0,36,2019,2017,0.000460108,2019,rit_tminus1,7887144848.426714,0.012612777218801944,5.855051242877809,2.38431480731055e-09,8.483903016531309e-15,1.3877787807814457e-15,8.0,converged,0.6897984681055478,0.24516046608748393,0.10012071615840577,total_liabilities,observed_market_cap,risk_neutral,physical
FFIC,2021,8045.911,815.544,0.136629329,8045911000.0,679627999.6987792,7366283000.0,0.9155312555657154,reported,0.3063194948755937,monthly36,36.0,0.0004,741790377.9,36,2020,2018,-0.167176465,2020,rit_tminus1,8105110268.067128,0.028043021353724485,3.4086311976949117,0.00032644840768047457,9.48158441122871e-15,2.609024107869118e-15,8.0,converged,-0.5695366619746782,0.7155040010187341,0.14302386914015844,total_liabilities,observed_market_cap,risk_neutral,physical
FFIC,2022,8422.946,1052.973,0.030188723,8422946000.0,677157000.1742274,7745789000.0,0.9196056819074941,reported,0.3209209897326934,monthly36,36.0,0.014199999999999999,571252457.5799999,36,2021,2019,0.136629329,2021,rit_tminus1,8207798932.076956,0.022349107613290297,3.2164912636124483,0.0006488424227530804,2.838055777928239e-14,3.4638958368304884e-14,8.0,converged,1.378066344398682,0.08409140272493543,0.1433277600200652,total_liabilities,observed_market_cap,risk_neutral,physical
FFIC,2023,8537.236,841.281,-0.03715236,8537236000.000001,669836999.8906877,7867399000.0,0.921539360045804,reported,0.3176865315220521,monthly36,36.0,0.0495,475708548.8,36,2022,2020,0.030188723,2022,rit_tminus1,7963129679.933846,0.01898907688301445,3.234190585515525,0.000609940107695477,1.6413849373261822e-14,1.6653345369377348e-16,10.0,converged,0.5641928168294498,0.2863114579323986,0.14015614891052958,total_liabilities,observed_market_cap,risk_neutral,physical
FFIN,2016,6809.931,445.77,0.186551622,6809931000.0,913739968.2996477,5972046000.0,0.8769613084185435,reported,0.2620347175646021,monthly36,36.0,0.002,3232930000.0,36,2015,2013,,2015,unavailable,9193043672.069178,0.09215019490747167,4.656654979510418,1.6069418437096796e-06,2.064913318520274e-15,2.7755575615628914e-16,7.0,converged,,,,total_liabilities,observed_market_cap,risk_neutral,physical
FFIN,2017,7254.715,331.0,0.19516701,7254715000.0,1003596184.4201081,6331947000.0,0.8728043761884512,reported,0.2830002166419527,monthly36,36.0,0.008,3222201250.0,36,2016,2014,0.186551622,2016,rit_tminus1,9503693508.37683,0.09595106247839909,4.267482066692488,9.884582881936894e-06,5.919396353075402e-16,2.220446049250313e-16,7.0,converged,3.319794539881811,0.00045041860203926985,0.17547002109845966,total_liabilities,observed_market_cap,risk_neutral,physical
FFIN,2018,7731.854,468.706,-0.192326462,7731854000.0,1119663585.4619217,6678559000.0,0.8637720008680971,reported,0.2946323824866161,monthly36,36.0,0.0181,4126277250.0,36,2017,2015,0.19516701,2017,rit_tminus1,10685039929.386627,0.11377995060043393,4.232463091129084,1.1557292743162268e-05,6.0091774556744824e-15,1.584843367652411e-13,6.0,converged,3.484525518201483,0.00024650522420718564,0.1889517561549978,total_liabilities,observed_market_cap,risk_neutral,physical
FFIN,2019,8262.227,381.356,0.091537306,8262227000.000001,1300717817.3437464,7035030000.0,0.85146898045769,reported,0.2518936084265982,monthly36,36.0,0.021400000000000002,5021055000.0,36,2018,2016,-0.192326462,2018,rit_tminus1,11907134787.398998,0.10621965777960288,5.102582054481129,1.6752519879954017e-07,3.988635982782752e-15,1.7047474543119279e-13,6.0,converged,1.9419850805289811,0.026069453232274067,0.170830160460942,total_liabilities,observed_market_cap,risk_neutral,physical
FFIN,2020,10904.5,430.093,-0.001008422,10904500000.0,1699897795.6748664,9226310000.0,0.8461011509010041,reported,0.2369402545941714,monthly36,36.0,0.0044,5174833750.0,36,2019,2017,0.091537306,2019,rit_tminus1,14360637151.227877,0.08538106591014556,5.190691628188747,1.0475718477979756e-07,3.685816250256349e-16,2.7755575615628914e-17,7.0,converged,3.3828036447817578,0.0003587495591568493,0.15512399744629296,total_liabilities,observed_market_cap,risk_neutral,physical
FFIN,2021,13102.461,671.152,0.120980359,13102461000.0,1759224000.1111991,11343237000.0,0.8657333152909213,reported,0.245181346366178,monthly36,36.0,0.0004,7198700933.96,36,2020,2018,-0.001008422,2020,rit_tminus1,18537401516.09679,0.095212230892432,5.115267213485609,1.5664855647885032e-07,1.1923080186822972e-15,1.942890293094024e-16,7.0,converged,2.9219128161481045,0.0017394445355815378,0.1632750890339038,total_liabilities,observed_market_cap,risk_neutral,physical
FFIN,2022,12974.066,642.507,-0.073800389,12974066000.0,1265737000.060744,11708329000.0,0.9024409926695302,reported,0.2395762109830001,monthly36,36.0,0.014199999999999999,4875465938.4,36,2021,2019,0.120980359,2021,rit_tminus1,16418711465.259901,0.0711411498446577,4.916853715988608,4.39731094022986e-07,3.912136105371791e-15,6.938893903907228e-16,7.0,converged,3.0952119723427485,0.0009833614326412326,0.1480192796707347,total_liabilities,observed_market_cap,risk_neutral,physical
FFIN,2023,13105.594,404.081,0.042261639,13105594000.0,1489130978.5257647,11606694000.0,0.8856289917114784,reported,0.2457572008939364,monthly36,36.0,0.0495,4296139646.1,36,2022,2020,-0.073800389,2022,rit_tminus1,15342290037.80337,0.06881684902595125,4.73958332597433,1.0707907672972089e-06,0.0,2.7755575615628914e-17,7.0,converged,1.558322962379894,0.05957835416025617,0.14772518933562778,total_liabilities,observed_market_cap,risk_neutral,physical
FFWM,2019,6314.436,743.0,-0.110706592,6314436000.0,1132156461.9306653,5700567000.0,0.9027832414486424,reported,,,,0.021400000000000002,1433518070.4,0,2018,2018,,2018,unavailable,,,,,,,,not_attempted,,,,total_liabilities,observed_market_cap,risk_neutral,physical
FFWM,2020,6957.16,269.0,-0.169895611,6957160000.0,1283186226.0926826,6261449000.0,0.9000007186840607,reported,,,,0.0044,1647721920.0,0,2019,2019,-0.110706592,2019,rit_tminus1,,,,,,,,not_attempted,,,,total_liabilities,observed_market_cap,risk_neutral,physical
FGBI,2018,1817.211,34.538,-0.19827399,1817211000.0,178127803.05153626,1669927000.0,0.9189505236320934,reported,0.2109776836769237,monthly36,36.0,0.0181,247222994.6648,36,2017,2015,,2017,unavailable,1887196213.7416384,0.02763811389581338,5.066568499766662,2.0252551711555106e-07,2.1698701761373618e-15,1.6431300764452317e-14,7.0,converged,,,,total_liabilities,observed_market_cap,risk_neutral,physical
FGBI,2019,2117.216,86.747,-0.056664273,2117216000.0,199705814.01515454,1951181000.0,0.921578620225806,reported,0.2163714948577332,monthly36,36.0,0.021400000000000002,255073177.3324,36,2018,2016,-0.19827399,2018,rit_tminus1,2164942510.9938884,0.02549286508539356,4.904667777031063,4.6792799936421297e-07,4.895525751095188e-14,8.690270725253413e-14,7.0,converged,-0.702683362095316,0.7588734507070627,0.11707381894539044,total_liabilities,observed_market_cap,risk_neutral,physical
FGBI,2020,2473.078,116.63,-0.355366291,2473078000.0,214808088.78794906,2294487000.0,0.9277859412440691,reported,0.2105645439591379,monthly36,36.0,0.0044,208206263.5548,36,2019,2017,-0.056664273,2019,rit_tminus1,2492619696.059991,0.017588271418979402,4.950474060700016,3.701646230903492e-07,1.817858348070839e-14,3.497202527569243e-15,9.0,converged,0.21469732287672746,0.4150016549731922,0.11161959525629594,total_liabilities,observed_market_cap,risk_neutral,physical
FGBI,2021,2878.12,49.635,0.191688096,2878120000.0,190830999.9909839,2654231000.0,0.9222099842953039,reported,0.2991055381256682,monthly36,36.0,0.0004,218408302.48,36,2020,2018,-0.355366291,2020,rit_tminus1,2871573788.499318,0.022755134364228442,3.4649924695320955,0.00026512316335122515,2.3196896584882077e-15,2.275957200481571e-15,8.0,converged,-2.070671443392039,0.9808052446811294,0.13803072331193322,total_liabilities,observed_market_cap,risk_neutral,physical
FGBI,2022,3151.347,183.369,0.19293448,3151347000.0,201933000.00928956,2916356000.0,0.9254315694209492,reported,0.307641837558613,monthly36,36.0,0.014199999999999999,251308866.2,36,2021,2019,0.191688096,2021,rit_tminus1,3126538501.8555627,0.024736366669980383,3.375016552967497,0.00036905625539803517,1.5890848820164595e-14,4.440892098500626e-15,9.0,converged,1.8716764861582127,0.030625687272557597,0.14124890731671913,total_liabilities,observed_market_cap,risk_neutral,physical
FHB,2017,20549.461,0.034,0.21408971,20549461000.0,2280912366.782147,18016910000.0,0.8767582760443206,reported,0.2328683386232606,peer_median,5.0,0.008,3668480420.0,5,2016,2016,,2016,unavailable,21541829955.07732,0.03965651543194045,4.687742765082034,1.3811746250372095e-06,4.159430422283677e-15,1.1379786002407855e-15,7.0,converged,,,,total_liabilities,observed_market_cap,risk_neutral,physical
FHB,2018,20695.678,600.026,-0.300285074,20695678000.0,2353452285.6055636,18170839000.0,0.8780016291324207,reported,0.236206772629935,monthly_ewma,17.0,0.0181,2829934690.0,17,2017,2017,0.21408971,2017,rit_tminus1,20674839768.81596,0.03233163523993993,4.536633118614159,2.8579707760661603e-06,1.7523748738217346e-14,2.2870594307278225e-14,7.0,converged,2.780566218704167,0.0027132095763106653,0.12618632713433303,total_liabilities,observed_market_cap,risk_neutral,physical
FHB,2019,20166.734,600.019,0.040379803,20166734000.0,2554717780.596746,17526476000.0,0.8690785528286336,reported,0.2365973767950729,monthly36,29.0,0.021400000000000002,3626993150.0,29,2018,2017,-0.300285074,2018,rit_tminus1,20782387037.243954,0.041291617965934814,4.624200008837685,1.8802344253017043e-06,6.310511943963831e-15,1.3322676295501878e-15,7.0,converged,-0.9219310154766218,0.8217177200560051,0.13100170032673572,total_liabilities,observed_market_cap,risk_neutral,physical
FHB,2020,22662.831,200.01,-0.191035073,22662831000.0,2655530579.087166,19918727000.0,0.8789160983462304,reported,0.2130383481980128,monthly36,36.0,0.0044,2964454020.0,36,2019,2017,0.040379803,2019,rit_tminus1,22795731124.98595,0.02770442103559779,5.014693320148025,2.6559060829816843e-07,3.989119562541739e-14,6.042388811522414e-14,7.0,converged,1.465943863410519,0.07133179042197263,0.11748112773097089,total_liabilities,observed_market_cap,risk_neutral,physical
FHB,2021,24992.41,0.0,0.209039582,24992410000.0,2619747793.7987714,22335498000.0,0.8936912446618793,reported,0.3617548839688944,monthly36,36.0,0.0004,3435900270.0,36,2020,2018,-0.191035073,2020,rit_tminus1,25761960246.548,0.0483158373749671,2.938053878630262,0.0016513980991064645,5.551233979246144e-15,1.942890293094024e-14,7.0,converged,-0.36710510054558015,0.6432296885832419,0.1699450852243925,total_liabilities,observed_market_cap,risk_neutral,physical
FHB,2022,24577.223,75.0,0.024109458,24577223000.0,2239710961.3612337,22308218000.0,0.9076785444799845,reported,0.3625890004564202,monthly36,36.0,0.014199999999999999,3273722760.0,36,2021,2019,0.209039582,2021,rit_tminus1,25266895516.888897,0.04704860680803959,2.9253394353961464,0.0017204034373136435,0.0,4.551914400963142e-14,7.0,converged,1.9620465640143288,0.02487853165736538,0.16904915152988625,total_liabilities,observed_market_cap,risk_neutral,physical
FHB,2023,24926.474,500.0,-0.006949071,24926474000.0,2449057873.4781265,22440408000.0,0.9002640325302327,reported,0.3783573582490538,monthly36,36.0,0.0495,2873936340.0,36,2022,2020,0.024109458,2022,rit_tminus1,24229825271.670532,0.044982731417617876,2.783497894566676,0.002688810574952324,1.3273422979247342e-14,4.274358644806853e-15,8.0,converged,0.7595137138171653,0.22377265681327685,0.17112901189231777,total_liabilities,observed_market_cap,risk_neutral,physical
FHN,2016,28555.231,1991.093,0.399703944,28555231000.0,5024113236.612499,25850147000.0,0.9052683552095937,reported,0.1634505855789547,monthly36,36.0,0.002,10149732169.92,36,2015,2013,,2015,unavailable,35948230541.764366,0.04614913284023949,7.165870381547663,3.864694020610014e-13,6.201395645626047e-15,8.049116928532385e-16,7.0,converged,,,,total_liabilities,observed_market_cap,risk_neutral,physical
FHN,2017,41423.388,4900.732,0.197287296,41423388000.0,6503774435.647325,36842900000.0,0.8894226614201619,reported,0.207566778926511,monthly36,36.0,0.008,10139587510.08,36,2016,2014,0.399703944,2016,rit_tminus1,46688920136.21704,0.04507796635188235,5.40902710295167,3.168402030412069e-08,2.8216364288730093e-15,4.440892098500626e-16,7.0,converged,5.092628695994059,1.7656642592903725e-07,0.12469810240851377,total_liabilities,observed_market_cap,risk_neutral,physical
FHN,2018,40832.258,2304.886,-0.359907365,40832258000.0,6996650119.074109,36046878000.0,0.8828039340856437,reported,0.2206680248697309,monthly36,36.0,0.0181,6675186174.72,36,2017,2015,0.197287296,2017,rit_tminus1,42075484775.140335,0.0350085257015953,4.916865300000461,4.397050849829015e-07,5.571874306772256e-15,1.4710455076283324e-15,7.0,converged,2.9184403044924387,0.001758936125928045,0.12321367174653225,total_liabilities,observed_market_cap,risk_neutral,physical
FHN,2019,43310.9,4312.39,-0.031867111,43310900000.0,7629530705.546379,38234892000.0,0.8828006806600648,reported,0.2487232556471388,monthly36,36.0,0.021400000000000002,8399778347.519999,36,2018,2016,-0.359907365,2018,rit_tminus1,45825134820.640755,0.04559132505401558,4.418492975226584,4.969575506802307e-06,8.855780903034168e-15,1.6653345369377348e-15,7.0,converged,-1.2477841229643716,0.893944937716221,0.13677466730582144,total_liabilities,observed_market_cap,risk_neutral,physical
FHN,2020,84209.0,3872.0,-0.325480864,84209000000.0,6892504428.731488,75902000000.0,0.9013525870156397,reported,0.2345157254909747,monthly36,36.0,0.0044,6472292977.92,36,2019,2017,-0.031867111,2019,rit_tminus1,82041056489.73573,0.018501236291843123,4.432440469345689,4.658621609198609e-06,1.4440026637645775e-14,3.1363800445660672e-15,9.0,converged,0.36229945644010525,0.35856413216091676,0.11852007804155557,total_liabilities,observed_market_cap,risk_neutral,physical
FHN,2021,89092.0,3718.0,0.225138784,89092000000.0,7678999997.740356,80598000000.0,0.9046603510977417,reported,0.3999352801388132,monthly36,36.0,0.0004,8713308588.779999,36,2020,2018,-0.325480864,2020,rit_tminus1,89274490438.17467,0.039197574873953936,2.598980313642009,0.0046750567659196145,1.40096395366036e-14,4.274358644806853e-15,8.0,converged,-1.3650845774118752,0.9138867656096812,0.17436935685547772,total_liabilities,observed_market_cap,risk_neutral,physical
FHN,2022,78953.0,4107.0,0.103582979,78953000000.0,7238000000.816264,70406000000.0,0.8917457221384875,reported,0.4041041965625403,monthly36,36.0,0.014199999999999999,13158965067.5,36,2021,2019,0.225138784,2021,rit_tminus1,82566831088.31699,0.0646157771212215,2.6532522042181528,0.00398601402493588,3.478720929243777e-15,6.6058269965196814e-15,7.0,converged,1.9817209724073905,0.023755239301378354,0.1908782347854498,total_liabilities,observed_market_cap,risk_neutral,physical
FHN,2023,81661.0,3702.0,-0.074137281,81661000000.0,8475999999.798628,72370000000.0,0.8862247584526273,reported,0.4190380089923438,monthly36,36.0,0.0495,7913155907.04,36,2022,2020,0.103582979,2022,rit_tminus1,76781764149.15498,0.043438542442103524,2.4800984923729583,0.006567304801560951,4.941220346470118e-15,2.7255975254547593e-14,8.0,converged,1.0563961107470115,0.1453936410650551,0.18080826681295342,total_liabilities,observed_market_cap,risk_neutral,physical
FISI,2017,4105.21,485.331,0.191443607,4105210000.0,459460132.6193923,3724033000.0,0.9071479899932038,reported,0.2224649683118818,monthly36,36.0,0.008,625411670.0,36,2016,2014,,2016,unavailable,4319771243.145491,0.03220824817477995,4.839646682812164,6.503508019539262e-07,1.2198996112832369e-14,6.328271240363392e-15,7.0,converged,,,,total_liabilities,observed_market_cap,risk_neutral,physical
FISI,2018,4311.698,508.702,-0.273607588,4311698000.0,478439625.4043836,3915405000.0,0.9080888782099303,reported,0.2044608662713647,monthly36,36.0,0.0181,516819290.0,36,2017,2015,0.191443607,2017,rit_tminus1,4361992968.5816,0.024225011379288366,5.193675903001383,1.0309097358528338e-07,3.413760901516587e-14,6.109002192999924e-14,7.0,converged,2.7307106288674294,0.003159896738605985,0.11316583084403425,total_liabilities,observed_market_cap,risk_neutral,physical
FISI,2019,4384.178,314.773,0.029584402,4384178000.0,529818478.8881376,3945231000.0,0.8998792932221273,reported,0.213835919837153,monthly36,36.0,0.021400000000000002,645521370.0,36,2018,2016,-0.273607588,2018,rit_tminus1,4507221390.523048,0.030625450254815053,5.031906335561205,2.428132633158457e-07,1.2557650398859956e-14,3.0531133177191805e-16,7.0,converged,-1.0854749843919413,0.8611443313361353,0.11897945845688293,total_liabilities,observed_market_cap,risk_neutral,physical
FISI,2020,4912.306,78.923,-0.179024677,4912306000.0,565404586.5779462,4443943000.0,0.904655166025895,reported,0.2093139240722391,monthly36,36.0,0.0044,452468250.0,36,2019,2017,0.029584402,2019,rit_tminus1,4876900850.6691265,0.019419695384765394,5.004163912725587,2.8052501676700746e-07,2.1077154394949258e-15,3.885780586188048e-16,8.0,converged,1.0715948950820813,0.14195101362809565,0.11221480668039036,total_liabilities,observed_market_cap,risk_neutral,physical
FISI,2021,5520.779,103.911,0.183479045,5520779000.0,487849999.8047452,5015637000.0,0.9085016806505024,reported,0.37027283834133,monthly36,36.0,0.0004,500705405.4,36,2020,2018,-0.179024677,2020,rit_tminus1,5514212268.721172,0.03369753908159734,2.807344880376764,0.002497586546703351,4.999736478911211e-15,6.106226635438361e-16,8.0,converged,-0.5954133258829131,0.7242163899564021,0.16323642233824645,total_liabilities,observed_market_cap,risk_neutral,physical
FISI,2022,5797.272,279.222,0.02729272,5797272000.0,388313000.04891807,5391667000.0,0.9300351958645376,reported,0.3786999309125102,monthly36,36.0,0.014199999999999999,373682424.36,36,2021,2019,0.183479045,2021,rit_tminus1,5689193344.830079,0.024952094594869578,2.7092937473091467,0.0033713306644105995,1.435555348628641e-14,4.773959005888173e-15,9.0,converged,1.4871761990967665,0.06848414023005778,0.15984336257146572,total_liabilities,observed_market_cap,risk_neutral,physical
FISI,2023,6160.881,309.532,-0.011064332,6160881000.0,437504000.12687147,5706085000.0,0.9261800382120674,reported,0.3707113041857167,monthly36,36.0,0.0495,328177747.8,36,2022,2020,0.02729272,2022,rit_tminus1,5758588271.926287,0.02118421596493646,2.7584130704545182,0.002904137559336765,2.0886651197774847e-14,7.16093850883226e-15,11.0,converged,0.4590443804657511,0.32310114816254043,0.1550795918306645,total_liabilities,observed_market_cap,risk_neutral,physical
FITB,2016,142177.0,17681.0,0.363725891,142177000000.0,13229246357.274723,125945000000.0,0.885832448286291,reported,0.1872718273516707,monthly36,36.0,0.002,18002258376.96,36,2015,2013,,2015,unavailable,143695620096.07828,0.02346150730789586,5.69344443597948,6.225087282326e-09,2.9666145547105802e-15,1.840194663316197e-14,7.0,converged,,,,total_liabilities,observed_market_cap,risk_neutral,physical
FITB,2017,142081.0,18749.0,0.271389702,142081000000.0,14305085146.140612,125861000000.0,0.8858397674565917,reported,0.264207285315665,monthly36,36.0,0.008,20251706309.12,36,2016,2014,0.363725891,2016,rit_tminus1,145109809936.97516,0.036873877619520705,4.057962182106325,2.4751390756613875e-05,3.1456828063543897e-14,7.682743330406083e-14,7.0,converged,3.687022526517074,0.00011344663942691879,0.13658666063579564,total_liabilities,observed_market_cap,risk_neutral,physical
FITB,2018,146069.0,16653.0,-0.345705194,146069000000.0,15400305382.127909,129819000000.0,0.8887512066215282,reported,0.2689991791131722,monthly36,36.0,0.0181,15706086007.04,36,2017,2015,0.271389702,2017,rit_tminus1,143196461871.16132,0.029505532308867186,3.922690991823947,4.378271440086599e-05,4.857603942720196e-16,1.1102230246251565e-16,8.0,converged,2.8187941438471893,0.002410221099153639,0.1336276506330814,total_liabilities,observed_market_cap,risk_neutral,physical
FITB,2019,169369.0,15699.0,0.086182702,169369000000.0,18297482642.7643,148166000000.0,0.8748118014512691,reported,0.2689023622310547,monthly36,36.0,0.021400000000000002,20518703096.32,36,2018,2016,-0.345705194,2018,rit_tminus1,165547594924.82996,0.03333006730012926,3.953488043774462,3.851005713162274e-05,3.309254537646829e-14,9.175993298526919e-14,7.0,converged,-1.659924843809558,0.9515352135734326,0.1356754593807564,total_liabilities,observed_market_cap,risk_neutral,physical
FITB,2020,204680.0,15991.0,-0.183312313,204680000000.0,19661579605.36428,181569000000.0,0.8870871604455736,reported,0.2338744675787055,monthly36,36.0,0.0044,18402753557.76,36,2019,2017,0.086182702,2019,rit_tminus1,199174601928.61902,0.021608924863826397,4.475586717350451,3.8100880855318033e-06,2.6947632753693883e-15,6.38378239159465e-16,8.0,converged,1.4625695271426824,0.07179260331899065,0.12000931163671075,total_liabilities,observed_market_cap,risk_neutral,physical
FITB,2021,211116.0,12646.0,0.265953919,211116000000.0,20093999995.749405,188906000000.0,0.8947971731180963,reported,0.4029473710041716,monthly36,36.0,0.0004,29734967267.2,36,2020,2018,-0.183312313,2020,rit_tminus1,218551778347.69287,0.05502290534016925,2.6290807530855695,0.004280801377937893,1.475334348293649e-14,2.6201263381153694e-14,7.0,converged,-0.29318570910459346,0.6153098965667649,0.18503723894753857,total_liabilities,observed_market_cap,risk_neutral,physical
FITB,2022,207452.0,18608.0,-0.00418684,207452000000.0,15211000004.33701,190125000000.0,0.9164770645739737,reported,0.4074962369156913,monthly36,36.0,0.014199999999999999,22421890722.800003,36,2021,2019,0.265953919,2021,rit_tminus1,209852734797.40732,0.04374107744909431,2.5597821743373084,0.005236889449228936,1.5652210278619794e-14,5.440092820663267e-15,8.0,converged,2.0210403891867665,0.02163779213231212,0.17884002666757082,total_liabilities,observed_market_cap,risk_neutral,physical
FLG,2016,48926.555,13673.379,0.179184194,48926555000.0,15656983936.740084,42802564000.0,0.874832981803031,reported,0.1379874389366221,monthly36,36.0,0.002,19811768400.0,36,2015,2013,,2015,unavailable,62528812820.086395,0.04372024765906502,8.693311191515,1.7601322438869004e-18,2.310564421270945e-15,2.220446049250313e-16,7.0,converged,,,,total_liabilities,observed_market_cap,risk_neutral,physical
FLG,2017,49124.195,12913.679,0.231239316,49124195000.0,16040680218.82003,42328819000.0,0.8616694685785691,reported,0.1540227016367477,monthly36,36.0,0.008,16213024800.0,36,2016,2014,0.179184194,2016,rit_tminus1,58204564165.36126,0.04290340314730397,7.588565114990025,1.61733703979729e-14,6.11743521827278e-15,6.938893903907228e-16,7.0,converged,4.667309024851092,1.5258508701687884e-06,0.10665046043985063,total_liabilities,observed_market_cap,risk_neutral,physical
FLG,2018,51899.376,14207.866,-0.155143084,51899376000.0,16178703576.726107,45244141000.0,0.871766569987277,reported,0.1788740198016367,monthly36,36.0,0.0181,11717708400.0,36,2017,2015,0.231239316,2017,rit_tminus1,56150297151.62794,0.037328272707914056,6.25161774907095,2.0311132862502346e-10,6.51099538477165e-15,8.881784197001252e-16,7.0,converged,4.063834768283578,2.413650211319345e-05,0.11203026349872894,total_liabilities,observed_market_cap,risk_neutral,physical
FLG,2019,53640.821,14557.593,0.225063345,53640821000.0,16543418435.218025,46929127000.0,0.8748771201693576,reported,0.2039561933871327,monthly36,36.0,0.021400000000000002,14967784800.0,36,2018,2016,-0.155143084,2018,rit_tminus1,60903298064.367134,0.05012491166289958,5.601856212770109,1.0603422137699686e-08,1.529163059168916e-15,2.7755575615628914e-16,7.0,converged,0.9036954995867205,0.18307844306985432,0.1258883530716166,total_liabilities,observed_market_cap,risk_neutral,physical
FLG,2020,56306.12,16083.544,-0.0205804,56306120000.0,17015092764.004343,49464476000.0,0.8784920005143313,reported,0.2634251610930587,monthly36,36.0,0.0044,13137282000.0,36,2019,2017,0.225063345,2019,rit_tminus1,62384585776.56256,0.05547398374056962,4.234864154359435,1.1434495580914121e-05,7.549668866531905e-15,1.4988010832439613e-15,7.0,converged,3.063683322804342,0.0010931510312620167,0.14682433226309516,total_liabilities,observed_market_cap,risk_neutral,physical
FLG,2021,59527.0,16562.0,0.290864353,59527000000.0,6540999987.881877,52483000000.0,0.8816671426411544,reported,0.3150572531153664,monthly36,36.0,0.0004,5677840988.820001,36,2020,2018,-0.0205804,2020,rit_tminus1,58139665184.778946,0.030780330168982156,3.3230674842692323,0.00044516686312523517,1.461288995072526e-14,4.163336342344337e-15,8.0,converged,0.48550476099396145,0.3136591681468127,0.14695080562916585,total_liabilities,observed_market_cap,risk_neutral,physical
FLG,2022,90144.0,21332.0,-0.05727626,90144000000.0,8320999975.151206,81320000000.0,0.9021121760738374,reported,0.3088615808230543,monthly36,36.0,0.014199999999999999,5858469055.2,36,2021,2019,0.290864353,2021,rit_tminus1,86031702626.6504,0.021040563922001407,3.341285069794204,0.00041695776802051597,8.302064870266408e-15,2.3314683517128287e-15,9.0,converged,2.5154569074228044,0.0059439104458984815,0.13942217709774885,total_liabilities,observed_market_cap,risk_neutral,physical
FLG,2023,114057.0,21267.0,0.207263877,114057000000.0,7863999964.955151,105690000000.0,0.9266419421868013,reported,0.3083285292060128,monthly36,36.0,0.0495,7386738934.41,36,2022,2020,-0.05727626,2022,rit_tminus1,107972233079.48907,0.021101745359831545,3.3476458415055133,0.0004075054591873512,1.4976327400416113e-14,3.5138558729386205e-14,9.0,converged,0.004538402303282731,0.49818944565111156,0.13892205472367924,total_liabilities,observed_market_cap,risk_neutral,physical
FLIC,2017,3894.708,704.938,0.124379182,3894708000.0,325872453.518945,3540258000.0,0.9089918936156446,reported,,,,0.008,646365750.0,0,2016,2016,,2016,unavailable,,,,,,,,not_attempted,,,,total_liabilities,observed_market_cap,risk_neutral,physical
FLIC,2018,4241.06,750.95,-0.207002142,4241060000.0000005,346299693.2361339,3852873000.0,0.9084693449279189,reported,,,,0.0181,452456025.0,0,2017,2017,0.124379182,2017,rit_tminus1,,,,,,,,not_attempted,,,,total_liabilities,observed_market_cap,risk_neutral,physical
FLIC,2019,4097.843,528.182,0.008971976,4097843000.0,368703178.24853504,3708735000.0,0.9050456545065294,reported,,,,0.021400000000000002,568801860.0,0,2018,2018,-0.207002142,2018,rit_tminus1,,,,,,,,not_attempted,,,,total_liabilities,observed_market_cap,risk_neutral,physical
FMAO,2018,1116.163,32.181,-0.08293158,1116163000.0,211693070.03025892,972876000.0,0.8716253808807495,reported,0.2206680248697309,peer_median,8.0,0.0181,527811140.6568,8,2017,2017,,2017,unavailable,1483236489.6934373,0.0785249309267752,5.561826999531444,1.334824382201542e-08,5.64639889006696e-16,5.551115123125783e-17,7.0,converged,,,,total_liabilities,observed_market_cap,risk_neutral,physical
FMAO,2019,1607.33,72.879,0.128828712,1607330000.0,283624023.3629493,1377072000.0,0.8567450368001592,reported,0.2574923130007019,monthly_ewma,20.0,0.021400000000000002,413445206.6184,20,2018,2018,-0.08293158,2018,rit_tminus1,1761360857.950901,0.06044156463310021,4.395991885755156,5.513402656722156e-06,1.4416576567159064e-15,3.3306690738754696e-16,7.0,converged,1.1446647095641516,0.12617403778418518,0.14742049123441137,total_liabilities,observed_market_cap,risk_neutral,physical
FMAO,2020,1909.544,48.1,-0.109185878,1909544000.0,305245667.7861714,1660384000.0,0.8695185866363907,reported,0.2853454014509516,monthly36,32.0,0.0044,315397665.8712,32,2019,2018,0.128828712,2019,rit_tminus1,1968490731.3904653,0.045721711367718694,3.7962923821521226,7.343813012129167e-05,8.504213268299584e-15,2.681188604469753e-14,7.0,converged,1.9785000485052568,0.023936161561347605,0.14751741722275657,total_liabilities,observed_market_cap,risk_neutral,physical
FMAO,2021,2638.3,127.804,0.225720056,2638300000.0,311992494.87892246,2341133000.0,0.887364211803055,reported,0.2551265206425901,monthly36,36.0,0.0004,450195886.7736,36,2020,2018,-0.109185878,2020,rit_tminus1,2790392405.85844,0.04116192144613469,4.25393361003422,1.050238006224381e-05,7.679033724071294e-15,5.6066262743570405e-15,7.0,converged,0.42005292627965063,0.33722339506876564,0.13657825889649905,total_liabilities,observed_market_cap,risk_neutral,physical
FMAO,2022,3015.351,226.277,0.044878711,3015351000.0,300542879.6074095,2717211000.0,0.9011259385723254,reported,0.2653369700807284,monthly36,36.0,0.014199999999999999,372857958.0,36,2021,2019,0.225720056,2021,rit_tminus1,3051756611.78232,0.03241926063402497,4.00335694706574,3.1224984519948914e-05,3.836612425500048e-14,9.331424521974441e-14,7.0,converged,2.5707592657275598,0.005073791924890124,0.13431340527990704,total_liabilities,observed_market_cap,risk_neutral,physical
FMBH,2017,2841.539,249.739,0.17345037,2841539000.0,583515952.8149489,2533575000.0,0.8916207027248262,reported,0.1784454881472816,monthly36,36.0,0.008,917077831.922,36,2016,2014,,2016,unavailable,3430465090.5545864,0.04770443571684902,6.4968097166976255,4.1020560329204724e-11,1.2998819227910452e-16,2.7755575615628914e-17,7.0,converged,,,,total_liabilities,observed_market_cap,risk_neutral,physical
FMBH,2018,3839.734,348.799,-0.189219996,3839734000.0,685836697.2472495,3363870000.0,0.8760684984949478,reported,0.1849302427591286,monthly36,36.0,0.0181,765728880.0,36,2017,2015,0.17345037,2017,rit_tminus1,4069260542.2135234,0.0347990565681468,5.973257163417002,1.1628143042322075e-09,4.98178580599572e-15,7.494005416219807e-16,7.0,converged,3.3030937248921477,0.0004781221075216792,0.11267928559531504,total_liabilities,observed_market_cap,risk_neutral,physical
FMBH,2019,3839.426,345.862,0.093510903,3839426000.0,757659712.472394,3312817000.0,0.8628417372805206,reported,0.2148183347733526,monthly36,36.0,0.021400000000000002,845612250.0,36,2018,2016,-0.189219996,2018,rit_tminus1,4088288150.0706987,0.044432540840068493,5.193048218111808,1.0343928814455044e-07,5.075061795554789e-15,8.604228440844963e-16,7.0,converged,0.23866107726862293,0.40568420023937496,0.12629944906388907,total_liabilities,observed_market_cap,risk_neutral,physical
FMBH,2020,4726.348,414.186,-0.11489336,4726348000.0,814231703.0520434,4158120000.0,0.8797744051009363,reported,0.1908542997848922,monthly36,36.0,0.0044,807469739.9999999,36,2019,2017,0.093510903,2019,rit_tminus1,4947334203.508235,0.031149921600923103,5.704691048278717,5.827714995536912e-09,1.1367751434759844e-14,1.8318679906315083e-15,7.0,converged,2.3446086186137394,0.009523530856298883,0.11285947317922765,total_liabilities,observed_market_cap,risk_neutral,physical
FMBH,2021,5986.582,346.309,0.203028817,5986582000.0,633893999.8422049,5352688000.0,0.8941142040650241,reported,0.2549606894268145,monthly36,36.0,0.0004,773656165.37,36,2020,2018,-0.11489336,2020,rit_tminus1,6124202967.6851015,0.03220899762608079,4.176815664911481,1.4780919949532602e-05,2.1063504190906693e-13,2.677302823883565e-13,7.0,converged,0.08702407811758127,0.46532618656954255,0.13157399310833814,total_liabilities,observed_market_cap,risk_neutral,physical
FMBH,2022,6744.215,800.402,0.0092642,6744215000.0,633155000.0043184,6111060000.0,0.9061187995934293,reported,0.2525979530575197,monthly36,36.0,0.014199999999999999,656112222.0799999,36,2021,2019,0.203028817,2021,rit_tminus1,6681007851.455994,0.02480689002286252,4.154527912131988,1.6297991370176553e-05,1.5988754861496318e-14,3.7192471324942744e-15,8.0,converged,2.344595318363414,0.009523870541872755,0.12666973558460393,total_liabilities,observed_market_cap,risk_neutral,physical
FMNB,2017,2159.069,296.559,0.189105942,2159069000.0,330807817.2158715,1916995000.0,0.8878803780703627,reported,0.1810099640831885,monthly36,36.0,0.008,555197375.0,36,2016,2014,,2016,unavailable,2456917595.5805135,0.04090338931404055,6.241833725254449,2.1623527550287382e-10,3.435442454699106e-15,4.996003610813204e-16,7.0,converged,,,,total_liabilities,observed_market_cap,risk_neutral,physical
FMNB,2018,2328.864,250.792,-0.200205998,2328864000.0,355278178.4303289,2066544000.0,0.8873613916484604,reported,0.2130460705898333,monthly36,36.0,0.0181,479539970.0,36,2017,2015,0.189105942,2017,rit_tminus1,2509015999.1360655,0.040718797733172704,5.188856223597738,1.057948403475664e-07,4.971818701610264e-15,8.604228440844963e-16,7.0,converged,3.1475565628697777,0.0008232062437077434,0.1239387937486271,total_liabilities,observed_market_cap,risk_neutral,physical
FMNB,2019,2449.158,125.397,0.097816794,2449158000.0,407149964.8605935,2149849000.0,0.8777910612545209,reported,0.2440506285865866,monthly36,36.0,0.021400000000000002,614292960.0,36,2018,2016,-0.200205998,2018,rit_tminus1,2718623926.324715,0.055145106665667964,4.617050536997567,1.9461625345777395e-06,6.986136425571481e-15,1.3600232051658168e-15,7.0,converged,0.29339825365979894,0.3846088800635434,0.14057853706557677,total_liabilities,observed_market_cap,risk_neutral,physical
FMNB,2020,3071.148,78.906,-0.084185422,3071148000.0,467461714.4782209,2721051000.0,0.8860045168777279,reported,0.2320971826802242,monthly36,36.0,0.0044,499489435.0,36,2019,2017,0.097816794,2019,rit_tminus1,3208594082.1106358,0.03613116444181656,4.665278019598922,1.541000238641853e-06,1.2410438784637406e-14,4.996003610813204e-16,7.0,converged,2.029186929828865,0.021219627157974,0.12726736914866238,total_liabilities,observed_market_cap,risk_neutral,physical
FMNB,2021,4142.749,87.758,0.188300054,4142749000.0,472432000.17339003,3670317000.0,0.8859617128626427,reported,0.2699032305938722,monthly36,36.0,0.0004,628812277.8000001,36,2020,2018,-0.084185422,2020,rit_tminus1,4297660352.205019,0.03949202063535554,3.985942571316197,3.3606384261028693e-05,4.7963360960232915e-14,1.0130785099704553e-13,7.0,converged,0.45918910235764476,0.32304918779378056,0.139770609415986,total_liabilities,observed_market_cap,risk_neutral,physical
FMNB,2022,4082.2,183.211,-0.017702882,4082200000.0,292294999.91954356,3789905000.0,0.9283976777227966,reported,0.2786691852464554,monthly36,36.0,0.014199999999999999,480858365.0,36,2021,2019,0.188300054,2021,rit_tminus1,4217324950.632996,0.031775864516481546,3.7939242670444844,7.414245933806037e-05,2.6774210887408343e-14,1.6459056340067946e-13,7.0,converged,2.1682734476105785,0.015068943713119141,0.13756980736425314,total_liabilities,observed_market_cap,risk_neutral,physical
FMNB,2023,5078.35,443.663,0.067695936,5078350000.0,404414999.92164534,4673935000.0,0.920364882294446,reported,0.2737391754580229,monthly36,36.0,0.0495,541915069.85,36,2022,2020,-0.017702882,2022,rit_tminus1,4990121327.551459,0.02972895181077142,3.852035878879676,5.8569927114909205e-05,9.899001390144044e-15,2.4424906541753444e-15,8.0,converged,0.6163550477179058,0.26883010742242197,0.13457056917863056,total_liabilities,observed_market_cap,risk_neutral,physical
FNB,2018,33102.0,4756.0,-0.264296872,33102000000.0,4993568692.689013,28494000000.0,0.8607939097335509,reported,0.2238182046394638,monthly36,36.0,0.0181,3540491197.44,36,2017,2015,,2017,unavailable,31523389067.334507,0.02513775343351242,4.726766398471562,1.1406172353893123e-06,9.010163874113027e-14,2.3195334541981083e-13,7.0,converged,,,,total_liabilities,observed_market_cap,risk_neutral,physical
FNB,2019,34615.0,4556.0,0.091283779,34615000000.0,5287250922.234368,29732000000.0,0.858933988155424,reported,0.2400624193274335,monthly36,36.0,0.021400000000000002,4569536403.2,36,2018,2016,-0.264296872,2018,rit_tminus1,33672030538.13448,0.03257830901516219,4.460420531884176,4.089949314701334e-06,1.6904913937179827e-14,2.5396351688300456e-14,7.0,converged,-1.0164784286398407,0.8452991926701441,0.12734000820471397,total_liabilities,observed_market_cap,risk_neutral,physical
FNB,2020,37354.0,2899.0,-0.261317625,37354000000.0,5427918244.509646,32395000000.0,0.8672431332655137,reported,0.2710458392645912,monthly36,36.0,0.0044,3418157152.0,36,2019,2017,0.091283779,2019,rit_tminus1,35670921546.60629,0.025974195692852132,3.8651597239884534,5.5508262586541755e-05,1.116009912941826e-15,2.220446049250313e-16,8.0,converged,1.3809888616563506,0.0836411927058967,0.13239156058268461,total_liabilities,observed_market_cap,risk_neutral,physical
FNB,2021,39513.0,2230.0,0.314705782,39513000000.0,5043000000.750846,34363000000.0,0.8696631488370916,reported,0.3491729556713558,monthly36,36.0,0.0004,3868663257.96,36,2020,2018,-0.261317625,2020,rit_tminus1,38217456893.4992,0.03538878531731096,2.997723991404334,0.001360019463361819,5.1767650242817595e-15,1.5543122344752192e-15,8.0,converged,-1.0535411116617581,0.8539534687653632,0.15873335439962194,total_liabilities,observed_market_cap,risk_neutral,physical
FNB,2022,43725.0,2487.7,0.084475606,43725000000.0,5545999999.283191,38072000000.0,0.8707146941109205,reported,0.3432653395287237,monthly36,36.0,0.014199999999999999,4704134935.5,36,2021,2019,0.314705782,2021,rit_tminus1,42238903544.88815,0.03826583796444768,3.0661928906303615,0.0010840170039319533,2.2219325446925202e-13,4.4036996271756834e-13,7.0,converged,2.6390096246900376,0.004157431010881531,0.15862971228441622,total_liabilities,observed_market_cap,risk_neutral,physical
FNB,2023,46158.0,4509.7,0.081201785,46158000000.0,5943000002.183033,40108000000.0,0.8689284631049872,reported,0.3390838980967519,monthly36,36.0,0.0495,4941081072.09,36,2022,2020,0.084475606,2022,rit_tminus1,43111692724.221146,0.038894671764332325,3.109989989045717,0.0009354684241284864,8.492406683812187e-15,2.4424906541753444e-15,8.0,converged,1.197983057071286,0.11546180650492432,0.1571804598105197,total_liabilities,observed_market_cap,risk_neutral,physical
FNLC,2018,1944.57,210.317,-0.144923573,1944570000.0,197531058.1672109,1753028000.0,0.9014990460615971,reported,0.2676620646415099,monthly36,36.0,0.0181,294620490.0,36,2017,2015,,2017,unavailable,2016203675.2468405,0.039113447782386596,4.0192535835842635,2.919140365284699e-05,0.0,2.3092638912203256e-14,7.0,converged,,,,total_liabilities,observed_market_cap,risk_neutral,physical
FNLC,2019,2068.796,184.955,0.030976097,2068795999.9999998,218417515.44893965,1856288000.0,0.8972793837575093,reported,0.2512260453631492,monthly36,36.0,0.021400000000000002,338645529.0,36,2018,2016,-0.144923573,2018,rit_tminus1,2155630879.9703765,0.03946740460671,4.310539326843698,8.142843082823656e-06,4.2242148562645724e-15,2.7200464103316335e-15,7.0,converged,0.10173921760252268,0.4594818362462116,0.1341625823577954,total_liabilities,observed_market_cap,risk_neutral,physical
FNLC,2020,2361.236,262.038,-0.230141066,2361236000.0,228874851.53769013,2137510000.0,0.9052504705162889,reported,0.221764342219204,monthly36,36.0,0.0044,284538420.0,36,2019,2017,0.030976097,2019,rit_tminus1,2412664027.6096764,0.02615387893030312,4.785061906125747,8.546731961949454e-07,2.5723943987662435e-13,3.007594173709549e-13,7.0,converged,1.2497628180487967,0.1056931011554012,0.11910655788278349,total_liabilities,observed_market_cap,risk_neutral,physical
FNLC,2021,2527.099,136.342,0.201670386,2527099000.0,245657000.0400379,2281442000.0,0.9027909076771429,reported,0.2010626009475335,monthly36,36.0,0.0004,345361221.0,36,2020,2018,-0.230141066,2020,rit_tminus1,2625890826.138749,0.026444065304061487,5.319259943919217,5.2095092624811e-08,6.903455414340294e-15,1.6930901125533637e-14,7.0,converged,-0.8423714292098115,0.8002099599022132,0.11351801634189165,total_liabilities,observed_market_cap,risk_neutral,physical
FNLC,2022,2739.178,103.483,0.116101885,2739178000.0,228923000.0421416,2510255000.0,0.9164263877703457,reported,0.2153330775457432,monthly36,36.0,0.014199999999999999,330692868.84000003,36,2021,2019,0.201670386,2021,rit_tminus1,2805554133.168504,0.025381488177008398,4.928577037848606,4.1415336780567357e-07,4.0734624143817927e-14,1.1504686092678185e-13,7.0,converged,2.7274679068755763,0.0031911232841838146,0.11681210361276269,total_liabilities,observed_market_cap,risk_neutral,physical
FNLC,2023,2946.698,69.652,0.055676513,2946698000.0,243079000.0713558,2703619000.0,0.917508003874167,reported,0.2219165732554243,monthly36,36.0,0.0495,313187168.54,36,2022,2020,0.116101885,2022,rit_tminus1,2886235304.726927,0.024080324786711703,4.757901494483549,9.780795517729528e-07,4.7579092283100645e-15,8.604228440844963e-16,8.0,converged,1.8610524950004816,0.031368381913503274,0.11756699614833985,total_liabilities,observed_market_cap,risk_neutral,physical
FNWB,2018,1258.758,136.552,-0.205161428,1258758000.0,137623600.63588881,1086494000.0,0.8631476423585789,reported,0.1491326448146046,monthly36,35.0,0.0181,132340695.5,35,2017,2016,,2017,unavailable,1199346058.3196127,0.016455899279149925,7.0968506905819755,6.381590784930149e-13,1.1710084780083056e-14,1.6903145549918008e-13,7.0,converged,,,,total_liabilities,observed_market_cap,risk_neutral,physical
FNWB,2019,1307.336,112.93,0.040841665,1307336000.0,147059717.16847563,1130485000.0,0.864724141307208,reported,0.1633259193102791,monthly36,36.0,0.021400000000000002,161789400.5,36,2018,2016,-0.205161428,2018,rit_tminus1,1268339043.2683175,0.02083386355744515,6.539566464070592,3.084870939506145e-11,7.36817672742296e-15,1.482147737874584e-14,7.0,converged,-0.7646582678730518,0.7777624687318561,0.09990759547216742,total_liabilities,observed_market_cap,risk_neutral,physical
FNWB,2020,1654.349,109.977,-0.175572663,1654349000.0,162313253.3698661,1467966000.0,0.8873375569483827,reported,0.1564605817587493,monthly36,36.0,0.0044,139212060.0,36,2019,2017,0.040841665,2019,rit_tminus1,1600733198.6925511,0.013607014531504667,6.679748057198623,1.1967668862447466e-11,1.8838916471153343e-14,2.6367796834847468e-15,8.0,converged,1.3368944130772311,0.09062855238201334,0.0949485357496418,total_liabilities,observed_market_cap,risk_neutral,physical
FNWB,2021,1921.081,119.28,0.184335711,1921081000.0,191244605.41228986,1730601000.0,0.9008474915945762,reported,0.3674797395170203,monthly36,36.0,0.0004,201747680.54,36,2020,2018,-0.175572663,2020,rit_tminus1,1931614069.063495,0.03845623180872671,2.8486350732562102,0.0021953605446280986,1.5510680679610494e-14,4.9404924595819466e-15,9.0,converged,-0.47748517424016373,0.6834916622059207,0.16542482186788698,total_liabilities,observed_market_cap,risk_neutral,physical
FNWB,2022,2042.07,285.358,0.051474794,2042070000.0,161572999.93671262,1883788000.0,0.922489434740239,reported,0.3870179988963804,monthly36,36.0,0.014199999999999999,149047004.16,36,2021,2019,0.184335711,2021,rit_tminus1,2006209986.0600193,0.028856225632713593,2.659612517207208,0.003911529744718763,1.819567828662269e-14,2.2593038551121936e-14,8.0,converged,1.5025415191091864,0.06647865682791843,0.16437056531099462,total_liabilities,observed_market_cap,risk_neutral,physical
FNWB,2023,2201.797,320.936,0.02781874,2201797000.0,153443952.8433291,2038457000.0,0.9258151409961953,reported,0.4137745186936114,monthly36,36.0,0.0495,143930787.9,36,2022,2020,0.051474794,2022,rit_tminus1,2083820063.0502875,0.028757743552930686,2.472242820650574,0.0067134141295655675,1.6461277426396812e-13,2.647326802218686e-13,9.0,converged,0.6162898147726997,0.268851629933902,0.17061272774989145,total_liabilities,observed_market_cap,risk_neutral,physical
FRAF,2020,1535.038,19.555,-0.190103396,1535038000.0,147456325.81914616,1389862000.0,0.9054251425697605,reported,0.2195192982316487,peer_median,8.0,0.0044,120507849.0,8,2019,2019,,2019,unavailable,1504267885.2752883,0.017585846701906528,4.739449493045169,1.0714982098066794e-06,1.582758839893076e-14,3.191891195797325e-15,8.0,converged,,,,total_liabilities,observed_market_cap,risk_neutral,physical
FRAF,2021,1773.806,19.588,0.217097108,1773806000.0,157208552.59045964,1616741000.0,0.9114531126853782,reported,0.3772098819374308,monthly_ewma,20.0,0.0004,147123900.0,20,2020,2020,-0.190103396,2020,rit_tminus1,1763171942.7576702,0.03156241926985458,2.743894207405303,0.0030357550570691673,1.9446350655595385e-14,6.716849298982197e-15,9.0,converged,-0.7110033602208508,0.7614589232276459,0.16372926825774772,total_liabilities,observed_market_cap,risk_neutral,physical
FRAF,2022,1699.579,19.623,0.098358012,1699579000.0,115963199.94191487,1585382000.0,0.9328086543785256,reported,0.2967603447609559,monthly36,32.0,0.014199999999999999,160944630.0,32,2021,2020,0.217097108,2021,rit_tminus1,1723970993.7870896,0.027709956941797953,3.522958867955316,0.00021337879271425417,1.4813702022960473e-15,3.3306690738754696e-16,8.0,converged,2.1697715361769037,0.015012078839598566,0.1400944742569023,total_liabilities,observed_market_cap,risk_neutral,physical
FRAF,2023,1836.039,149.661,0.104067448,1836039000.0,134767970.1139745,1703903000.0,0.9280320298207173,reported,0.2788891398355931,monthly36,36.0,0.0495,140659365.0,36,2022,2020,0.098358012,2022,rit_tminus1,1762271801.482129,0.0222620999859144,3.7253660070591215,9.751601537409958e-05,3.3391633811945484e-13,3.5377256679680613e-13,8.0,converged,1.2815515271274063,0.10000000674215365,0.13185974865262545,total_liabilities,observed_market_cap,risk_neutral,physical
FRBA,2018,1711.159,115.207,-0.24060401,1711159000.0,261265779.77912667,1516323000.0,0.8861379918523059,reported,0.2332499860438905,monthly36,36.0,0.0181,303529644.0,36,2017,2015,,2017,unavailable,1792654070.4230766,0.039493604008112096,4.67744207354229,1.4523779623463458e-06,3.927434829093044e-15,5.828670879282072e-16,7.0,converged,,,,total_liabilities,observed_market_cap,risk_neutral,physical
FRBA,2019,2011.587,127.44,0.001805931,2011587000.0,277130417.4986852,1785194000.0,0.8874555264077567,reported,0.2402180525727518,monthly36,36.0,0.021400000000000002,276732885.0,36,2018,2016,-0.24060401,2018,rit_tminus1,2024129558.6176686,0.03284200267460714,4.459940236694794,4.099125515750686e-06,6.030833862448034e-15,2.2287727219350018e-14,7.0,converged,-0.8204059870661231,0.794007648225751,0.12752386768247584,total_liabilities,observed_market_cap,risk_neutral,physical
FRBA,2020,2346.27,190.643,-0.287776331,2346270000.0,302580905.1216715,2108162000.0,0.8985163685338857,reported,0.2115218199671589,monthly36,36.0,0.0044,234909906.00000003,36,2019,2017,0.001805931,2019,rit_tminus1,2333816367.5494714,0.021290700617248283,4.9722050364730634,3.3097820272274675e-07,1.0276229532028845e-14,1.942890293094024e-15,8.0,converged,0.8875622262533571,0.18738814005706533,0.1137725376328402,total_liabilities,observed_market_cap,risk_neutral,physical
FRBA,2021,2523.744,124.901,0.221357081,2523744000.0,266666000.0016705,2257078000.0,0.8943371435454626,reported,0.3130671302588042,monthly36,36.0,0.0004,282544001.64,36,2020,2018,-0.287776331,2020,rit_tminus1,2538711693.4688907,0.034854204402369054,3.3676935940561528,0.0003789989379712585,2.6580586379845466e-14,1.2956302697375577e-13,7.0,converged,-1.215554120036933,0.8879225897196996,0.14882662560757798,total_liabilities,observed_market_cap,risk_neutral,physical
FRBKQ,2017,2322.347,21.681,0.050985993,2322347000.0,279667084.94120365,2095887000.0,0.902486579309638,reported,0.3914879532030905,monthly36,36.0,0.008,594972950.0,36,2016,2014,,2016,unavailable,2674041958.9781446,0.0872550409617824,2.8400375887978218,0.0022554109113970024,1.6028868478915723e-15,0.0,7.0,converged,,,,total_liabilities,observed_market_cap,risk_neutral,physical
FRBKQ,2018,2753.297,102.681,-0.192295004,2753297000.0,293532279.35609496,2508108000.0,0.9109471299318599,reported,0.3704569346904042,monthly36,36.0,0.0181,420353670.0,36,2017,2015,0.050985993,2017,rit_tminus1,2883398456.610994,0.0540957054642244,2.8852153802186393,0.001955729817677624,1.4746827490861744e-14,1.0935696792557792e-14,7.0,converged,1.0869686164418484,0.13852533982694498,0.17531895251413068,total_liabilities,observed_market_cap,risk_neutral,physical
FRBKQ,2019,3341.29,11.265,-0.030810229,3341290000.0,298024461.04801816,3092122000.0,0.9254276043085156,reported,0.3953823929090965,monthly36,36.0,0.021400000000000002,294317980.0,36,2018,2016,-0.192295004,2018,rit_tminus1,3320826307.7632704,0.035181822053629234,2.6188857640845926,0.004410874203165057,2.1061856488144643e-14,5.551115123125783e-17,8.0,converged,-0.6804965147963831,0.7519049360695153,0.17027229169739688,total_liabilities,observed_market_cap,risk_neutral,physical
FRCB,2016,73277.772,6811.308,0.496822577,73277772000.0,6962886709.040119,66369120000.0,0.9057196771757744,reported,0.1878544958667287,monthly36,36.0,0.002,17158219397.12,36,2015,2013,,2015,unavailable,83394733806.33421,0.03865050598896564,5.940577977263292,1.4200945962931382e-09,3.2237092364518186e-15,5.551115123125783e-16,7.0,converged,,,,total_liabilities,observed_market_cap,risk_neutral,physical
FRCB,2017,87780.507,10071.807,0.429201892,87780507000.0,7863898843.819307,79962206000.0,0.9109335173924206,reported,0.2034519887276583,monthly36,36.0,0.008,16134014853.12,36,2016,2014,0.496822577,2016,rit_tminus1,95459075166.87912,0.03438643744261412,5.367008782996411,4.002657996087375e-08,7.920679357359397e-15,1.3322676295501878e-15,7.0,converged,5.704654608754792,5.828961795194123e-09,0.11808711170662113,total_liabilities,observed_market_cap,risk_neutral,physical
FRCB,2018,99205.204,10473.907,-0.64746266,99205204000.0,8738048014.451393,90527427000.0,0.9125269980796572,reported,0.1863502872883072,monthly36,36.0,0.0181,16182431795.2,36,2017,2015,0.429201892,2017,rit_tminus1,105086052146.42218,0.028696489783863684,5.81307854005427,3.066713323111021e-09,9.664961970488071e-15,1.6930901125533637e-15,7.0,converged,5.332038316423796,4.855821982995553e-08,0.11019998811785732,total_liabilities,observed_market_cap,risk_neutral,physical
FRCB,2019,116263.634,14275.604,-0.146173742,116263634000.0,9614730173.850248,106412527000.0,0.9152692319939011,reported,0.2018814975854165,monthly36,36.0,0.021400000000000002,21871422489.6,36,2018,2016,-0.64746266,2018,rit_tminus1,126030914846.48033,0.03503454401029673,5.422939660596302,2.9313393534413172e-08,1.0116051734241654e-14,1.6653345369377348e-15,7.0,converged,-3.9697077855248355,0.9999640195851958,0.11776018757436722,total_liabilities,observed_market_cap,risk_neutral,physical
FRCB,2020,142502.134,13529.458,0.11859572,142502134000.0,10198386273.63718,130751488000.0,0.9175405611820522,reported,0.2101325359397455,monthly36,36.0,0.0044,25565820000.0,36,2019,2017,-0.146173742,2019,rit_tminus1,155743265183.92245,0.03449401857549903,5.181058075637101,1.1031538981839198e-07,5.968433268520235e-15,9.71445146547012e-16,7.0,converged,0.2097708297274309,0.41692327050624745,0.12013110171915745,total_liabilities,observed_market_cap,risk_neutral,physical
FRME,2016,7211.611,694.197,0.317468695,7211611000.0,1284824276.4986465,6309954000.0,0.8749714869534699,reported,0.1843100719125985,monthly36,36.0,0.002,2195258550.0,36,2015,2013,,2015,unavailable,8492605253.489799,0.04764241939901198,6.253513819394832,2.0065951731691068e-10,5.213095194128728e-15,6.661338147750939e-16,7.0,converged,,,,total_liabilities,observed_market_cap,risk_neutral,physical
FRME,2017,9367.478,834.387,0.22939005,9367478000.0,1545900175.4052444,8064015000.0,0.860852301974982,reported,0.2130010087142612,monthly36,36.0,0.008,2452392420.0,36,2016,2014,0.317468695,2016,rit_tminus1,10452152658.203846,0.04997650687463788,5.32545335348286,5.035077871071017e-08,1.1666252618815181e-15,1.942890293094024e-16,7.0,converged,4.460389405285739,4.090543403316779e-06,0.12884377596174773,total_liabilities,observed_market_cap,risk_neutral,physical
FRME,2018,9884.716,670.961,-0.285987915,9884716000.0,1663717532.1985543,8476456000.0,0.8575315669160348,reported,0.1910065578632851,monthly36,36.0,0.0181,1998180890.0,36,2017,2015,0.22939005,2017,rit_tminus1,10322593182.681467,0.03697381540135208,5.800294995764264,3.3099179564478107e-09,3.818170101331516e-15,5.551115123125783e-16,7.0,converged,3.759517429211017,8.512070888547324e-05,0.1155412963099853,total_liabilities,observed_market_cap,risk_neutral,physical
FRME,2019,12457.254,732.703,0.091985847,12457254000.0,1881115212.5967152,10670817000.0,0.8565946395570003,reported,0.2293374029073805,monthly36,36.0,0.021400000000000002,2424988130.0,36,2018,2016,-0.285987915,2018,rit_tminus1,12869875647.855822,0.04321260229717768,4.809778898706723,7.554866820965924e-07,7.865393686741468e-15,1.5265566588595902e-15,7.0,converged,-0.6900001931873381,0.7549029670699013,0.12992600892767,total_liabilities,observed_market_cap,risk_neutral,physical
FRME,2020,14067.21,684.912,-0.19132749,14067210000.0,2028025974.0785713,12191565000.0,0.8666654581825394,reported,0.2193495977049784,monthly36,36.0,0.0044,2181264870.0,36,2019,2017,0.091985847,2019,rit_tminus1,14319304794.04256,0.033413615039045975,4.929309751446557,4.1260325040144275e-07,6.995385692201608e-15,3.1363800445660672e-15,7.0,converged,2.0382969232841113,0.020760123698156035,0.12221612286144215,total_liabilities,observed_market_cap,risk_neutral,physical
FRME,2021,15453.149,634.25,0.269592252,15453149000.0,1912446000.1185217,13540578000.0,0.8762342225523095,reported,0.3380153535169947,monthly36,36.0,0.0004,2237362116.79,36,2020,2018,-0.19132749,2020,rit_tminus1,15772389332.771658,0.047980123448459935,3.1642040251769483,0.0007775387029409241,1.9181224137223248e-14,2.0594637106796654e-14,7.0,converged,-0.3167761343898563,0.624293262845317,0.16336241883584401,total_liabilities,observed_market_cap,risk_neutral,physical
FRME,2022,18002.199,1313.945,0.025230469,18002199000.0,2009644999.1901615,15967429000.0,0.8869710305946512,reported,0.3273766466741432,monthly36,36.0,0.014199999999999999,2432502667.13,36,2021,2019,0.269592252,2021,rit_tminus1,18174693693.484848,0.04383735237556006,3.25563351165127,0.0005656984419769255,1.9210684590550075e-14,2.425837308805967e-14,7.0,converged,2.5299303178288777,0.0057042590781945035,0.15769389306380927,total_liabilities,observed_market_cap,risk_neutral,physical
FRME,2023,18405.887,1028.776,0.054887014,18405887000.0,2222588000.6136894,16158174000.0,0.8778807563036761,reported,0.3360492670281059,monthly36,36.0,0.0495,2203446443.76,36,2022,2020,0.025230469,2022,rit_tminus1,17581124250.322514,0.04214628582661326,3.1559515096125383,0.0007998772681832448,1.3849929600705094e-14,3.9968028886505635e-15,8.0,converged,0.8880749746755136,0.1872502114997432,0.15825732285256497,total_liabilities,observed_market_cap,risk_neutral,physical
FRST,2017,2614.252,407.745,0.155077611,2614252000.0,333374177.2658182,2291480000.0,0.8765337083035606,reported,0.1677962303079194,monthly36,36.0,0.008,396304881.0,36,2016,2014,,2016,unavailable,2669526173.21032,0.024910212814229636,6.43883849046336,6.019561107675114e-11,8.422455204183759e-15,2.4980018054066022e-15,7.0,converged,,,,total_liabilities,observed_market_cap,risk_neutral,physical
FRST,2018,2701.295,238.734,-0.222250619,2701295000.0,357998445.4345277,2353005000.0,0.871065544488847,reported,0.1796820238521459,monthly36,36.0,0.0181,326834094.0,36,2017,2015,0.155077611,2017,rit_tminus1,2637632822.504616,0.022264740964006824,5.930487264871972,1.5101850505670983e-09,1.4589578228124666e-14,6.772360450213455e-15,7.0,converged,2.656343165171576,0.003949659240714287,0.10525804972354699,total_liabilities,observed_market_cap,risk_neutral,physical
FRST,2019,2722.17,191.206,0.023552939,2722170000.0,385683392.6779711,2344929000.0,0.861419014977022,reported,0.2114640605641128,monthly36,36.0,0.021400000000000002,404216145.00000006,36,2018,2016,-0.222250619,2018,rit_tminus1,2699496794.296223,0.03166412324439116,5.107008626292586,1.6364940622541837e-07,9.584728265617372e-15,2.4424906541753444e-15,7.0,converged,-0.5913855173645091,0.7228689290274755,0.11883355448877483,total_liabilities,observed_market_cap,risk_neutral,physical
FRST,2020,3088.673,231.394,-0.156639718,3088673000.0,396228943.15046006,2698119000.0,0.8735528170188298,reported,0.2172495341358971,monthly36,36.0,0.0044,299391897.0,36,2019,2017,0.023552939,2019,rit_tminus1,2985665245.6518545,0.021785023674244595,4.839582883586348,6.505596020799188e-07,9.556113501691564e-15,1.8596235662471372e-15,8.0,converged,1.056291966747094,0.14541742248636924,0.11559256529889293,total_liabilities,observed_market_cap,risk_neutral,physical
FRST,2021,3405.586,204.99,0.15265762,3405586000.0,410039000.1385082,2995547000.0,0.8795981073448152,reported,0.3308688074214926,monthly36,36.0,0.0004,369602269.76,36,2020,2018,-0.156639718,2020,rit_tminus1,3363929857.1630516,0.036376788174399835,3.1811880239994688,0.0007333620105320651,1.0966155179075172e-14,3.164135620181696e-15,8.0,converged,-0.33807718239511125,0.6323474874827303,0.15448065937327674,total_liabilities,observed_market_cap,risk_neutral,physical
FRST,2022,3566.664,426.757,0.032555417,3566664000.0,388968000.0045964,3177696000.0,0.8909434698642765,reported,0.319128326354717,monthly36,36.0,0.014199999999999999,292459149.45,36,2021,2019,0.15265762,2021,rit_tminus1,3425338172.9171658,0.0272613174795523,3.260011476583185,0.0005570385286809971,2.05843077012151e-14,5.384581669432009e-15,8.0,converged,1.5787062521689401,0.05720172504499425,0.14573988154601078,total_liabilities,observed_market_cap,risk_neutral,physical
FRST,2023,3856.546,149.032,-0.002786881,3856546000.0,376160999.8407604,3458953000.0,0.8969043802407647,reported,0.2973343514603601,monthly36,36.0,0.0495,312615557.52,36,2022,2020,0.032555417,2022,rit_tminus1,3604514119.951089,0.02579283763412083,3.504399403113399,0.00022881921565031342,3.0506297382376354e-14,4.490852134608758e-14,8.0,converged,0.7893763844912252,0.2149460271006124,0.13867317346135005,total_liabilities,observed_market_cap,risk_neutral,physical
FSBC,2022,3227.159,173.606,0.08534267,3227159000.0,313224568.17351097,2974334000.0,0.9216570983952139,reported,0.3112973075093087,peer_median,8.0,0.014199999999999999,581873640.0,8,2021,2021,,2021,unavailable,3514261298.004479,0.05155347310176504,3.485319351767278,0.0002457750021514087,8.194857533039733e-16,1.2212453270876722e-14,7.0,converged,,,,total_liabilities,observed_market_cap,risk_neutral,physical
FSBC,2023,3593.125,243.749,-0.074561534,3593125000.0,353736008.9218716,3307351000.0,0.9204664463384936,reported,0.2168923721877323,monthly_ewma,20.0,0.0495,559230980.0,20,2022,2022,0.08534267,2022,rit_tminus1,3706853980.423848,0.03272126897606664,4.981488514414764,3.154851499063705e-07,6.821326789916038e-15,2.0261570199409107e-15,7.0,converged,1.9441274387563914,0.02594004258504404,0.1205186615143066,total_liabilities,observed_market_cap,risk_neutral,physical
FSBW,2018,1621.644,147.014,-0.243543876,1621644000.0,154238918.02764884,1441606000.0,0.8889780987689037,reported,0.1688711112778893,monthly36,36.0,0.0181,164469970.74924,36,2017,2015,,2017,unavailable,1580217626.117839,0.017576203605438476,6.244257673319565,2.1290876305685474e-10,1.5039783535622358e-14,2.3314683517128287e-15,8.0,converged,,,,total_liabilities,observed_market_cap,risk_neutral,physical
FSBW,2019,1713.056,94.749,0.102400436,1713056000.0,172834110.56562012,1512814000.0,0.8831083163656063,reported,0.240838299522326,monthly36,36.0,0.021400000000000002,244672095.65058,36,2018,2016,-0.243543876,2018,rit_tminus1,1725455780.0983224,0.034151333995408074,4.460633557146489,4.085885684204187e-06,5.115816484732169e-15,1.4765966227514582e-14,7.0,converged,-0.7934371042829715,0.7862383999298231,0.12839532547590948,total_liabilities,observed_market_cap,risk_neutral,physical
FSBW,2022,2632.898,235.989,-0.05096564,2632898000.0,231697000.0895645,2401201000.0,0.9119992494961825,reported,0.3120432658003093,monthly36,36.0,0.014199999999999999,258698026.4,36,2021,2019,0.102400436,2021,rit_tminus1,2626035526.8974156,0.030751077760557806,3.3570680757788263,0.0003938685739237366,1.440014966601196e-14,4.052314039881821e-15,8.0,converged,1.3301032500497347,0.09174212743433813,0.14590955281861476,total_liabilities,observed_market_cap,risk_neutral,physical
FSBW,2023,2972.669,143.273,0.049655022,2972669000.0,264488000.03215966,2708181000.0,0.9110267574358262,reported,0.3103854347105434,monthly36,36.0,0.0495,288308143.2,36,2022,2020,-0.05096564,2022,rit_tminus1,2865690453.213189,0.031237050949775847,3.378816031625287,0.0003639935295523134,1.2197623010975873e-14,3.9968028886505635e-15,8.0,converged,0.27316723603055004,0.39236233217297284,0.14518346698666595,total_liabilities,observed_market_cap,risk_neutral,physical
FULT,2016,18944.247,1470.72,0.262842209,18944247000.0,2214865749.7471156,16823132000.0,0.8880338183935207,reported,0.195847469728139,monthly36,36.0,0.002,3358153201.392576,36,2015,2013,,2015,unavailable,20147672560.055542,0.03264326499553517,5.5693307810978805,1.2785980356966883e-08,0.0,2.7755575615628914e-17,7.0,converged,,,,total_liabilities,observed_market_cap,risk_neutral,physical
FULT,2017,20036.905,1655.87,0.14179635,20036905000.0,2313794870.5090165,17807048000.0,0.8887125032533717,reported,0.2011867729126216,monthly36,36.0,0.008,3202366878.007104,36,2016,2014,0.262842209,2016,rit_tminus1,20867526799.522305,0.030874472293434665,5.380602360731534,3.7118506127118196e-08,2.6802265869667198e-15,6.661338147750939e-16,7.0,converged,3.644076738045756,0.00013417667620711546,0.11567489635171041,total_liabilities,observed_market_cap,risk_neutral,physical
FULT,2018,20682.152,1747.056,-0.208504822,20682152000.0,2400690603.906667,18434579000.0,0.8913278946987722,reported,0.2105633479601716,monthly36,36.0,0.0181,2775891787.199808,36,2017,2015,0.14179635,2017,rit_tminus1,20879806429.624634,0.02799361021046895,5.081962481910069,1.8677760331599853e-07,7.558232297701345e-15,1.457167719820518e-14,7.0,converged,2.3572642790566323,0.009205069720920353,0.11676505020820277,total_liabilities,observed_market_cap,risk_neutral,physical
FULT,2019,21886.04,1765.01,0.048746117,21886040000.0,2593154063.141244,19543864000.0,0.8929831070399213,reported,0.2028299647378166,monthly36,36.0,0.021400000000000002,3132905368.785408,36,2018,2016,-0.208504822,2018,rit_tminus1,22262974074.861237,0.02854277756967145,5.299281839067245,5.812952828612352e-08,6.088114412316123e-15,2.942091015256665e-15,7.0,converged,-0.5784597492725612,0.7185231176083303,0.11481620484052604,total_liabilities,observed_market_cap,risk_neutral,physical
FULT,2020,25906.733,1926.329,-0.244959355,25906733000.0,2713435913.6736026,23289905000.0,0.8989904284727835,reported,0.2027240005387421,monthly36,36.0,0.0044,2293537637.60352,36,2019,2017,0.048746117,2019,rit_tminus1,25481192162.144905,0.018246994661725826,5.15998049087065,1.2348778873823988e-07,9.771518926963905e-15,1.7208456881689926e-15,8.0,converged,1.2441173544246356,0.1067281873867727,0.10982908334600029,total_liabilities,observed_market_cap,risk_neutral,physical
FULT,2021,25796.398,1038.109,0.243235097,25796398000.0,2519802000.5586333,23083718000.0,0.8948426830753657,reported,0.2696555811437982,monthly36,36.0,0.0004,2719626918.0,36,2020,2018,-0.244959355,2020,rit_tminus1,25794106192.4309,0.028432594123866214,3.9044730307931146,4.721546069186327e-05,1.6831855459484757e-14,3.9968028886505635e-15,8.0,converged,-1.0676504083243232,0.8571608819066907,0.13345989971740901,total_liabilities,observed_market_cap,risk_neutral,physical
FULT,2022,26931.702,2871.207,0.099328005,26931702000.0,2386879000.412604,24351945000.0,0.904211141204518,reported,0.2792419507300878,monthly36,36.0,0.014199999999999999,2820707999.9999995,36,2021,2019,0.243235097,2021,rit_tminus1,26829285354.69263,0.02936035844107531,3.76873088223468,8.203983682410009e-05,1.470724114785078e-14,3.6637359812630166e-15,8.0,converged,2.5193304666131624,0.0058789123245816975,0.1363605685034846,total_liabilities,observed_market_cap,risk_neutral,physical
FULT,2023,27571.915,2487.526,0.053230271,27571915000.0,2567260999.3520403,24811776000.0,0.899893097740944,reported,0.2974765074186711,monthly36,36.0,0.0495,2696171225.06,36,2022,2020,0.099328005,2022,rit_tminus1,26309629438.977448,0.030490573840536862,3.530658175593703,0.00020726353916908813,1.94542864766226e-15,3.3306690738754696e-16,8.0,converged,1.3619776040579892,0.086602476572956,0.14133611950241373,total_liabilities,observed_market_cap,risk_neutral,physical
FUNC,2018,1384.516,178.636,-0.285213052,1384516000.0,107022249.77500248,1267450000.0,0.9154462642540787,reported,0.2654544320897437,monthly36,36.0,0.0181,103139789.6,36,2017,2015,,2017,unavailable,1347855043.7592988,0.020313817845660637,3.908725550109294,4.639214859260635e-05,1.9937603641873015e-14,4.6074255521944e-15,8.0,converged,,,,total_liabilities,observed_market_cap,risk_neutral,physical
FUNC,2019,1442.027,149.657,-0.005916361,1442027000.0,114756137.46016197,1316087000.0,0.9126646033673433,reported,0.2683134309362072,monthly36,36.0,0.021400000000000002,156070196.7,36,2018,2016,-0.285213052,2018,rit_tminus1,1444291792.5925891,0.02899504759390965,3.9294915998086055,4.25628251117276e-05,1.718591423350579e-14,4.107825191113079e-15,8.0,converged,-1.367323914399956,0.9142381004538285,0.13311148767120023,total_liabilities,observed_market_cap,risk_neutral,physical
FUNC,2020,1733.414,155.089,-0.211910563,1733414000.0,121409385.25748955,1602367000.0,0.9243994798703599,reported,0.1913019358892458,monthly36,36.0,0.0044,100418765.0,36,2019,2017,-0.005916361,2019,rit_tminus1,1695750838.2726831,0.011328494948520543,5.382845383343955,3.665875671488803e-08,2.3742432910976598e-14,3.247402347028583e-15,8.0,converged,0.4792805997503071,0.315869510849293,0.1033380916361889,total_liabilities,observed_market_cap,risk_neutral,physical
FUNC,2021,1729.838,88.628,0.165370932,1729838000.0,142732036.18666086,1587938000.0,0.917969197115568,reported,0.3676285004816936,monthly36,36.0,0.0004,124937420.85,36,2020,2018,-0.211910563,2020,rit_tminus1,1712208533.7903335,0.026887785191668408,2.8037371299624807,0.0025257035566804225,3.1009939888641385e-15,1.1601830607332886e-14,8.0,converged,-0.9390220392853343,0.8261402855288993,0.15837128014598698,total_liabilities,observed_market_cap,risk_neutral,physical
FUNC,2022,1848.169,95.494,0.049625696,1848169000.0,151792999.94220188,1696376000.0,0.917868441684716,reported,0.3599808145887545,monthly36,36.0,0.014199999999999999,130995310.2,36,2021,2019,0.165370932,2021,rit_tminus1,1803426400.2066116,0.026198204778952655,2.8647393155820784,0.002086763304412024,2.1613144947772754e-15,3.2862601528904634e-14,8.0,converged,1.4613296526733897,0.07196249798901946,0.15576489598282733,total_liabilities,observed_market_cap,risk_neutral,physical
FUNC,2023,1905.86,156.347,-0.045646077,1905860000.0,161873000.08258647,1743987000.0,0.9150656396587368,reported,0.3859314557631713,monthly36,36.0,0.0495,156103766.88000005,36,2022,2020,0.049625696,2022,rit_tminus1,1815803789.010354,0.033288344313835136,2.6826296777200245,0.0036522913058556826,3.8182707545558366e-16,1.1102230246251565e-16,9.0,converged,0.7315443274686156,0.23222336963435436,0.1661549910881511,total_liabilities,observed_market_cap,risk_neutral,physical
FVCB,2019,1537.295,49.487,-0.090554457,1537295000.0,185404477.55405882,1358217000.0,0.8835109721946666,reported,0.2060016843374684,monthly36,36.0,0.021400000000000002,251449204.00000003,36,2018,2016,,2018,unavailable,1580909157.5235336,0.03276529979497362,5.270530291638421,6.801508647358161e-08,6.518723087002661e-15,1.0824674490095276e-15,7.0,converged,,,,total_liabilities,observed_market_cap,risk_neutral,physical
FVCB,2020,1821.481,69.085,-0.161476753,1821481000.0,201876978.0896406,1631981000.0,0.8959637789249517,reported,0.2177740597889497,monthly36,36.0,0.0044,211580040.0,36,2019,2017,-0.090554457,2019,rit_tminus1,1836396093.622398,0.02509081103270953,4.866148699692132,5.68969569022883e-07,3.2002487788944434e-13,3.51163542688937e-13,7.0,converged,0.20819655605567627,0.4175377487724978,0.1174501258977657,total_liabilities,observed_market_cap,risk_neutral,physical
FVCB,2021,2202.924,44.51,0.011994468,2202924000.0,221430218.04470137,1993128000.0,0.9047647581123996,reported,0.2818378949003003,monthly36,36.0,0.0004,285129292.0,36,2020,2018,-0.161476753,2020,rit_tminus1,2277458867.712396,0.0352875163741708,3.7727909194924596,8.071578170243675e-05,3.762796864648446e-14,1.1618483952702263e-13,7.0,converged,-0.2677683186459614,0.6055611707405928,0.1406563650662528,total_liabilities,observed_market_cap,risk_neutral,physical
FVCB,2022,2344.322,284.565,0.062511855,2344322000.0,208362405.82183602,2141940000.0,0.9136714154454891,reported,0.2559131866393263,monthly36,36.0,0.014199999999999999,274478324.0,36,2021,2019,0.011994468,2021,rit_tminus1,2386217468.7360396,0.02943726337262142,4.136397631787503,1.7640031703772712e-05,2.866460635467726e-14,1.8263168755083825e-13,7.0,converged,0.9539227107461251,0.1700613833145101,0.13010052613134426,total_liabilities,observed_market_cap,risk_neutral,physical
FVCB,2023,2190.558,104.62,-0.109755206,2190558000.0,219366631.2287438,1973441000.0,0.9008850712923374,reported,0.2433741784168388,monthly36,36.0,0.0495,255479300.0,36,2022,2020,0.062511855,2022,rit_tminus1,2133613205.3749468,0.02914184037933989,4.361891303951619,6.447146497346827e-06,7.951040628126477e-13,5.17808018685173e-13,7.0,converged,1.3988907239987178,0.08092287731786396,0.12603423291864013,total_liabilities,observed_market_cap,risk_neutral,physical
GABC,2017,3144.36,275.216,0.127403726,3144360000.0,595802571.4277673,2779789000.0,0.8840555788777367,reported,0.2188544090193913,monthly36,36.0,0.008,1324193131.0,36,2016,2014,,2016,unavailable,4081832534.838041,0.07099887282682264,5.488123645445656,2.0311284279919385e-08,3.2408674560841874e-15,4.996003610813204e-16,7.0,converged,,,,total_liabilities,observed_market_cap,risk_neutral,physical
GABC,2018,3929.09,376.409,-0.190034954,3929090000.0,688502139.5234985,3470450000.0,0.883270680997381,reported,0.2268524228069494,monthly36,36.0,0.0181,1040839039.0,36,2017,2015,0.127403726,2017,rit_tminus1,4449038946.880079,0.05307144154900095,4.995069676298469,2.9407264538407714e-07,4.581276646399165e-16,5.551115123125783e-17,7.0,converged,2.831676147552475,0.0023152360518381818,0.1344315006617782,total_liabilities,observed_market_cap,risk_neutral,physical
GABC,2019,4397.672,349.686,0.013796707,4397672000.0,806376908.4900552,3823852000.0,0.8695173264399891,reported,0.2427941050713327,monthly36,36.0,0.021400000000000002,1335062534.0,36,2018,2016,-0.190034954,2018,rit_tminus1,5077953426.678922,0.063833897172726,4.7468923306942745,1.0328291931901413e-06,1.0714939848723034e-15,1.3877787807814457e-16,7.0,converged,0.6828767703957485,0.24734235684405886,0.14488320930635173,total_liabilities,observed_market_cap,risk_neutral,physical
GABC,2020,4977.577,194.529,-0.153076657,4977577000.0,883495279.8522178,4352868000.0,0.8744953618999767,reported,0.2158558412679328,monthly36,36.0,0.0044,1240236363.0000002,36,2019,2017,0.013796707,2019,rit_tminus1,5573993814.44259,0.04802880865534265,5.216108934006028,9.13603718325248e-08,3.652491684707753e-15,6.106226635438361e-16,7.0,converged,1.9895485974702798,0.0233203416755717,0.12877529414401745,total_liabilities,observed_market_cap,risk_neutral,physical
GABC,2021,5608.539,152.183,0.133461748,5608539000.0,668458999.8928224,4940080000.0,0.8808140587058412,reported,0.2114087260826425,monthly36,36.0,0.0004,1035055741.84,36,2020,2018,-0.153076657,2020,rit_tminus1,5973160101.311666,0.03663384748523468,5.17618502524503,1.1323443652805479e-07,6.3344520109009555e-15,1.1379786002407855e-15,7.0,converged,0.24452662640877895,0.4034114914256536,0.12165712246558183,total_liabilities,observed_market_cap,risk_neutral,physical
GABC,2022,6155.991,203.806,0.043966023,6155991000.0,558392999.9848933,5597598000.0,0.9092927523773183,reported,0.2320152971133607,monthly36,36.0,0.014199999999999999,1100096098.9,36,2021,2019,0.133461748,2021,rit_tminus1,6618769839.668735,0.03856296741823472,4.694358644992109,1.3372223326663487e-06,4.767955040908812e-15,1.2490009027033011e-15,7.0,converged,2.3731500866769366,0.008818547773420385,0.12837270578743376,total_liabilities,observed_market_cap,risk_neutral,physical
GABC,2023,6152.198,193.937,-0.00133019,6152198000.0,663557999.8950824,5488640000.0,0.8921429381824187,reported,0.2527247687619596,monthly36,36.0,0.0495,958840418.69,36,2022,2020,0.043966023,2022,rit_tminus1,6182407013.2249155,0.039195837442926595,4.280021359122287,9.343768894977671e-06,4.4757546096058024e-15,3.497202527569243e-15,7.0,converged,1.463456647221294,0.0716712339894733,0.13393348807919514,total_liabilities,observed_market_cap,risk_neutral,physical
GBCI,2016,9450.6,855.83,0.215206185,9450600000.0,1730192865.8047512,8333731000.0,0.8818203077053309,reported,0.2704162514520317,monthly36,36.0,0.002,4153960397.921,36,2015,2013,,2015,unavailable,12471039948.055853,0.09007280280102352,4.452413267651165,4.245527090797083e-06,3.788102127448925e-15,7.771561172376096e-16,7.0,converged,,,,total_liabilities,observed_market_cap,risk_neutral,physical
GBCI,2017,9706.349,850.927,0.176470739,9706349000.0,1822235058.5548267,8507292000.0,0.8764667332691211,reported,0.2731697715703903,monthly36,36.0,0.008,4593898819.195,36,2016,2014,0.215206185,2016,rit_tminus1,13033403336.944841,0.0962847110289215,4.4654701039015094,3.994656428751711e-06,2.0759584700068878e-16,5.551115123125783e-17,7.0,converged,3.66217324164782,0.00012504231879678944,0.1725997793135402,total_liabilities,observed_market_cap,risk_neutral,physical
GBCI,2018,12115.484,985.276,-0.210701142,12115484000.0,2126116656.95326,10599630000.0,0.874882918420758,reported,0.2657750739307414,monthly36,36.0,0.0181,4620722782.876,36,2017,2015,0.176470739,2017,rit_tminus1,15030224600.545498,0.0817071254946194,4.455009558905745,4.1944728493805095e-06,2.6830794003107697e-15,4.996003610813204e-16,7.0,converged,3.2463970901740313,0.0005843784720254176,0.16177902287026885,total_liabilities,observed_market_cap,risk_neutral,physical
GBCI,2019,13683.999,777.169,0.05137393,13683999000.0,2518621375.008974,11723266000.0,0.8567134505052215,reported,0.2509291851815625,monthly36,36.0,0.021400000000000002,5402887864.605,36,2018,2016,-0.210701142,2018,rit_tminus1,16877941150.627201,0.08032633259544635,4.763144606417983,9.52995752681493e-07,3.177215245900259e-15,4.996003610813204e-16,7.0,converged,0.9985964410556369,0.15899511244451858,0.1563300766138547,total_liabilities,observed_market_cap,risk_neutral,physical
GBCI,2020,18504.206,1177.61,-0.067987049,18504206000.0,2866057052.0726438,16197165000.0,0.8753234264685553,reported,0.2276690989007021,monthly36,36.0,0.0044,5428956552.607,36,2019,2017,0.05137393,2019,rit_tminus1,21555010544.199837,0.05734192827976322,5.031711188265865,2.430606065513059e-07,4.2159452506134035e-15,7.494005416219807e-16,7.0,converged,2.412172522658286,0.007928887934651215,0.13723044972062204,total_liabilities,observed_market_cap,risk_neutral,physical
GBCI,2021,25940.645,1197.508,0.122235286,25940645000.0,3177622021.6872845,22763023000.0,0.8775041252829295,reported,0.2774083160549685,monthly36,36.0,0.0004,6265426961.765323,36,2020,2018,-0.067987049,2020,rit_tminus1,29019338193.39692,0.05989519445458316,4.030896065521404,2.7782305953366215e-05,5.63185077766659e-15,1.2212453270876722e-15,7.0,converged,1.064570345027867,0.14353520274554443,0.15346653604943042,total_liabilities,observed_market_cap,risk_neutral,physical
GBCI,2022,26635.375,2955.991,-0.02922356,26635375000.0,2843305000.041315,23792070000.0,0.8932507989844333,reported,0.2589502266986137,monthly36,36.0,0.014199999999999999,5474637887.6,36,2021,2019,0.122235286,2021,rit_tminus1,28931245364.514694,0.049001365806456906,4.256397007232623,1.0387383547606777e-05,6.6195472225697126e-15,1.4432899320127035e-15,7.0,converged,2.25307385276851,0.012127246395912152,0.14171401573582573,total_liabilities,observed_market_cap,risk_neutral,physical
GNTY,2018,2266.97,140.174,-0.127821346,2266970000.0,213244036.96816307,2022387000.0,0.8921101734914887,reported,,,,0.0181,307566225.977,0,2017,2017,,2017,unavailable,,,,,,,,not_attempted,,,,total_liabilities,observed_market_cap,risk_neutral,physical
GNTY,2019,2318.444,77.028,0.011154653,2318444000.0,233615189.5941963,2056893000.0,0.8871868373788627,reported,,,,0.021400000000000002,339127342.096,0,2018,2018,-0.127821346,2018,rit_tminus1,,,,,,,,not_attempted,,,,total_liabilities,observed_market_cap,risk_neutral,physical
GNTY,2020,2740.832,156.542,-0.057106539,2740832000.0,257151816.3521573,2468189000.0,0.9005254608819512,reported,,,,0.0044,308907048.5125,0,2019,2019,0.011154653,2019,rit_tminus1,,,,,,,,not_attempted,,,,total_liabilities,observed_market_cap,risk_neutral,physical
GNTY,2021,3086.07,86.461,0.053330761,3086070000.0,282838322.18229294,2783856000.0,0.9020715667499442,reported,,,,0.0004,426363890.0,0,2020,2020,-0.057106539,2020,rit_tminus1,,,,,,,,not_attempted,,,,total_liabilities,observed_market_cap,risk_neutral,physical
GNTY,2022,3351.495,346.374,0.000328446,3351495000.0,280257318.4242221,3055937000.0,0.9118130863987564,reported,,,,0.014199999999999999,393008120.0,0,2021,2021,0.053330761,2021,rit_tminus1,,,,,,,,not_attempted,,,,total_liabilities,observed_market_cap,risk_neutral,physical
GSBC,2017,4414.521,324.097,0.143983857,4414521000.0,383954565.9303186,3942859000.0,0.8931566980879693,reported,0.2630018173905091,monthly36,36.0,0.008,574331044.4017,36,2016,2014,,2016,unavailable,4485772266.094444,0.033673896636275694,4.051732131627687,2.5419925722396527e-05,4.6493883831740785e-14,1.0813572259849025e-13,7.0,converged,,,,total_liabilities,observed_market_cap,risk_neutral,physical
GSBC,2018,4676.2,397.594,-0.205991358,4676200000.0,431105479.6205085,4144223000.0,0.8862373294555408,reported,0.236912500213872,monthly36,36.0,0.0181,511838489.4083,36,2017,2015,0.143983857,2017,rit_tminus1,4581725731.084658,0.02646630919258465,4.462661358057125,4.047396465952334e-06,7.720771357341217e-14,2.750022431996513e-13,7.0,converged,2.051211808112068,0.0201231622367544,0.12326440396683971,total_liabilities,observed_market_cap,risk_neutral,physical
GSBC,2019,5015.072,412.374,0.031233206,5015072000.0,484950238.1926591,4412006000.0,0.8797492837590367,reported,0.2330719656059207,monthly36,36.0,0.021400000000000002,714139126.1483,36,2018,2016,-0.205991358,2018,rit_tminus1,5032731233.741895,0.03307271676274108,4.610642150783366,2.0071351707045333e-06,7.845581349261094e-15,1.1823875212257917e-14,7.0,converged,-0.5082291894283351,0.6943536886798997,0.12565481890731067,total_liabilities,observed_market_cap,risk_neutral,physical
GSBC,2020,5526.42,339.863,-0.173882468,5526420000.0,525122826.94135636,4896679000.0,0.8860490154566609,reported,0.2226317202571832,monthly36,36.0,0.0044,560780310.0,36,2019,2017,0.031233206,2019,rit_tminus1,5435961228.211264,0.022966979617411797,4.7291983687117,1.1270403287992359e-06,6.802480753336365e-15,1.4155343563970746e-15,8.0,converged,1.1279579992001867,0.129668828745654,0.11767755212653384,total_liabilities,observed_market_cap,risk_neutral,physical
GSBC,2021,5449.944,238.713,0.17163357,5449944000.0,616752000.0475347,4833192000.0,0.8868333325993808,reported,0.2864177381672977,monthly36,36.0,0.0004,777863210.25,36,2020,2018,-0.173882468,2020,rit_tminus1,5609118119.027442,0.039723077000201515,3.738316363756723,9.262836794197087e-05,8.704727974354505e-14,1.04638520070921e-13,7.0,converged,-0.24287599794392317,0.5959492701042471,0.14445257997012553,total_liabilities,observed_market_cap,risk_neutral,physical
GSBC,2022,5680.702,366.481,0.050830689,5680702000.0,533087000.09663033,5147615000.0,0.9061582529764807,reported,0.270209238495549,monthly36,36.0,0.014199999999999999,727639442.1,36,2021,2019,0.17163357,2021,rit_tminus1,5802673235.609183,0.03388471574048834,3.9372066004472055,4.121781486465312e-05,1.8840468926168787e-14,8.165690346118026e-14,7.0,converged,2.1584494344756506,0.015446452894792845,0.13645858911383085,total_liabilities,observed_market_cap,risk_neutral,physical
GSBC,2023,5812.402,423.806,0.016614951,5812402000.0,571828999.8338667,5240573000.0,0.9016191584821559,reported,0.2433827193063048,monthly36,36.0,0.0495,700592920.5,36,2022,2020,0.050830689,2022,rit_tminus1,5688073082.497189,0.029977310768735162,4.369684088382531,6.221320483966793e-06,3.484771510762076e-13,3.1988300897012323e-13,7.0,converged,1.330758956887019,0.09163416840310468,0.12647468477375876,total_liabilities,observed_market_cap,risk_neutral,physical
HAFC,2017,5210.485,267.27,0.178367589,5210485000.0,523982696.7470199,4648008000.0,0.8920490127118684,reported,0.2332222112084009,monthly36,36.0,0.008,916937235.0,36,2016,2014,,2016,unavailable,5527909458.371926,0.03868558249781047,4.6689921172771465,1.5134049554634776e-06,6.240389941670871e-15,1.7208456881689926e-15,7.0,converged,,,,total_liabilities,observed_market_cap,risk_neutral,physical
HAFC,2018,5502.219,172.808,-0.313288738,5502219000.0,539769910.7418386,4949651000.0,0.8995736083932683,reported,0.2513299369028269,monthly36,36.0,0.0181,595178370.0,36,2017,2015,0.178367589,2017,rit_tminus1,5456046210.49814,0.0274169077867543,4.199287483696751,1.3387809812607726e-05,1.6023336271549149e-15,3.3306690738754696e-16,8.0,converged,2.2221280618010137,0.013137326164961799,0.12769871051203888,total_liabilities,observed_market_cap,risk_neutral,physical
HAFC,2019,5538.184,208.377,0.001900403,5538184000.0,552522294.9268179,4974917000.0,0.8982939172840773,reported,0.2884592864548441,monthly36,36.0,0.021400000000000002,604090939.5,36,2018,2016,-0.313288738,2018,rit_tminus1,5473671022.440058,0.03183882855297756,3.6569802767795134,0.0001276020044046836,5.841165195464954e-14,2.8954616482224083e-13,7.0,converged,-1.4879712139372931,0.9316207573571633,0.14012647980387855,total_liabilities,observed_market_cap,risk_neutral,physical
HAFC,2020,6201.888,268.972,-0.335777677,6201888000.0,567543612.0685945,5624844000.0,0.9069567202761482,reported,0.2858364028417111,monthly36,36.0,0.0044,342605214.0,36,2019,2017,0.001900403,2019,rit_tminus1,5942750592.930472,0.016481253033907187,3.5945724898305382,0.00016246233550035148,5.5671909091625795e-15,1.4432899320127035e-15,9.0,converged,0.4007736733741257,0.3442933816986353,0.13089638601506162,total_liabilities,observed_market_cap,risk_neutral,physical
HBAN,2016,99714.097,12001.813,0.327723719,99714097000.0,12394379554.105717,89405951000.0,0.8966229820042396,reported,0.1557607030051082,monthly36,36.0,0.002,19259027988.48,36,2015,2013,,2015,unavailable,108486345779.2332,0.02765140365947444,7.054064093417353,8.688313792434188e-13,7.328708329026353e-15,4.413136522884997e-15,7.0,converged,,,,total_liabilities,observed_market_cap,risk_neutral,physical
HBAN,2017,104185.0,14262.0,0.249126053,104185000000.0,13240061954.72754,93371000000.0,0.896203868119211,reported,0.2514338837077864,monthly36,36.0,0.008,21211153367.04,36,2016,2014,0.327723719,2016,rit_tminus1,113838159899.0652,0.04684921493084068,4.377865478530828,5.992364050063792e-06,3.2371908115071104e-15,6.106226635438361e-16,7.0,converged,3.774729561253907,8.009067114418098e-05,0.13851119473271845,total_liabilities,observed_market_cap,risk_neutral,physical
HBAN,2018,108781.0,10642.0,-0.303162996,108781000000.0,13776665255.682737,97679000000.0,0.8979417361487759,reported,0.2579695895157227,monthly36,36.0,0.0181,17365175009.28,36,2017,2015,0.249126053,2017,rit_tminus1,113292077824.81416,0.03954151135469143,4.188026203471081,1.406955169833444e-05,1.7574011266049043e-15,1.0602629885170245e-14,7.0,converged,2.9635640195253505,0.0015204939926777947,0.1361493526406335,total_liabilities,observed_market_cap,risk_neutral,physical
HBAN,2019,109002.0,12455.0,0.100094031,109002000000.0,15127920266.646784,97207000000.0,0.8917909763123613,reported,0.2831113551556396,monthly36,36.0,0.021400000000000002,21968694558.72,36,2018,2016,-0.303162996,2018,rit_tminus1,117117506238.6561,0.05310770752719258,3.8850258766269636,5.1159494851966156e-05,6.251127084289593e-15,9.43689570931383e-16,7.0,converged,-0.7349758272160584,0.7688228920171631,0.15070219082150077,total_liabilities,observed_market_cap,risk_neutral,physical
HBAN,2020,123038.0,8535.0,-0.173552121,123038000000.0,15470420103.338581,110045000000.0,0.8943984785188316,reported,0.2394732874004738,monthly36,36.0,0.0044,18399510097.92,36,2019,2017,0.100094031,2019,rit_tminus1,127961373055.97287,0.034433863408364074,4.491108796637628,3.5426672211229383e-06,1.0780953229560412e-14,4.5352610555937645e-14,7.0,converged,1.9189144643920628,0.027497579882316037,0.12843406569208085,total_liabilities,observed_market_cap,risk_neutral,physical
HBAN,2021,174064.0,7442.0,0.269504133,174064000000.0,17129999993.718224,154746000000.0,0.8890178325213715,reported,0.3538544218320251,monthly36,36.0,0.0004,22169984292.24,36,2020,2018,-0.173552121,2020,rit_tminus1,176851441731.1808,0.04441189764250818,2.99331493457871,0.0013798240898652391,4.9899097466589854e-15,3.347322419244847e-14,7.0,converged,-0.32244360134798994,0.6264416712791372,0.16545501064283563,total_liabilities,observed_market_cap,risk_neutral,physical
HBAN,2022,182906.0,11713.0,0.004706964,182906000000.0,15563999997.411512,165137000000.0,0.9028517380512394,reported,0.3472270821574933,monthly36,36.0,0.014199999999999999,20347259307.6,36,2021,2019,0.269504133,2021,rit_tminus1,183153745630.62778,0.03861633408470635,3.029932796666982,0.001223040799512893,9.37398302138941e-15,2.7200464103316335e-15,8.0,converged,2.3323387872615386,0.009841437783970714,0.1598894658584389,total_liabilities,observed_market_cap,risk_neutral,physical
HBCP,2018,2153.658,64.237,-0.191038521,2153658000.0,250757584.94200838,1849618000.0,0.8588262388921547,reported,0.2190269328611908,monthly36,36.0,0.0181,276168498.0,36,2017,2015,,2017,unavailable,2092609563.9338865,0.02890571062264685,4.881906652290914,5.253249619237072e-07,1.8129476016967048e-14,1.7735812818386876e-14,7.0,converged,,,,total_liabilities,observed_market_cap,risk_neutral,physical
HBCP,2019,2200.465,46.159,0.016100267,2200465000.0,266719420.78493923,1884136000.0,0.8562444755994756,reported,0.2242921117241295,monthly36,36.0,0.021400000000000002,305735690.3,36,2018,2016,-0.191038521,2018,rit_tminus1,2149979538.9394317,0.03189525776651277,4.793198798446428,8.207141219481265e-07,4.483960732516364e-15,5.10702591327572e-15,7.0,converged,-0.39303634003755544,0.6528536793577746,0.12257801009515384,total_liabilities,observed_market_cap,risk_neutral,physical
HBCP,2020,2591.85,34.363,-0.166076415,2591850000.0,287274444.8098957,2270008000.0,0.875825375696896,reported,0.1989534914845428,monthly36,36.0,0.0044,218360346.3,36,2019,2017,0.016100267,2019,rit_tminus1,2478402252.0567904,0.017528856027609566,5.252887758087942,7.486639608651119e-08,8.18893802634402e-16,2.220446049250313e-16,8.0,converged,0.9411613126071133,0.17331109956673968,0.1084447397122156,total_liabilities,observed_market_cap,risk_neutral,physical
HBCP,2021,2938.244,31.585,0.145550163,2938244000.0,341955926.38290596,2586341000.0,0.8802335680767152,reported,0.2638932145612223,monthly36,36.0,0.0004,343946920.31,36,2020,2018,-0.166076415,2020,rit_tminus1,2929253059.7299027,0.030986608982471207,4.015387475048037,2.9674104834310325e-05,7.05314948065801e-14,2.1466162181127402e-13,7.0,converged,-0.3758114959423704,0.6464714796298212,0.13333562406661936,total_liabilities,observed_market_cap,risk_neutral,physical
HBCP,2022,3228.28,235.765,0.052700786,3228280000.0,329953999.90295315,2898326000.0,0.8977926326093152,reported,0.2857728667860665,monthly36,36.0,0.014199999999999999,331691942.52,36,2021,2019,0.145550163,2021,rit_tminus1,3189150165.129543,0.02972528720054299,3.6796734496191092,0.00011676640290451865,5.750361670897365e-15,1.3877787807814457e-15,8.0,converged,1.7664947499062447,0.03865644079978597,0.13831829969042392,total_liabilities,observed_market_cap,risk_neutral,physical
HBCP,2023,3320.122,252.493,0.004171473,3320122000.0,367444000.0556769,2952678000.0,0.8893281632421941,reported,0.3000604995608521,monthly36,36.0,0.0495,342729384.81,36,2022,2020,0.052700786,2022,rit_tminus1,3152803176.484196,0.03262488630449111,3.51103775731932,0.0002231804975362801,5.391262231750129e-15,1.3322676295501878e-15,8.0,converged,1.063132125092782,0.14386101888233688,0.14322021657363873,total_liabilities,observed_market_cap,risk_neutral,physical
HBNC,2017,3964.303,601.81,0.22347289,3964303000.0,526338942.664231,3507225000.0,0.8847015477878457,reported,0.2511155549446464,monthly36,36.0,0.008,817270386.2738999,36,2016,2014,,2016,unavailable,4296549327.059473,0.047766291038965576,4.393187708643619,5.58503010905181e-06,4.230019165057639e-15,8.326672684688674e-16,7.0,converged,,,,total_liabilities,observed_market_cap,risk_neutral,physical
HBNC,2018,4246.688,588.221,-0.318033506,4246688000.0,565349543.4358274,3754696000.0,0.8841468928256562,reported,0.2304744978525426,monthly36,36.0,0.0181,695855394.0,36,2017,2015,0.22347289,2017,rit_tminus1,4383202707.175618,0.036589019966059254,4.706411038582382,1.2605796499026362e-06,8.908292024593583e-15,6.661338147750939e-16,7.0,converged,3.0391758450269424,0.0011861317139121802,0.12682746278772009,total_liabilities,observed_market_cap,risk_neutral,physical
HBNC,2019,5246.829,606.052,0.012315559,5246829000.0,643209497.0637225,4590806000.0,0.8749677185972708,reported,0.2508439253277142,monthly36,36.0,0.021400000000000002,837848700.0,36,2018,2016,-0.318033506,2018,rit_tminus1,5331454901.986298,0.03942088004683116,4.31729466150314,7.897661741620634e-06,1.1382416854096091e-15,3.9968028886505635e-15,7.0,converged,-1.1891338211393898,0.8828064943378975,0.13403016885624133,total_liabilities,observed_market_cap,risk_neutral,physical
HBNC,2020,5886.614,590.151,-0.132677756,5886614000.0,695635042.8253586,5194398000.0,0.8824084609590505,reported,0.2152154145358424,monthly36,36.0,0.0044,699383178.0,36,2019,2017,0.012315559,2019,rit_tminus1,5870976024.908627,0.02563766108443984,4.934596451489405,4.0158324019414114e-07,2.1272057727327123e-13,2.6798008256889716e-13,7.0,converged,1.1261339284630962,0.13005441740548274,0.11702446179300661,total_liabilities,observed_market_cap,risk_neutral,physical
HBNC,2021,7411.889,828.274,0.136670742,7411889000.0,718859668.9115858,6688680000.0,0.9024258188432126,reported,0.3920568009088778,monthly36,36.0,0.0004,907974590.7,36,2020,2018,-0.132677756,2020,rit_tminus1,7593632332.899249,0.04702721477675354,2.683291388696444,0.0036450720503098492,2.119043807014774e-13,3.7403413699621524e-13,7.0,converged,-0.1189913129308975,0.5473588809199003,0.17718289255378133,total_liabilities,observed_market_cap,risk_neutral,physical
HBNC,2022,7872.518,1258.872,-0.022441571,7872518000.0,677375000.1074718,7195143000.0,0.9139570084183993,reported,0.3767248097452245,monthly36,36.0,0.014199999999999999,662583366.12,36,2021,2019,0.136670742,2021,rit_tminus1,7756073500.836608,0.03226976061091638,2.750232059909884,0.002977653656979625,1.3133861461337935e-14,4.496403249731884e-15,9.0,converged,1.2903622655110292,0.09846245363708461,0.16378986770680626,total_liabilities,observed_market_cap,risk_neutral,physical
HBNC,2023,7940.485,1465.851,-0.059843333,7940485000.0,718811999.6801218,7221673000.0,0.9094750509572148,reported,0.392024982646892,monthly36,36.0,0.0495,631159349.94,36,2022,2020,-0.022441571,2022,rit_tminus1,7503769397.395292,0.03309976849384314,2.636605744616537,0.004187004774940185,1.7376364050876305e-14,6.050715484207103e-15,9.0,converged,0.2821759571917827,0.3889042964620567,0.16761887719968213,total_liabilities,observed_market_cap,risk_neutral,physical
HBT,2021,4314.254,138.286,0.160063871,4314254000.0,447537761.1116003,3902373000.0,0.9045301922418105,reported,0.4552160419263407,monthly_ewma,15.0,0.0004,589908842.0,15,2020,2020,,2020,unavailable,4489874695.905257,0.060360509208045955,2.2998193793095316,0.010729227533668022,1.0508205023040873e-14,3.885780586188048e-15,8.0,converged,,,,total_liabilities,observed_market_cap,risk_neutral,physical
HBT,2022,4286.734,280.256,-0.014946262,4286734000.0000005,409273549.2482077,3913102000.0,0.9128399382840175,reported,0.3878721507711861,monthly36,27.0,0.014199999999999999,616364978.0,27,2021,2020,0.160063871,2021,rit_tminus1,4474103722.548734,0.053574416612018165,2.7390037368623825,0.003081283649318781,2.3208837712537505e-15,2.930988785010413e-14,7.0,converged,1.6143681819045914,0.05322379450043925,0.17975000940798386,total_liabilities,observed_market_cap,risk_neutral,physical
HFWA,2017,4113.27,144.33,0.099017222,4113270000.0000005,579261674.7775279,3604965000.0,0.8764231377954765,reported,0.209559356696531,monthly36,36.0,0.008,1043642999.4705,36,2016,2014,,2016,unavailable,4619883330.2799,0.04733997506617057,5.385234205567627,3.617518861375737e-08,4.568968109258165e-16,2.7755575615628914e-17,7.0,converged,,,,total_liabilities,observed_market_cap,risk_neutral,physical
HFWA,2018,5316.927,51.789,-0.225718828,5316927000.0,703606861.1146917,4556204000.0,0.8569243098504079,reported,0.228687990028969,monthly36,36.0,0.0181,1010103275.61,36,2017,2015,0.099017222,2017,rit_tminus1,5484581802.692212,0.042117819719426755,4.811836706835017,7.477476124848364e-07,5.074728074303105e-15,1.0547118733938987e-15,7.0,converged,2.251220984722536,0.012185772218239459,0.12922318800170615,total_liabilities,observed_market_cap,risk_neutral,physical
HFWA,2019,5552.97,40.764,-0.046138743,5552970000.0,753766093.4167391,4743659000.0,0.8542561908312128,reported,0.2478284050101531,monthly36,36.0,0.021400000000000002,965185650.0,36,2018,2016,-0.225718828,2018,rit_tminus1,5608408629.146922,0.0426505032066436,4.406717079285628,5.247456213655633e-06,8.892661062310914e-15,1.4432899320127035e-15,7.0,converged,-0.36770404761916725,0.643453038936537,0.1349286551611984,total_liabilities,observed_market_cap,risk_neutral,physical
HFWA,2020,6615.318,56.57,-0.289240795,6615318000.0,779162758.355537,5794879000.0,0.875978902299179,reported,0.2164076289832334,monthly36,36.0,0.0044,797727645.0,36,2019,2017,-0.046138743,2019,rit_tminus1,6567165176.857583,0.026287509314414627,4.91344177302542,4.4745659363806366e-07,1.8649622373231782e-13,2.1999069232947477e-13,7.0,converged,0.6449913605461111,0.25946639221563883,0.11769127845295724,total_liabilities,observed_market_cap,risk_neutral,physical
HFWA,2021,7432.412,72.019,0.162062601,7432412000.0,854432000.4064059,6577980000.0,0.8850397421456184,reported,0.2442847949953926,monthly36,36.0,0.0004,857985238.76,36,2020,2018,-0.289240795,2020,rit_tminus1,7433334290.386508,0.028196510398490818,4.335617702263621,7.267568604107066e-06,2.3925632672086897e-13,4.1752712398590575e-13,7.0,converged,-1.3811402906964176,0.9163820852989961,0.12644180572612462,total_liabilities,observed_market_cap,risk_neutral,physical
HFWA,2022,6980.1,68.07,0.133211086,6980100000.0,797893000.1907499,6182207000.0,0.885690319622928,reported,0.241186573776509,monthly36,36.0,0.014199999999999999,1075669196.08,36,2021,2019,0.162062601,2021,rit_tminus1,7170709034.525715,0.03618021682509017,4.474122088784295,3.83629476795857e-06,2.659760974512437e-15,8.992806499463768e-15,7.0,converged,2.421550055177844,0.007727236243038338,0.12969546788420844,total_liabilities,observed_market_cap,risk_neutral,physical
HFWA,2023,7174.957,521.765,-0.045065414,7174957000.0,853261000.0243976,6321696000.0,0.8810778935678639,reported,0.2760672582857104,monthly36,36.0,0.0495,746644323.87,36,2022,2020,0.133211086,2022,rit_tminus1,6763032201.907427,0.030479828542939732,3.8228332989952727,6.596348706178831e-05,1.5167707227217897e-14,3.7192471324942744e-15,9.0,converged,1.737784634961484,0.04112438452040583,0.13560639812112465,total_liabilities,observed_market_cap,risk_neutral,physical
HIFS,2017,2284.599,579.976,0.219354805,2284599000.0,190391343.49577135,2098441000.0,0.91851611595733,reported,0.2065478640588502,monthly36,36.0,0.008,445001829.375,36,2016,2014,,2016,unavailable,2526722272.037255,0.03637684385033397,5.307403618656489,5.559888427953586e-08,5.357698853427607e-15,8.881784197001252e-16,7.0,converged,,,,total_liabilities,observed_market_cap,risk_neutral,physical
HIFS,2018,2408.587,607.351,-0.198682411,2408587000.0,217410104.07849464,2196011000.0,0.9117424448442178,reported,0.222490128868289,monthly36,36.0,0.0181,425818448.89375,36,2017,2015,0.219354805,2017,rit_tminus1,2582439199.4608135,0.036686416678029486,4.893334246739809,4.957090811052721e-07,1.1618062883864952e-14,2.0816681711721685e-15,7.0,converged,3.120475662686328,0.0009027960872147145,0.12460331632297929,total_liabilities,observed_market_cap,risk_neutral,physical
HIFS,2019,2590.346,505.887,0.1286627,2590346000.0,252489836.20844686,2343123000.0,0.9045598541662002,reported,0.2308656494411924,monthly36,36.0,0.021400000000000002,453791876.4312501,36,2018,2016,-0.198682411,2018,rit_tminus1,2747304745.112688,0.038133760463944275,4.715207454219504,1.2073229938511673e-06,5.253919064760586e-15,6.938893903907228e-16,7.0,converged,-0.23339110097065266,0.5922711386049918,0.12769704310703064,total_liabilities,observed_market_cap,risk_neutral,physical
HIFS,2020,2857.093,408.031,0.00474543,2857093000.0,298882977.7835915,2564150000.0,0.8974681608194063,reported,0.2189505711866697,monthly36,36.0,0.0044,469195309.89375,36,2019,2017,0.1286627,2019,rit_tminus1,3022087828.3628445,0.033993258810945136,4.946366479485935,3.7805774151459263e-07,7.495117635648156e-15,4.440892098500626e-16,7.0,converged,2.3627524987070885,0.009069889805720098,0.12240400282334596,total_liabilities,observed_market_cap,risk_neutral,physical
HIFS,2023,4483.947,1692.675,0.078480241,4483947000.0,407620000.1399037,4076327000.0,0.909093483932794,reported,0.3002191485725409,monthly36,36.0,0.0495,420370560.0,36,2022,2020,0.00474543,2022,rit_tminus1,4299825101.452911,0.02935715403091652,3.4896805250008027,0.00024179915123035745,3.4029773031902498e-15,1.7208456881689926e-15,8.0,converged,0.6567998262438656,0.25565481798461853,0.14142990237461672,total_liabilities,observed_market_cap,risk_neutral,physical
HMST,2017,6742.041,1104.475,0.289895391,6742041000.0,495659414.99199235,6037661000.0,0.895524218853015,reported,,,,0.008,547757160.0,0,2016,2016,,2016,unavailable,,,,,,,,not_attempted,,,,total_liabilities,observed_market_cap,risk_neutral,physical
HMST,2018,7042.221,1077.052,-0.370853964,7042221000.0,518323009.4313958,6302701000.0,0.8949876750530834,reported,,,,0.0181,401688584.0,0,2017,2017,0.289895391,2017,rit_tminus1,,,,,,,,not_attempted,,,,total_liabilities,observed_market_cap,risk_neutral,physical
HMST,2019,6812.435,605.753,0.033628239,6812435000.0,538319073.8156383,6132712000.0,0.9002231947901155,reported,,,,0.021400000000000002,643307200.0,0,2018,2018,-0.370853964,2018,rit_tminus1,,,,,,,,not_attempted,,,,total_liabilities,observed_market_cap,risk_neutral,physical
HMST,2020,7237.091,449.735,-0.036033037,7237091000.0,623042804.5920943,6519341000.0,0.9008234109533789,reported,,,,0.0044,638577000.0,0,2019,2019,0.033628239,2019,rit_tminus1,,,,,,,,not_attempted,,,,total_liabilities,observed_market_cap,risk_neutral,physical
HOMB,2016,9808.465,1487.314,0.267523039,9808465000.0,1866073686.2406845,8480975000.0,0.8646587411995659,reported,0.2779711886480048,monthly36,36.0,0.002,5483575280.0,36,2015,2013,,2015,unavailable,13947604698.776072,0.10928606206892037,4.515769318699898,3.1543655574346445e-06,1.3913175513567491e-14,2.7217117448685713e-13,6.0,converged,,,,total_liabilities,observed_market_cap,risk_neutral,physical
HOMB,2017,14449.76,1815.008,0.230527761,14449760000.0,2506828544.9822598,12245469000.0,0.8474513763550398,reported,0.2678558208988875,monthly36,36.0,0.008,4591038000.0,36,2016,2014,0.267523039,2016,rit_tminus1,16738932655.852886,0.07346602805073595,4.326934389970708,7.559948737501177e-06,2.908152890411166e-15,6.106226635438361e-16,7.0,converged,3.626705687305332,0.00014353008419433662,0.15810968035648404,total_liabilities,observed_market_cap,risk_neutral,physical
HOMB,2018,15302.438,1984.862,-0.244460268,15302438000.0,2718004295.9887037,12952552000.0,0.8464371494267776,reported,0.2504167357156884,monthly36,36.0,0.0181,3226561760.0,36,2017,2015,0.230527761,2017,rit_tminus1,15946780914.739706,0.05066777963710023,4.43636055556412,4.574627751733574e-06,3.5468379805241975e-15,7.216449660063518e-16,7.0,converged,3.163328531903862,0.0007798810201275732,0.14008780980851415,total_liabilities,observed_market_cap,risk_neutral,physical
HOMB,2019,15032.047,1139.723,0.128551951,15032047000.0,2980867844.879724,12520516000.0,0.8329215575230705,reported,0.2585905532631617,monthly36,36.0,0.021400000000000002,3882142240.0,36,2018,2016,-0.244460268,2018,rit_tminus1,16137564923.26588,0.06220824097381622,4.392444851596229,5.604153330094996e-06,4.421820900439882e-15,9.43689570931383e-16,7.0,converged,0.09788059660193174,0.4610135538303047,0.14871570594785233,total_liabilities,observed_market_cap,risk_neutral,physical
HOMB,2020,16398.804,939.257,-0.118299762,16398804000.0,3116645641.2525415,13793046000.0,0.8411007290531676,reported,0.2452021520541414,monthly36,36.0,0.0044,3846598720.0,36,2019,2017,0.128551951,2019,rit_tminus1,17579088290.102642,0.05365443296054455,4.575690498127447,2.37325915273201e-06,6.941946067973266e-15,1.3322676295501878e-15,7.0,converged,2.595491455188337,0.004722787577394044,0.14049986630785993,total_liabilities,observed_market_cap,risk_neutral,physical
HOMB,2021,18052.138,911.979,0.256222906,18052138000.0,2765721000.2114997,15286417000.0,0.8467926070585102,reported,0.3515087665717483,monthly36,36.0,0.0004,3986077516.7,36,2020,2018,-0.118299762,2020,rit_tminus1,19266136871.613003,0.0727719971881522,3.1486898721033905,0.0008200207120370311,9.330801567209711e-15,7.216449660063518e-16,7.0,converged,0.5319133073580123,0.29739302008505675,0.18206202806580174,total_liabilities,observed_market_cap,risk_neutral,physical
HOMB,2022,22883.588,1221.566,-0.013980232,22883588000.0,3526361999.761002,19357226000.0,0.845899952402569,reported,0.3575516967057304,monthly36,36.0,0.014199999999999999,4636253795.099999,36,2021,2019,0.256222906,2021,rit_tminus1,23720164916.80311,0.06994398061942973,3.074083833637242,0.0010557504441873532,9.667868682785725e-15,4.996003610813204e-16,7.0,converged,2.503310814498961,0.006151871988882024,0.1815436526068228,total_liabilities,observed_market_cap,risk_neutral,physical
HOMB,2023,22656.658,1883.219,0.092160155,22656658000.0,3791074998.6099477,18865583000.0,0.8326728063777102,reported,0.3545356166487795,monthly36,36.0,0.0495,5104666093.02,36,2022,2020,-0.013980232,2022,rit_tminus1,23058827138.785164,0.0785350296946757,3.1466916234771065,0.0008256450925783546,0.0,1.1102230246251565e-16,7.0,converged,1.1291420408576378,0.12941895946408088,0.18461198919912292,total_liabilities,observed_market_cap,risk_neutral,physical
HONE,2022,5359.545,434.96,0.023174476,5359545000.0,542803066.5625592,4742569000.0,0.8848827652347354,reported,0.2619135105151437,monthly36,36.0,0.014199999999999999,598746670.0,36,2021,2019,,2021,unavailable,5274446246.3125305,0.02973270778253539,4.037732074783629,2.6985221306460066e-05,1.1149490342624787e-14,2.609024107869118e-15,8.0,converged,,,,total_liabilities,observed_market_cap,risk_neutral,physical
HOPE,2017,14206.717,1328.446,0.237248648,14206717000.0,1822162028.4593923,12278462000.0,0.8642715977238091,reported,0.2656201315591299,monthly36,36.0,0.008,2337022000.0,36,2016,2014,,2016,unavailable,14517645628.61811,0.04275979437694316,4.083368066218352,2.2193817210832613e-05,2.4484347594663208e-15,1.27675647831893e-14,7.0,converged,,,,total_liabilities,observed_market_cap,risk_neutral,physical
HOPE,2018,15305.952,1117.752,-0.332814668,15305952000.0,1924492712.319447,13402741000.0,0.8756554966329438,reported,0.2672973808534816,monthly36,36.0,0.0181,1518744160.0,36,2017,2015,0.237248648,2017,rit_tminus1,14681074358.602924,0.027652701850713245,3.9351536804370215,4.157173833196826e-05,1.5070466900593713e-14,3.608224830031759e-15,8.0,converged,2.541709235198492,0.0055155949303980125,0.1321398477699464,total_liabilities,observed_market_cap,risk_neutral,physical
HOPE,2019,15667.44,927.493,0.058295865,15667440000.0,2073239438.3874846,13631429000.0,0.8700482657026292,reported,0.2866136292725595,monthly36,36.0,0.021400000000000002,1902912160.0,36,2018,2016,-0.332814668,2018,rit_tminus1,15245715911.089687,0.03577725706950003,3.708513789413823,0.00010423965450180151,3.0069942368950443e-14,7.022160630754115e-14,7.0,converged,-1.4958479443288921,0.9326533579135565,0.14186056055626048,total_liabilities,observed_market_cap,risk_neutral,physical
HOPE,2020,17106.664,558.743,-0.243715797,17106664000.0,2133571248.2506905,15052919000.0,0.879944739664028,reported,0.2788996082587507,monthly36,36.0,0.0044,1397090960.0,36,2019,2017,0.058295865,2019,rit_tminus1,16383914689.343826,0.023784384681980065,3.735445281776126,9.369166127777652e-05,5.460914678919689e-15,1.3322676295501878e-15,8.0,converged,1.0369967244413842,0.14986869185696777,0.13324352871750592,total_liabilities,observed_market_cap,risk_neutral,physical
HOPE,2021,17889.061,621.563,0.272725097,17889061000.0,2092982999.4312747,15796078000.0,0.8830020759613934,reported,0.3993959719755441,monthly36,36.0,0.0004,1765294908.92,36,2020,2018,-0.243715797,2020,rit_tminus1,17554153329.744015,0.040328211300186996,2.606505763708182,0.004573564223024549,1.0804702507069528e-14,4.163336342344337e-15,8.0,converged,-0.8750545184886812,0.8092278788210663,0.17493382057641127,total_liabilities,observed_market_cap,risk_neutral,physical
HOPE,2022,19164.491,1188.713,0.047162453,19164491000.0,2019328001.097418,17145163000.0,0.8946317958562009,reported,0.3871652232020264,monthly36,36.0,0.014199999999999999,1530733627.29,36,2021,2019,0.272725097,2021,rit_tminus1,18433523875.529537,0.03226162451950498,2.6698735322436318,0.0037939910516126374,1.3083374068150051e-14,4.6074255521944e-15,9.0,converged,2.06845087138106,0.019298822904877628,0.16649308750518113,total_liabilities,observed_market_cap,risk_neutral,physical
HOPE,2023,19131.522,1903.995,0.013192306,19131522000.0,2121242999.4821467,17010279000.0,0.8891231445151097,reported,0.380355176021608,monthly36,36.0,0.0495,1451131574.88,36,2022,2020,0.047162453,2022,rit_tminus1,17639399800.665154,0.031383969187633656,2.7187364170991444,0.0032765902928348096,1.905861305379444e-14,6.494804694057166e-15,10.0,converged,0.7069734705976518,0.2397914821870311,0.16358155619530937,total_liabilities,observed_market_cap,risk_neutral,physical
HTBK,2018,3096.562,39.369,-0.266432563,3096562000.0,522866842.0999267,2729096000.0,0.8813309728660366,reported,0.2443804934935252,monthly36,36.0,0.0181,698492970.0,36,2017,2015,,2017,unavailable,3378636617.311138,0.050522864923813526,4.558838103102295,2.5718701672054557e-06,4.095993907023502e-15,8.326672684688674e-16,7.0,converged,,,,total_liabilities,observed_market_cap,risk_neutral,physical
HTBK,2019,4109.463,39.882,0.052515817,4109462999.9999995,598344634.5098503,3532755000.0,0.859663415876965,reported,0.2650242966479445,monthly36,36.0,0.021400000000000002,790270265.0,36,2018,2016,-0.266432563,2018,rit_tminus1,4248226885.299712,0.049301421215094454,4.150151304088169,1.66127785787471e-05,2.4135396677394917e-15,3.885780586188048e-16,7.0,converged,-0.5217390382793381,0.6990739800283214,0.1434516363899939,total_liabilities,observed_market_cap,risk_neutral,physical
HTBK,2020,4634.114,39.74,-0.319844274,4634114000.0,594073308.2947168,4056225000.0,0.8752967665448023,reported,0.2335082320150946,monthly36,36.0,0.0044,546352085.0,36,2019,2017,0.052515817,2019,rit_tminus1,4584768839.8529005,0.027826487950776874,4.546020799119685,2.7334818140573073e-06,2.0946367939412182e-13,2.8266278206956486e-13,7.0,converged,1.3899648904212225,0.0822697695231942,0.12323084025597965,total_liabilities,observed_market_cap,risk_neutral,physical
HTBK,2021,5499.409,39.925,0.309248664,5499409000.0,598027999.9254966,4901381000.0,0.8912559513213147,reported,0.3333264640381879,monthly36,36.0,0.0004,720457653.78,36,2020,2018,-0.319844274,2020,rit_tminus1,5619838211.726087,0.0427586079987053,3.1870009455053707,0.000718781524618313,6.9494579381090084e-15,2.7200464103316335e-14,7.0,converged,-1.2288305050750297,0.8904323191849345,0.15896163278029168,total_liabilities,observed_market_cap,risk_neutral,physical
HTBK,2022,5157.58,39.35,0.129414898,5157580000.0,632455999.8831545,4525124000.0,0.8773734968725643,reported,0.3438844383209787,monthly36,36.0,0.014199999999999999,791085399.0,36,2021,2019,0.309248664,2021,rit_tminus1,5252350663.37728,0.05183314774403274,3.123240843991237,0.0008943565602564532,9.644211030685449e-15,1.3988810110276972e-14,7.0,converged,2.7346172803976088,0.003122642142039026,0.1669099207292601,total_liabilities,observed_market_cap,risk_neutral,physical
HTH,2016,12738.062,1956.102,0.226396207,12738062000.0,1217762159.0605783,10863542000.0,0.8528410365721253,reported,0.3118826735323558,monthly36,36.0,0.002,1911824960.0,36,2015,2013,,2015,unavailable,12753625783.964668,0.046763626595618446,3.4494710398767383,0.0002808429876271737,2.0950830817201226e-14,5.062616992290714e-14,7.0,converged,,,,total_liabilities,observed_market_cap,risk_neutral,physical
HTH,2017,13365.786,1715.066,0.237507435,13365786000.0,1278049049.0988727,11450979000.0,0.8567381671380943,reported,0.2607840081260245,monthly36,36.0,0.008,1625051216.0,36,2016,2014,0.226396207,2016,rit_tminus1,12984786002.148214,0.032637861669355166,4.080246506442358,2.249398326247283e-05,5.399093655973425e-14,1.2484457911909885e-13,7.0,converged,2.6275092926929493,0.004300624625403488,0.1332892583509524,total_liabilities,observed_market_cap,risk_neutral,physical
HTH,2018,13683.572,1443.358,-0.234240447,13683572000.0,1336057555.428478,11709679000.0,0.8557472420213085,reported,0.2716842684594925,monthly36,36.0,0.0181,1143887216.0,36,2017,2015,0.237507435,2017,rit_tminus1,12643523668.883755,0.024581206634671914,3.8455084781154847,6.015135228288866e-05,5.002281534753598e-15,1.1657341758564144e-15,8.0,converged,2.4471178660224226,0.007200186903803817,0.13160503289943498,total_liabilities,observed_market_cap,risk_neutral,physical
HTH,2019,15172.448,1818.608,0.117535665,15172448000.0,1488520326.969699,13043652000.0,0.8596933072369073,reported,0.2392518527168246,monthly36,36.0,0.021400000000000002,1599389136.0,36,2018,2016,-0.234240447,2018,rit_tminus1,14366872176.831493,0.026634781383212854,4.417859747753832,4.984153390847252e-06,7.155289190907071e-14,3.2002178684820137e-13,7.0,converged,-1.0186184769962348,0.8458079355548596,0.12395095212423501,total_liabilities,observed_market_cap,risk_neutral,physical
HTH,2020,16944.264,1229.445,-0.007344596,16944264000.0,1814114076.4961994,14593617000.0,0.8612718144618143,reported,0.202272730316351,monthly36,36.0,0.0044,1764909552.0,36,2019,2017,0.117535665,2019,rit_tminus1,16294455691.403574,0.02190886941668105,5.221660028509197,8.866314751754182e-08,5.673707364163908e-13,5.703493233255585e-13,7.0,converged,2.0214984889642396,0.021614094303414794,0.11154101238822423,total_liabilities,observed_market_cap,risk_neutral,physical
HTH,2021,18689.08,1348.104,0.1632675,18689080000.0,2522484338.3001676,16139877000.0,0.8635993318023145,reported,0.3132143226035622,monthly36,36.0,0.0004,2774627307.06,36,2020,2018,-0.007344596,2020,rit_tminus1,18907992831.425644,0.04597395686189658,3.428786648179635,0.00030314296234258643,4.10736535752268e-14,5.3179682879545e-14,7.0,converged,0.8956670260881713,0.18521531314712147,0.15542871095626704,total_liabilities,observed_market_cap,risk_neutral,physical
HTH,2022,16259.282,1373.139,-0.088680569,16259282000.0,2036924000.2056289,14195753000.0,0.8730860932235507,reported,0.320113190468303,monthly36,36.0,0.014199999999999999,1941185596.25,36,2021,2019,0.1632675,2021,rit_tminus1,15936717171.590174,0.039007470670416114,3.31018838438446,0.0004661659984844101,3.930275675849096e-15,5.717648576819556e-14,7.0,converged,1.8296755107247225,0.033649237474162194,0.15289447225526115,total_liabilities,observed_market_cap,risk_neutral,physical
HTH,2023,16466.996,1284.604,0.055249967,16466996000.0,2122631708.5724218,14316667000.0,0.8694158303068756,reported,0.3633959044234162,monthly36,36.0,0.0495,2293678058.42,36,2022,2020,-0.088680569,2022,rit_tminus1,15918592417.601545,0.052433388606669025,2.940659596096934,0.0016375711717486845,1.1974575163970408e-13,1.5404344466674047e-13,7.0,converged,0.263439486991653,0.3961059294500158,0.1715798853467796,total_liabilities,observed_market_cap,risk_neutral,physical
HWBK,2018,1481.682,169.286,-0.156390622,1481682000.0,93849736.37186015,1382268000.0,0.9329046313581457,reported,0.1695143812545025,monthly36,36.0,0.0181,119808116.5918,36,2017,2015,,2017,unavailable,1477282128.2777274,0.013747677828089703,6.145319453257143,3.9901369839837887e-10,9.701267378070673e-15,1.5543122344752192e-15,8.0,converged,,,,total_liabilities,observed_market_cap,risk_neutral,physical
HWBK,2019,1492.962,173.677,0.022648357,1492962000.0,108599087.29740243,1377924000.0,0.9229464648129021,reported,0.1628563272726537,monthly36,36.0,0.021400000000000002,151084769.1545,36,2018,2016,-0.156390622,2018,rit_tminus1,1499834473.8934839,0.01640521740281853,6.463929396535655,5.1009243031940535e-11,1.5780450963773492e-14,2.248201624865942e-15,8.0,converged,-0.5839537880978657,0.7203742982763889,0.09784261810955835,total_liabilities,observed_market_cap,risk_neutral,physical
HWBK,2020,1733.731,201.314,-0.114714077,1733731000.0,124176984.75636765,1603142000.0,0.9246774730335906,reported,0.1819896101197262,monthly36,36.0,0.0044,134945424.2496,36,2019,2017,0.022648357,2019,rit_tminus1,1731049095.1081488,0.014187156991026168,5.713727338252303,5.526402270567326e-09,1.9876250193792907e-14,3.2751579226442118e-15,9.0,converged,0.9611774368319698,0.1682314796135279,0.10221267328366158,total_liabilities,observed_market_cap,risk_neutral,physical
HWBK,2021,1831.55,150.733,0.11210463,1831550000.0,148327673.84883463,1682594000.0,0.9186721629221152,reported,0.2516210062144621,monthly36,36.0,0.0004,170916295.94688,36,2020,2018,-0.114714077,2020,rit_tminus1,1852837256.6902537,0.023211295961918132,4.157979128849974,1.6053767506441563e-05,5.231038191400614e-16,1.6653345369377348e-16,8.0,converged,-0.20580708842016854,0.5815291980127932,0.1256965389977439,total_liabilities,observed_market_cap,risk_neutral,physical
HWBK,2022,1923.54,152.673,0.029140762,1923540000.0,127411197.90366665,1796129000.0,0.9337622300550028,reported,0.2782294525528339,monthly36,36.0,0.014199999999999999,147351930.786968,36,2021,2019,0.11210463,2021,rit_tminus1,1918155264.2741976,0.02137536641121899,3.7286695376023644,9.624669244963943e-05,1.1326149883463489e-14,2.942091015256665e-15,9.0,converged,1.3853415322867266,0.08297402991510133,0.13158765289658547,total_liabilities,observed_market_cap,risk_neutral,physical
HWC,2016,23975.302,1661.686,0.388130774,23975302000.0,2765235766.96366,21255534000.0,0.8865595937018854,reported,0.2400192362616705,monthly36,36.0,0.002,3691221920.0,36,2015,2013,,2015,unavailable,24904286792.82335,0.03557487596021695,4.491649620662142,3.5336812254487205e-06,2.1702472599676423e-14,1.840194663316197e-14,7.0,converged,,,,total_liabilities,observed_market_cap,risk_neutral,physical
HWC,2017,27336.086,2009.403,0.271624481,27336086000.0,2899956151.9081984,24451137000.0,0.8944637136421066,reported,0.276056755106605,monthly36,36.0,0.008,4239338400.0,36,2016,2014,0.388130774,2016,rit_tminus1,28495635781.1469,0.041071033521495846,3.901309475803814,4.7836872677018384e-05,1.3497497388831946e-14,4.496403249731884e-14,7.0,converged,3.782238662651789,7.771211735521159e-05,0.1422189831411643,total_liabilities,observed_market_cap,risk_neutral,physical
HWC,2018,28235.907,1814.121,-0.351665306,28235907000.0,3081347196.72235,25154567000.0,0.8908715771021629,reported,0.2629449264797396,monthly36,36.0,0.0181,2967536880.0,36,2017,2015,0.271624481,2017,rit_tminus1,27670897152.05487,0.028200021795588295,4.008653831434086,3.053292717554604e-05,1.2854759417935187e-14,3.0531133177191805e-15,8.0,converged,2.8530849188288347,0.002164852492270805,0.13127017719232914,total_liabilities,observed_market_cap,risk_neutral,physical
HWC,2019,30600.757,2948.334,0.100435355,30600757000.0,3393516996.5190215,27133072000.0,0.8866797641640042,reported,0.25513936601199,monthly36,36.0,0.021400000000000002,3758023616.0,36,2018,2016,-0.351665306,2018,rit_tminus1,30316613936.20023,0.03162729673161465,4.16862630710947,1.532204649053612e-05,5.075403530440454e-14,8.537615059367454e-14,7.0,converged,-1.7600141029814984,0.9607972922971343,0.1309811769109946,total_liabilities,observed_market_cap,risk_neutral,physical
HWC,2020,33638.602,2045.835,-0.245801894,33638602000.0,3396009431.622354,30199577000.0,0.8977655195064289,reported,0.2692173522066075,monthly36,36.0,0.0044,2913581664.0000005,36,2019,2017,0.100435355,2019,rit_tminus1,32980563714.12616,0.02378444419818041,3.8768045731634206,5.291864992779273e-05,1.0310588283135513e-14,2.55351295663786e-15,8.0,converged,1.4081226481678797,0.07954737787313065,0.13067095695551528,total_liabilities,observed_market_cap,risk_neutral,physical
HWC,2021,36531.205,1909.281,0.328085687,36531205000.0,3670352000.0287323,32860853000.0,0.8995283073744762,reported,0.4700337036869682,monthly36,36.0,0.0004,4339184980.0,36,2020,2018,-0.245801894,2020,rit_tminus1,37178205994.58409,0.055523574121145634,2.2026540374055568,0.013809571060993411,2.637382791842859e-15,9.43689570931383e-16,8.0,converged,-0.7018733259646979,0.758620917470737,0.20279637756455907,total_liabilities,observed_market_cap,risk_neutral,physical
HWC,2022,35183.825,2113.348,0.037039918,35183825000.0,3342628000.562707,31841197000.0,0.9049953210033304,reported,0.4653935704625164,monthly36,36.0,0.014199999999999999,4158684990.0,36,2021,2019,0.328085687,2021,rit_tminus1,35543258270.50349,0.05507091632705825,2.227548555029892,0.012955317254392976,6.420991472925917e-15,2.3869795029440866e-15,8.0,converged,2.1437245262068414,0.016027482909245282,0.2008939139812043,total_liabilities,observed_market_cap,risk_neutral,physical
HWC,2023,35578.573,1391.146,0.051873022,35578573000.0,3803660998.537529,31774912000.0,0.8930912434290156,reported,0.4629050614491464,monthly36,36.0,0.0495,4195503550.000001,36,2022,2020,0.037039918,2022,rit_tminus1,34428607394.896194,0.05701587138056803,2.2464863485365396,0.012336436493237382,7.501185987890833e-15,3.164135620181696e-15,8.0,converged,0.7035429305691391,0.2408587312269707,0.2003884919421835,total_liabilities,observed_market_cap,risk_neutral,physical
IBCP,2019,3564.694,128.102,0.0285401,3564694000.0,322744064.127899,3214525000.0,0.9017674448353772,reported,0.1872500207522563,monthly36,36.0,0.021400000000000002,469328385.0,36,2018,2016,,2018,unavailable,3615793389.258028,0.024304970114422418,5.708146716623779,5.71064749935392e-09,1.1175988727454392e-14,2.609024107869118e-15,7.0,converged,,,,total_liabilities,observed_market_cap,risk_neutral,physical
IBCP,2020,4204.013,108.817,-0.258429126,4204013000.0,369329197.0357198,3814491000.0,0.9073451961257017,reported,0.1810572931189007,monthly36,36.0,0.0044,382715023.0,36,2019,2017,0.0285401,2019,rit_tminus1,4180459132.7393284,0.01657553491823976,5.784215836144445,3.642567834332377e-09,1.2459326902438449e-14,1.970645868709653e-15,8.0,converged,1.1527953117378376,0.12449720457961744,0.10308720789518412,total_liabilities,observed_market_cap,risk_neutral,physical
IBCP,2021,4704.74,108.958,0.235742082,4704740000.0,398483999.95039856,4306256000.0,0.9153015894608416,reported,0.3559145771220052,monthly36,36.0,0.0004,505352629.32,36,2020,2018,-0.258429126,2020,rit_tminus1,4809812522.643133,0.03744841184735185,2.9450665718132454,0.0016144259106611655,1.0733144263757142e-14,3.3861802251067274e-15,8.0,converged,-0.9925025577382032,0.8395237838105393,0.16176294626786686,total_liabilities,observed_market_cap,risk_neutral,physical
IBCP,2022,4999.787,165.099,0.090828759,4999787000.0,347595999.8897545,4652191000.0,0.9304778383559139,reported,0.3644369097430924,monthly36,36.0,0.014199999999999999,503850186.32000005,36,2021,2019,0.235742082,2021,rit_tminus1,5090346792.594842,0.036139611972991564,2.8654052306755844,0.00208237955578162,1.5851978657063967e-14,4.9960036108132044e-15,9.0,converged,1.996523255501745,0.022938498508558523,0.16293288831720754,total_liabilities,observed_market_cap,risk_neutral,physical
IBCP,2023,5263.726,129.264,0.014841002,5263726000.0,404449000.0115894,4859277000.0,0.9231629837875299,reported,0.3826486245763347,monthly36,36.0,0.0495,542143170.66,36,2022,2020,0.090828759,2022,rit_tminus1,5166566533.341209,0.04026448117940379,2.7321369993453795,0.0031462484742820853,1.0774377515218337e-14,3.4416913763379853e-15,9.0,converged,1.0755154839285614,0.14107200182148333,0.16944860328946054,total_liabilities,observed_market_cap,risk_neutral,physical
IBOC,2016,11804.041,1398.776,0.261680429,11804041000.0,1624453565.3177087,10079374000.0,0.8538918155231755,reported,0.2863315557038603,monthly36,36.0,0.002,2535389520.0,36,2015,2013,,2015,unavailable,12594617715.170927,0.057643121461669514,3.870661916113544,5.4270118094977374e-05,9.027482133692026e-15,2.220446049250313e-15,7.0,converged,,,,total_liabilities,observed_market_cap,risk_neutral,physical
IBOC,2017,12184.698,1709.446,0.213191628,12184698000.0,1729397780.4552102,10345718000.0,0.8490746344308246,reported,0.3067225834044949,monthly36,36.0,0.008,2467033430.0,36,2016,2014,0.261680429,2016,rit_tminus1,12730291731.74341,0.05944819400513877,3.5937941356661196,0.0001629486822511932,1.5462689800782311e-15,1.5543122344752192e-15,7.0,converged,2.8666948689642937,0.0020739135605032303,0.1613468517143041,total_liabilities,observed_market_cap,risk_neutral,physical
IBOC,2018,11871.952,1096.07,-0.243520587,11871952000.0,1837060205.868243,9932370000.0,0.8366248448443862,reported,0.2864451954052494,monthly36,36.0,0.0181,2137681360.0,36,2017,2015,0.213191628,2017,rit_tminus1,11891884979.120934,0.051494052443776736,3.8224083099394868,6.607731242342538e-05,0.0,1.4988010832439613e-15,7.0,converged,2.630883364770346,0.004258162894140277,0.15080440977105902,total_liabilities,observed_market_cap,risk_neutral,physical
IBOC,2019,12112.894,997.689,0.094515531,12112894000.0,2018712077.9422035,9994841000.0,0.8251406311324114,reported,0.262358178163263,monthly36,36.0,0.021400000000000002,2676451633.0,36,2018,2016,-0.243520587,2018,rit_tminus1,12459674238.825775,0.05635737018474169,4.26280061001024,1.0094032185789134e-05,4.9884855997648066e-15,9.992007221626409e-16,7.0,converged,-0.11593530708722448,0.5461480933259757,0.14659026092463234,total_liabilities,observed_market_cap,risk_neutral,physical
IBOC,2020,14029.467,999.117,-0.116429754,14029467000.0,2138836935.4353433,11851469000.0,0.8447554707530942,reported,0.2405830680408794,monthly36,36.0,0.0044,2326592736.0,36,2019,2017,0.094515531,2019,rit_tminus1,14126029537.387377,0.03962473940495825,4.521979918116916,3.063193656757392e-06,7.378230590036752e-15,2.7755575615628914e-15,7.0,converged,2.0152506936341914,0.021939194165844063,0.13155027791814006,total_liabilities,observed_market_cap,risk_neutral,physical
IBOC,2021,16046.236,1145.094,0.213537786,16046236000.0,2308480999.45249,13737755000.0,0.8561356694492092,reported,0.3149100278427183,monthly36,36.0,0.0004,2686326532.56,36,2020,2018,-0.116429754,2020,rit_tminus1,16418535911.651627,0.051536484176809935,3.440961319963271,0.00028982569484052606,2.1123128978701135e-14,3.530509218307998e-14,7.0,converged,0.3109817657227306,0.37790724183560115,0.1591795626663705,total_liabilities,observed_market_cap,risk_neutral,physical
IBOC,2022,15501.476,711.419,-0.011725734,15501476000.0,2044759000.5441766,13456717000.0,0.8680926255022425,reported,0.3130689120859548,monthly36,36.0,0.014199999999999999,2843610552.64,36,2021,2019,0.213537786,2021,rit_tminus1,16110547733.4276,0.05526958979708513,3.485975679231463,0.0002451727913862041,8.384361173516372e-16,6.217248937900877e-15,7.0,converged,2.444539633402546,0.007251857202459417,0.1605060905384722,total_liabilities,observed_market_cap,risk_neutral,physical
IBOC,2023,15066.189,650.029,0.055114126,15066189000.0,2447773999.9728246,12618415000.0,0.8375319730822439,reported,0.3145267968056722,monthly36,36.0,0.0495,3371952893.12,36,2022,2020,-0.011725734,2022,rit_tminus1,15380925134.171024,0.06896360473835782,3.5539451663675967,0.00018974916445222028,7.070637896158704e-15,1.6653345369377348e-15,7.0,converged,1.2573260877028933,0.10431779058968876,0.16783214264169616,total_liabilities,observed_market_cap,risk_neutral,physical
INBK,2018,3541.692,699.028,-0.278369663,3541692000.0,246898653.5920908,3252957000.0,0.9184754066700322,reported,0.2883715097277722,monthly36,36.0,0.0181,177768315.20000002,36,2017,2015,,2017,unavailable,3372374165.483833,0.015203677660906684,3.5542052999104863,0.00018956156923853905,9.555878246286224e-15,2.7755575615628914e-15,9.0,converged,,,,total_liabilities,observed_market_cap,risk_neutral,physical
INBK,2019,4100.083,694.438,-0.057070083,4100082999.9999995,272213836.52424884,3795170000.0,0.9256324810985535,reported,0.2788964457861933,monthly36,36.0,0.021400000000000002,206207766.8,36,2018,2016,-0.278369663,2018,rit_tminus1,3921022422.5944686,0.01466889289653261,3.675509012663792,0.0001186878301101217,5.491976700522717e-15,1.4988010832439613e-15,9.0,converged,-1.8263767965078335,0.9661032377306336,0.12792692895427146,total_liabilities,observed_market_cap,risk_neutral,physical
INBK,2020,4246.156,594.519,-0.269981364,4246156000.0,293681565.3297433,3915212000.0,0.922060329389688,reported,0.2733230827469037,monthly36,36.0,0.0044,249954079.2,36,2019,2017,-0.057070083,2019,rit_tminus1,4147975727.162693,0.01647153936734896,3.764997477580922,8.327538176913308e-05,4.125399184980606e-14,5.1514348342607263e-14,8.0,converged,-0.026077869428252735,0.5104023856514863,0.12763195097760205,total_liabilities,observed_market_cap,risk_neutral,physical
INBK,2021,4210.994,619.153,0.143232799,4210993999.9999995,380337999.85971284,3830656000.0,0.9096797573209556,reported,0.4190146561636904,monthly36,36.0,0.0004,458849563.2,36,2020,2018,-0.269981364,2020,rit_tminus1,4287616107.5849395,0.04509887833666311,2.4851587097601935,0.006474684411398646,1.3119919043467563e-14,4.6074255521944e-15,8.0,converged,-0.9484908330452372,0.8285601813187284,0.183021733406911,total_liabilities,observed_market_cap,risk_neutral,physical
INBK,2022,4543.104,719.46,0.099046643,4543104000.0,364974000.03666997,4178130000.0,0.9196641767390753,reported,0.4184238942354142,monthly36,36.0,0.014199999999999999,220119639.24,36,2021,2019,0.143232799,2021,rit_tminus1,4339116424.003492,0.021382020796516448,2.4215842607001914,0.0077265090368162925,1.1914449701862902e-14,3.4416913763379853e-15,9.0,converged,1.0756000926854379,0.14105307297629055,0.16780929539994988,total_liabilities,observed_market_cap,risk_neutral,physical
INDB,2016,7709.375,335.474,0.271408051,7709375000.0,1601791202.7633877,6844685000.0,0.8878391568706931,reported,0.2144911249175289,monthly36,36.0,0.002,3524388060.0,36,2015,2013,,2015,unavailable,10355397369.634706,0.07300057509384618,5.6625702957987345,7.45611274968898e-09,2.435335922587438e-15,3.608224830031759e-16,7.0,converged,,,,total_liabilities,observed_market_cap,risk_neutral,physical
INDB,2017,8082.029,323.698,0.173298838,8082029000.0,1720051631.1226978,7138220000.0,0.883221280200801,reported,0.2380967296772152,monthly36,36.0,0.008,3494371979.9999995,36,2016,2014,0.271408051,2016,rit_tminus1,10575714013.769506,0.07867068410605198,5.059092372057725,2.1062838735464242e-07,4.2302170429768835e-15,7.216449660063518e-16,7.0,converged,4.337551948026584,7.203924398121753e-06,0.15177919487349856,total_liabilities,observed_market_cap,risk_neutral,physical
INDB,2018,8851.592,258.707,-0.227505159,8851592000.0,1912481810.3132703,7778102000.0,0.8787235109797198,reported,0.2371378321716686,monthly36,36.0,0.0181,3517384308.0,36,2017,2015,0.173298838,2017,rit_tminus1,11155969075.583538,0.0747675995968343,5.02847828814576,2.471937393840372e-07,1.8979217595473934e-15,2.498001805406602e-16,7.0,converged,3.5900942039601924,0.00016527923725143717,0.14909765772488373,total_liabilities,observed_market_cap,risk_neutral,physical
INDB,2019,11395.165,303.103,0.071232536,11395165000.0,2485730684.7176085,9687022000.0,0.8500993184390047,reported,0.229628154216318,monthly36,36.0,0.021400000000000002,4164731100.0,36,2018,2016,-0.227505159,2018,rit_tminus1,13646653210.44709,0.07007869118436849,5.160652067016726,1.2304558626407264e-07,4.5797641840850185e-15,7.216449660063518e-16,7.0,converged,0.8305619248832699,0.20311057581118547,0.14415459518467105,total_liabilities,observed_market_cap,risk_neutral,physical
INDB,2020,13204.301,181.06,-0.209010838,13204301000.0,2583894855.1417713,11501616000.0,0.8710507280923087,reported,0.2549760524686629,monthly36,36.0,0.0044,3653957472.000001,36,2019,2017,0.071232536,2019,rit_tminus1,15105076943.126547,0.06167956141194448,4.459194764522297,4.113406999322432e-06,6.524941270623591e-15,1.2212453270876722e-15,7.0,converged,2.2747229329819683,0.011461277941046077,0.14779457982304572,total_liabilities,observed_market_cap,risk_neutral,physical
INDB,2021,20423.405,152.374,0.24805258,20423405000.0,3018448999.5994773,17404956000.0,0.8522063779276766,reported,0.302005321631526,monthly36,36.0,0.0004,3860427400.34,36,2020,2018,-0.209010838,2020,rit_tminus1,21258389690.65069,0.05484917104267187,3.626169978720093,0.00014382802104147388,1.1857849517767989e-14,3.0531133177191805e-15,7.0,converged,-0.13390105698156662,0.5532595927682827,0.15754311546115424,total_liabilities,observed_market_cap,risk_neutral,physical
INDB,2022,19294.174,113.377,0.063620722,19294174000.0,2886701000.254265,16407473000.0,0.8503848363759962,reported,0.3005683183926398,monthly36,36.0,0.014199999999999999,3853489724.34,36,2021,2019,0.24805258,2021,rit_tminus1,20029595437.52699,0.05783195451256362,3.6658242692442786,0.0001232715941495075,5.4446323882519125e-15,2.220446049250313e-15,7.0,converged,2.816593481124156,0.0024267958000153307,0.15850689141739516,total_liabilities,observed_market_cap,risk_neutral,physical
INDB,2023,19347.373,1218.379,0.060558283,19347373000.0,2895250999.3029594,16452122000.0,0.850354309083719,reported,0.2771174413395487,monthly36,36.0,0.0495,2821484436.4700003,36,2022,2020,0.063620722,2022,rit_tminus1,18479046355.932125,0.042313592506918817,3.8944406535779814,4.9212792255835916e-05,5.746075778177921e-15,1.7930101847696278e-14,7.0,converged,1.487273207268423,0.06847133391994224,0.1423854505471613,total_liabilities,observed_market_cap,risk_neutral,physical
ISTR,2018,1786.469,232.549,-0.314541915,1786469000.0,189192388.96115285,1604207000.0,0.897976399254619,reported,0.2003334859080345,monthly36,36.0,0.0181,244152280.0,36,2017,2015,,2017,unavailable,1819584331.8214538,0.026880798201865987,5.346464888160493,4.484433488433856e-08,2.929547646676441e-15,5.6343818499726694e-15,7.0,converged,,,,total_liabilities,observed_market_cap,risk_neutral,physical
ISTR,2019,2148.916,183.318,-0.105951357,2148916000.0,212152921.72852734,1906940000.0,0.8873962500162873,reported,0.1657973792645547,monthly36,36.0,0.021400000000000002,236276400.0,36,2018,2016,-0.314541915,2018,rit_tminus1,2102841436.935765,0.01862908311434444,6.388726174944616,8.363663955455516e-11,1.3117863351228952e-14,1.915134717478395e-15,8.0,converged,-2.034193230971111,0.9790339416119873,0.09964575742596553,total_liabilities,observed_market_cap,risk_neutral,physical
ISTR,2020,2321.181,174.999,-0.286024127,2321181000.0,225763414.2589283,2077897000.0,0.8951895608313182,reported,0.1457956653383021,monthly36,36.0,0.0044,162833819.0,36,2019,2017,-0.105951357,2019,rit_tminus1,2231608156.774787,0.010638276665471834,7.116712928682645,5.526568265989686e-13,1.9034384548337053e-14,2.6367796834847468e-15,8.0,converged,-0.38148767941895423,0.6485792941650975,0.0907616422111375,total_liabilities,observed_market_cap,risk_neutral,physical
ISTR,2021,2513.203,135.656,0.100781597,2513203000.0,242598000.11710775,2270605000.0,0.9034705911142077,reported,0.3520402871916366,monthly36,36.0,0.0004,190423724.54,36,2020,2018,-0.286024127,2020,rit_tminus1,2460091457.713173,0.027290996967996913,2.9379583389585417,0.0016519070840180844,4.85166434093399e-15,8.493206138382448e-15,8.0,converged,-1.4067150080183808,0.9202440431829786,0.15457080120873304,total_liabilities,observed_market_cap,risk_neutral,physical
ISTR,2022,2753.807,439.74,0.100565378,2753807000.0,215781999.9755074,2538025000.0,0.921642293740992,reported,0.3796089219565293,monthly36,36.0,0.014199999999999999,213186765.91,36,2021,2019,0.100781597,2021,rit_tminus1,2715352687.845616,0.029893001725027034,2.7193265448407677,0.0032707496872528773,1.8592659167393233e-14,6.38378239159465e-15,9.0,converged,1.030955593479913,0.15128082222426825,0.1630892566974985,total_liabilities,observed_market_cap,risk_neutral,physical
JMSB,2023,2242.549,88.708,0.022750401,2242549000.0,232022716.8246907,2012635000.0,0.8974764876932455,reported,0.3668734460642462,monthly36,36.0,0.0495,322118448.0,36,2022,2020,,2022,unavailable,2237501585.049595,0.05289654036248538,2.911646918985179,0.0017976439190664556,1.250867192436121e-13,1.4838130724115217e-13,7.0,converged,,,,total_liabilities,observed_market_cap,risk_neutral,physical
JPM,2016,2490972.0,495354.0,0.247916939,2490972000000.0,178022394234.32797,2236782000000.0,0.8979554968903705,reported,0.192182787444423,monthly36,36.0,0.002,239807669196.8,36,2015,2013,,2015,unavailable,2472120575613.4585,0.01864266158242746,5.46404354700472,2.3270464239824774e-08,1.2980372892893024e-14,2.248201624865942e-15,8.0,converged,,,,total_liabilities,observed_market_cap,risk_neutral,physical
JPM,2017,2533600.0,494798.0,0.231383337,2533600000000.0,186304481544.40002,2277907000000.0,0.8990791758762235,reported,0.2009767979951948,monthly36,36.0,0.008,297195876044.8,36,2016,2014,0.247916939,2016,rit_tminus1,2556952318464.2324,0.023359637389868192,5.277743459343829,6.539219199010672e-08,1.308207739914575e-13,1.8859913630819847e-13,7.0,converged,3.256390047983492,0.0005641931213759423,0.1118698759464859,total_liabilities,observed_market_cap,risk_neutral,physical
JPM,2018,2622532.0,533627.0,-0.209740396,2622532000000.0,195506300371.2835,2366017000000.0,0.9021880381249876,reported,0.2068382108259534,monthly36,36.0,0.0181,271294757990.4,36,2017,2015,0.231383337,2017,rit_tminus1,2594872086341.8,0.02162500854577497,5.095741426672631,1.7368950169049446e-07,1.7064526553536723e-13,6.36879438076221e-13,7.0,converged,2.964744738606541,0.0015146708782113436,0.11252391842414183,total_liabilities,observed_market_cap,risk_neutral,physical
JPM,2019,2687379.0,516093.0,0.183145761,2687379000000.0,211167020332.21576,2426049000000.0,0.9027565520159233,reported,0.2020994384340592,monthly36,36.0,0.021400000000000002,387405134848.0,36,2018,2016,-0.209740396,2018,rit_tminus1,2762088260748.6445,0.02834607598936575,5.317182234419132,5.2693253966449543e-08,0.0,2.3037127760972e-15,7.0,converged,-0.5951186744581124,0.7241179266745288,0.1145114083564171,total_liabilities,observed_market_cap,risk_neutral,physical
JPM,2020,3384757.0,542102.0,-0.124575754,3384757000000.0,227190357554.1475,3105403000000.0,0.9174670441629931,reported,0.200289909899377,monthly36,36.0,0.0044,353138956134.4,36,2019,2017,0.183145761,2019,rit_tminus1,3444908198370.7188,0.020531802374631484,5.257355359024914,7.3070876535108e-08,1.417255934401983e-14,2.525757381022231e-15,8.0,converged,2.5816140116504456,0.004916975160752828,0.11030530966879726,total_liabilities,observed_market_cap,risk_neutral,physical
JPM,2021,3743567.0,548939.0,0.321516281,3743567000000.0,259288999946.0022,3449440000000.0,0.9214313514356762,reported,0.2810171379573203,monthly36,36.0,0.0004,466206017110.75,36,2020,2018,-0.124575754,2020,rit_tminus1,3914264320196.5327,0.033472741290583564,3.7718837053766383,8.100988506906647e-05,2.40890686473747e-14,1.4033219031261979e-13,7.0,converged,-0.05396762395013468,0.5215195205100158,0.13939508763832703,total_liabilities,observed_market_cap,risk_neutral,physical
JPM,2022,3665743.0,542505.0,-0.000559255,3665743000000.0,264928000051.4634,3373411000000.0,0.9202530019153007,reported,0.2750872536690296,monthly36,36.0,0.014199999999999999,393483971114.1,36,2021,2019,0.321516281,2021,rit_tminus1,3719329581615.409,0.029104344383086924,3.827452716639399,6.47381229952524e-05,6.514818266273569e-15,1.609823385706477e-15,8.0,converged,3.128911984688054,0.0008772742762096767,0.13510028040356273,total_liabilities,observed_market_cap,risk_neutral,physical
JPM,2023,3875393.0,653072.0,0.167033001,3875393000000.0,300473999962.8061,3547515000000.0,0.9153949031749812,reported,0.3139075826239419,monthly36,36.0,0.0495,489319626839.4,36,2022,2020,-0.000559255,2022,rit_tminus1,3865495746818.727,0.039748692559032545,3.3850824560403074,0.00035578437941420393,3.2431032303979957e-15,8.326672684688674e-16,8.0,converged,0.7767998730759584,0.21863842583335297,0.15095363372904697,total_liabilities,observed_market_cap,risk_neutral,physical
KEY,2016,136453.0,14694.0,0.396317558,136453000000.0,13784116450.918156,121213000000.0,0.8883131920881182,reported,0.1738991111334083,monthly36,36.0,0.002,20022823215.36,36,2015,2013,,2015,unavailable,140993639479.68515,0.024695803110543608,6.1897363146435795,3.013247092486862e-10,5.334488662695791e-15,1.3600232051658168e-15,7.0,converged,,,,total_liabilities,observed_market_cap,risk_neutral,physical
KEY,2017,137698.0,15344.0,0.26023311,137698000000.0,14349633981.048725,122673000000.0,0.8908843991924357,reported,0.2542098417539568,monthly36,36.0,0.008,22105109154.56,36,2016,2014,0.396317558,2016,rit_tminus1,143800629508.74835,0.03907761996816131,4.251589894353036,1.0612913960204186e-05,2.5885626071460112e-15,2.1094237467877974e-14,7.0,converged,4.094554989534934,2.114900093200467e-05,0.135028405838865,total_liabilities,observed_market_cap,risk_neutral,physical
KEY,2018,139613.0,14595.0,-0.352250237,139613000000.0,15205515587.10424,124017000000.0,0.8882912049737489,reported,0.260551571627532,monthly36,36.0,0.0181,16197992727.04,36,2017,2015,0.26023311,2017,rit_tminus1,137990458031.0011,0.030585451582088533,4.067232743752997,2.3787360733748033e-05,4.662985539763076e-14,1.5126788710517758e-13,7.0,converged,2.8368790235795265,0.002277843500694168,0.1319364510675965,total_liabilities,observed_market_cap,risk_neutral,physical
KEY,2019,144988.0,13540.0,0.088619306,144988000000.0,16977623431.55117,127950000000.0,0.8824868264959859,reported,0.292761140230915,monthly36,36.0,0.021400000000000002,22181824952.32,36,2018,2016,-0.352250237,2018,rit_tminus1,147422630846.1702,0.044054393038906646,3.679395696231911,0.00011689364137842435,1.7197400456566224e-15,2.3592239273284576e-14,7.0,converged,-1.3718190746656904,0.9149401161516006,0.14824420702038651,total_liabilities,observed_market_cap,risk_neutral,physical
KEY,2020,170336.0,14688.0,-0.278781793,170336000000.0,18061378242.536446,152355000000.0,0.8944380518504602,reported,0.2507602445950131,monthly36,36.0,0.0044,17984374874.88,36,2019,2017,0.088619306,2019,rit_tminus1,169670474031.65253,0.026579870603617706,4.202112220228343,1.3221798981666189e-05,5.302793803182515e-15,1.1102230246251565e-15,8.0,converged,1.5094214943203725,0.06559555179273237,0.1272674654627289,total_liabilities,observed_market_cap,risk_neutral,physical
KEY,2021,186346.0,12803.0,0.33706584,186346000000.0,15523000003.486917,168923000000.0,0.9065018835928863,reported,0.3883333397249257,monthly36,36.0,0.0004,21484295180.1,36,2020,2018,-0.278781793,2020,rit_tminus1,190331994747.45587,0.04396728624453511,2.7011068303813617,0.0034554568156350738,1.5980173006757766e-14,5.2735593669694936e-15,8.0,converged,-0.9996900326589927,0.8412697314222186,0.1743043839476872,total_liabilities,observed_market_cap,risk_neutral,physical
KEY,2022,189813.0,28770.0,0.061665031,189813000000.0,10954000002.509007,176359000000.0,0.929119712559203,reported,0.383198385823666,monthly36,36.0,0.014199999999999999,16258514201.020002,36,2021,2019,0.33706584,2021,rit_tminus1,190124949512.39923,0.03287173439772379,2.7020028283401785,0.0034461588040957283,4.809867185797729e-15,5.384581669432009e-15,8.0,converged,2.481333608739966,0.0065445902399025825,0.16583802133254733,total_liabilities,observed_market_cap,risk_neutral,physical
KEY,2023,188281.0,22645.0,0.047456681,188281000000.0,12136999996.519949,173644000000.0,0.9222598137889644,reported,0.3959724858448085,monthly36,36.0,0.0495,13486521412.8,36,2022,2020,0.061665031,2022,rit_tminus1,178737171022.19162,0.030006741145987753,2.5980488692203743,0.004687757491912312,1.8951122307513683e-14,6.661338147750939e-15,10.0,converged,0.7347684852158612,0.23124025164788187,0.16679295689762177,total_liabilities,observed_market_cap,risk_neutral,physical
LARK,2018,985.784,56.897,-0.080737945,985784000.0,89555379.34618765,893883000.0,0.9067736948459297,reported,0.1812353441905008,monthly36,36.0,0.0181,98844802.39252,36,2017,2015,,2017,unavailable,976694063.1563262,0.018341640959637452,5.808115106768611,3.159003795161882e-09,1.9130569435407808e-13,5.772604616538501e-13,7.0,converged,,,,total_liabilities,observed_market_cap,risk_neutral,physical
LARK,2019,998.465,42.199,0.068767374,998465000.0,107042545.64583698,889858000.0,0.8912260319590571,reported,0.1214384416908181,monthly36,36.0,0.021400000000000002,113506448.4918,36,2018,2016,-0.080737945,2018,rit_tminus1,984523801.2338736,0.014000724217564051,8.74227377613217,1.142325163693351e-18,2.756886408030001e-15,2.636779683484747e-16,8.0,converged,0.4199806906452741,0.3372497798633626,0.08500668781561616,total_liabilities,observed_market_cap,risk_neutral,physical
LARK,2020,1188.027,28.022,-0.001065409,1188027000.0,126855898.52222085,1061355000.0,0.8933761606428137,reported,0.1376033393637633,monthly36,36.0,0.0044,108714704.0654,36,2019,2017,0.068767374,2019,rit_tminus1,1165410000.9299493,0.012836260462331212,7.622483125056127,1.2442083034680174e-14,6.579199598192419e-15,8.049116928532385e-16,8.0,converged,1.8164963755999755,0.034647131705891863,0.08934403994627825,total_liabilities,observed_market_cap,risk_neutral,physical
LARK,2021,1328.968,29.054,0.076565951,1328968000.0,134744285.29945767,1193325000.0,0.8979335845558358,reported,0.211903156869115,monthly36,36.0,0.0004,142427589.720625,36,2020,2018,-0.001065409,2020,rit_tminus1,1335275353.5674596,0.022602727135656364,4.978981392187044,3.195989357578433e-07,1.067151697753094e-14,2.1371793224034263e-15,8.0,converged,0.9173581810098511,0.17947748944531172,0.11459041197650416,total_liabilities,observed_market_cap,risk_neutral,physical
LARK,2022,1502.867,68.253,-0.02639271,1502867000.0,111432770.9371048,1391434000.0,0.9258530528649574,reported,0.2207312749282079,monthly36,36.0,0.014199999999999999,117975445.347452,36,2021,2019,0.076565951,2021,rit_tminus1,1489790699.4780967,0.017479569384869716,4.7111001665197,1.2319154663366753e-06,1.3893804142852033e-15,2.220446049250313e-16,8.0,converged,1.3258183438353122,0.09244993768880189,0.11421408630558577,total_liabilities,observed_market_cap,risk_neutral,physical
LARK,2023,1561.672,99.027,0.062518373,1561672000.0,124253122.96018389,1434758000.0,0.9187319744478994,reported,0.2159083141432442,monthly36,36.0,0.0495,106155783.830256,36,2022,2020,-0.02639271,2022,rit_tminus1,1471622369.845916,0.015574602335871289,4.799349965016307,7.959071561548945e-07,2.468137936698531e-12,8.402167850363185e-13,8.0,converged,0.34694428975569097,0.36431658618666257,0.11168818357989771,total_liabilities,observed_market_cap,risk_neutral,physical
LCNB,2018,1636.927,103.262,-0.201532209,1636927000.0,233349656.65363377,1417942000.0,0.8662218901637031,reported,0.2175559981776676,monthly36,36.0,0.0181,214636110.0,36,2017,2015,,2017,unavailable,1607144227.4633656,0.029054884951005888,4.919317860535885,4.3423169571075254e-07,1.3329644062309693e-14,1.3405943022348765e-14,7.0,converged,,,,total_liabilities,observed_market_cap,risk_neutral,physical
LCNB,2019,1639.308,40.994,0.029845786,1639308000.0,249741163.19100082,1411260000.0,0.8608876428346595,reported,0.2310458298785834,monthly36,36.0,0.021400000000000002,273430820.0,36,2018,2016,-0.201532209,2018,rit_tminus1,1654810700.822105,0.038176641593727974,4.711649958064855,1.2285959180297963e-06,2.615856315336682e-15,7.216449660063518e-16,7.0,converged,-0.2551110912757333,0.6006813510339797,0.12777091359107304,total_liabilities,observed_market_cap,risk_neutral,physical
LCNB,2020,1745.884,22.0,-0.114231415,1745884000.0,265342811.48251137,1505059000.0,0.8620612824219708,reported,0.197726128241051,monthly36,36.0,0.0044,208119106.0,36,2019,2017,0.029845786,2019,rit_tminus1,1706570393.7944314,0.02411303191555307,5.381443532951723,3.69454414655452e-08,4.582348707601358e-14,7.185918526886326e-14,7.0,converged,1.3752225607549544,0.08453122798306328,0.11137248753367847,total_liabilities,observed_market_cap,risk_neutral,physical
LCNB,2021,1903.629,10.0,0.127309194,1903629000.0,238604000.0251452,1665025000.0,0.8746583499200737,reported,0.2986704701052683,monthly36,36.0,0.0004,242464090.68,36,2020,2018,-0.114231415,2020,rit_tminus1,1906820348.4892552,0.03798386959452852,3.561395712563395,0.00018444431403962734,3.195773773786262e-15,6.661338147750939e-14,7.0,converged,0.074552599423969,0.47028534464397875,0.1467854076790468,total_liabilities,observed_market_cap,risk_neutral,physical
LCNB,2022,1919.398,90.527,0.009822266,1919398000.0,200674999.98846433,1718723000.0,0.8954489897353233,reported,0.3068232317665361,monthly36,36.0,0.014199999999999999,202663440.0,36,2021,2019,0.127309194,2021,rit_tminus1,1897148778.6548662,0.03278526007760517,3.429379731722785,0.0003024812397571092,5.882130963077566e-15,1.6653345369377348e-15,8.0,converged,1.5659111107657202,0.05868471417742519,0.14570418117689668,total_liabilities,observed_market_cap,risk_neutral,physical
LKFN,2017,4682.976,181.61,0.159253826,4682976000.0,478519665.4580084,4214309000.0,0.8999211185365887,reported,0.2198874628602008,monthly36,36.0,0.008,1239254081.0,36,2016,2014,,2016,unavailable,5419983102.731612,0.05027625721160181,5.1384733367017255,1.384897424419676e-07,6.156440917340824e-15,1.0547118733938987e-15,7.0,converged,,,,total_liabilities,observed_market_cap,risk_neutral,physical
LKFN,2018,4875.254,276.483,-0.196279819,4875254000.0,530501922.80948126,4353550000.0,0.8929893703999833,reported,0.217792366362734,monthly36,36.0,0.0181,1026365104.0,36,2017,2015,0.159253826,2017,rit_tminus1,5301824692.946539,0.04216180863821615,5.08210241991563,1.8664001794064673e-07,5.110470650056683e-15,8.326672684688674e-16,7.0,converged,2.879219500001779,0.001993303790866137,0.12607159421393607,total_liabilities,observed_market_cap,risk_neutral,physical
LKFN,2019,4946.745,170.0,0.034984511,4946745000.0,600657999.808457,4348645000.0,0.8790922111408613,reported,0.2177023658132369,monthly36,36.0,0.021400000000000002,1250499117.0,36,2018,2016,-0.196279819,2018,rit_tminus1,5507071797.479527,0.04943400933896514,5.185638149814012,1.0763821785823467e-07,6.4823969719389455e-15,1.1379786002407855e-15,7.0,converged,0.37044183093297767,0.35552665528702754,0.12972454846418802,total_liabilities,observed_market_cap,risk_neutral,physical
LKFN,2020,5830.435,85.5,-0.059864487,5830435000.0,665351777.9829865,5173251000.0,0.8872838819058956,reported,0.2152511530015801,monthly36,36.0,0.0044,1369338702.0,36,2019,2017,0.034984511,2019,rit_tminus1,6519877396.974489,0.045208175016386375,5.1922549621974525,1.038811084821477e-07,6.9644881504725774e-15,1.1102230246251565e-15,7.0,converged,2.058689873842204,0.019761978446875016,0.1271364066785448,total_liabilities,observed_market_cap,risk_neutral,physical
LKFN,2021,6557.323,75.0,0.094487625,6557323000.0,704816999.9985074,5852417000.0,0.8925009489390716,reported,0.2759248084419948,monthly36,36.0,0.0004,2027605551.02,36,2020,2018,-0.059864487,2020,rit_tminus1,7877680594.067249,0.07102005895445812,4.154556632824217,1.629594447551383e-05,4.468278359812998e-15,8.881784197001252e-16,7.0,converged,1.4113138842179673,0.07907604117909411,0.1593643006783636,total_liabilities,observed_market_cap,risk_neutral,physical
LKFN,2022,6432.371,297.0,-0.027677819,6432371000.0,568798000.0749421,5863484000.0,0.9115587393824144,reported,0.2849590541484069,monthly36,36.0,0.014199999999999999,1849732948.25,36,2021,2019,0.094487625,2021,rit_tminus1,7630540829.567069,0.0690791742036986,3.9842513408835534,3.3846598516003185e-05,2.0622962191564023e-15,5.551115123125783e-16,7.0,converged,2.2167880847339108,0.01331878806223958,0.16050184680789015,total_liabilities,observed_market_cap,risk_neutral,physical
LKFN,2023,6524.029,50.0,-0.00527748,6524029000.0,649704000.0048932,5874236000.0,0.9004000442058121,reported,0.3014700820051824,monthly36,36.0,0.0495,1657055680.56,36,2022,2020,-0.027677819,2022,rit_tminus1,7247587757.732181,0.06893173479630896,3.7314727409493726,9.518180571873967e-05,2.014331893961372e-15,5.551115123125783e-16,7.0,converged,1.2634260312851817,0.10321805695969621,0.16411409443288502,total_liabilities,observed_market_cap,risk_neutral,physical
LOB,2017,2758.474,26.564,0.377068316,2758474000.0,499494900.4746799,2321541000.0,0.8416033647589211,reported,,,,0.008,1087750800.0,0,2016,2016,,2016,unavailable,,,,,,,,not_attempted,,,,total_liabilities,observed_market_cap,risk_neutral,physical
LOB,2018,3670.449,1.457,-0.316938097,3670449000.0,560573789.3833879,3176889000.0,0.86553143770694,reported,,,,0.0181,675454480.0,0,2017,2017,0.377068316,2017,rit_tminus1,,,,,,,,not_attempted,,,,total_liabilities,observed_market_cap,risk_neutral,physical
LOB,2019,4812.828,0.014,0.210938455,4812828000.0,602254045.2810147,4280442000.0,0.8893818769338941,reported,,,,0.021400000000000002,867008080.0000001,0,2018,2018,-0.316938097,2018,rit_tminus1,,,,,,,,not_attempted,,,,total_liabilities,observed_market_cap,risk_neutral,physical
LOB,2020,7872.303,1542.093,0.175184072,7872303000.0,610059142.4850254,7304453000.0,0.927867359780232,reported,,,,0.0044,2164555680.0,0,2019,2019,0.210938455,2019,rit_tminus1,,,,,,,,not_attempted,,,,total_liabilities,observed_market_cap,risk_neutral,physical
MBCN,2018,1248.398,99.201,-0.137420457,1248398000.0,159776474.60983908,1120108000.0,0.8972362980395675,reported,0.1701432616873875,monthly36,36.0,0.0181,170283174.90093,36,2017,2015,,2017,unavailable,1270299597.39064,0.02280763912023955,6.2990988203046845,1.4969054462571858e-10,2.4502274735626608e-15,3.0531133177191805e-15,7.0,converged,,,,total_liabilities,observed_market_cap,risk_neutral,physical
MBCN,2019,1182.475,18.27,0.069881656,1182475000.0,173326600.4028388,1044700000.0,0.8834859087929977,reported,0.1751292079500407,monthly36,36.0,0.021400000000000002,209412587.80377,36,2018,2016,-0.137420457,2018,rit_tminus1,1231993525.895872,0.029768225134667942,6.243596076920941,2.1381171766640406e-10,4.83867265004687e-15,1.1102230246251565e-15,7.0,converged,0.3680348686647183,0.3564236173255303,0.10736566464020121,total_liabilities,observed_market_cap,risk_neutral,physical
MBCN,2020,1391.979,17.038,-0.024768877,1391979000.0,182175432.64982107,1248169000.0,0.8966866597843789,reported,0.1881554050338302,monthly36,36.0,0.0044,180597286.59102,36,2019,2017,0.069881656,2019,rit_tminus1,1423286407.5308764,0.023874573406896145,5.671552395922095,7.075465355608309e-09,8.581085537955222e-15,1.0408340855860843e-14,7.0,converged,1.8342882092688189,0.033305611727233585,0.10855606196659862,total_liabilities,observed_market_cap,risk_neutral,physical
MBCN,2021,1331.006,13.166,0.103164327,1331006000.0,199605947.96151602,1185671000.0,0.8908081556356621,reported,0.3157859989879603,monthly36,36.0,0.0004,199530545.01822,36,2020,2018,-0.024768877,2020,rit_tminus1,1384722668.4842808,0.045516123530577296,3.3956134756501983,0.00034237491543244176,2.3599228563355456e-14,4.624078897563777e-14,7.0,converged,0.7610806558855916,0.22330444687054019,0.1558596859534,total_liabilities,observed_market_cap,risk_neutral,physical
MBCN,2022,1687.682,77.255,-0.032398686,1687682000.0,193757791.11183915,1489991000.0,0.8828624112836423,reported,0.3235888525253562,monthly36,36.0,0.014199999999999999,221044418.33526,36,2021,2019,0.103164327,2021,rit_tminus1,1690018899.6581674,0.04234177733199088,3.289262476764855,0.0005022515006440942,1.4830754322302432e-15,3.1252778143198157e-14,7.0,converged,1.4722174473756693,0.07048108368803149,0.1557905676998606,total_liabilities,observed_market_cap,risk_neutral,physical
MBIN,2019,6371.928,181.439,0.127621575,6371928000.0,704984458.6125413,5718200000.0,0.8974049926490067,reported,0.3415011953533001,monthly_ewma,15.0,0.021400000000000002,602885859.1719,15,2018,2018,,2018,unavailable,6199959633.898801,0.03324051232499252,3.0606100167972956,0.0011044329664006809,1.3050253195784815e-14,4.052314039881821e-15,9.0,converged,,,,total_liabilities,observed_market_cap,risk_neutral,physical
MBIN,2022,12615.227,930.392,-0.157365336,12615227000.0,1021787227.4036254,11155488000.0,0.884287536007081,reported,0.3429301013149568,monthly36,36.0,0.014199999999999999,1115842944.0,36,2021,2019,0.127621575,2021,rit_tminus1,12113927970.81764,0.03162179615804386,3.0398121280954866,0.0011836288308325856,0.0,2.220446049250313e-16,8.0,converged,1.365109300387494,0.08610934967525385,0.15457318362678377,total_liabilities,observed_market_cap,risk_neutral,physical
MBIN,2023,16952.516,964.127,0.033969866,16952516000.0,1274792525.4534867,15251432000.0,0.8996559566733339,reported,0.3312292432127375,monthly36,36.0,0.0495,1953642786.0,36,2022,2020,-0.157365336,2022,rit_tminus1,16468401414.534948,0.03931788714118378,3.1918584581675833,0.0007068029289702576,1.3668251458624125e-14,3.83026943495679e-15,8.0,converged,-0.3147926846105268,0.6235404667939506,0.15533819669921867,total_liabilities,observed_market_cap,risk_neutral,physical
MBWM,2017,3286.704,384.265,0.180214552,3286704000.0,357999509.25500536,2920834000.0,0.8886817918498289,reported,0.2656855985736929,monthly36,36.0,0.008,559728002.24,36,2016,2014,,2016,unavailable,3457287943.133111,0.04301475592425185,4.084415218037031,2.2093977980693604e-05,1.2778630592757094e-15,1.1712852909795402e-14,7.0,converged,,,,total_liabilities,observed_market_cap,risk_neutral,physical
MBWM,2018,3363.907,499.718,-0.235540923,3363907000.0,368461850.6048712,2988658000.0,0.8884484618629469,reported,0.2478396672380533,monthly36,36.0,0.0181,458806752.0,36,2017,2015,0.180214552,2017,rit_tminus1,3393856496.407344,0.03350503502947071,4.3181907833888165,7.865671123875921e-06,2.078596952309564e-14,3.5110803153770576e-14,7.0,converged,2.4189868935654073,0.007781900487681717,0.1300435090842485,total_liabilities,observed_market_cap,risk_neutral,physical
MBWM,2019,3632.915,503.556,0.089649688,3632915000.0,411743996.8683916,3216354000.0,0.8853369814597919,reported,0.2336206021828028,monthly36,36.0,0.021400000000000002,592097744.0,36,2018,2016,-0.235540923,2018,rit_tminus1,3740352983.7556686,0.03698218647421238,4.641362317283824,1.7305980632379378e-06,1.046935766848763e-14,3.219646771412954e-15,7.0,converged,-0.5845070030517868,0.7205603724750941,0.1278723228802517,total_liabilities,observed_market_cap,risk_neutral,physical
MBWM,2020,4437.344,559.928,-0.254274284,4437344000.0,438977865.5254623,3995790000.0,0.9004913750207332,reported,0.2244640574730455,monthly36,36.0,0.0044,441110384.0,36,2019,2017,0.089649688,2019,rit_tminus1,4419357505.707872,0.02240451296218064,4.68218331939909,1.4191773571612882e-06,2.16198564123181e-15,3.885780586188048e-16,8.0,converged,1.5898636091053877,0.055932776013882655,0.11788201004575186,total_liabilities,observed_market_cap,risk_neutral,physical
MBWM,2021,5257.749,693.353,0.303422517,5257749000.0,456558999.84575725,4801190000.0,0.9131645500764681,reported,0.3284195392523205,monthly36,36.0,0.0004,554873238.32,36,2020,2018,-0.254274284,2020,rit_tminus1,5354112598.923975,0.03405687391083888,3.1952796601722415,0.000698477025817243,7.949101540260612e-15,2.3869795029440866e-15,8.0,converged,-1.0268014442364266,0.8477430154039682,0.15244253640371752,total_liabilities,observed_market_cap,risk_neutral,physical
MBWM,2022,4872.619,640.189,0.091210356,4872619000.0,441407999.822589,4431211000.0,0.9094105244017642,reported,0.332271440217286,monthly36,36.0,0.014199999999999999,535508716.31999993,36,2021,2019,0.303422517,2021,rit_tminus1,4904208209.417449,0.036306667014322586,3.1664062575681133,0.0007716754074354137,2.23945085548194e-13,4.1638914538566496e-13,7.0,converged,2.6242500065883836,0.004342000814509776,0.1545458696043463,total_liabilities,observed_market_cap,risk_neutral,physical
MBWM,2023,5353.224,836.259,0.089166638,5353224000.0,522144999.8668485,4831079000.0,0.9024615820298197,reported,0.3426707390964133,monthly36,36.0,0.0495,651154231.5600001,36,2022,2020,0.091210356,2022,rit_tminus1,5248863725.534428,0.04254711088102184,3.0915531217158363,0.0009955617601475647,9.702912213370498e-15,2.9976021664879227e-15,8.0,converged,1.278043608029254,0.10061702534750533,0.16025454729426308,total_liabilities,observed_market_cap,risk_neutral,physical
MCB,2019,3357.572,232.193,0.051271508,3357572000.0,383578879.4187872,3058448000.0,0.910910622318747,reported,0.3496238361279789,monthly_ewma,14.0,0.021400000000000002,514136623.0,14,2018,2018,,2018,unavailable,3507783100.9264994,0.051291566207683194,3.0640755243039846,0.0010917189072047798,7.41961785053581e-15,1.637578961322106e-14,7.0,converged,,,,total_liabilities,observed_market_cap,risk_neutral,physical
MCB,2020,4330.821,82.241,-0.113738048,4330821000.0,437935189.73791677,3990034000.0,0.9213112248231917,reported,0.3456767648953806,monthly36,26.0,0.0044,386641827.00000006,26,2019,2018,0.051271508,2019,rit_tminus1,4359113628.11535,0.030696838677200092,3.010011592403693,0.0013061885947398086,7.553832487953095e-15,2.942091015256665e-15,8.0,converged,0.8506062523320628,0.1974940575627725,0.15490530575369554,total_liabilities,observed_market_cap,risk_neutral,physical
MCB,2021,7116.358,77.793,0.179521835,7116358000.0,543704127.5140514,6559369000.0,0.9217311720405297,reported,0.4278078920796245,monthly36,36.0,0.0004,1135620453.0,36,2020,2018,-0.113738048,2020,rit_tminus1,7691499180.437364,0.06351118377790653,2.4815231357185867,0.006541110876060615,1.175695664375948e-14,7.771561172376096e-15,7.0,converged,0.1348092893087642,0.4463813305407276,0.19692467517616583,total_liabilities,observed_market_cap,risk_neutral,physical
MCB,2022,6267.337,278.345,-0.063852478,6267337000.0,560651984.4704648,5691440000.0,0.9081113717038034,reported,0.4434311759437129,monthly36,36.0,0.014199999999999999,625428067.0,36,2021,2019,0.179521835,2021,rit_tminus1,6235787894.602526,0.04486867330548171,2.3298002648581533,0.009908355085363724,9.14900721658451e-15,2.4980018054066022e-15,8.0,converged,1.4083855585302432,0.07950846656886901,0.18883515906448084,total_liabilities,observed_market_cap,risk_neutral,physical
MCB,2023,7067.672,567.205,-0.046482968,7067672000.0,635035872.4938806,6408651000.0,0.9067555766594715,reported,0.4456864144676436,monthly36,36.0,0.0495,590356338.0,36,2022,2020,-0.063852478,2022,rit_tminus1,6688634334.966318,0.039717552841018,2.3030668585793803,0.010637540817669348,8.077107460530473e-15,3.0531133177191805e-15,9.0,converged,0.03819155036983541,0.48476747890534205,0.18539893706603627,total_liabilities,observed_market_cap,risk_neutral,physical
MCBS,2020,1897.489,110.483,-0.036209876,1897489000.0,242226994.26363987,1652658000.0,0.8709710570127153,reported,0.3775374851696265,monthly36,30.0,0.0044,366289630.0,30,2019,2018,,2019,unavailable,2011628329.2811146,0.0688526409719904,2.8842650246511363,0.001961642117642742,6.509017989440828e-15,8.93729534823251e-15,7.0,converged,,,,total_liabilities,observed_market_cap,risk_neutral,physical
MCBS,2021,3106.158,500.459,0.128363386,3106158000.0,289496611.58832395,2815935000.0,0.9065652809676777,reported,0.3170216991990571,monthly36,36.0,0.0004,699303295.0,36,2020,2018,-0.036209876,2020,rit_tminus1,3514101284.519513,0.06309930377975542,3.4849623150657294,0.0002461031788152178,4.773122236499508e-15,2.220446049250313e-15,7.0,converged,1.030701793699839,0.15134034168069965,0.16660867466736667,total_liabilities,observed_market_cap,risk_neutral,physical
MCBS,2022,3427.239,375.392,-0.010764078,3427239000.0,352638861.6490913,3077818000.0,0.8980459197622342,reported,0.3170186901397735,monthly36,36.0,0.014199999999999999,549434445.0,36,2021,2019,0.128363386,2021,rit_tminus1,3583843577.187028,0.04861548604596192,3.3987773389830003,0.00033843898746123863,1.3885905044140434e-14,1.8540724511240114e-14,7.0,converged,1.776734032534033,0.03780600504242402,0.15769603975929716,total_liabilities,observed_market_cap,risk_neutral,physical
MCBS,2023,3502.823,325.0,0.085633653,3502823000.0,384483615.4234535,3121306000.0,0.8910829922037168,reported,0.2868452919767683,monthly36,36.0,0.0495,610144030.0,36,2022,2020,-0.010764078,2022,rit_tminus1,3580704576.726818,0.04888072701451795,3.797272152216617,7.314857160475818e-05,1.5630314639090216e-15,2.275957200481571e-15,7.0,converged,1.0538655983225866,0.1459722275519516,0.14871302595547334,total_liabilities,observed_market_cap,risk_neutral,physical
MFIN,2018,1381.846,213.988,-0.385306109,1381846000.0,249734044.31575447,1091642000.0,0.7899881752380511,reported,0.538115252415939,monthly36,36.0,0.0181,108979185.0,36,2017,2015,,2017,unavailable,1180375566.6884894,0.05112241951391183,1.8571681458581841,0.03164361770036199,1.0938720963162025e-14,1.3322676295501878e-15,8.0,converged,,,,total_liabilities,observed_market_cap,risk_neutral,physical
MFIN,2019,1541.667,212.837,0.347164701,1541667000.0,248092989.52578476,1207199000.0,0.783047830692361,reported,0.5846376466865926,monthly36,36.0,0.021400000000000002,168929355.0,36,2018,2016,-0.385306109,2018,rit_tminus1,1348981318.4111123,0.07607414015162985,1.7029872554783565,0.04428522672263358,8.468104756626668e-15,3.6637359812630166e-15,8.0,converged,-1.1649305203023923,0.8779764409072148,0.24384782491752807,total_liabilities,observed_market_cap,risk_neutral,physical
MFIN,2020,1642.411,241.052,0.029016415,1642411000.0,216142470.95330787,1337850000.0,0.8145646856968201,reported,0.5362185950515386,monthly36,36.0,0.0044,113858850.0,36,2019,2017,0.347164701,2019,rit_tminus1,1445121284.7983644,0.04351000376334507,1.8520532561892007,0.03200908792386681,4.397365827191134e-14,7.904787935331115e-14,8.0,converged,1.920107137725136,0.02742218394942687,0.21167518847089006,total_liabilities,observed_market_cap,risk_neutral,physical
MFIN,2021,1873.057,219.973,0.438670906,1873057000.0,287040000.2610783,1517229000.0,0.8100282052281378,reported,0.9715213772616592,monthly36,36.0,0.0004,146005638.79999998,36,2020,2018,0.029016415,2020,rit_tminus1,1635708628.549347,0.11329680780864518,0.6105414231051782,0.27075160612091487,6.327645984166981e-15,1.0103029524088925e-14,8.0,converged,0.166782055662483,0.4337707692119807,0.3524542704589306,total_liabilities,observed_market_cap,risk_neutral,physical
MFIN,2022,2259.879,219.32,-0.197791118,2259879000.0,301735999.8198017,1889355000.0,0.8360425491807305,reported,0.978165525027056,monthly36,36.0,0.014199999999999999,164660345.22,36,2021,2019,0.438670906,2021,rit_tminus1,1995183351.9835908,0.1065905334081856,0.5912314909149359,0.2771826627821016,5.6107740621106095e-15,2.6645352591003757e-15,9.0,converged,1.320220394165132,0.09338072239506895,0.3493441789943274,total_liabilities,observed_market_cap,risk_neutral,physical
MFIN,2023,2587.827,243.544,0.234051293,2587827000.0,342985999.8108892,2176053000.0,0.8408803988829238,reported,0.9550716730291038,monthly36,36.0,0.0495,230979013.1,36,2022,2020,-0.197791118,2022,rit_tminus1,2264610622.0181336,0.12451141939886158,0.6556715974079625,0.256017723699552,4.8126737149914476e-14,1.887379141862766e-15,9.0,converged,-0.4511124217340196,0.6740457372921093,0.3527064877754319,total_liabilities,observed_market_cap,risk_neutral,physical
MNSB,2020,1643.165,14.834,-0.181465982,1643165000.0,145309723.59691536,1475500000.0,0.8979621644813516,reported,0.2308849583484559,monthly36,36.0,0.0044,130275316.4,36,2019,2017,,2019,unavailable,1599297359.9715831,0.01880744735866262,4.5083527667235845,3.2666441505784477e-06,1.212450009868371e-14,2.4980018054066022e-15,9.0,converged,,,,total_liabilities,observed_market_cap,risk_neutral,physical
MNSB,2021,1647.402,29.294,0.166289609,1647402000.0,163827137.8619434,1458614000.0,0.8854025914743335,reported,0.2868838500216734,monthly36,36.0,0.0004,189442343.6,36,2020,2018,-0.181465982,2020,rit_tminus1,1647471703.4914408,0.03299199802529766,3.6860727864255765,0.0001138706204793311,8.337750982868709e-15,2.0539125955565396e-15,8.0,converged,-0.4921966984610608,0.6887098509054403,0.14070626274004228,total_liabilities,observed_market_cap,risk_neutral,physical
MNSB,2022,1925.751,172.245,0.0758825,1925751000.0,177023070.27287653,1727469000.0,0.8970365327604659,reported,0.2747949155638601,monthly36,36.0,0.014199999999999999,211784059.6,36,2021,2019,0.166289609,2021,rit_tminus1,1914895607.255158,0.030393474474579345,3.841084207891818,6.124604087357724e-05,5.4740207694146386e-14,2.6673108166619386e-13,7.0,converged,2.009060941033897,0.02226533562609196,0.13574585120334853,total_liabilities,observed_market_cap,risk_neutral,physical
MOFG,2017,3212.271,248.522,0.200988709,3212271000.0,579732723.545399,2871967000.0,0.8940612420309495,reported,0.2092144816434368,monthly36,36.0,0.008,697994010.0,36,2016,2014,,2016,unavailable,3547076931.1775355,0.04116924005164598,5.3019985390307935,5.727087919953389e-08,6.831536537156315e-15,1.1379786002407855e-15,7.0,converged,,,,total_liabilities,observed_market_cap,risk_neutral,physical
MOFG,2018,3291.48,298.81,-0.244355864,3291480000.0,610267207.3819566,2934413000.0,0.8915177974649702,reported,0.1921840563884887,monthly36,36.0,0.0181,516886110.0,36,2017,2015,0.200988709,2017,rit_tminus1,3398664019.1183386,0.02922832898699605,5.629738122812722,9.024172029337928e-09,5.53511284955742e-15,8.326672684688674e-16,7.0,converged,3.182886949864073,0.0007290726709988371,0.11214466070297952,total_liabilities,observed_market_cap,risk_neutral,physical
MOFG,2019,4653.573,371.009,0.089504847,4653573000.0,655572510.2072159,4144591000.0,0.8906255472945197,reported,0.210387010087785,monthly36,36.0,0.021400000000000002,754199909.9999999,36,2018,2016,-0.244355864,2018,rit_tminus1,4811038954.284384,0.03298120896408173,5.153391105193112,1.2790882553200846e-07,7.903029950691804e-16,0.0,7.0,converged,-0.7070530642842779,0.7602332489327915,0.11919174586797424,total_liabilities,observed_market_cap,risk_neutral,physical
MOFG,2020,5556.648,439.48,-0.173870054,5556648000.0,669670136.3495543,5041398000.0,0.9072732337913073,reported,0.2265062326594049,monthly36,36.0,0.0044,510016500.0,36,2019,2017,0.089504847,2019,rit_tminus1,5529281038.305516,0.02089279132903581,4.621503918153417,1.9048406853813722e-06,1.682900229238907e-14,3.469446951953614e-15,9.0,converged,1.52120427108641,0.06410429199042783,0.11764007769340588,total_liabilities,observed_market_cap,risk_neutral,physical
MOFG,2021,6025.128,336.247,0.248008887,6025128000.0,527475000.0,5497653000.0,0.9124541420530817,reported,0.3294062201685593,monthly36,36.0,0.0004,507275028.39,36,2020,2018,-0.173870054,2020,rit_tminus1,6002696200.602748,0.02785770701673573,3.1553004414736656,0.0008016645363334409,1.8094948068985423e-14,5.384581669432009e-15,9.0,converged,-0.6490761116266872,0.7418554092148534,0.14899803446267457,total_liabilities,observed_market_cap,risk_neutral,physical
MOFG,2022,6577.876,531.083,0.02976463,6577876000.0,492793000.0466357,6085083000.0,0.9250832639593692,reported,0.3226829265071462,monthly36,36.0,0.014199999999999999,496061269.75,36,2021,2019,0.248008887,2021,rit_tminus1,6495320383.49402,0.024659027420462873,3.2092740320851267,0.0006653529956771085,7.689971981782599e-15,2.275957200481571e-15,9.0,converged,2.176073849430226,0.014774869476570833,0.14514387023243117,total_liabilities,observed_market_cap,risk_neutral,physical
MPB,2018,2077.981,118.206,-0.151156056,2077981000.0000002,605875836.7808338,1854772000.0,0.8925837146730407,reported,0.1960869575257783,monthly36,36.0,0.0181,524197780.659,36,2017,2015,,2017,unavailable,2345700403.5398874,0.04381989624497103,5.749948980579015,4.463519178030824e-09,4.6619625758788645e-15,6.938893903907228e-16,7.0,converged,,,,total_liabilities,observed_market_cap,risk_neutral,physical
MPB,2019,2231.175,59.973,0.052681973,2231175000.0,644082019.6984525,1993301000.0,0.893386220265107,reported,0.242782042628932,monthly36,36.0,0.021400000000000002,658618279.1055,36,2018,2016,-0.151156056,2018,rit_tminus1,2609715797.421836,0.06127135879941245,4.716268466370269,1.2010471743290452e-06,4.3439774448781436e-15,7.494005416219807e-16,7.0,converged,0.8643866967104374,0.19368774920839577,0.14349990446576458,total_liabilities,observed_market_cap,risk_neutral,physical
MPB,2020,2998.948,245.312,-0.14987061,2998948000.0,697394453.0550238,2743260000.0,0.9147407690963631,reported,0.2128139918854111,monthly36,36.0,0.0044,501857142.633,36,2019,2017,0.052681973,2019,rit_tminus1,3233073311.5353336,0.033034276570357596,5.089881360923183,1.7914380329344388e-07,5.938407537917472e-15,1.582067810090848e-15,7.0,converged,1.7766075788909175,0.03781641390564215,0.12015475330682845,total_liabilities,observed_market_cap,risk_neutral,physical
MPB,2021,4689.425,155.544,0.172427501,4689425000.0,490075999.7704148,4199349000.0,0.8954933707224233,reported,0.2548726566148411,monthly36,36.0,0.0004,506501524.2,36,2020,2018,-0.14987061,2020,rit_tminus1,4704170679.37804,0.027442754180314225,4.13746475369572,1.7558218539617992e-05,1.0002723711266974e-14,2.3314683517128287e-15,8.0,converged,-0.34366834955923,0.634452141843912,0.12891094709731948,total_liabilities,observed_market_cap,risk_neutral,physical
MPB,2022,4497.954,163.997,0.053731569,4497954000.0,512099000.00300413,3985855000.0,0.8861484577209994,reported,0.2496373983961194,monthly36,36.0,0.014199999999999999,476107705.71,36,2021,2019,0.172427501,2021,rit_tminus1,4405763252.640707,0.026977288046587812,4.22569470105047,1.1910238138097596e-05,6.134384213838186e-15,1.4155343563970746e-15,8.0,converged,2.1817295076243757,0.01456475091034695,0.1270520832525927,total_liabilities,observed_market_cap,risk_neutral,physical
MPB,2023,5290.792,346.889,0.055687407,5290792000.0,542350000.0127363,4748442000.0,0.8974917176861233,reported,0.2763649940608873,monthly36,36.0,0.0495,402409605.96,36,2022,2020,0.053731569,2022,rit_tminus1,4921524330.12074,0.02259877981327422,3.763317743240718,8.383696947713052e-05,6.650558313662775e-14,1.3999912340523224e-13,8.0,converged,0.962464910380383,0.16790806065627156,0.13137823925276398,total_liabilities,observed_market_cap,risk_neutral,physical
MSBI,2017,4412.701,791.913,0.138438456,4412701000.0,502462146.34558374,3963156000.0,0.8981247539772126,reported,0.2328683386232606,peer_median,8.0,0.008,698810447.9999999,8,2016,2016,,2016,unavailable,4630387635.303607,0.035144156979621845,4.637537721543328,1.7629213869378514e-06,1.0405921496178971e-14,4.801714581503802e-15,7.0,converged,,,,total_liabilities,observed_market_cap,risk_neutral,physical
MSBI,2018,5637.673,906.794,-0.236802516,5637673000.0,548701312.5115504,5029148000.0,0.8920609620316752,reported,0.2214426198322689,monthly_ewma,20.0,0.0181,480647334.0,20,2017,2017,0.138438456,2017,rit_tminus1,5419586584.47327,0.01963912149505232,4.718953596012968,1.1853044155366643e-06,1.9841456488891084e-15,3.608224830031759e-16,8.0,converged,1.9313565717474324,0.026719485917769115,0.11548707228576151,total_liabilities,observed_market_cap,risk_neutral,physical
MSBI,2019,6087.017,800.281,0.037496174,6087017000.0,583164626.079851,5425106000.0,0.8912585589953174,reported,0.2531299849377502,monthly36,32.0,0.021400000000000002,623077296.0,32,2018,2017,-0.236802516,2018,rit_tminus1,5933318967.364388,0.02658238615747934,4.160386381720847,1.5885482068347847e-05,3.0611749859242183e-15,7.216449660063518e-16,8.0,converged,-1.0669191759367016,0.8569958325816134,0.1276894331358503,total_liabilities,observed_market_cap,risk_neutral,physical
MSBI,2020,6868.54,1066.737,-0.34711464,6868540000.0,598835719.884644,6247149000.0,0.9095308464389812,reported,0.2082529176884291,monthly36,36.0,0.0044,384474837.0,36,2019,2017,0.037496174,2019,rit_tminus1,6604196759.703634,0.012123811373003444,4.941237100568939,3.881421875062421e-07,2.976551569973095e-14,5.828670879282072e-15,9.0,converged,0.8442542223123,0.19926368040313153,0.10821967980149795,total_liabilities,observed_market_cap,risk_neutral,physical
MSBI,2021,7443.805,575.439,0.305762278,7443805000.0,647717533.370392,6779968000.0,0.910820205526609,reported,0.3179939111975084,monthly36,36.0,0.0004,533359329.0,36,2020,2018,-0.34711464,2020,rit_tminus1,7310592009.202544,0.023212162640977804,3.2518500510528,0.0005732824647440474,5.364156570736105e-15,1.659783421814609e-14,8.0,converged,-1.966194274635509,0.9753619132067275,0.14324540766509372,total_liabilities,observed_market_cap,risk_neutral,physical
MSBI,2022,7855.501,652.058,0.162474694,7855501000.0,627611919.8082834,7096927000.0,0.9034340394075439,reported,0.3505593595560617,monthly36,36.0,0.014199999999999999,572731962.0,36,2021,2019,0.305762278,2021,rit_tminus1,7569510150.082981,0.026563323448050666,2.948188226925455,0.001598211884247362,3.33026399670794e-15,2.1038726316646716e-14,8.0,converged,2.4201269571976054,0.007757544609366338,0.1535396099897717,total_liabilities,observed_market_cap,risk_neutral,physical
MSBI,2023,7866.868,655.027,0.056390327,7866868000.0,680157384.1808813,7074933000.0,0.8993328730061315,reported,0.3717887715868487,monthly36,36.0,0.0495,592956156.0,36,2022,2020,0.162474694,2022,rit_tminus1,7326043574.841488,0.030166100378221476,2.782018256676022,0.002701100053535824,8.041693359249398e-15,2.886579864025407e-15,9.0,converged,1.4320839941714605,0.07605989228353034,0.1606434610707112,total_liabilities,observed_market_cap,risk_neutral,physical
MTB,2016,123449.206,9657.277,0.294043416,123449206000.0,15678553510.21502,106962584000.0,0.8664501576462145,reported,0.142917057116287,monthly36,36.0,0.002,25109517880.0,36,2015,2013,,2015,unavailable,131858390494.62248,0.02721539666575205,7.748522649088368,4.648389508639479e-15,6.076894480978382e-16,1.5126788710517758e-14,7.0,converged,,,,total_liabilities,observed_market_cap,risk_neutral,physical
MTB,2017,118593.487,8316.529,0.158937016,118593487000.0,16063234821.088285,102342668000.0,0.8629703922948146,reported,0.1929500846440111,monthly36,36.0,0.008,27446630840.0,36,2016,2014,0.294043416,2016,rit_tminus1,128973823743.42233,0.041061275871615795,5.806925742177352,3.181516992823377e-09,5.5594397547192715e-15,8.881784197001252e-16,7.0,converged,4.436047747052908,4.581276671524052e-06,0.11826645104244718,total_liabilities,observed_market_cap,risk_neutral,physical
MTB,2018,120097.403,12843.292,-0.238741921,120097403000.0,16489324764.997004,104637212000.0,0.8712695644218051,reported,0.20778637807733,monthly36,36.0,0.0181,22974655080.0,36,2017,2015,0.158937016,2017,rit_tminus1,125734970654.8526,0.037967325810523346,5.295508107353133,5.934296390206936e-08,1.3283149635428607e-15,2.220446049250313e-16,7.0,converged,2.89343891517941,0.0019052420072991469,0.121001503569934,total_liabilities,observed_market_cap,risk_neutral,physical
MTB,2019,119872.757,7048.549,0.047240124,119872757000.0,17784890584.683414,104156108000.0,0.8688889002527905,reported,0.218660116226646,monthly36,36.0,0.021400000000000002,27247591000.0,36,2018,2016,-0.238741921,2018,rit_tminus1,129198438598.05797,0.04611481545648497,5.1132245356285635,1.5835273397525896e-07,5.040045615867473e-15,8.049116928532385e-16,7.0,converged,-0.113709764584441,0.545266064143534,0.1283028074057861,total_liabilities,observed_market_cap,risk_neutral,physical
MTB,2020,142601.105,4441.675,-0.267867802,142601105000.0,18685812275.972168,126413822000.0,0.8864855710620194,reported,0.2222259070439208,monthly36,36.0,0.0044,20433686800.0,36,2019,2017,0.047240124,2019,rit_tminus1,146292509370.19748,0.031039847738094723,4.831387847954937,6.779229336532582e-07,1.4934934857179077e-15,2.683964162031316e-14,7.0,converged,1.5572383146733522,0.0597069573733494,0.12179091353840577,total_liabilities,observed_market_cap,risk_neutral,physical
MTB,2021,155107.16,3532.415,0.262101282,155107160000.0,16153405000.742542,137203755000.0,0.8845739616404555,reported,0.3215091309875115,monthly36,36.0,0.0004,19764064759.74,36,2020,2018,-0.267867802,2020,rit_tminus1,156912256125.54822,0.04051283380492626,3.302633506392996,0.00047890740623845156,7.913482868626387e-15,3.530509218307998e-14,7.0,converged,-0.9402847387449181,0.8264642372027012,0.15444299399940536,total_liabilities,observed_market_cap,risk_neutral,physical
MTB,2022,200729.841,7519.488,0.10371246,200729841000.0,23309321963.28493,175411851000.0,0.8738703230477824,reported,0.3208928329303626,monthly36,36.0,0.014199999999999999,24556538818.46,36,2021,2019,0.262101282,2021,rit_tminus1,197494293911.27103,0.039916323248970376,3.306326383349816,0.0004726395502619891,2.3301516311965105e-14,4.5630166312093934e-14,7.0,converged,2.4819513946582874,0.00653325486018834,0.15363783913821893,total_liabilities,observed_market_cap,risk_neutral,physical
MVBF,2018,1750.969,247.336,-0.275410892,1750969000.0,189132093.40991634,1574196000.0,0.8990427586096613,reported,0.246169379236369,monthly36,36.0,0.0181,234424388.0,36,2017,2015,,2017,unavailable,1780383677.9258623,0.032413497234234735,4.3395165386005115,7.139826019757943e-06,1.627261266701057e-14,4.64628335805628e-14,7.0,converged,,,,total_liabilities,observed_market_cap,risk_neutral,physical
MVBF,2019,1944.114,237.181,0.000103788,1944114000.0,222595217.6910121,1732178000.0,0.8909858166753596,reported,0.2452134655953724,monthly36,36.0,0.021400000000000002,323827924.0,36,2018,2016,-0.275410892,2018,rit_tminus1,2019331068.6035895,0.039323559858856494,4.425172991336779,4.818251473719445e-06,4.4175050037049156e-15,2.6645352591003757e-15,7.0,converged,-0.8519181258225044,0.8028702321005969,0.13239466235244668,total_liabilities,observed_market_cap,risk_neutral,physical
MVBF,2020,2331.476,53.849,-0.14077995,2331476000.0,261723626.78800935,2091993000.0,0.8972826655732249,reported,0.2258672912799096,monthly36,36.0,0.0044,294719796.0,36,2019,2017,0.000103788,2019,rit_tminus1,2377528233.7089624,0.02799867186348515,4.712803109286511,1.2216612572734505e-06,1.5208578955142107e-13,2.0292101332586299e-13,7.0,converged,1.0276110574202997,0.15206641037883878,0.12121081789378421,total_liabilities,observed_market_cap,risk_neutral,physical
MVBF,2021,2792.449,84.515,0.121134343,2792449000.0,294930487.94502884,2517146000.0,0.9014116282875713,reported,0.3520690624520359,monthly36,36.0,0.0004,539539944.0,36,2020,2018,-0.14077995,2020,rit_tminus1,3055636801.9888735,0.06221572713137133,3.0912906946208367,0.0009964421328764064,8.837847197521394e-16,1.4932499681208355e-14,7.0,converged,0.21600041517590532,0.4144937119703545,0.17579984995286355,total_liabilities,observed_market_cap,risk_neutral,physical
MYFW,2020,1973.655,173.854,-0.30033942,1973655000.0,189331670.21446404,1818693000.0,0.921484757974418,reported,0.3220746570583682,monthly_ewma,18.0,0.0044,190130965.1,18,2019,2019,,2019,unavailable,2000830686.007655,0.03062159738114744,3.2452743644416553,0.0005866875582686119,7.837314235485179e-16,2.220446049250313e-16,8.0,converged,,,,total_liabilities,observed_market_cap,risk_neutral,physical
MYFW,2021,2527.489,77.66,0.300282315,2527489000.0,225928047.13995835,2308448000.0,0.9133365169937436,reported,0.3991849851694019,monthly36,30.0,0.0004,294960454.8,30,2020,2019,-0.30033942,2020,rit_tminus1,2602345321.251164,0.04541745644523888,2.6246796816969185,0.004336525865214201,9.09345294002638e-15,3.219646771412954e-15,8.0,converged,-1.1004936677761383,0.8644414564535383,0.17805144217048804,total_liabilities,observed_market_cap,risk_neutral,physical
MYFW,2022,2866.748,199.018,0.135574941,2866748000.0,246444328.18227276,2625884000.0,0.9159800582402081,reported,0.3617454253887865,monthly36,36.0,0.014199999999999999,273489354.5,36,2021,2019,0.300282315,2021,rit_tminus1,2862298210.965165,0.034625528976002115,2.8824919207306636,0.0019727162684188885,6.9741238605047786e-15,2.4980018054066022e-15,8.0,converged,2.395042528493337,0.008309218794422021,0.16131178942767277,total_liabilities,observed_market_cap,risk_neutral,physical
MYFW,2023,2975.462,178.051,0.080913662,2975462000.0,246139129.94620502,2732724000.0,0.9184200638421866,reported,0.367770394543801,monthly36,36.0,0.0495,192656976.9,36,2022,2020,0.135574941,2022,rit_tminus1,2793354061.7310543,0.025425588650561933,2.7972175292844135,0.002577240832900047,7.719086591491077e-14,1.4166445794216997e-13,9.0,converged,1.2205805656214377,0.1111224341743598,0.15681495228942244,total_liabilities,observed_market_cap,risk_neutral,physical
NBHC,2017,4843.465,259.578,0.172631488,4843465000.0,754650437.6662062,4311058000.0,0.8900772484161649,reported,0.2100262602833255,monthly36,36.0,0.008,1235398149.0,36,2016,2014,,2016,unavailable,5512105270.316449,0.047072043882486196,5.367419232122713,3.993562803237933e-08,7.333592019053102e-15,1.2490009027033011e-15,7.0,converged,,,,total_liabilities,observed_market_cap,risk_neutral,physical
NBHC,2018,5676.666,367.707,-0.215661147,5676666000.0,860467121.3624951,4981660000.0,0.8775679245528978,reported,0.2206389985208311,monthly36,36.0,0.0181,1175971041.0,36,2017,2015,0.172631488,2017,rit_tminus1,6068274104.53572,0.042757647872836625,5.016575191176895,2.6300347971366685e-07,6.4877401443170405e-15,1.2212453270876722e-15,7.0,converged,2.959340911930576,0.0015414891838647195,0.12721372649689422,total_liabilities,observed_market_cap,risk_neutral,physical
NBHC,2019,5895.512,264.61,0.072561451,5895512000.0,937089203.2262919,5128592000.0,0.8699146062292809,reported,0.260167431737753,monthly36,36.0,0.021400000000000002,1341681246.0,36,2018,2016,-0.215661147,2018,rit_tminus1,6361686870.518587,0.05486975549859666,4.2893770648733796,8.958747824678504e-06,7.108054310585855e-15,1.4432899320127035e-15,7.0,converged,0.04267689263266279,0.4829795498957586,0.14513521771754628,total_liabilities,observed_market_cap,risk_neutral,physical
NBHC,2020,6659.95,22.897,-0.16840384,6659950000.0,1020544238.0463923,5839259000.0,0.8767721979894744,reported,0.2471294806510858,monthly36,36.0,0.0044,1247969268.0,36,2019,2017,0.072561451,2019,rit_tminus1,7061591724.983213,0.04367445616778314,4.430801561851036,4.694172725474607e-06,7.641809304604206e-16,8.326672684688674e-17,7.0,converged,1.8954810296759603,0.029014351320384626,0.13561524643185802,total_liabilities,observed_market_cap,risk_neutral,physical
NBHC,2021,7214.011,62.246,0.219300811,7214011000.0,840105999.9997562,6373905000.0,0.883545228860893,reported,0.2980019093048227,monthly36,36.0,0.0004,1316388090.1599998,36,2020,2018,-0.16840384,2020,rit_tminus1,7687733991.997121,0.05103291907624399,3.654730770427654,0.0001287260005715136,5.7957030971942996e-15,1.8984813721090177e-14,7.0,converged,0.04833980874053903,0.48072271441718895,0.1541996339129158,total_liabilities,observed_market_cap,risk_neutral,physical
NBHC,2022,9573.243,459.104,0.039058415,9573243000.0,1092201999.6455479,8481041000.0,0.8859109708173082,reported,0.2767884687200265,monthly36,36.0,0.014199999999999999,1582190394.33,36,2021,2019,0.219300811,2021,rit_tminus1,9943647815.001251,0.04404306109385069,3.9127807002593737,4.561969299303723e-05,5.424801514669078e-15,1.1546319456101628e-14,7.0,converged,2.6392999224428135,0.004153872295405965,0.14397439923441602,total_liabilities,observed_market_cap,risk_neutral,physical
NBHC,2023,9951.064,413.827,0.05613149,9951064000.0,1212807000.0722227,8738257000.0,0.8781228821360209,reported,0.2962463086893176,monthly36,36.0,0.0495,1405218608.6899998,36,2022,2020,0.039058415,2022,rit_tminus1,9721450364.457523,0.04282714263653478,3.6240334587323266,0.00014502202956180683,3.579963991319985e-14,7.138734048339757e-14,7.0,converged,1.1982481471511182,0.11541021326461337,0.14791505680732517,total_liabilities,observed_market_cap,risk_neutral,physical
NBTB,2016,8867.268,887.758,0.206066427,8867268000.0,1105938366.7799149,7953952000.0,0.8970014214073602,reported,0.2084057413650446,monthly36,36.0,0.002,2193716280.0,36,2015,2013,,2015,unavailable,10131776271.054567,0.045123684961286624,5.384969448844626,3.622847722522295e-08,6.95568027716875e-15,1.1379786002407855e-15,7.0,converged,,,,total_liabilities,observed_market_cap,risk_neutral,physical
NBTB,2017,9136.812,909.188,0.096440257,9136812000.0,1152664942.8468206,8178635000.0,0.895130051926208,reported,0.2132455076619332,monthly36,36.0,0.008,1927620800.0,36,2016,2014,0.206066427,2016,rit_tminus1,10041087733.422867,0.04093744844315467,5.186504113838655,1.0713914639049991e-07,9.894833220374568e-16,2.498001805406602e-16,7.0,converged,3.2987932049036313,0.00048550707443372084,0.12427970794236828,total_liabilities,observed_market_cap,risk_neutral,physical
NBTB,2018,9556.363,1047.039,-0.156951506,9556363000.0,1220871770.5163832,8538454000.0,0.8934836401672895,reported,0.2127394813283498,monthly36,36.0,0.0181,1811858790.0,36,2017,2015,0.096440257,2017,rit_tminus1,10197157006.441538,0.037800137684985566,5.156451334460465,1.2583692679844937e-07,1.0527026958941431e-15,1.6653345369377348e-16,7.0,converged,2.299642777142005,0.010734233244955427,0.12236279170953487,total_liabilities,observed_market_cap,risk_neutral,physical
NBTB,2019,9715.925,820.916,0.019793377,9715925000.0,1340001290.1032698,8595528000.0,0.8846844742008609,reported,0.2056852800990244,monthly36,36.0,0.021400000000000002,2124573360.0,36,2018,2016,-0.156951506,2018,rit_tminus1,10538111297.828058,0.0414679125389837,5.408916380660326,3.170361207400059e-08,6.73317053457441e-15,1.0824674490095276e-15,7.0,converged,0.46258492200906853,0.32183095920129534,0.12208497091227849,total_liabilities,observed_market_cap,risk_neutral,physical
NBTB,2020,10932.906,406.731,-0.208127513,10932906000.0,1425851713.9966097,9745288000.0,0.8913721566800263,reported,0.200343970482436,monthly36,36.0,0.0044,1681430100.0,36,2019,2017,0.019793377,2019,rit_tminus1,11383933027.186686,0.029591213493729226,5.386101237139937,3.600120869358498e-08,1.020924848158273e-14,2.4147350785597155e-15,7.0,converged,1.5009712374032016,0.06668150054151269,0.11483885343915054,total_liabilities,observed_market_cap,risk_neutral,physical
NBTB,2021,12012.111,311.476,0.174455511,12012111000.0,1250453000.221516,10761658000.0,0.8959006456067548,reported,0.2097066251423083,monthly36,36.0,0.0004,1662831822.2400002,36,2020,2018,-0.208127513,2020,rit_tminus1,12420186010.777014,0.02807581938806931,5.1054358637033666,1.6501645670639375e-07,2.3801254944438433e-14,2.225997164373439e-14,7.0,converged,-0.6102432911174593,0.7291496718266984,0.11678447287653046,total_liabilities,observed_market_cap,risk_neutral,physical
NBTB,2022,11739.296,787.95,0.096437593,11739296000.0,1173553999.6381817,10565742000.0,0.9000319951043061,reported,0.2115524343805391,monthly36,36.0,0.014199999999999999,1860886674.66,36,2021,2019,0.174455511,2021,rit_tminus1,12277655342.303724,0.03206435989873638,5.11003587415308,1.6104882302626786e-07,6.277926826528035e-15,1.8318679906315083e-15,7.0,converged,2.7658529696207963,0.0028387063127505155,0.11916058290486582,total_liabilities,observed_market_cap,risk_neutral,physical
NBTB,2023,13309.04,637.387,0.032928427,13309040000.0,1425690999.8843336,11883349000.0,0.8928779987136563,reported,0.2342310479303394,monthly36,36.0,0.0495,1974375867.09,36,2022,2020,0.096437593,2022,rit_tminus1,13283820244.40493,0.03481385082804102,4.604563678075943,2.0666576666915173e-06,2.7773978656952315e-15,4.773959005888173e-15,7.0,converged,1.9147555854889884,0.027761840541155897,0.1264630318081108,total_liabilities,observed_market_cap,risk_neutral,physical
NFBK,2016,3850.094,473.206,0.243575142,3850094000.0,545662196.9898292,3228898000.0,0.838654328959241,reported,0.0829921353697503,monthly36,36.0,0.002,851243217.0,36,2015,2013,,2015,unavailable,4073689874.4929523,0.017342138079825962,13.508018059985293,7.012320379946251e-42,2.240662356799138e-15,1.249000902703301e-16,8.0,converged,,,,total_liabilities,observed_market_cap,risk_neutral,physical
NFBK,2017,3991.417,471.549,0.152428627,3991417000.0,558005472.2450851,3352540000.0,0.8399372954517155,reported,0.1237875286463632,monthly36,36.0,0.008,728053787.9999999,36,2016,2014,0.243575142,2016,rit_tminus1,4053880463.767851,0.022231533451426068,8.893186517843555,2.9690509019108335e-19,1.5882481867432826e-14,2.6501023597802487e-13,7.0,converged,4.923501972114349,4.2504509870375904e-07,0.08859044988090907,total_liabilities,observed_market_cap,risk_neutral,physical
NFBK,2018,4408.432,408.891,-0.231931879,4408432000.0,572324172.1339341,3741993000.0,0.8488262947007008,reported,0.160908556363485,monthly36,36.0,0.0181,577583655.0,36,2017,2015,0.152428627,2017,rit_tminus1,4252455857.3621826,0.021855171511147867,6.668420941429252,1.2928513643175919e-11,1.1558014422765738e-14,7.771561172376096e-15,7.0,converged,2.9193936518885573,0.0017535651858461528,0.09967816510325635,total_liabilities,observed_market_cap,risk_neutral,physical
NFBK,2019,5055.302,857.004,-0.004383164,5055302000.0,603178246.1511371,4359449000.0,0.8623518436682912,reported,0.204698376394823,monthly36,36.0,0.021400000000000002,722938656.0,36,2018,2016,-0.231931879,2018,rit_tminus1,4990086589.688539,0.02965567338218084,5.262664500471291,7.099126471763243e-08,5.9362359284715366e-15,2.0261570199409107e-15,7.0,converged,-0.7352256963470605,0.7688989740551596,0.11590022093058228,total_liabilities,observed_market_cap,risk_neutral,physical
NIC,2017,2932.433,79.065,0.135773934,2932433000.0,559317044.6656168,2567554000.0,0.8755712406728474,reported,0.196820933302718,monthly36,36.0,0.008,825435408.0,36,2016,2014,,2016,unavailable,3372530919.0028152,0.0481724175943118,5.803102799382897,3.254942571954414e-09,0.0,5.551115123125783e-17,7.0,converged,,,,total_liabilities,observed_market_cap,risk_neutral,physical
NIC,2018,3096.535,77.305,-0.155619126,3096535000.0,613964374.3002629,2709183000.0,0.8749079212732942,reported,0.1761759392949792,monthly36,36.0,0.0181,735864960.0,36,2017,2015,0.135773934,2017,rit_tminus1,3396452860.032813,0.03816973350545882,6.378248169663242,8.956254334601496e-11,3.88797280036102e-15,5.551115123125783e-16,7.0,converged,3.31434062083881,0.000459297655131751,0.11158743504372279,total_liabilities,observed_market_cap,risk_neutral,physical
NIC,2019,3577.26,77.69,0.085899134,3577260000.0,735267339.2546581,3060270000.0,0.8554787742573925,reported,0.1738953172372309,monthly36,36.0,0.021400000000000002,1113598920.0,36,2018,2016,-0.155619126,2018,rit_tminus1,4109074910.6364493,0.04712730764990527,6.683689295682036,1.1650027293595019e-11,6.4229205368184756e-15,8.049116928532385e-16,7.0,converged,1.2887496127699367,0.09874257418698923,0.11493048830312402,total_liabilities,observed_market_cap,risk_neutral,physical
NIC,2020,4551.789,57.869,-0.167405371,4551789000.0,812132755.9621936,4012600000.0,0.8815434986112054,reported,0.1360225370198876,monthly36,36.0,0.0044,1000504920.0,36,2019,2017,0.085899134,2019,rit_tminus1,4995488265.062392,0.027242825985820306,8.190217202678914,1.3037758447530724e-16,1.4297895452721761e-15,2.223221606811876e-14,7.0,converged,3.2214239855674442,0.0006377764697359878,0.09438705813697192,total_liabilities,observed_market_cap,risk_neutral,physical
NIC,2021,7695.037,226.915,0.225674543,7695037000.0,961049509.8801085,6803146000.0,0.8840952941486832,reported,0.2027047031505334,monthly36,36.0,0.0004,1293041400.0,36,2020,2018,-0.167405371,2020,rit_tminus1,8093466684.170699,0.03238483489751628,5.3589160959320035,4.186136171213981e-08,6.637891754785461e-15,1.1379786002407855e-15,7.0,converged,-0.002038006184649704,0.5008130462719492,0.11697114320171058,total_liabilities,observed_market_cap,risk_neutral,physical
NIC,2022,8763.969,542.342,0.061405006,8763969000.0,998253667.0589818,7791440000.0,0.8890309858467094,reported,0.2507975498697826,monthly36,36.0,0.014199999999999999,1203169368.0,36,2021,2019,0.225674543,2021,rit_tminus1,8884752200.365047,0.03396318592171681,4.267389040525207,9.888704288368775e-06,1.9023243279370123e-14,4.96269692007445e-14,7.0,converged,2.749601629677965,0.0029833878254211005,0.13117217177431173,total_liabilities,observed_market_cap,risk_neutral,physical
NKSH,2019,1321.837,0.0,-0.027283404,1321837000.0,180153044.59879842,1138111000.0,0.8610070681937334,reported,0.2452052736402303,monthly36,36.0,0.021400000000000002,279105362.4125,36,2018,2016,,2018,unavailable,1393119509.5528557,0.04912591400788517,4.5265098947344455,2.998289643315883e-06,4.271121433152455e-16,2.7755575615628914e-17,7.0,converged,,,,total_liabilities,observed_market_cap,risk_neutral,physical
NKSH,2020,1519.673,0.0,-0.139030982,1519673000.0,198465888.6086962,1319066000.0,0.8679933117190343,reported,0.265798853350526,monthly36,36.0,0.0044,194497861.26173,36,2019,2017,-0.027283404,2019,rit_tminus1,1507772416.2291646,0.03428810618077396,4.0107666590868,3.026095116282686e-05,5.623430635859782e-14,1.3200551762793111e-13,7.0,converged,0.7450549124409503,0.2281192621703888,0.1356415618332554,total_liabilities,observed_market_cap,risk_neutral,physical
NKSH,2021,1702.175,0.0,0.073455479,1702175000.0,203577570.5242406,1510424000.0,0.8873494205942397,reported,0.2867129880903812,monthly36,36.0,0.0004,225247281.39771,36,2020,2018,-0.139030982,2020,rit_tminus1,1735065886.6636145,0.03722448670302103,3.71696597149584,0.0001008147940302314,5.861304401023171e-14,9.847678228425139e-14,7.0,converged,-0.07173753111570755,0.528594606209471,0.14309568197131348,total_liabilities,observed_market_cap,risk_neutral,physical
NKSH,2022,1677.551,0.0,0.038717685,1677551000.0,132554204.84615383,1554864000.0,0.926865412735589,reported,0.2548150103203282,monthly36,36.0,0.014199999999999999,250343782.70408,36,2021,2019,0.073455479,2021,rit_tminus1,1783284586.2057328,0.03577221856500403,4.210782424488284,1.272438774329212e-05,1.6666382081512525e-14,3.319566843629218e-14,7.0,converged,1.6046946796147796,0.05428050669016535,0.1332728716495263,total_liabilities,observed_market_cap,risk_neutral,physical
NRIM,2018,1502.988,51.829,-0.202692844,1502988000.0,165185973.0193042,1297041000.0,0.8629749538918474,reported,0.3044665199900755,monthly36,36.0,0.0181,181471654.3,36,2017,2015,,2017,unavailable,1455244460.3594785,0.03797553823590277,3.488227413204615,0.0002431171640370111,2.3320059517706914e-14,4.9404924595819466e-14,7.0,converged,,,,total_liabilities,observed_market_cap,risk_neutral,physical
NRIM,2019,1643.996,19.201,0.048737085,1643996000.0,174341130.24281728,1436879000.0,0.8740161168275349,reported,0.2732530213577634,monthly36,36.0,0.021400000000000002,211450087.0,36,2018,2016,-0.202692844,2018,rit_tminus1,1617906015.4295723,0.03571389992893315,3.9038466443862454,4.733789227928239e-05,2.367835469905866e-14,5.156985949383852e-14,7.0,converged,-0.5423889053756492,0.7062246894928146,0.13818915710124358,total_liabilities,observed_market_cap,risk_neutral,physical
NRIM,2020,2121.798,25.127,-0.142749096,2121797999.9999998,195695155.77628252,1900223000.0,0.8955720572834927,reported,0.258707980272819,monthly36,36.0,0.0044,187434215.50000003,36,2019,2017,0.048737085,2019,rit_tminus1,2079314337.8621235,0.023321103622237483,4.039045964208979,2.6834524192456183e-05,8.745082785182527e-15,2.1094237467877974e-15,8.0,converged,1.0553096551023988,0.14564186338401452,0.1276083970814674,total_liabilities,observed_market_cap,risk_neutral,physical
NRIM,2021,2724.719,24.818,0.170431769,2724719000.0,237816999.92891702,2486902000.0,0.9127187060390448,reported,0.3031187905260081,monthly36,36.0,0.0004,261403772.98,36,2020,2018,-0.142749096,2020,rit_tminus1,2747306162.2055583,0.028848714443447408,3.4513486239570144,0.0002788962786742948,1.938149074189466e-15,4.996003610813204e-16,8.0,converged,-0.3713800426722215,0.6448227559758107,0.14264721959184393,total_liabilities,observed_market_cap,risk_neutral,physical
NRIM,2022,2674.318,24.405,0.028096357,2674318000.0,218629000.0766143,2455689000.0,0.9182486899463713,reported,0.310551349218308,monthly36,36.0,0.014199999999999999,311088726.96,36,2021,2019,0.170431769,2021,rit_tminus1,2732145995.9472013,0.03537059622388804,3.3998427846093113,0.0003371230412791161,1.3412010055940807e-15,4.440892098500626e-16,8.0,converged,1.880686808024276,0.03000726761893231,0.14820411952181417,total_liabilities,observed_market_cap,risk_neutral,physical
NRIM,2023,2807.497,23.985,0.028780359,2807497000.0,234718000.0594309,2572779000.0,0.9163959925869912,reported,0.3084002155087609,monthly36,36.0,0.0495,315424989.39,36,2022,2020,0.028096357,2022,rit_tminus1,2763945298.641816,0.03520455288576344,3.424352455845425,0.00030813319027047834,1.549522401834464e-14,4.274358644806853e-15,9.0,converged,0.9050690975906434,0.18271439109777227,0.14690011016446153,total_liabilities,observed_market_cap,risk_neutral,physical
NWBI,2016,9623.64,254.112,0.20873759,9623640000.0,1470554701.225997,8452977000.0,0.8783554871129843,reported,0.1284517874476624,monthly36,36.0,0.002,2303368560.0,36,2015,2013,,2015,unavailable,10739456500.688995,0.027549979709291558,8.748692285328495,1.0791966930648353e-18,8.280692312707872e-16,2.3092638912203256e-14,7.0,converged,,,,total_liabilities,observed_market_cap,risk_neutral,physical
NWBI,2017,9363.934,219.451,0.122239122,9363934000.0,1506806148.7149835,8156210000.0,0.8710238666782573,reported,0.1516587108202853,monthly36,36.0,0.008,2137290960.0,36,2016,2014,0.20873759,2016,rit_tminus1,10228511584.113178,0.03168973207645609,7.380856163717228,7.863742363388304e-14,4.462070603649818e-16,1.970645868709653e-15,7.0,converged,4.313932794706255,8.0187858626461e-06,0.10115016932842738,total_liabilities,observed_market_cap,risk_neutral,physical
NWBI,2018,9607.773,345.602,-0.172130153,9607773000.0,1554518675.1288157,8350135000.0,0.8691020281182746,reported,0.1668752369895636,monthly36,36.0,0.0181,2164118880.0,36,2017,2015,0.122239122,2017,rit_tminus1,10364476015.214096,0.03484381173214656,6.7041872777047455,1.0126519127239082e-11,1.7627022715244737e-15,5.551115123125783e-17,7.0,converged,3.236822118620971,0.0006043436412491124,0.10718804235575025,total_liabilities,observed_market_cap,risk_neutral,physical
NWBI,2019,10493.908,368.136,0.034285154,10493908000.0,1617877043.021431,9140623000.0,0.8710408934402702,reported,0.1786155356513469,monthly36,36.0,0.021400000000000002,2124515760.0,36,2018,2016,-0.172130153,2018,rit_tminus1,11071607596.968864,0.0342742928012242,6.199049818825498,2.8402525349376145e-10,3.591121645174334e-15,5.551115123125783e-16,7.0,converged,0.2783129820743177,0.3903860556981368,0.11048838503655803,total_liabilities,observed_market_cap,risk_neutral,physical
NWBI,2020,13806.268,411.838,-0.166230362,13806268000.0,1547577025.6326854,12267565000.0,0.8885504033385416,reported,0.1691444165537913,monthly36,36.0,0.0044,1627560480.0,36,2019,2017,0.034285154,2019,rit_tminus1,13841266770.047691,0.01988927548397926,6.279660441561105,1.6965663925940468e-10,2.1094316194397274e-14,1.4127587988355117e-14,7.0,converged,1.5177886108624998,0.06453384857152629,0.10128865341565711,total_liabilities,observed_market_cap,risk_neutral,physical
NWBI,2021,14501.508,391.722,0.164826052,14501508000.0,1583571000.5215657,12917937000.0,0.8907995637419226,reported,0.2390170962773688,monthly36,36.0,0.0004,1792828511.28,36,2020,2018,-0.166230362,2020,rit_tminus1,14705599033.719955,0.029139805308037597,4.4470761466791515,4.352349392517162e-06,3.6743644465320253e-13,4.1341929879479267e-13,7.0,converged,-0.3517208379361716,0.6374761842614936,0.12550777601493218,total_liabilities,observed_market_cap,risk_neutral,physical
NWBI,2022,14113.324,924.32,0.058752321,14113324000.0,1491485999.7012262,12621838000.0,0.8943207142413793,reported,0.23819830881359,monthly36,36.0,0.014199999999999999,1775863295.04,36,2021,2019,0.164826052,2021,rit_tminus1,14219737430.722961,0.029748022963663894,4.469540674948718,3.91938759102984e-06,5.746115263515838e-14,8.992806499463768e-14,7.0,converged,2.301123773061243,0.010692317970260457,0.125417565831464,total_liabilities,observed_market_cap,risk_neutral,physical
NWFL,2018,1184.559,105.33,-0.149832152,1184559000.0,179959786.06923804,1062274000.0,0.8967674889980153,reported,0.1705396612814443,monthly36,36.0,0.0181,305597160.0,36,2017,2015,,2017,unavailable,1348816961.2908826,0.0386386275167883,6.629881408053432,1.679783365242627e-11,1.1702591367417936e-15,1.3877787807814457e-16,7.0,converged,,,,total_liabilities,observed_market_cap,risk_neutral,physical
NWFL,2019,1230.61,118.694,0.044404103,1230610000.0,201097176.39845127,1093182000.0,0.8883253020859574,reported,0.1921809908508047,monthly36,36.0,0.021400000000000002,360234228.0,36,2018,2016,-0.149832152,2018,rit_tminus1,1430270673.9235964,0.048403545006090155,5.970627723437545,1.1817123761880816e-09,6.618432135814771e-16,1.1102230246251565e-16,7.0,converged,1.0514810749928138,0.14651884841261642,0.12137711652169664,total_liabilities,observed_market_cap,risk_neutral,physical
NWFL,2020,1851.864,105.762,-0.130602701,1851864000.0,219279780.91309693,1657079000.0,0.8948167900018575,reported,0.2219169724366295,monthly36,36.0,0.0044,242347808.4,36,2019,2017,0.044404103,2019,rit_tminus1,1892151670.9569106,0.028423264540948533,4.80783186456336,7.628800116565658e-07,8.595837316018008e-14,1.2953527139814014e-13,7.0,converged,1.443127653422635,0.07449225734493423,0.12033552943342765,total_liabilities,observed_market_cap,risk_neutral,physical
NWFL,2021,2068.504,90.82,0.148643968,2068504000.0,205261999.9544226,1863242000.0,0.9007678979591047,reported,0.2611728590979879,monthly36,36.0,0.0004,213154983.77,36,2020,2018,-0.130602701,2020,rit_tminus1,2075651520.6245322,0.026821314302280942,4.026552031626003,2.830035952436257e-05,1.0206514977145719e-14,2.4980018054066022e-15,8.0,converged,-0.2362154607352244,0.5933672584928753,0.13026866188851158,total_liabilities,observed_market_cap,risk_neutral,physical
NWFL,2022,2047.07,133.215,0.041178991,2047070000.0,167084999.9919546,1879985000.0,0.9183784628762084,reported,0.2369792714837687,monthly36,36.0,0.014199999999999999,273096153.44,36,2021,2019,0.148643968,2021,rit_tminus1,2126573973.8482897,0.030433136908607113,4.501190139801997,3.378701091672425e-06,3.6885122108664645e-14,6.2977401071862e-14,7.0,converged,2.2034205542957057,0.013782560400229982,0.12544661680810199,total_liabilities,observed_market_cap,risk_neutral,physical
NWFL,2023,2201.079,198.312,0.042189377,2201079000.0,181069999.9468537,2020009000.0,0.9177358013955883,reported,0.225795057649333,monthly36,36.0,0.0495,266905266.87,36,2022,2020,0.041178991,2022,rit_tminus1,2189358238.786441,0.027526767669652345,4.7091482905309565,1.2437702470186837e-06,1.889266932470873e-13,2.1227464230832993e-13,7.0,converged,1.3128273406411683,0.09462056747502168,0.12037764434798737,total_liabilities,observed_market_cap,risk_neutral,physical
OBK,2019,5324.626,427.109,0.070336624,5324626000.0,795235629.235327,4725364000.0,0.8874546306163099,reported,0.2355834589517707,peer_median,8.0,0.021400000000000002,1179086832.0,8,2018,2018,,2018,unavailable,5804402328.5342455,0.047855678479777,4.721006596957105,1.1734016317562483e-06,8.897069491204995e-15,1.7763568394002505e-15,7.0,converged,,,,total_liabilities,observed_market_cap,risk_neutral,physical
OBK,2020,7628.268,1144.937,-0.154673712,7628268000.0,857857437.2504342,6981118000.0,0.9151642286296181,reported,0.1664200490641038,monthly_ewma,20.0,0.0044,865307646.0,20,2019,2019,0.070336624,2019,rit_tminus1,7815776205.015956,0.018424854696255467,6.3590986104639295,1.0147054991702768e-10,7.714851759028314e-15,5.589972928987663e-14,7.0,converged,1.8246345315872643,0.03402809939837799,0.09985565100242316,total_liabilities,observed_market_cap,risk_neutral,physical
OCFC,2017,5416.006,424.878,0.195777748,5416006000.0,1078121843.6634302,4814065000.0,0.8888588749717042,reported,0.2372644957701106,monthly36,36.0,0.008,1532566875.0,36,2016,2014,,2016,unavailable,6308272953.250431,0.0576423889661618,4.799571635293574,7.950267783632453e-07,6.222725624330423e-15,1.1379786002407855e-15,7.0,converged,,,,total_liabilities,observed_market_cap,risk_neutral,physical
OCFC,2018,7516.154,610.673,-0.298863314,7516154000.0,1265482371.8395243,6476796000.0,0.8617167769580028,reported,0.2392526267661443,monthly36,36.0,0.0181,1314212585.0,36,2017,2015,0.195777748,2017,rit_tminus1,7674833005.907227,0.04096889944770678,4.56398313272914,2.509605658133798e-06,3.6283106983268235e-15,5.551115123125783e-16,7.0,converged,2.824640148122131,0.002366687143137407,0.1316474261204384,total_liabilities,observed_market_cap,risk_neutral,physical
OCFC,2019,8246.145,687.8,0.021745069,8246145000.0,1335642476.0330591,7093026000.0,0.8601626578237467,reported,0.2481290424483353,monthly36,36.0,0.021400000000000002,1491114590.0,36,2018,2016,-0.298863314,2018,rit_tminus1,8433962150.92835,0.043869105364826064,4.412954607236868,5.098469104177397e-06,6.395714472931621e-15,1.0547118733938987e-15,7.0,converged,-0.8643025534020219,0.8062891460687536,0.13567305434331528,total_liabilities,observed_market_cap,risk_neutral,physical
OCFC,2020,11448.313,363.925,-0.235475317,11448313000.0,1434769236.4210844,9964183000.0,0.8703625590949514,reported,0.202061175414093,monthly36,36.0,0.0044,1087684605.0,36,2019,2017,0.021745069,2019,rit_tminus1,11008121508.2565,0.01996515474233386,5.200913972182614,9.915544203925726e-08,3.5071722520380807e-15,6.106226635438361e-16,8.0,converged,1.0790191787140835,0.14028958905082728,0.11050907011126782,total_liabilities,observed_market_cap,risk_neutral,physical
OCFC,2021,11739.616,347.91,0.217520336,11739616000.0,1516552000.5932636,10223063000.0,0.8708174952230124,reported,0.2976596028978689,monthly36,36.0,0.0004,1313686021.2,36,2020,2018,-0.235475317,2020,rit_tminus1,11532644098.517729,0.033912228329669385,3.5491730077438755,0.0001932215454861767,5.444647547146234e-16,1.6653345369377348e-16,8.0,converged,-0.8670086037630597,0.8070313522073413,0.14414222105309152,total_liabilities,observed_market_cap,risk_neutral,physical
OCFC,2022,13103.896,1475.666,0.058443719,13103896000.0,1584660999.8965971,11518432000.0,0.8790081972567548,reported,0.3188597112200726,monthly36,36.0,0.014199999999999999,1256812720.0,36,2021,2019,0.217520336,2021,rit_tminus1,12612790755.250416,0.03178747306749902,3.2861272590324746,0.0005078755426007436,9.105646063858265e-15,2.609024107869118e-15,8.0,converged,2.090584612034844,0.01828265817152813,0.1483227568468782,total_liabilities,observed_market_cap,risk_neutral,physical
OCFC,2023,13538.253,1118.24,-0.014953493,13538253000.0,1661161999.1238725,11876308000.0,0.8772408079535816,reported,0.3344685834700041,monthly36,36.0,0.0495,1032011794.24,36,2022,2020,0.058443719,2022,rit_tminus1,12334673006.109324,0.028008364474728452,3.105376424567204,0.0009501850480096986,1.8250826060465776e-14,5.440092820663267e-15,9.0,converged,0.872349315376144,0.19150892093295024,0.14967508801643478,total_liabilities,observed_market_cap,risk_neutral,physical
ONB,2016,14860.237,2152.219,0.243607128,14860237000.0,4966056656.05177,13045820000.0,0.8779012070938034,reported,0.2120535853017304,monthly36,36.0,0.002,6714229209.599999,36,2015,2013,,2015,unavailable,19733983643.07485,0.0721484524817432,5.728074793080508,5.0788391916887005e-09,1.4203779564788871e-16,2.7755575615628914e-17,7.0,converged,,,,total_liabilities,observed_market_cap,risk_neutral,physical
ONB,2017,17518.292,2579.156,0.173022297,17518292000.0,5241884028.16584,15363895000.0,0.8770201455712692,reported,0.2226707885737144,monthly36,36.0,0.008,6455278220.8,36,2016,2014,0.243607128,2016,rit_tminus1,21696752386.610744,0.06624963611628772,5.297354474246243,5.874623745012477e-08,1.329620281895852e-15,1.942890293094024e-16,7.0,converged,4.166821804979467,1.5443787640317335e-05,0.14028346833847036,total_liabilities,observed_market_cap,risk_neutral,physical
ONB,2018,19728.435,2483.955,-0.211209238,19728435000.0,5680866199.821888,17038865000.0,0.8636703823694074,reported,0.2190528359625285,monthly36,36.0,0.0181,5696921753.6,36,2017,2015,0.173022297,2017,rit_tminus1,22430157571.61809,0.055636120117489904,5.238714935517517,8.084928951492658e-08,6.0264607582032766e-15,9.71445146547012e-16,7.0,converged,3.3925400118131765,0.000346239088195626,0.13340083957554824,total_liabilities,observed_market_cap,risk_neutral,physical
ONB,2019,20411.667,2722.545,0.075389162,20411667000.0,6221157745.713263,17559214000.0,0.8602537950477048,reported,0.2398840133081622,monthly36,36.0,0.021400000000000002,6766019407.36,36,2018,2016,-0.211209238,2018,rit_tminus1,23953458282.494328,0.06775892352654665,4.864868418232821,5.72664887523583e-07,9.866540151484013e-16,1.3877787807814457e-16,7.0,converged,0.7121720994049656,0.2381791059105195,0.14610607064914352,total_liabilities,observed_market_cap,risk_neutral,physical
ONB,2020,22960.622,2684.279,-0.156039776,22960622000.0,6649903464.839041,19987966000.0,0.870532427213862,reported,0.2094182009608683,monthly36,36.0,0.0044,6126040535.04,36,2019,2017,0.075389162,2019,rit_tminus1,26026252679.648804,0.04929270581729002,5.419878351853905,2.981980175391153e-08,7.316747679796585e-15,1.1657341758564144e-15,7.0,converged,2.624971390082872,0.004332812414463661,0.1274704306113127,total_liabilities,observed_market_cap,risk_neutral,physical
ONB,2021,24453.564,2591.876,0.213353574,24453564000.0,3012017998.528815,21441546000.0,0.8768270342924246,reported,0.2543970376371939,monthly36,36.0,0.0004,3004984560.0,36,2020,2018,-0.156039776,2020,rit_tminus1,24437953532.31628,0.03128203562183437,4.178681762675542,1.4660180882327907e-05,1.8534065305854683e-13,3.0730973321624333e-13,7.0,converged,-0.2555274342143127,0.6008421213582761,0.13090622035489002,total_liabilities,observed_market_cap,risk_neutral,physical
ONB,2022,46763.372,5607.973,0.03169304,46763372000.0,4898095000.99931,41634777000.0,0.8903288026363881,reported,0.2336838779491211,monthly36,36.0,0.014199999999999999,5266395940.0,36,2021,2019,0.213353574,2021,rit_tminus1,46314136274.56163,0.026572341249148885,4.529461074044336,2.9567163619835212e-06,8.981900835536114e-14,2.2534751842329115e-13,7.0,converged,2.6530215753891855,0.003988738575324191,0.12248637619683005,total_liabilities,observed_market_cap,risk_neutral,physical
ONB,2023,49089.836,5350.994,0.057753659,49089836000.0,5332399999.01528,43526936000.0,0.8866791895576918,reported,0.270168123834306,monthly36,36.0,0.0495,4942942950.0,36,2022,2020,0.03169304,2022,rit_tminus1,46367739286.37898,0.028801981752400813,3.899356733744946,4.822429279781507e-05,3.0869846601203438e-15,6.661338147750939e-16,8.0,converged,0.9796413609211373,0.16363159041108088,0.13310679171534198,total_liabilities,observed_market_cap,risk_neutral,physical
OPBK,2021,1726.691,0.0,0.238034614,1726691000.0,162068706.15124434,1561469000.0,0.9043129314972974,reported,0.2739831156292834,monthly36,36.0,0.0004,189471964.0,36,2020,2018,,2020,unavailable,1750315863.163989,0.029660279625210603,3.8478852996421518,5.957090388940576e-05,1.1324985325607658e-14,2.831068712794149e-15,8.0,converged,,,,total_liabilities,observed_market_cap,risk_neutral,physical
OPBK,2022,2094.497,0.05,0.117061205,2094496999.9999998,172033321.08495933,1917581000.0,0.9155329417993916,reported,0.3054918624124765,monthly36,36.0,0.014199999999999999,165713724.0,36,2021,2019,0.238034614,2021,rit_tminus1,2056253472.4829578,0.02462722477229068,3.3994036713178066,0.00033766481868754755,4.31621304524354e-15,2.3869795029440866e-15,8.0,converged,2.2118607767890794,0.013488143067583626,0.14062081017695788,total_liabilities,observed_market_cap,risk_neutral,physical
OPOF,2018,1038.183,88.325,-0.218064534,1038183000.0,100446500.94966243,936177000.0,0.9017456459988268,reported,,,,0.0181,111442804.9,0,2017,2017,,2017,unavailable,,,,,,,,not_attempted,,,,total_liabilities,observed_market_cap,risk_neutral,physical
OPOF,2019,1054.488,50.402,-0.153135348,1054488000.0,107750688.1455432,944732000.0,0.8959153636646411,reported,,,,0.021400000000000002,140337274.7,0,2018,2018,-0.218064534,2018,rit_tminus1,,,,,,,,not_attempted,,,,total_liabilities,observed_market_cap,risk_neutral,physical
OPOF,2020,1226.191,36.519,-0.317850837,1226191000.0,114476754.23301736,1109046000.0,0.9044643126560218,reported,,,,0.0044,96791368.8,0,2019,2019,-0.153135348,2019,rit_tminus1,,,,,,,,not_attempted,,,,total_liabilities,observed_market_cap,risk_neutral,physical
OPOF,2021,1338.155,34.423,0.051432875,1338155000.0,117767823.75458148,1217337000.0,0.9097130003624393,reported,,,,0.0004,119360525.46,0,2020,2020,-0.317850837,2020,rit_tminus1,,,,,,,,not_attempted,,,,total_liabilities,observed_market_cap,risk_neutral,physical
OPOF,2022,1355.335,92.003,0.167033158,1355335000.0,98587727.39105491,1256601000.0,0.927151589828345,reported,,,,0.014199999999999999,134775277.68,0,2021,2021,0.051432875,2021,rit_tminus1,,,,,,,,not_attempted,,,,total_liabilities,observed_market_cap,risk_neutral,physical
OPOF,2023,1446.382,101.501,-0.150592834,1446382000.0,105586945.90887347,1339604000.0,0.9261757958824156,reported,,,,0.0495,89360884.35000001,0,2022,2022,0.167033158,2022,rit_tminus1,,,,,,,,not_attempted,,,,total_liabilities,observed_market_cap,risk_neutral,physical
ORRF,2018,1934.388,179.378,-0.220462454,1934388000.0,358784444.6758172,1760955000.0,0.9103421857455691,reported,0.1331073601899363,monthly36,36.0,0.0181,355249785.0,36,2017,2015,,2017,unavailable,2084618220.2458591,0.02268346339401188,8.225030815062235,9.757034023200852e-17,8.053552936615429e-15,1.2476131239225197e-13,7.0,converged,,,,total_liabilities,observed_market_cap,risk_neutral,physical
ORRF,2019,2383.274,249.783,0.07282506,2383274000.0,388866260.02076155,2160025000.0,0.906326758903928,reported,0.1862992129879273,monthly36,36.0,0.021400000000000002,441282270.0,36,2018,2016,-0.220462454,2018,rit_tminus1,2555573828.1320987,0.03216911162705053,5.87643107223544,2.0960291866581103e-09,1.6208576367790337e-15,2.220446049250313e-16,7.0,converged,-0.3651063217944605,0.6424839789630434,0.11179553155598107,total_liabilities,observed_market_cap,risk_neutral,physical
ORRF,2020,2750.572,109.414,-0.191593328,2750572000.0,428873552.5165968,2504323000.0,0.910473530596545,reported,0.2000015982755124,monthly36,36.0,0.0044,322865675.0,36,2019,2017,0.07282506,2019,rit_tminus1,2816193859.5439453,0.02292940669653247,5.299088734703664,5.819103341090725e-08,2.6879402027784077e-13,2.833011603087243e-13,7.0,converged,1.6862432187136993,0.04587448133852943,0.11142056222258802,total_liabilities,observed_market_cap,risk_neutral,physical
ORRF,2021,2834.565,57.16,0.236661904,2834565000.0,271655999.93344057,2562909000.0,0.9041630726407756,reported,0.302248021023225,monthly36,36.0,0.0004,281812860.0,36,2020,2018,-0.191593328,2020,rit_tminus1,2843691848.721555,0.029960112072291944,3.468325112204729,0.0002618566412446225,1.015220862958046e-14,2.7755575615628914e-15,8.0,converged,-0.6815400946602638,0.7522350971754028,0.1430654357758717,total_liabilities,observed_market_cap,risk_neutral,physical
ORRF,2022,2922.408,155.416,0.05378364,2922408000.0,228895999.89796138,2693512000.0,0.9216755497521222,reported,0.3021579767753004,monthly36,36.0,0.014199999999999999,247149925.08,36,2021,2019,0.236661904,2021,rit_tminus1,2902679399.942348,0.02573405015144018,3.445132109278674,0.00028539017609190576,1.386715805588688e-14,3.885780586188048e-15,9.0,converged,2.2409819438129546,0.012513622312824439,0.1403835142987773,total_liabilities,observed_market_cap,risk_neutral,physical
ORRF,2023,3064.24,179.378,0.060559614,3064240000.0,265055999.98615563,2799184000.0,0.9135002480223481,reported,0.3119044452268209,monthly36,36.0,0.0495,313065505.0,36,2022,2020,0.05378364,2022,rit_tminus1,2977054912.4728656,0.03281065106742148,3.3698908217974797,0.0003759898567032475,1.2184981113217823e-14,3.3306690738754696e-15,8.0,converged,1.0177221014854163,0.15440502043439686,0.14647771815088712,total_liabilities,observed_market_cap,risk_neutral,physical
OSBC,2017,2383.429,246.615,0.211874547,2383429000.0,304687733.06104565,2183079000.0,0.9159404370761621,reported,0.2302441633995194,monthly36,36.0,0.008,615017130.0,36,2016,2014,,2016,unavailable,2780701159.7523623,0.05092390496125376,4.883172728733233,5.219617402759177e-07,2.3259701312862213e-15,3.885780586188048e-16,7.0,converged,,,,total_liabilities,observed_market_cap,risk_neutral,physical
OSBC,2018,2676.003,313.355,-0.295876605,2676003000.0,346789379.60463077,2446922000.0,0.9143943411124726,reported,0.2305638252434527,monthly36,36.0,0.0181,585730600.0,36,2017,2015,0.211874547,2017,rit_tminus1,2988761706.3899755,0.045185392591249395,4.804813593780116,7.744787392788788e-07,9.76907455140213e-15,1.8318679906315083e-15,7.0,converged,3.180414622750515,0.000735322337262786,0.13138244446338251,total_liabilities,observed_market_cap,risk_neutral,physical
OSBC,2019,2635.545,205.87,0.086171094,2635545000.0,418267267.25660264,2357681000.0,0.894570572689899,reported,0.2457936166452695,monthly36,36.0,0.021400000000000002,606907014.0,36,2018,2016,-0.295876605,2018,rit_tminus1,2914669603.9594755,0.051180485228972186,4.5362649273704365,2.8629622661264994e-06,4.714104274989891e-15,8.881784197001252e-16,7.0,converged,-0.5503419653579511,0.7089575770996097,0.13895139998022676,total_liabilities,observed_market_cap,risk_neutral,physical
OSBC,2020,3040.837,231.501,-0.312836538,3040837000.0,471761872.96681863,2733750000.0,0.8990123442986256,reported,0.2130802285884143,monthly36,36.0,0.0044,455067620.0,36,2019,2017,0.086171094,2019,rit_tminus1,3176815540.5550647,0.03052299685327968,5.049935750943205,2.2097934269820807e-07,6.2870281766449346e-15,4.191091917959966e-15,7.0,converged,1.959576504960766,0.02502265487198004,0.11894077254210608,total_liabilities,observed_market_cap,risk_neutral,physical
OSBC,2021,6212.189,198.876,0.349536187,6212189000.0,502027000.0686909,5710162000.0,0.9191867794106071,reported,0.3673050919621923,monthly36,36.0,0.0004,559764556.55,36,2020,2018,-0.312836538,2020,rit_tminus1,6267514488.455546,0.03287405066328662,2.828739224529098,0.002336588020293002,1.1500016498753056e-14,5.218048215738236e-15,9.0,converged,-1.4351646530043054,0.9243799082509319,0.16195650098839073,total_liabilities,observed_market_cap,risk_neutral,physical
OSBC,2022,5888.317,260.811,0.10925569,5888317000.0,461140999.9288311,5427176000.0,0.9216854323569875,reported,0.3900374487573988,monthly36,36.0,0.014199999999999999,715100268.4399999,36,2021,2019,0.349536187,2021,rit_tminus1,6065492959.325434,0.046125007796854356,2.695568873047025,0.0035134274693268885,7.501630563623896e-15,2.55351295663786e-15,8.0,converged,2.6053039526870236,0.004589639405679014,0.1757451321595434,total_liabilities,observed_market_cap,risk_neutral,physical
OSBC,2023,5722.799,516.625,0.076431759,5722799000.0,577281000.0149821,5145518000.0,0.8991261094439976,reported,0.409543194651281,monthly36,36.0,0.0495,690135838.48,36,2022,2020,0.10925569,2022,rit_tminus1,5586754312.923836,0.050815524024788276,2.5677456644707237,0.005118111459646161,4.83652626238538e-15,1.6653345369377348e-15,8.0,converged,1.1948094055980776,0.11608075233997805,0.18279773535645663,total_liabilities,observed_market_cap,risk_neutral,physical
OVBC,2018,1030.493,48.213,-0.059823361,1030492999.9999999,117139122.13160975,912619000.0,0.8856139731177214,reported,0.1746462955692517,monthly36,36.0,0.0181,164832792.69799998,36,2017,2015,,2017,unavailable,1061081982.4864357,0.02713026619491673,6.20922367318108,2.662349468255639e-10,1.9888369352891885e-15,3.0531133177191805e-16,7.0,converged,,,,total_liabilities,observed_market_cap,risk_neutral,physical
OVBC,2019,1013.272,42.491,-0.013113841,1013272000.0,126126152.94611,885093000.0,0.8734999092050308,reported,0.2355834589517707,monthly36,36.0,0.021400000000000002,184534482.069,36,2018,2016,-0.059823361,2018,rit_tminus1,1050887710.5677998,0.0413681985016023,4.647099545363835,1.6831737068933726e-06,8.398000995720107e-15,1.7208456881689926e-15,7.0,converged,0.9254259090179806,0.1773722034683043,0.13075228669299144,total_liabilities,observed_market_cap,risk_neutral,physical
OVBC,2020,1186.932,36.363,-0.111142162,1186932000.0,134140702.9090426,1050608000.0,0.8851459055784157,reported,0.2463191084799445,monthly36,36.0,0.0044,109919577.096,36,2019,2017,-0.013113841,2019,rit_tminus1,1155915002.0783083,0.02342347653471201,4.2542304065633765,1.0488461035162619e-05,2.5757200870217716e-15,6.661338147750939e-16,8.0,converged,0.6326231897512969,0.2634898699140009,0.12434163699611668,total_liabilities,observed_market_cap,risk_neutral,physical
OVBC,2021,1249.769,28.114,0.051671286,1249769000.0,138488829.03001517,1108413000.0,0.8868942980662826,reported,0.3074150327798512,monthly36,36.0,0.0004,136517062.197292,36,2020,2018,-0.111142162,2020,rit_tminus1,1244483902.227473,0.03373179399198186,3.4277076433597347,0.00030435029942306067,9.387104015019734e-15,2.4980018054066022e-15,8.0,converged,-0.03917895109560832,0.5156261423290066,0.14665382207117847,total_liabilities,observed_market_cap,risk_neutral,physical
OVBC,2022,1210.787,26.445,0.069078761,1210787000.0,135027999.2738843,1075759000.0,0.88847914620821,reported,0.2892980318777823,monthly36,36.0,0.014199999999999999,125265561.884414,36,2021,2019,0.051671286,2021,rit_tminus1,1185855650.1521528,0.030563172485458732,3.6374191520745027,0.00013769179573828118,3.568697007306135e-16,5.551115123125783e-17,8.0,converged,1.0881393852460166,0.1382667894557721,0.1397396657905155,total_liabilities,observed_market_cap,risk_neutral,physical
OVBC,2023,1352.135,53.093,0.010932502,1352135000.0,144006999.97987247,1208128000.0,0.8934965813324853,reported,0.2687233837932087,monthly36,36.0,0.0495,109782036.0,36,2022,2020,0.069078761,2022,rit_tminus1,1259563363.8752031,0.02342271183937703,3.8816495307253582,5.187516321734845e-05,1.5202214447097132e-14,6.938893903907228e-15,8.0,converged,1.1373216115851,0.12770193171346989,0.1298043542992325,total_liabilities,observed_market_cap,risk_neutral,physical
OVLY,2018,1094.887,0.0,-0.15101848,1094887000.0,101301063.06083237,995849000.0,0.9095450032743105,reported,0.1766980852258114,monthly36,36.0,0.0181,153391698.0,36,2017,2015,,2017,unavailable,1131377976.3927,0.023956643939201865,6.069673917084609,6.408511191518727e-10,8.548716795993703e-15,3.164135620181696e-15,7.0,converged,,,,total_liabilities,observed_market_cap,risk_neutral,physical
OVLY,2019,1147.785,0.0,-0.00730601,1147785000.0,114927113.23304237,1035215000.0,0.9019241408451931,reported,0.2187209233828292,monthly36,36.0,0.021400000000000002,163114887.6,36,2018,2016,-0.15101848,2018,rit_tminus1,1176411645.5427532,0.03032667444942598,4.906566296855755,4.634233467583199e-07,1.6443679999768324e-15,6.439293542825908e-15,7.0,converged,-0.09919198402365628,0.5395070803530583,0.12020328083177927,total_liabilities,observed_market_cap,risk_neutral,physical
OVLY,2020,1511.478,0.0,-0.222741295,1511478000.0,132269094.56863366,1381784000.0,0.9141939214464253,reported,0.2361504259789148,monthly36,36.0,0.0044,139309837.20000002,36,2019,2017,-0.00730601,2019,rit_tminus1,1515027314.8243282,0.021714603033378216,4.431224846232166,4.684966111586376e-06,7.0596352602294565e-15,1.4432899320127035e-15,8.0,converged,0.6750665040103796,0.2498167568042144,0.12067927235077584,total_liabilities,observed_market_cap,risk_neutral,physical
OVLY,2021,1964.478,0.0,0.151015677,1964478000.0,145086536.78373656,1821866000.0,0.9274046336991303,reported,0.3189535544606379,monthly36,36.0,0.0004,145847844.0,36,2020,2018,-0.222741295,2020,rit_tminus1,1966978504.1055691,0.023662658358252164,3.2438198042850854,0.0005896916589567264,2.2885906406829537e-14,4.718447854656915e-15,8.0,converged,-1.085564195159042,0.8611640760700128,0.143763102663299,total_liabilities,observed_market_cap,risk_neutral,physical
OVLY,2022,1968.346,0.0,0.111926634,1968346000.0,128529953.22540215,1841720000.0,0.9356688305816152,reported,0.3012001635222445,monthly36,36.0,0.014199999999999999,189853659.0,36,2021,2019,0.151015677,2021,rit_tminus1,2005602690.3579767,0.028518707364679825,3.472739212556989,0.0002575878401669151,1.0046414922203316e-14,2.7200464103316335e-15,8.0,converged,1.6867833739193598,0.04582250677395866,0.14173817579835213,total_liabilities,observed_market_cap,risk_neutral,physical
OZK,2019,23555.728,706.215,0.117841334,23555728000.0,3624696919.8144507,19402260000.0,0.8236748191352863,reported,0.3320403704243843,monthly36,36.0,0.021400000000000002,3435442595.0,36,2018,2016,,2018,unavailable,22426754167.897526,0.05088885978266623,3.2417750603766433,0.0005939387036018426,7.772762932566189e-15,1.6431300764452317e-14,7.0,converged,,,,total_liabilities,observed_market_cap,risk_neutral,physical
OZK,2020,27162.596,1103.463,-0.054788147,27162596000.0,3719653817.767738,22887240000.0,0.8426013478240445,reported,0.3535108514357064,monthly36,36.0,0.0044,3521596130.0,36,2019,2017,0.117841334,2019,rit_tminus1,26307959475.102947,0.047374120578413184,3.009445444504097,0.001308625390706023,8.665837023452203e-15,1.687538997430238e-14,7.0,converged,1.4784916074212495,0.06963812090921578,0.16706553630246362,total_liabilities,observed_market_cap,risk_neutral,physical
OZK,2021,26530.43,1223.487,0.213280802,26530430000.0,4497263001.423265,21691070000.0,0.8175921008442004,reported,0.483793370399513,monthly36,36.0,0.0004,5836897594.440001,36,2020,2018,-0.054788147,2020,rit_tminus1,27509961046.4253,0.10362353948999563,2.2454220925334503,0.012370524230981039,4.248067029680587e-15,7.771561172376096e-16,7.0,converged,0.6547562567711851,0.25631234920545803,0.23728249472831292,total_liabilities,observed_market_cap,risk_neutral,physical
OZK,2022,27656.568,1093.704,-0.098126166,27656568000.0,4350599000.087912,22965630000.0,0.8303861129840839,reported,0.4409397895487453,monthly36,36.0,0.014199999999999999,4694107735.68,36,2021,2019,0.213280802,2021,rit_tminus1,27331775855.484943,0.07619078327220534,2.432691986299693,0.007493521952358645,8.126565218410765e-15,1.0547118733938987e-15,7.0,converged,1.8167539996184356,0.034627394624585035,0.20787309868222476,total_liabilities,observed_market_cap,risk_neutral,physical
OZK,2023,34237.457,1294.483,0.024691144,34237457000.000004,4800021000.979252,29097481000.0,0.8498727285732698,reported,0.4051559114177829,monthly36,36.0,0.0495,5638198325.76,36,2022,2020,-0.098126166,2022,rit_tminus1,33328165222.089127,0.06875980465786115,2.659799291856639,0.0039093614380342374,1.928255548826544e-14,1.9761969838327786e-14,7.0,converged,0.31409629053053617,0.37672395340161596,0.19249594854182023,total_liabilities,observed_market_cap,risk_neutral,physical
PB,2016,22331.072,1311.211,0.265421507,22331072000.0,4994175634.871965,18688761000.0,0.8368949327645354,reported,0.2403337314737025,monthly36,36.0,0.002,6839413740.0,36,2015,2013,,2015,unavailable,25490834399.69104,0.06448367619048914,4.812342769453089,7.458561060425705e-07,2.7887604191240227e-15,4.996003610813204e-16,7.0,converged,,,,total_liabilities,observed_market_cap,risk_neutral,physical
PB,2017,22587.292,829.377,0.216854732,22587292000.0,5243518405.568249,18763138000.0,0.830694445354494,reported,0.2837358232406339,monthly36,36.0,0.008,6676479809.999999,36,2016,2014,0.265421507,2016,rit_tminus1,25290103840.51723,0.07490641184841546,4.0545725462387825,2.511303083545166e-05,7.142044487110118e-16,1.1102230246251565e-16,7.0,converged,3.399984374710682,0.0003369485199693376,0.16366035952612157,total_liabilities,observed_market_cap,risk_neutral,physical
PB,2018,22693.402,1315.846,-0.250260056,22693402000.0,5528744210.737998,18640578000.0,0.821409588566756,reported,0.2773839982606285,monthly36,36.0,0.0181,5936130900.0,36,2017,2015,0.216854732,2017,rit_tminus1,24242343947.883453,0.06792300784915192,4.101014928649311,2.056710094437747e-05,6.426235084581777e-15,1.4432899320127035e-15,7.0,converged,3.0530363999536556,0.0011326922878020468,0.1575176787451285,total_liabilities,observed_market_cap,risk_neutral,physical
PB,2019,32185.708,1806.828,0.090402224,32185708000.0,6004675208.43159,26214873000.0,0.8144880019417314,reported,0.240662162486373,monthly36,36.0,0.021400000000000002,6849894870.0,36,2018,2016,-0.250260056,2018,rit_tminus1,32509729233.42467,0.050708289072361606,4.640795876199171,1.7353491933376525e-06,3.898290611192256e-15,6.38378239159465e-16,7.0,converged,-0.2006603260800016,0.5795179080596612,0.13720000050887765,total_liabilities,observed_market_cap,risk_neutral,physical
PB,2020,34059.275,389.583,-0.111907697,34059275000.0,6310290108.772426,27928606000.0,0.820000014680289,reported,0.2125566280504043,monthly36,36.0,0.0044,6608828880.0,36,2019,2017,0.090402224,2019,rit_tminus1,34414818946.60144,0.0408181863275997,5.203629648241622,9.771664845845455e-08,5.194910628496255e-15,8.604228440844963e-16,7.0,converged,2.378348260483444,0.008695196362716668,0.12407647749061791,total_liabilities,observed_market_cap,risk_neutral,physical
PB,2021,37833.97,448.099,0.206392924,37833970000.0,6427236002.465864,31406734000.0,0.8301199689062502,reported,0.3153433231432888,monthly36,36.0,0.0004,6663925704.0,36,2020,2018,-0.111907697,2020,rit_tminus1,38057981211.04411,0.05522863288596289,3.4576881364439935,0.00027241583934422035,3.4346396719296317e-15,2.0039525594484076e-14,7.0,converged,0.41785146212402746,0.3380278611249109,0.1614822856141035,total_liabilities,observed_market_cap,risk_neutral,physical
PB,2022,37689.829,2278.134,-0.017322925,37689829000.0,6699373997.749789,30990455000.0,0.8222498170527651,reported,0.3053710139121301,monthly36,36.0,0.014199999999999999,6636673538.200001,36,2021,2019,0.206392924,2021,rit_tminus1,37190103855.78042,0.05450188519875227,3.579293050174587,0.00017226247806294333,1.7243716646606166e-15,4.052314039881821e-15,7.0,converged,2.4567516839502077,0.007009977866034526,0.15791976093972904,total_liabilities,observed_market_cap,risk_neutral,physical
PCB,2019,1746.328,20.0,0.020154311,1746328000.0,206647339.85427582,1519494000.0,0.870108020944519,reported,0.2169594164058707,monthly36,36.0,0.021400000000000002,247262976.00000003,36,2018,2016,,2018,unavailable,1734585266.356872,0.030927304852559376,4.957195985849088,3.57589126336047e-07,1.169129854526399e-14,5.773159728050814e-15,7.0,converged,,,,total_liabilities,observed_market_cap,risk_neutral,physical
PCB,2020,1922.853,80.0,-0.185249017,1922853000.0,217427906.8309007,1689065000.0,0.8784160827686776,reported,0.1702961042801784,monthly36,36.0,0.0044,144666012.0,36,2019,2017,0.020154311,2019,rit_tminus1,1826315452.1935923,0.013489486850130182,6.111012190545767,4.950060126626508e-10,1.8128683675314057e-14,2.886579864025407e-15,8.0,converged,0.9873850796332815,0.16172694799314163,0.0987056468069099,total_liabilities,observed_market_cap,risk_neutral,physical
PCB,2021,2149.735,10.0,0.163865022,2149735000.0,246689815.81429592,1893449000.0,0.8807825150541811,reported,0.3047690456933655,monthly36,36.0,0.0004,314230032.0,36,2020,2018,-0.185249017,2020,rit_tminus1,2206917364.076384,0.04340230803336047,3.517203967331904,0.0002180592585636659,3.186703784654684e-14,6.578071420904053e-14,7.0,converged,-0.28494226034932846,0.6121558108260122,0.15160999100371036,total_liabilities,observed_market_cap,risk_neutral,physical
PCB,2022,2420.036,20.0,0.066349114,2420036000.0,260542274.9900744,2084594000.0,0.8613896652777067,reported,0.3271966812420198,monthly36,36.0,0.014199999999999999,253129748.00000003,36,2021,2019,0.163865022,2021,rit_tminus1,2308318986.039831,0.03590080453561172,3.21722600632325,0.000647182962629047,9.312867094809809e-14,3.309019724895279e-13,7.0,converged,1.7440906920853039,0.04057163842467413,0.1529568980977326,total_liabilities,observed_market_cap,risk_neutral,physical
PCB,2023,2789.506,39.0,0.013821386,2789506000.0,280687470.132024,2440634000.0,0.8749341281216101,reported,0.3347385056801872,monthly36,36.0,0.0495,263718556.0,36,2022,2020,0.066349114,2022,rit_tminus1,2586463756.27011,0.03415674529549729,3.1311652658984164,0.0008705707400073982,1.6273160633520702e-14,4.773959005888173e-15,9.0,converged,1.025534020667045,0.15255564071153843,0.15329066432329516,total_liabilities,observed_market_cap,risk_neutral,physical
PDLB,2019,1053.756,104.404,0.030571376,1053756000.0000001,217707356.62874642,895354000.0,0.8496786732412436,reported,0.1795400245121133,monthly_ewma,15.0,0.021400000000000002,252706778.9456,15,2018,2018,,2018,unavailable,1129103766.8315904,0.04018318123171565,6.285041346889567,1.6388322304953213e-10,3.891769911742881e-15,5.828670879282072e-16,7.0,converged,,,,total_liabilities,observed_market_cap,risk_neutral,physical
PDLB,2020,1355.231,147.216,-0.227424278,1355231000.0,223440260.06400466,1195687000.0,0.8822754202051163,reported,0.1545518317652593,monthly36,27.0,0.0044,180676754.8712,27,2019,2018,0.030571376,2019,rit_tminus1,1371114289.3644416,0.020365861284797743,6.928037927459185,2.1335867859328907e-12,6.103086858798212e-15,1.1879386363489175e-14,7.0,converged,1.7120142536919134,0.043447020864380535,0.09729054326358268,total_liabilities,observed_market_cap,risk_neutral,physical
PDLB,2021,1653.51,121.345,0.198859721,1653510000.0,263003463.05881292,1464254000.0,0.8855428754588723,reported,0.2791358471950453,monthly36,36.0,0.0004,251675336.6064,36,2020,2018,-0.227424278,2020,rit_tminus1,1715342947.6033213,0.0409568624297516,3.8535276059627193,5.82140646592027e-05,7.010212081729652e-14,8.83182416089312e-14,7.0,converged,-0.552279565655773,0.7096215857016918,0.14315610104739143,total_liabilities,observed_market_cap,risk_neutral,physical
PDLB,2022,2311.989,517.375,0.115279942,2311989000.0,258282303.59627336,1819289000.0,0.7868934497525724,reported,0.3207452191908249,monthly36,36.0,0.014199999999999999,223538336.0,36,2021,2019,0.198859721,2021,rit_tminus1,2017167471.5711482,0.03556029525347763,3.2850192047857774,0.0005098771029719712,6.399401105899683e-14,2.223221606811876e-13,7.0,converged,2.00837973430065,0.022301477374441565,0.151038396348827,total_liabilities,observed_market_cap,risk_neutral,physical
PDLB,2023,2750.722,684.421,0.055614874,2750722000.0,268626912.4226167,2259327000.0,0.8213578107856774,reported,0.3267228163014498,monthly36,36.0,0.0495,234091648.0,36,2022,2020,0.115279942,2022,rit_tminus1,2384292284.634962,0.03209738628208199,3.2033836328798153,0.0006791145893322119,1.6295742706826515e-14,1.942890293094024e-15,8.0,converged,1.3508645716446028,0.08836940946779515,0.1499920011040537,total_liabilities,observed_market_cap,risk_neutral,physical
PEBK,2018,1093.251,78.714,-0.215953379,1093251000.0,109241383.49881247,969634000.0,0.8869271557949638,reported,0.187240467293866,monthly36,36.0,0.0181,125706918.0744,36,2017,2015,,2017,unavailable,1077948419.587583,0.021835388228680665,5.667764089315653,7.2336483803317345e-09,1.1972430027183266e-14,3.913536161803677e-14,7.0,converged,,,,total_liabilities,observed_market_cap,risk_neutral,physical
PEBK,2019,1154.882,39.84,0.037631076,1154882000.0,120185981.35483593,1020762000.0,0.8838669232008118,reported,0.2223313569477925,monthly36,36.0,0.021400000000000002,169477334.35776,36,2018,2016,-0.215953379,2018,rit_tminus1,1168627099.2967794,0.03224308780251988,4.843221772069951,6.387528163446632e-07,3.1652716571887304e-15,2.7755575615628914e-15,7.0,converged,-0.5712916854937242,0.7160990315708925,0.12220657784203304,total_liabilities,observed_market_cap,risk_neutral,physical
PEBK,2020,1416.175,41.665,-0.308851465,1416175000.0,126423710.1875485,1276276000.0,0.901213479972461,reported,0.2372232862334928,monthly36,36.0,0.0044,119399389.12512,36,2019,2017,0.037631076,2019,rit_tminus1,1390072081.537138,0.020376250338437717,4.397351979314416,5.478978281777668e-06,8.611267862501763e-15,1.942890293094024e-15,8.0,converged,0.9965408167474176,0.15949372271108703,0.120249101965587,total_liabilities,observed_market_cap,risk_neutral,physical
PEBK,2021,1624.193,52.558,0.275851594,1624193000.0,140384902.3378439,1481824000.0,0.9123447767599048,reported,0.3582902524137221,monthly36,36.0,0.0004,152930114.996223,36,2020,2018,-0.308851465,2020,rit_tminus1,1634135554.631794,0.03358527245938103,2.908304681343622,0.001816970495734716,1.0718148818260711e-14,3.2751579226442118e-15,8.0,converged,-1.3961966859327084,0.9186723627876501,0.16003345142363418,total_liabilities,observed_market_cap,risk_neutral,physical
PEBK,2022,1620.927,63.152,0.143361425,1620927000.0,103013998.76796888,1515732000.0,0.9351019509206768,reported,0.3565945509617586,monthly36,36.0,0.014199999999999999,180640683.86866,36,2021,2019,0.275851594,2021,rit_tminus1,1674974836.176445,0.03851274520848622,2.9433901689063626,0.0016231949535556243,1.2043629860721564e-14,3.6637359812630166e-15,8.0,converged,2.3121725963042308,0.010384086900872991,0.16230367839999885,total_liabilities,observed_market_cap,risk_neutral,physical
PEBK,2023,1635.91,102.179,0.054909467,1635910000.0,112781241.1723688,1514894000.0,0.9260252703388329,reported,0.3534044680525731,monthly36,36.0,0.0495,160310696.143042,36,2022,2020,0.143361425,2022,rit_tminus1,1602020820.5206912,0.035413067916574004,2.9591712636090026,0.0015423380878227654,1.134011459863727e-14,8.826273045769994e-15,8.0,converged,1.4554866377207056,0.07276729341230849,0.1589309019745873,total_liabilities,observed_market_cap,risk_neutral,physical
PEBO,2017,3581.686,353.51,0.163403593,3581686000.0,895722522.4008397,3123094000.0,0.8719619754495509,reported,0.2368041822833679,monthly36,36.0,0.008,1162765996.0,36,2016,2014,,2016,unavailable,4260974898.9556456,0.0646208796331882,4.899126710478163,4.813177587771224e-07,6.151330016230433e-15,1.1102230246251565e-15,7.0,converged,,,,total_liabilities,observed_market_cap,risk_neutral,physical
PEBO,2018,3991.454,465.842,-0.210390894,3991454000.0,949686107.9414691,3471314000.0,0.869686585389685,reported,0.233268726567477,monthly36,36.0,0.0181,1072938580.0,36,2017,2015,0.163403593,2017,rit_tminus1,4481986980.157938,0.0558420007203783,4.872212775209148,5.517761208017237e-07,0.0,0.0,7.0,converged,3.070951610826167,0.001066888643002067,0.1378193562725954,total_liabilities,observed_market_cap,risk_neutral,physical
PEBO,2019,4354.165,400.1,0.044898351,4354165000.0,1025937149.2540704,3759772000.0,0.8634886367420619,reported,0.2161435345102507,monthly36,36.0,0.021400000000000002,1235483427.9999998,36,2018,2016,-0.210390894,2018,rit_tminus1,4915651109.313957,0.05432480060209678,5.3012676771418725,5.750066333554861e-08,9.648797130671126e-16,1.6653345369377348e-16,7.0,converged,0.49375167502853645,0.3107407828278793,0.13176362384304674,total_liabilities,observed_market_cap,risk_neutral,physical
PEBO,2020,4760.764,183.829,-0.121524364,4760764000.0,1051927519.9730607,4185091000.0,0.879079702333491,reported,0.1800274117893453,monthly36,36.0,0.0044,965644722.0,36,2019,2017,0.044898351,2019,rit_tminus1,5132361773.9198675,0.03387183673454198,6.136774954219001,4.210677490956784e-10,2.469009291613593e-15,3.608224830031759e-16,7.0,converged,2.2204888975452817,0.013192799253783985,0.11094625623619263,total_liabilities,observed_market_cap,risk_neutral,physical
PEBO,2021,7063.521,265.957,0.152012703,7063521000.0,845025000.3301656,6218496000.0,0.8803677372800336,reported,0.2800927947854315,monthly36,36.0,0.0004,898220306.02,36,2020,2018,-0.121524364,2020,rit_tminus1,7114225670.8153105,0.035365886086662454,3.7986591074342066,7.274051231101021e-05,6.84820783898349e-14,1.2617684674864904e-13,7.0,converged,0.02540410498802969,0.4898663184294708,0.14022602193690273,total_liabilities,observed_market_cap,risk_neutral,physical
PEBO,2022,7207.304,601.231,0.010059533,7207304000.0,785327999.6447937,6421976000.0,0.8910372033703587,reported,0.2772308875280704,monthly36,36.0,0.014199999999999999,797058466.75,36,2021,2019,0.152012703,2021,rit_tminus1,7128483629.470016,0.030999972527209128,3.809428519986568,6.96441836132276e-05,4.7859691914187925e-15,1.1102230246251565e-15,8.0,converged,1.8988646122225084,0.028791139608305143,0.1367441251647432,total_liabilities,observed_market_cap,risk_neutral,physical
PFBC,2017,3769.859,105.364,0.204591413,3769859000.0,291736025.4575589,3414825000.0,0.9058230029292873,reported,0.2922300354932989,monthly36,36.0,0.008,730412036.0,36,2016,2014,,2016,unavailable,4118023623.7291665,0.05183657794800981,3.740670977092682,9.176482373274466e-05,6.528331061115277e-16,5.384581669432009e-15,7.0,converged,,,,total_liabilities,observed_market_cap,risk_neutral,physical
PFBC,2018,4216.435,100.394,-0.30868627,4216435000.0000005,338199371.2224862,3799784000.0,0.9011840571478037,reported,0.2476851427230331,monthly36,36.0,0.0181,538675770.0,36,2017,2015,0.204591413,2017,rit_tminus1,4270302154.7942524,0.0312443871795778,4.300044591532285,8.538187292252877e-06,3.1867291330576273e-14,7.260858581048524e-14,7.0,converged,2.5538086722346067,0.00532758941070348,0.12877812061930544,total_liabilities,observed_market_cap,risk_neutral,physical
PFBC,2019,4628.481,99.211,0.039962296,4628481000.0,391093553.35086435,4158466000.0,0.8984515654271887,reported,0.2698868536418271,monthly36,36.0,0.021400000000000002,746690358.0,36,2018,2016,-0.30868627,2018,rit_tminus1,4817109455.606057,0.0418356991784249,4.005016871334038,3.100652749159624e-05,1.2772018631131835e-15,9.603429163007604e-15,7.0,converged,-1.0907552528334674,0.8623097045168191,0.1406731992180132,total_liabilities,observed_market_cap,risk_neutral,physical
PFBC,2020,5143.641,99.334,-0.276854616,5143641000.0,412158322.014703,4618194000.0,0.8978453200757984,reported,0.2575010929354825,monthly36,36.0,0.0044,627150314.0,36,2019,2017,0.039962296,2019,rit_tminus1,5225068314.308987,0.030907643283667328,4.121521344109692,1.8818929591756725e-05,1.2013112217957647e-13,1.7819079545233762e-13,7.0,converged,1.2066128033238186,0.11379064684183038,0.1314878586799389,total_liabilities,observed_market_cap,risk_neutral,physical
PFBC,2021,6046.303,147.758,0.270185537,6046303000.0,586718000.1414055,5459585000.0,0.9029625210645249,reported,0.4305220919063945,monthly36,36.0,0.0004,1053860616.51,36,2020,2018,-0.276854616,2020,rit_tminus1,6510471866.261659,0.07006309827711056,2.4832578455220213,0.0065093407550185466,4.29843655979026e-15,5.495603971894525e-15,7.0,converged,-0.5982500453083077,0.725163448349142,0.20178375522955028,total_liabilities,observed_market_cap,risk_neutral,physical
PFBC,2022,6425.358,147.995,0.082531716,6425358000.0,630425999.8427166,5794932000.0,0.9018846887597547,reported,0.4308611330321039,monthly36,36.0,0.014199999999999999,1071404779.9,36,2021,2019,0.270185537,2021,rit_tminus1,6783803499.474947,0.06842285512110777,2.475975994569603,0.00664362558853548,6.564603981095319e-15,1.0602629885170245e-14,7.0,converged,2.095303669929365,0.018072003224051107,0.20033622924985026,total_liabilities,observed_market_cap,risk_neutral,physical
PFBC,2023,6659.276,148.232,0.011700257,6659276000.0,695105000.1936189,5964171000.0,0.8956185327053572,reported,0.4184749471303607,monthly36,36.0,0.0495,992258969.25,36,2022,2020,0.082531716,2022,rit_tminus1,6667779069.95566,0.06256234524179789,2.542419706295979,0.0055043945923293385,1.662727794367894e-13,1.7497114868092467e-13,7.0,converged,1.1336356749962044,0.12847370102857392,0.192254951402331,total_liabilities,observed_market_cap,risk_neutral,physical
PFIS,2018,2288.993,124.406,-0.106141363,2288993000.0,376353969.6904806,2010379000.0,0.87828097333631,reported,0.2599132852476627,monthly36,36.0,0.0181,440366482.0,36,2017,2015,,2017,unavailable,2414684714.617601,0.04740089252846547,4.224014172131028,1.199944741891143e-05,4.331275677817141e-15,1.1657341758564144e-15,7.0,converged,,,,total_liabilities,observed_market_cap,risk_neutral,physical
PFIS,2019,2475.327,184.883,0.005404772,2475327000.0,404483093.54144174,2176317000.0,0.8792038385231526,reported,0.224479299941372,monthly36,36.0,0.021400000000000002,503233145.0,36,2018,2016,-0.106141363,2018,rit_tminus1,2633471751.0980453,0.04289602225881737,4.922344523329591,4.275674838231422e-07,6.159056809185954e-15,1.1102230246251565e-15,7.0,converged,0.729553007926743,0.23283172761712873,0.12834833633968873,total_liabilities,observed_market_cap,risk_neutral,physical
PFIS,2020,2883.802,97.769,-0.19244433,2883802000.0,438946900.01723915,2566925000.0,0.8901183229639206,reported,0.2195941157079985,monthly36,36.0,0.0044,367405172.0,36,2019,2017,0.005404772,2019,rit_tminus1,2923060505.250797,0.027601227011219615,4.852740322967097,6.088354395267673e-07,1.3757220262955703e-13,1.5065726444163374e-13,7.0,converged,1.1073659775303575,0.1340678646835214,0.11925947310125115,total_liabilities,observed_market_cap,risk_neutral,physical
PFIS,2021,3369.483,35.711,0.138309276,3369483000.0,340125999.8861367,3029357000.0,0.8990569176339516,reported,0.2081993235761086,monthly36,36.0,0.0004,377754210.68,36,2020,2018,-0.19244433,2020,rit_tminus1,3405899707.771208,0.023091749925663804,5.079395723399112,1.8931864113368845e-07,9.624997494412649e-15,1.7208456881689926e-15,8.0,converged,-0.7152355727913212,0.7627682542487539,0.11381886787072132,total_liabilities,observed_market_cap,risk_neutral,physical
PFIS,2022,3553.515,148.485,0.107094394,3553515000.0,315349999.89402544,3238165000.0,0.9112568822700903,reported,0.220869108981707,monthly36,36.0,0.014199999999999999,371071601.28,36,2021,2019,0.138309276,2021,rit_tminus1,3563579577.129378,0.022998875050321856,4.769548648654144,9.23195751289868e-07,6.425136773580759e-16,8.326672684688674e-17,8.0,converged,2.048898435849412,0.020236023665545017,0.11710763388708528,total_liabilities,observed_market_cap,risk_neutral,physical
PFIS,2023,3742.289,75.59,0.033672874,3742289000.0,340422000.0427422,3401867000.0,0.9090337491305455,reported,0.2452569267609995,monthly36,36.0,0.0495,342889492.40000004,36,2022,2020,0.107094394,2022,rit_tminus1,3580463708.696499,0.023487669621663935,4.274246331765435,9.58924560719575e-06,5.736405813489695e-15,1.0269562977782698e-15,8.0,converged,1.5819125565080416,0.05683476702369961,0.12357872547421353,total_liabilities,observed_market_cap,risk_neutral,physical
PFS,2016,9500.465,1612.745,0.30947415,9500465000.0,2475061322.6848445,8248684000.0,0.8682400282512488,reported,0.1851249148050241,monthly36,36.0,0.002,3651260120.38,36,2015,2013,,2015,unavailable,11883463238.750696,0.05688065887583299,6.425319606690552,6.579636811979878e-11,1.8283332314732436e-15,2.220446049250313e-16,7.0,converged,,,,total_liabilities,observed_market_cap,risk_neutral,physical
PFS,2017,9845.274,1742.514,0.190442329,9845274000.0,2550281856.4543295,8546613000.0,0.8680929550564057,reported,0.1924936000630195,monthly36,36.0,0.008,3498418886.8,36,2016,2014,0.30947415,2016,rit_tminus1,11976931746.525925,0.05622669148724636,6.115719271581471,4.806120540125056e-10,2.4534137064150065e-15,3.0531133177191805e-16,7.0,converged,5.135808269149626,1.4046698085327933e-07,0.12553274963800437,total_liabilities,observed_market_cap,risk_neutral,physical
PFS,2018,9725.769,1442.282,-0.279462689,9725769000.0,2677166994.4597683,8366789000.0,0.8602701750370587,reported,0.1826857157789386,monthly36,36.0,0.0181,3130027720.56,36,2017,2015,0.190442329,2017,rit_tminus1,11346740129.992723,0.050394328945938247,6.379497913952743,8.883475266127986e-11,1.6757706987003756e-15,1.6653345369377348e-16,7.0,converged,4.198338546564048,1.3444022616167716e-05,0.11936121512604825,total_liabilities,observed_market_cap,risk_neutral,physical
PFS,2019,9808.578,1125.146,0.030597795,9808578000.0,2807998651.380454,8394738000.0,0.8558567816863973,reported,0.1945342131057317,monthly36,36.0,0.021400000000000002,3220769000.0,36,2018,2016,-0.279462689,2018,rit_tminus1,11437768195.00072,0.05477902268542588,6.00988136111589,9.282957004332446e-10,2.664912897403151e-15,3.608224830031759e-16,7.0,converged,0.29892248767158053,0.3824995942322977,0.12522506342383768,total_liabilities,observed_market_cap,risk_neutral,physical
PFS,2020,12919.741,1201.107,-0.211160114,12919741000.0,2726963759.5723906,11299944000.0,0.8746262018720035,reported,0.1711003144798816,monthly36,36.0,0.0044,2346653600.0,36,2019,2017,0.030597795,2019,rit_tminus1,13596987069.601364,0.02952956908067957,6.40085403899567,7.725511427167124e-11,7.315156227281478e-15,7.494005416219807e-16,7.0,converged,2.010906864797531,0.02216764756328267,0.10624379822972205,total_liabilities,observed_market_cap,risk_neutral,physical
PFS,2021,13781.202,637.057,0.208201908,13781202000.0,1697095999.976251,12084106000.0,0.8768542831024464,reported,0.3519071960521722,monthly36,36.0,0.0004,1864213375.78,36,2020,2018,-0.211160114,2020,rit_tminus1,13943288971.024073,0.04710022582580275,3.023298967632342,0.0012501754636272677,6.7782931163101135e-15,1.9761969838327786e-14,7.0,converged,-0.4896755575366275,0.6878182497024705,0.16656891085834333,total_liabilities,observed_market_cap,risk_neutral,physical
PFS,2022,13783.436,1347.863,0.047960773,13783436000.0,1597703000.154734,12185733000.0,0.884085289038234,reported,0.3664019720747362,monthly36,36.0,0.014199999999999999,1605614026.56,36,2021,2019,0.208201908,2021,rit_tminus1,13619230907.596125,0.04327202138535316,2.8767030556003785,0.0020092677729107193,1.7907965528460062e-13,2.826072709183336e-13,7.0,converged,1.894851966346181,0.029056008153553844,0.16777229532840104,total_liabilities,observed_market_cap,risk_neutral,physical
PGC,2017,4260.547,129.994,0.200472363,4260546999.9999995,384518441.1729111,3856869000.0,0.9052520720930904,reported,0.3257368923231845,monthly36,36.0,0.008,621111218.0,36,2016,2014,,2016,unavailable,4447224925.433329,0.04551319514341178,3.2823195344508496,0.0005147843206624433,1.3051175787092489e-14,2.348121697082206e-14,7.0,converged,,,,total_liabilities,observed_market_cap,risk_neutral,physical
PGC,2018,4617.858,199.555,-0.288959341,4617858000.0,430164084.4901167,4148845000.0,0.8984349453794378,reported,0.2914518195243502,monthly36,36.0,0.0181,446589962.0,36,2017,2015,0.200472363,2017,rit_tminus1,4521011786.062204,0.028794032285243652,3.5976650939711354,0.00016054334394206303,1.174502157805861e-14,2.9976021664879227e-15,8.0,converged,2.1042591056862334,0.017677925604252347,0.1392466259105412,total_liabilities,observed_market_cap,risk_neutral,physical
PGC,2019,5182.879,324.115,0.053124961,5182879000.0,471961281.80608517,4679227000.0,0.9028238938242625,reported,0.3025638252114646,monthly36,36.0,0.021400000000000002,548039310.0,36,2018,2016,-0.288959341,2018,rit_tminus1,5128185332.614791,0.03234164156059548,3.478362216817956,0.00025224385829525017,1.2181097401286324e-14,3.1086244689504383e-15,8.0,converged,-1.307990985813737,0.9045618166307641,0.14418998006589856,total_liabilities,observed_market_cap,risk_neutral,physical
PGC,2020,5890.442,380.633,-0.2564244,5890442000.0,492707742.2592264,5363320000.0,0.9105123180909005,reported,0.2055033350759177,monthly36,36.0,0.0044,403669084.0,36,2019,2017,0.053124961,2019,rit_tminus1,5743442313.530428,0.014443491648479936,5.038341489592348,2.3479153889824649e-07,1.4175090749425586e-14,2.7478019859472624e-15,8.0,converged,1.1023658770897413,0.13515132004036795,0.10866439500250033,total_liabilities,observed_market_cap,risk_neutral,physical
PGC,2021,6077.993,138.521,0.268771685,6077993000.0,546388000.1721271,5531605000.0,0.9101038780400044,reported,0.3706364263101792,monthly36,36.0,0.0004,651143635.1999999,36,2020,2018,-0.2564244,2020,rit_tminus1,6180386587.722988,0.03913080283902537,2.8248131336486346,0.002365409867876251,1.0435377291689961e-14,3.4416913763379853e-15,8.0,converged,-0.9541600287859894,0.8299986779538691,0.16666881317773208,total_liabilities,observed_market_cap,risk_neutral,physical
PGC,2022,6353.593,517.213,0.074570264,6353593000.0,532979999.8472484,5820613000.0,0.9161136068992773,reported,0.3707108639777409,monthly36,36.0,0.014199999999999999,663016646.22,36,2021,2019,0.268771685,2021,rit_tminus1,6401406452.560062,0.038477309124728104,2.8217121360219055,0.0023884016639755708,1.1866690158094297e-14,3.83026943495679e-15,8.0,converged,2.1860062119264243,0.014407575429446104,0.1659964095738911,total_liabilities,observed_market_cap,risk_neutral,physical
PGC,2023,6476.857,540.518,0.028577028,6476857000.0,583681000.1370323,5893176000.0,0.9098820616234078,reported,0.3954891343107131,monthly36,36.0,0.0495,528997168.14,36,2022,2020,0.074570264,2022,rit_tminus1,6137297948.120866,0.03422677548551779,2.6150218067623494,0.004461087943336156,2.050681176094716e-14,7.216449660063518e-15,9.0,converged,0.8642533922010331,0.19372435377314612,0.16918621972324696,total_liabilities,observed_market_cap,risk_neutral,physical
PKBK,2018,1467.398,118.053,-0.238780473,1467398000.0,153733261.5348047,1312402000.0,0.8943735782657466,reported,0.1944033515847581,monthly36,36.0,0.0181,201497618.9254,36,2017,2015,,2017,unavailable,1490358829.4474201,0.026283477693297624,5.513443127961431,1.759403888538476e-08,1.47904092101103e-16,2.831068712794149e-15,7.0,converged,,,,total_liabilities,observed_market_cap,risk_neutral,physical
PKBK,2019,1681.16,148.053,0.01245602,1681160000.0,160935988.70864314,1501736000.0,0.893273691974589,reported,0.2215547369276911,monthly36,36.0,0.021400000000000002,273364918.806,36,2018,2016,-0.238780473,2018,rit_tminus1,1743305191.2475889,0.034741661007065716,4.892039640929746,4.989816887647024e-07,7.849460791407759e-15,1.9984014443252818e-15,7.0,converged,-0.6419928055264849,0.7395610728390658,0.12327821559701965,total_liabilities,observed_market_cap,risk_neutral,physical
PKBK,2020,2078.322,267.218,-0.284997112,2078322000.0,200297102.20569256,1875725000.0,0.9025189551955857,reported,0.2492334255706755,monthly36,36.0,0.0044,184755480.0,36,2019,2017,0.01245602,2019,rit_tminus1,2052245296.0384798,0.02243777318744544,4.1932629041389875,1.3748522616513983e-05,1.1614092377200732e-14,2.6367796834847468e-15,8.0,converged,0.79173594889238,0.21425732820521648,0.1245859087041646,total_liabilities,observed_market_cap,risk_neutral,physical
PKBK,2021,2136.445,120.882,0.232026059,2136445000.0000002,231916000.0688438,1904084000.0,0.8912394187540517,reported,0.3315500835001536,monthly36,36.0,0.0004,253180055.52,36,2020,2018,-0.284997112,2020,rit_tminus1,2156488290.4804597,0.03894973707954137,3.186709910593698,0.0007195051228066267,1.777450704519062e-14,5.4289905904170155e-14,7.0,converged,-1.1034178855714796,0.8650771334580428,0.15620288577275288,total_liabilities,observed_market_cap,risk_neutral,physical
PKBK,2022,1984.915,126.071,0.119320101,1984915000.0,265588999.9776609,1718881000.0,0.8659720945229392,reported,0.3349971417495125,monthly36,36.0,0.014199999999999999,247647525.5,36,2021,2019,0.232026059,2021,rit_tminus1,1942278046.6404166,0.04274148927486565,3.169627969523506,0.0007631711465430598,1.444100311239911e-14,3.169686735304822e-14,7.0,converged,2.2249113455419294,0.01304359511460252,0.159092692858945,total_liabilities,observed_market_cap,risk_neutral,physical
PKBK,2023,2023.5,168.111,0.012145123,2023500000.0,283941999.9091348,1739183000.0,0.8594924635532494,reported,0.3203652923384963,monthly36,36.0,0.0495,242115054.75,36,2022,2020,0.119320101,2022,rit_tminus1,1897296506.917022,0.04089802438370757,3.317475524124384,0.0004541743693380055,6.893127961143182e-15,1.942890293094024e-15,8.0,converged,1.551424454234897,0.06039999930934346,0.15334284365870243,total_liabilities,observed_market_cap,risk_neutral,physical
PLBC,2019,865.191,26.323,-0.003383871,865191000.0,113413563.47108935,780686000.0,0.9023279252789268,reported,0.2775106109438636,monthly36,36.0,0.021400000000000002,182890693.4,36,2018,2016,,2018,unavailable,947047185.8486563,0.053593443805231594,3.976974691731882,3.489879511677978e-05,8.147577614163967e-16,3.3306690738754696e-16,7.0,converged,,,,total_liabilities,observed_market_cap,risk_neutral,physical
PLBC,2020,1111.576,29.188,-0.291999602,1111576000.0,133988727.48552696,1011422000.0,0.9098990982173059,reported,0.24200093055655,monthly36,36.0,0.0044,162923855.0,36,2019,2017,-0.003383871,2019,rit_tminus1,1169905341.994494,0.03370177034937354,4.432932560912068,4.647997489357054e-06,3.0730859892388456e-14,7.349676423018536e-14,7.0,converged,1.0694286486897355,0.142438281951826,0.12874409201725512,total_liabilities,observed_market_cap,risk_neutral,physical
PLBC,2021,1614.074,27.593,0.214114692,1614074000.0,134081999.98170047,1479992000.0,0.9169294592441238,reported,0.3140088484025082,monthly36,36.0,0.0004,196556125.89,36,2020,2018,-0.291999602,2020,rit_tminus1,1675950944.1115901,0.036839275506568986,3.367750365240356,0.0003789209097979533,1.75882048006347e-14,5.645484080218921e-14,7.0,converged,-1.1885926594274112,0.8827000010757362,0.15025074719801762,total_liabilities,observed_market_cap,risk_neutral,physical
PLBC,2022,1621.044,28.934,0.135644934,1621044000.0,119004000.00422978,1502040000.0,0.9265880506636464,reported,0.3397364130699815,monthly36,36.0,0.014199999999999999,216750502.8,36,2021,2019,0.214114692,2021,rit_tminus1,1697596725.0005677,0.04341111841304883,3.1247090122053525,0.000889905139271453,2.0624396716067486e-14,2.9531932455029164e-14,7.0,converged,2.0899928059095085,0.01830922297502469,0.1607609876678775,total_liabilities,observed_market_cap,risk_neutral,physical
PLBC,2023,1610.416,113.054,0.006519363,1610416000.0,147317000.03306916,1463099000.0,0.908522394213669,reported,0.3448087702571774,monthly36,36.0,0.0495,242787476.05,36,2022,2020,0.135644934,2022,rit_tminus1,1635208270.1328993,0.051235556032797266,3.1111372824091066,0.000931841373833996,5.76928091601074e-14,7.605027718682322e-14,7.0,converged,1.6601968340450888,0.04843743067929814,0.165891779296207,total_liabilities,observed_market_cap,risk_neutral,physical
PNC,2016,366380.0,52706.0,0.280917781,366380000000.0,34028549924.483093,319526000000.0,0.8721163818985752,reported,0.1336068807259417,monthly36,36.0,0.002,46265517255.68,36,2015,2013,,2015,unavailable,365153103881.85895,0.016928218273383224,7.994627443457683,6.498313047194408e-16,1.4346696278150025e-14,2.541855614879296e-13,7.0,converged,,,,total_liabilities,observed_market_cap,risk_neutral,physical
PNC,2017,380768.0,59088.0,0.242963036,380768000000.0,36402200259.25911,333183000000.0,0.8750288889822674,reported,0.1820068513383476,monthly36,36.0,0.008,57076363584.32,36,2016,2014,0.280917781,2016,rit_tminus1,387604533063.3373,0.02680125836783868,5.930114574053083,1.5136168574035279e-09,6.282487538629027e-15,1.2490009027033011e-15,7.0,converged,4.005322946616142,3.096640428454971e-05,0.10815329585313457,total_liabilities,observed_market_cap,risk_neutral,physical
PNC,2018,410295.0,60263.0,-0.247849724,410295000000.0,30322764773.35968,379972235226.6403,0.9260952125340068,implied_pb,0.1833444153130222,monthly36,36.0,0.0181,46245738905.28,36,2017,2015,0.242963036,2017,rit_tminus1,419402344191.66876,0.020216620406944472,5.768925011689506,3.988939586616212e-09,1.5177707470792766e-14,1.172950625516478e-13,7.0,converged,3.3443953352415456,0.0004123106901251086,0.10533097915163615,total_liabilities,observed_market_cap,risk_neutral,physical
PNC,2020,466679.0,37195.0,-0.142383972,466679000000.0,47106992784.011925,412638000000.0,0.8842009175471791,reported,0.2054819592001024,monthly36,36.0,0.0044,58939484192.0,36,2019,2017,-0.247849724,2019,rit_tminus1,469765865272.72754,0.025780931963111767,5.187220860400555,1.0672776380064982e-07,4.7635591420412954e-14,8.723577415992168e-14,7.0,converged,-1.0567915807065227,0.854696641198003,0.1143827232306051,total_liabilities,observed_market_cap,risk_neutral,physical
PNC,2021,557191.0,30784.0,0.308364229,557191000000.0,50685999986.33943,501465000000.0,0.8999876164546807,reported,0.3175602310708838,monthly36,36.0,0.0004,84218400000.0,36,2020,2018,-0.142383972,2020,rit_tminus1,585480698648.0795,0.045693638179627676,3.3758626896003694,0.0003679231677826147,1.8118117967688772e-14,5.750955267558311e-14,7.0,converged,0.003985956609561961,0.49840983759131163,0.15644800566809697,total_liabilities,observed_market_cap,risk_neutral,physical
PNC,2022,557263.0,58713.0,-0.00072285,557263000000.0,40028000008.80523,511451000000.0,0.9177910609532662,reported,0.3108364141813974,monthly36,36.0,0.014199999999999999,63333940000.0,36,2021,2019,0.308364229,2021,rit_tminus1,567572110628.5372,0.034696022141288786,3.3927266038753094,0.0003460033407401114,4.336666929690463e-14,1.9551027463649007e-13,7.0,converged,2.800597560887792,0.002550404321246186,0.1478873881472125,total_liabilities,observed_market_cap,risk_neutral,physical
PNFP,2016,11194.6226,848.529795,0.338526901,11194622600.0,2503871165.7177677,8690751434.282232,0.7763326862204566,implied_pb,0.2220453748575554,monthly36,36.0,0.002,5374637452.8,36,2015,2013,,2015,unavailable,14048024753.060787,0.08495239831276426,5.633907302846213,8.808587000251496e-09,1.242078237549945e-15,1.1102230246251565e-16,7.0,converged,,,,total_liabilities,observed_market_cap,risk_neutral,physical
PNFP,2017,22205.69985,1926.009358,0.233594472,22205699850.0,3699197711.793506,18506502138.206493,0.833412243848126,implied_pb,0.2566283499861876,monthly36,36.0,0.008,5141969164.8,36,2016,2014,0.338526901,2016,rit_tminus1,23501008587.927822,0.05614999045266876,4.369453830859135,6.227883489698382e-06,1.2982808727332004e-15,2.220446049250313e-16,7.0,converged,3.9492245857472827,3.920238199680999e-05,0.1451351084098363,total_liabilities,observed_market_cap,risk_neutral,physical
PNFP,2018,25031.044,2038.367,-0.317692005,25031044000.0,3968810626.3210483,21062233373.67895,0.8414444628709434,implied_pb,0.2410296792402344,monthly36,36.0,0.0181,3575336025.6,36,2017,2015,0.233594472,2017,rit_tminus1,24259771767.99235,0.03552238447406216,4.470618427164519,3.899687072875747e-06,9.202425640676437e-15,8.076872504148014e-15,7.0,converged,2.9561295765979376,0.001557630916858351,0.12923472892333096,total_liabilities,observed_market_cap,risk_neutral,physical
PNFP,2019,27805.496,2941.212,0.054112977,27805496000.0,4415879868.982623,23389616131.017376,0.8411867974236955,implied_pb,0.260177729440127,monthly36,36.0,0.021400000000000002,4963590144.0,36,2018,2016,-0.317692005,2018,rit_tminus1,27857983337.92086,0.046357592761648955,4.209728903908129,1.2783864399827118e-05,8.453895004324313e-15,1.4988010832439613e-15,7.0,converged,-0.9619481832819231,0.8319621833616344,0.14045186586033853,total_liabilities,observed_market_cap,risk_neutral,physical
PNFP,2020,34932.86,1889.667,-0.191129687,34932860000.0,4789763328.182707,30143096671.81729,0.8628865965116309,implied_pb,0.2651871537813326,monthly36,36.0,0.0044,4994612582.400001,36,2019,2017,0.054112977,2019,rit_tminus1,35005364534.09393,0.037838085587667526,4.04961108785538,2.5651410237285168e-05,3.608777314098916e-14,8.693046282814976e-14,7.0,converged,1.4402974160776254,0.07489163607504332,0.13746065222270965,total_liabilities,observed_market_cap,risk_neutral,physical
PNFP,2021,38469.399,1467.151,0.228372945,38469399000.0,5093481000.1076,33375917999.8924,0.8675965538191122,implied_pb,0.3996437300875755,monthly36,36.0,0.0004,7267550000.0,36,2020,2018,-0.191129687,2020,rit_tminus1,40627736821.029335,0.07168109434955727,2.712671959698927,0.0033371570977746823,7.348523466470818e-15,4.163336342344337e-15,7.0,converged,-0.06709376983223972,0.5267464731626937,0.1945662161938796,total_liabilities,observed_market_cap,risk_neutral,physical
PNFP,2022,41970.021,1085.859,0.01582553,41970021000.0,5302265998.553892,36667755001.446106,0.8736653956271813,implied_pb,0.3731129642458486,monthly36,36.0,0.014199999999999999,5615100000.0,36,2021,2019,0.228372945,2021,rit_tminus1,41764689042.667816,0.050258149260856255,2.8471108776341003,0.0022058996641405953,2.173965067407526e-14,2.653433028854124e-14,7.0,converged,2.046914639421269,0.020333233226744428,0.1737999490707371,total_liabilities,observed_market_cap,risk_neutral,physical
PPBI,2017,8024.501,641.41,0.264550186,8024501000.0,2605777142.5108123,6782505000.0,0.8452245192567114,reported,,,,0.008,3880988160.0,0,2016,2016,,2016,unavailable,,,,,,,,not_attempted,,,,total_liabilities,observed_market_cap,risk_neutral,physical
PPBI,2018,11487.387,777.994,-0.351017992,11487387000.0,3058690126.834366,9517690000.0,0.8285339390063206,reported,,,,0.0181,2476070446.08,0,2017,2017,0.264550186,2017,rit_tminus1,,,,,,,,not_attempted,,,,total_liabilities,observed_market_cap,risk_neutral,physical
PPBI,2019,11776.012,732.171,0.048199666,11776012000.0,3281537157.585219,9763418000.0,0.8290937543202231,reported,,,,0.021400000000000002,3163490473.92,0,2018,2018,-0.351017992,2018,rit_tminus1,,,,,,,,not_attempted,,,,total_liabilities,observed_market_cap,risk_neutral,physical
PPBI,2020,19736.544,532.511,-0.137337192,19736544000.0,2820533033.7823257,16989895000.0,0.8608343487086696,reported,,,,0.0044,3039783976.32,0,2019,2019,0.048199666,2019,rit_tminus1,,,,,,,,not_attempted,,,,total_liabilities,observed_market_cap,risk_neutral,physical
PPBI,2021,21094.429,888.567,0.188402192,21094429000.0,2886310999.742456,18208118000.0,0.8631718829649287,reported,,,,0.0004,3778413406.29,0,2020,2020,-0.137337192,2020,rit_tminus1,,,,,,,,not_attempted,,,,total_liabilities,observed_market_cap,risk_neutral,physical
PPBI,2022,21688.017,1331.204,-0.035846226,21688017000.0,2798388999.0862393,18889628000.0,0.8709707300579855,reported,,,,0.014199999999999999,2998886745.6,0,2021,2021,0.188402192,2021,rit_tminus1,,,,,,,,not_attempted,,,,total_liabilities,observed_market_cap,risk_neutral,physical
PRK,2016,7467.586,1134.076,0.185995151,7467586000.0,783398976.5128813,6725346000.0,0.900605095140518,reported,0.1821718477899652,monthly36,36.0,0.002,1908184762.2762,36,2015,2013,,2015,unavailable,8620093511.992626,0.04032642379907749,6.184516879345152,3.1146474042424806e-10,4.872863869780264e-15,7.216449660063518e-16,7.0,converged,,,,total_liabilities,observed_market_cap,risk_neutral,physical
PRK,2017,7537.62,906.289,0.14822173,7537620000.0,800770300.0019308,6781519000.0,0.8996896898490505,reported,0.1901928084839127,monthly36,36.0,0.008,1658459088.6738,36,2016,2014,0.185995151,2016,rit_tminus1,8385942367.640795,0.037613780140660504,5.83956887793151,2.6168038132795115e-09,8.625545751347384e-16,8.326672684688674e-17,7.0,converged,3.439001202461487,0.00029193232030785425,0.11575290452955497,total_liabilities,observed_market_cap,risk_neutral,physical
PRK,2018,7804.308,636.966,-0.152940114,7804308000.0,858662417.8921642,6971802000.0,0.893327377648345,reported,0.188185768266398,monthly36,36.0,0.0181,1357645929.0855,36,2017,2015,0.14822173,2017,rit_tminus1,8204393469.694549,0.031140588743560443,5.79344228790029,3.4479094378421504e-09,1.7561175118917746e-16,5.551115123125783e-17,7.0,converged,2.858621453248085,0.002127430972862316,0.11190156046678583,total_liabilities,observed_market_cap,risk_neutral,physical
PRK,2019,8558.377,438.157,0.095126073,8558377000.0,959817213.1008456,7589363000.0,0.8867759623115458,reported,0.2031385728034465,monthly36,36.0,0.021400000000000002,1639466321.3739002,36,2018,2016,-0.152940114,2018,rit_tminus1,9068142433.683578,0.03672624901833276,5.4115346590382405,3.124344837882796e-08,8.870894836685384e-15,1.4710455076283324e-15,7.0,converged,0.2989709596868074,0.3824811017641749,0.11896742831912965,total_liabilities,observed_market_cap,risk_neutral,physical
PRK,2020,9279.021,562.504,-0.112849829,9279021000.0,1032419616.9209436,8238765000.0,0.8878916213251377,reported,0.1983034187148707,monthly36,36.0,0.0044,1684934956.7121,36,2019,2017,0.095126073,2019,rit_tminus1,9887529024.278906,0.03379290885597279,5.511595197171521,1.777980050700059e-08,4.528005369499621e-15,6.938893903907228e-16,7.0,converged,2.3589234243634603,0.00916401866507586,0.11633870770341362,total_liabilities,observed_market_cap,risk_neutral,physical
PRK,2021,9560.254,426.996,0.198061336,9560254000.0,1110759004.2994082,8449495000.0,0.8838149070097928,reported,0.2565258483972057,monthly36,36.0,0.0004,2213902924.776609,36,2020,2018,-0.112849829,2020,rit_tminus1,10660018143.56023,0.053276312178406136,4.342910616537107,7.030367566246044e-06,6.6768744640365965e-15,1.4432899320127035e-15,7.0,converged,0.7622848850114873,0.22294499653040628,0.14369496057516878,total_liabilities,observed_market_cap,risk_neutral,physical
PRK,2022,9854.993,416.009,0.022339693,9854993000.0,1069225998.1936961,8785767000.0,0.8915041339958334,reported,0.2444558583257765,monthly36,36.0,0.014199999999999999,2283200294.269321,36,2021,2019,0.198061336,2021,rit_tminus1,10945090782.711288,0.050994807112261085,4.562381498156581,2.528832021652349e-06,4.803457088805982e-15,8.881784197001252e-16,7.0,converged,3.0260490301191907,0.0012388606076815297,0.13861845013477192,total_liabilities,observed_market_cap,risk_neutral,physical
PRK,2023,9836.453,517.329,0.091326648,9836453000.0,1145293001.966982,8691160000.0,0.8835664644562425,reported,0.2649749893611857,monthly36,36.0,0.0495,2135717439.85998,36,2022,2020,0.022339693,2022,rit_tminus1,10407137936.553015,0.05437784426215421,4.196691166502822,1.3542142948155739e-05,1.1163395243763776e-15,1.6653345369377348e-16,7.0,converged,1.5899418224319521,0.05592395967938469,0.1455825764902971,total_liabilities,observed_market_cap,risk_neutral,physical
PVBC,2021,1729.283,13.5,0.057576004,1729283000.0,233781999.99392065,1495501000.0,0.8648098662856224,reported,0.3497169651198764,monthly36,36.0,0.0004,332096471.40000004,36,2020,2018,,2020,unavailable,1826976267.8439746,0.06361541119492631,3.1215322806940584,0.000899562611907191,1.9742790092448325e-15,1.2656542480726785e-14,7.0,converged,,,,total_liabilities,observed_market_cap,risk_neutral,physical
PVBC,2022,1636.381,126.829,-0.009267687,1636381000.0,207542000.05078703,1428839000.0,0.8731701235836886,reported,0.3087376389902095,monthly36,36.0,0.014199999999999999,128635401.44,36,2021,2019,0.057576004,2021,rit_tminus1,1537324720.5541477,0.025842465299097242,3.368392581511837,0.000378039264942166,7.877139184381284e-15,1.887379141862766e-15,8.0,converged,0.94016376862375,0.1735667816206698,0.14217930950626745,total_liabilities,observed_market_cap,risk_neutral,physical
PWOD,2018,1684.771,306.807,-0.168835288,1684771000.0,155303211.65459844,1541227000.0,0.914799103260918,reported,,,,0.0181,204263975.1228,0,2017,2017,,2017,unavailable,,,,,,,,not_attempted,,,,total_liabilities,observed_market_cap,risk_neutral,physical
PWOD,2019,1665.323,166.84,-0.009146313,1665323000.0,167586885.59109142,1510341000.0,0.9069357716190793,reported,,,,0.021400000000000002,270761307.6,0,2018,2018,-0.168835288,2018,rit_tminus1,,,,,,,,not_attempted,,,,total_liabilities,observed_market_cap,risk_neutral,physical
PWOD,2020,1834.643,158.719,-0.226932647,1834643000.0,177219151.09164396,1670497000.0,0.9105297324874648,reported,,,,0.0044,198045602.1,0,2019,2019,-0.009146313,2019,rit_tminus1,,,,,,,,not_attempted,,,,total_liabilities,observed_market_cap,risk_neutral,physical
PWOD,2021,1940.809,131.71,0.154429725,1940809000.0,171691254.8885528,1768535000.0,0.9112359845816873,reported,,,,0.0004,166641007.79,0,2020,2020,-0.226932647,2020,rit_tminus1,,,,,,,,not_attempted,,,,total_liabilities,observed_market_cap,risk_neutral,physical
PWOD,2022,2000.08,256.132,0.107899491,2000080000.0,167665000.0466499,1832415000.0,0.9161708531658733,reported,,,,0.014199999999999999,187846292.7,0,2021,2021,0.154429725,2021,rit_tminus1,,,,,,,,not_attempted,,,,total_liabilities,observed_market_cap,risk_neutral,physical
PWOD,2023,2204.809,398.524,0.001664844,2204809000.0,191555999.99704894,2013253000.0,0.9131190048661811,reported,,,,0.0495,169027454.94,0,2022,2022,0.107899491,2022,rit_tminus1,,,,,,,,not_attempted,,,,total_liabilities,observed_market_cap,risk_neutral,physical
QCRH,2017,3982.664773,309.479609,0.200672761,3982664773.0,429772488.428121,3629377644.0,0.9112937821442899,reported,0.1652147570026463,monthly36,36.0,0.008,725510490.0,36,2016,2014,,2016,unavailable,4325968943.843867,0.027708252386020586,6.611427048142505,1.9031634330594468e-11,3.2862182199676053e-15,7.216449660063518e-16,7.0,converged,,,,total_liabilities,observed_market_cap,risk_neutral,physical
QCRH,2018,4949.710195,404.968557,-0.240002282,4949710195.0,509657052.3627068,4476571792.0,0.9044108878378485,reported,0.1938225021449402,monthly36,36.0,0.0181,543328626.0,36,2017,2015,0.200672761,2017,rit_tminus1,4939603348.807797,0.02131938713024365,5.455140285009831,2.446709863907143e-08,1.228670807203843e-14,2.1649348980190553e-15,8.0,converged,2.8434979901811896,0.002231064540958632,0.10877765380753757,total_liabilities,observed_market_cap,risk_neutral,physical
QCRH,2019,4909.05,278.955,0.06752273,4909050000.0,572667791.2018477,4373699000.0,0.8909461097360997,reported,0.2235522241595531,monthly36,36.0,0.021400000000000002,742611204.0,36,2018,2016,-0.240002282,2018,rit_tminus1,5023707410.059702,0.03304581093005761,4.824002424890616,7.035285254271569e-07,0.0,2.609024107869118e-15,7.0,converged,-0.7379102172935651,0.769715495131012,0.12296652197940242,total_liabilities,observed_market_cap,risk_neutral,physical
QCRH,2020,5705.043,177.114,-0.09685259,5705043000.0,636083172.66886,5111250000.0,0.8959178747644847,reported,0.208286247537629,monthly36,36.0,0.0044,670314126.0,36,2019,2017,0.06752273,2019,rit_tminus1,5759124026.422722,0.02424279023655678,5.092133952242253,1.7702790581056557e-07,2.6889549065057486e-13,2.976785484776201e-13,7.0,converged,1.6104310717440047,0.053651890938674854,0.11438608484573298,total_liabilities,observed_market_cap,risk_neutral,physical
QCRH,2021,6096.132,170.805,0.166535991,6096132000.0,677010000.0935042,5419122000.0,0.888944333882534,reported,0.3175687578964145,monthly36,36.0,0.0004,874353760.0,36,2020,2018,-0.09685259,2020,rit_tminus1,6291285257.898371,0.04414952188746474,3.367125557923754,0.00037978048731576047,8.725752527500997e-15,4.50195436485501e-14,7.0,converged,0.2612356528764381,0.3969553927006356,0.15553559518795115,total_liabilities,observed_market_cap,risk_neutral,physical
QCRH,2022,7948.837,825.894,-0.021841283,7948837000.0,772723999.8998902,7176113000.0,0.9027877914718845,reported,0.3041439874862296,monthly36,36.0,0.014199999999999999,833750560.88,36,2021,2019,0.166535991,2021,rit_tminus1,7908667260.130798,0.03207134197367055,3.4575142707411137,0.0002725916832841449,1.8158404303764213e-14,4.9404924595819466e-15,8.0,converged,1.8398768789984847,0.03289315760323863,0.14457534350880252,total_liabilities,observed_market_cap,risk_neutral,physical
RBB,2018,2974.002,432.714,-0.275773335,2974002000.0,332222724.6462409,2599381000.0,0.8740347182012655,reported,0.2206680248697309,peer_median,6.0,0.0181,311690043.0,6,2017,2017,,2017,unavailable,2864445471.072284,0.02401165559922194,4.785724105606725,8.51859804183282e-07,1.0249955145217576e-13,3.6029512706647893e-13,7.0,converged,,,,total_liabilities,observed_market_cap,risk_neutral,physical
RBB,2019,2788.535,113.722,0.066039184,2788535000.0,360889067.2663536,2380968000.0,0.8538418918894688,reported,0.3329792569343868,monthly_ewma,18.0,0.021400000000000002,375553683.00000006,18,2018,2018,-0.275773335,2018,rit_tminus1,2706091140.102566,0.046237437476749264,3.207987726569487,0.0006683360135431468,8.729126117094913e-15,2.4868995751603507e-14,7.0,converged,-0.8861193668774375,0.8122233960404133,0.16045700924038422,total_liabilities,observed_market_cap,risk_neutral,physical
RBB,2020,3350.072,268.674,-0.127736621,3350072000.0,388433388.6581575,2921584000.0,0.8720958833123587,reported,0.2853544022301507,monthly36,30.0,0.0044,272839662.0,30,2019,2018,0.066039184,2019,rit_tminus1,3181594686.1907997,0.024473650355432346,3.6511565994548025,0.00013053099550904354,1.3981461630842366e-14,3.608224830031759e-15,9.0,converged,1.079891324925813,0.14009528839425495,0.1353473923228094,total_liabilities,observed_market_cap,risk_neutral,physical
RBB,2021,4228.194,337.509,0.191877681,4228194000.0000005,425463943.6169017,3761511000.0,0.8896259253950977,reported,0.3264382572933103,monthly36,36.0,0.0004,464785380.0,36,2020,2018,-0.127736621,2020,rit_tminus1,4224769512.1359572,0.035932822685248854,3.225418296342706,0.0006289436693858397,5.129648852155429e-15,1.3877787807814457e-15,8.0,converged,-0.1499079829853663,0.5595813933094197,0.15303577771562088,total_liabilities,observed_market_cap,risk_neutral,physical
RBB,2022,3919.058,408.305,-0.013959045,3919058000.0,453175334.7653955,3434495000.0,0.8763572776927516,reported,0.3031557793910241,monthly36,36.0,0.014199999999999999,369876915.0,36,2021,2019,0.191877681,2021,rit_tminus1,3755939750.7426305,0.029861437412269848,3.456724718639408,0.00027339155011691345,7.735067621667467e-15,2.0539125955565396e-15,8.0,converged,1.9850583956120489,0.023568987449222454,0.14303328873682597,total_liabilities,observed_market_cap,risk_neutral,physical
RBB,2023,4026.025,284.085,0.014183516,4026025000.0,487309192.95492655,3514765000.0,0.8730112207450277,reported,0.2968028862104538,monthly36,36.0,0.0495,337767696.0,36,2022,2020,-0.013959045,2022,rit_tminus1,3682782780.8784404,0.02722668844372378,3.5195372396323323,0.0002161501714471536,8.470386549987746e-15,9.492406860545088e-15,8.0,converged,0.4886991693548148,0.3125273459761668,0.13933347708811414,total_liabilities,observed_market_cap,risk_neutral,physical
RBCAA,2017,5085.362,982.761,0.112159665,5085362000.0,527037138.33725464,4452938000.0,0.8756383518026839,reported,0.1751439370849297,monthly36,36.0,0.008,660586094.0,36,2016,2014,,2016,unavailable,5078042704.782684,0.02278390633249435,6.105284789302179,5.13087702879963e-10,1.4436790678282882e-15,2.3314683517128287e-15,7.0,converged,,,,total_liabilities,observed_market_cap,risk_neutral,physical
RBCAA,2018,5240.404,1034.23,-0.125936292,5240404000.0,573896032.0882314,4550470000.0,0.8683433567335648,reported,0.1938001693047764,monthly36,36.0,0.0181,672748384.0,36,2017,2015,0.112159665,2017,rit_tminus1,5141595789.498364,0.02535764342358353,5.517526390651697,1.719022341176347e-08,1.275821548113336e-14,3.83026943495679e-15,7.0,converged,2.2027435294478868,0.013806415172055332,0.11073109954477278,total_liabilities,observed_market_cap,risk_neutral,physical
RBCAA,2019,5620.319,958.857,0.073711715,5620319000.0,634035281.0799682,4856075000.0,0.8640212414989256,reported,0.2059174694658614,monthly36,36.0,0.021400000000000002,813135960.0,36,2018,2016,-0.125936292,2018,rit_tminus1,5566395007.336671,0.030080314231709676,5.2348095891877175,8.257751610207691e-08,4.6913400135753435e-15,1.1102230246251565e-16,7.0,converged,0.1897820273053965,0.42473997003632763,0.11645894336219975,total_liabilities,observed_market_cap,risk_neutral,physical
RBCAA,2020,6168.325,487.266,-0.144733254,6168325000.0,684578277.2835528,5345002000.0,0.8665240563686252,reported,0.2058031373825237,monthly36,36.0,0.0044,626705429.0,36,2019,2017,0.073711715,2019,rit_tminus1,5948241080.874719,0.02168337815651953,5.123673778601214,1.4981961189088384e-07,5.402129400162237e-13,7.485401187778962e-13,7.0,converged,1.5859626328985947,0.0563738931706689,0.11240212229289145,total_liabilities,observed_market_cap,risk_neutral,physical
RBCAA,2021,6093.632,315.967,0.190472021,6093632000.0,835054000.051619,5258578000.0,0.8629628438343504,reported,0.2387500845806512,monthly36,36.0,0.0004,1015833328.24,36,2020,2018,-0.144733254,2020,rit_tminus1,6272308208.179334,0.03866691907018352,4.550044665976439,2.6817264654440844e-06,7.745181115472044e-15,3.608224830031759e-15,7.0,converged,0.17888886541810362,0.4290124829340762,0.13058287634378893,total_liabilities,observed_market_cap,risk_neutral,physical
RBCAA,2022,5835.543,311.956,0.058261626,5835543000.0,856612999.6075264,4978930000.0,0.8532076620804611,reported,0.2403868873706205,monthly36,36.0,0.014199999999999999,807941789.1600001,36,2021,2019,0.190472021,2021,rit_tminus1,5716670456.79848,0.03397419307953309,4.4679329446963525,3.948952647320442e-06,6.787156442343635e-15,2.2842838731662596e-14,7.0,converged,2.592773493205046,0.004760272515100426,0.12828735631356278,total_liabilities,observed_market_cap,risk_neutral,physical
RBCAA,2023,6594.891,477.618,0.087320835,6594891000.0,912756000.2314359,5682135000.0,0.8615964994720914,reported,0.2710995030646975,monthly36,36.0,0.0495,1067782701.72,36,2022,2020,0.058261626,2022,rit_tminus1,6475498243.260341,0.04470430845027504,4.00854592357993,3.054687966467861e-05,5.582094997360286e-15,1.4988010832439613e-15,7.0,converged,1.5516391961368805,0.06037428949453059,0.14202959886232575,total_liabilities,observed_market_cap,risk_neutral,physical
RF,2016,125968.0,7763.0,0.358250092,125968000000.0,11726391228.125448,109304000000.0,0.8677124349041027,reported,0.201258255916682,monthly36,36.0,0.002,12908634570.24,36,2015,2013,,2015,unavailable,121994244999.52739,0.021295836246709034,5.241124266530422,7.980059210484855e-08,1.6253334035272347e-15,2.498001805406602e-16,8.0,converged,,,,total_liabilities,observed_market_cap,risk_neutral,physical
RF,2017,124294.0,8632.0,0.267783842,124294000000.0,12184762050.723383,108102000000.0,0.8697282250148841,reported,0.2948462149829767,monthly36,36.0,0.008,15533510123.52,36,2016,2014,0.358250092,2016,rit_tminus1,122773993397.10205,0.03730929192732566,3.6069833729094687,0.00015488875123665207,9.086407238658356e-15,6.283862319378386e-14,7.0,converged,3.3190542808499437,0.0004516143509055958,0.14521283594337395,total_liabilities,observed_market_cap,risk_neutral,physical
RF,2018,125688.0,14024.0,-0.340454803,125688000000.0,12516981180.236618,110598000000.0,0.8799408058048501,reported,0.2968440410493702,monthly36,36.0,0.0181,12027683185.92,36,2017,2015,0.267783842,2017,rit_tminus1,120641703601.9369,0.02960005487450823,3.5332683877039543,0.00020522777924116461,1.0307692613482271e-14,2.7755575615628914e-15,8.0,converged,2.558085928978819,0.005262504058577204,0.14114364091348786,total_liabilities,observed_market_cap,risk_neutral,physical
RF,2019,126240.0,9929.0,0.085303277,126240000000.0,14072111740.04598,109945000000.0,0.8709204689480355,reported,0.2971501736233671,monthly36,36.0,0.021400000000000002,15425638525.44,36,2018,2016,-0.340454803,2018,rit_tminus1,123042641100.63963,0.037258814158614345,3.5765126601988535,0.00017410423011986808,3.8701809399055895e-14,6.289413434501512e-14,7.0,converged,-1.5097490178558395,0.9344462608004442,0.14555660990861197,total_liabilities,observed_market_cap,risk_neutral,physical
RF,2020,147389.0,3569.0,-0.17966928,147389000000.0,15400611671.523493,129278000000.0,0.87712108773382,reported,0.2523668327177795,monthly36,36.0,0.0044,14490751342.080002,36,2019,2017,0.085303277,2019,rit_tminus1,143201166605.67758,0.025537752533272833,4.164782640295579,1.5582466518905305e-05,8.424015402535921e-15,1.8318679906315083e-15,8.0,converged,1.443121023134451,0.0744931910504434,0.12712953753375406,total_liabilities,observed_market_cap,risk_neutral,physical
RF,2021,162938.0,2407.0,0.261531575,162938000000.0,16665370894.990158,144612000000.0,0.8875277712995127,reported,0.3849746993438012,monthly36,36.0,0.0004,20533592765.0,36,2020,2018,-0.17966928,2020,rit_tminus1,165081430193.67453,0.048011589541780565,2.741671741023759,0.0030563697986024205,4.607303420800067e-14,1.0114131754335176e-13,7.0,converged,-0.3545296244200475,0.6385289965970409,0.17592660827390727,total_liabilities,observed_market_cap,risk_neutral,physical
RF,2022,155220.0,2284.0,-0.004599173,155220000000.0,14288000002.995514,139269000000.0,0.8972361809045226,reported,0.3909507655249695,monthly36,36.0,0.014199999999999999,20147636567.52,36,2021,2019,0.261531575,2021,rit_tminus1,157445856201.76608,0.05017637973131186,2.7027752990240335,0.0034381607173515497,5.0931709087277607e-14,1.300626273348371e-13,7.0,converged,2.1331662098593567,0.01645554697658111,0.17847581716174507,total_liabilities,observed_market_cap,risk_neutral,physical
RMBI,2020,1084.192657,170.492524,-0.055286588,1084192657.0,146777305.86713344,891479949.0,0.8222523397887208,reported,0.2195192982316487,peer_median,6.0,0.0044,137267535.675,6,2019,2019,,2019,unavailable,1024833587.1053821,0.029402712324496632,4.876091609385051,5.410418539637383e-07,2.040845485181658e-14,4.551914400963142e-14,7.0,converged,,,,total_liabilities,observed_market_cap,risk_neutral,physical
RMBI,2021,1267.639741,180.53103,0.083075597,1267639741.0,152044495.99673992,1087158406.0,0.8576241110446536,reported,0.315468918409099,monthly_ewma,18.0,0.0004,167664825.0,18,2020,2020,-0.055286588,2020,rit_tminus1,1254384213.9167979,0.042179616612590405,3.380493047958861,0.00036177952744644655,1.848593781265875e-14,3.624878175401136e-14,7.0,converged,0.49618603319791416,0.30988158206435623,0.15380025500822586,total_liabilities,observed_market_cap,risk_neutral,physical
RMBI,2022,1328.026411,180.560196,-0.020081028,1328026411.0,116918167.1531373,1195641838.0,0.9003148040555046,reported,0.2590063464381514,monthly36,30.0,0.014199999999999999,135401575.0,30,2021,2020,0.083075597,2021,rit_tminus1,1314185104.8348532,0.02668621834673239,4.061180896567476,2.4412560179558518e-05,8.804128722341764e-15,2.0539125955565396e-15,8.0,converged,1.406054558159373,0.07985396231833097,0.12942603035139724,total_liabilities,observed_market_cap,risk_neutral,physical
RMBI,2023,1461.023801,271.588371,0.000215451,1461023801.0,125222022.3082004,1326164225.0,0.9076951546527201,reported,0.2428801389379768,monthly36,36.0,0.0495,119790325.0,36,2022,2020,-0.020081028,2022,rit_tminus1,1381907609.6118445,0.021054172089821577,4.2961792539483135,8.688354422371557e-06,9.951495627946685e-15,2.4702462297909733e-15,8.0,converged,0.4848921468289259,0.31387642667139193,0.12166885870311,total_liabilities,observed_market_cap,risk_neutral,physical
RNST,2016,8699.851,312.135,0.293354285,8699851000.0,2642244556.031991,7466968000.0,0.8582868833040934,reported,,,,0.002,4011339088.0,0,2015,2015,,2015,unavailable,,,,,,,,not_attempted,,,,total_liabilities,observed_market_cap,risk_neutral,physical
RNST,2017,9829.981,297.36,0.233551465,9829981000.0,2918401221.0289874,8314998000.0,0.8458813908185581,reported,,,,0.008,3884975256.0,0,2016,2016,0.293354285,2016,rit_tminus1,,,,,,,,not_attempted,,,,total_liabilities,observed_market_cap,risk_neutral,physical
RNST,2018,12934.878,651.324,-0.286682824,12934878000.0,3316902942.726808,10890965000.0,0.8419843619707894,reported,,,,0.0181,2867413872.0,0,2017,2017,0.233551465,2017,rit_tminus1,,,,,,,,not_attempted,,,,total_liabilities,observed_market_cap,risk_neutral,physical
RNST,2019,13400.618,865.598,0.071288578,13400618000.0,3552237868.3505554,11274929000.0,0.8413738082825732,reported,,,,0.021400000000000002,3365268368.0,0,2018,2018,-0.286682824,2018,rit_tminus1,,,,,,,,not_attempted,,,,total_liabilities,observed_market_cap,risk_neutral,physical
RNST,2020,14929.612,496.31,-0.113406375,14929612000.0,3605517072.6415977,12796879000.0,0.8571474596928574,reported,,,,0.0044,3199950272.0,0,2019,2019,0.071288578,2019,rit_tminus1,,,,,,,,not_attempted,,,,total_liabilities,observed_market_cap,risk_neutral,physical
RNST,2021,16810.311,485.156,0.189803271,16810311000.000002,3765660019.745346,14600458000.0,0.8685418134143977,reported,,,,0.0004,3605644680.000001,0,2020,2020,-0.113406375,2020,rit_tminus1,,,,,,,,not_attempted,,,,total_liabilities,observed_market_cap,risk_neutral,physical
RNST,2022,16988.176,1140.365,-0.029193098,16988176000.0,3627032639.361054,14852160000.0,0.8742645472945418,reported,,,,0.014199999999999999,3571440936.0000005,0,2021,2021,0.189803271,2021,rit_tminus1,,,,,,,,not_attempted,,,,total_liabilities,observed_market_cap,risk_neutral,physical
RRBI,2020,2642.634,0.0,-0.083652969,2642634000.0,260456338.1051712,2357156000.0,0.8919721762453673,reported,0.2195192982316487,peer_median,8.0,0.0044,331156524.0,8,2019,2019,,2019,unavailable,2677963813.9119573,0.027145731647076555,4.849104218923442,6.201012643180824e-07,1.4687130287887293e-13,1.8751666885918894e-13,7.0,converged,,,,total_liabilities,observed_market_cap,risk_neutral,physical
RRBI,2021,3224.71,0.0,0.139407955,3224710000.0,277517676.4796339,2926560000.0,0.9075420735508,reported,0.3381141707489329,monthly_ewma,20.0,0.0004,357555480.0,20,2020,2020,-0.083652969,2020,rit_tminus1,3282917577.09689,0.036855746191969664,3.11011712466731,0.0009350658599267363,1.466963599672525e-14,4.3298697960381105e-15,8.0,converged,0.12342702944773304,0.4508844771543926,0.15669376720689676,total_liabilities,observed_market_cap,risk_neutral,physical
RRBI,2022,3082.686,0.0,0.015145058,3082686000.0,247233118.72728556,2816933000.0,0.9137917387628841,reported,0.2945625757640629,monthly36,32.0,0.014199999999999999,341248276.8,32,2021,2020,0.139407955,2021,rit_tminus1,3118459702.2447786,0.032238450620125154,3.578671717422338,0.0001726724653923441,3.667996662197953e-15,9.992007221626409e-16,8.0,converged,1.7145842205557933,0.04321074190321152,0.14210912614322835,total_liabilities,observed_market_cap,risk_neutral,physical
RRBI,2023,3128.81,0.0,0.064380458,3128810000.0,286354379.24766755,2824959000.0,0.9028860812896916,reported,0.2775778666309836,monthly36,36.0,0.0495,374998840.8,36,2022,2020,0.015145058,2022,rit_tminus1,3063525509.1403003,0.03397957274947356,3.8256873917373526,6.520384521450148e-05,1.2238858226638759e-14,2.942091015256665e-15,8.0,converged,0.9444978073937415,0.17245766088573744,0.13793177076452035,total_liabilities,observed_market_cap,risk_neutral,physical
SBCF,2017,5810.129,497.615,0.23180648,5810129000.0,1263936438.816836,5120465000.0,0.8812997095245217,reported,0.206528527400283,monthly36,36.0,0.008,2167691934.0,36,2016,2014,,2016,unavailable,7247356632.536112,0.06177289835699344,5.722308789942355,5.254304253173442e-09,2.1997459635476272e-15,3.0531133177191805e-16,7.0,converged,,,,total_liabilities,observed_market_cap,risk_neutral,physical
SBCF,2018,6747.659,665.127,-0.294023059,6747659000.0,1446899970.6906638,5883392000.0,0.8719160230236886,reported,0.1855927721524633,monthly36,36.0,0.0181,2237340108.0,36,2017,2015,0.23180648,2017,rit_tminus1,8015200653.536697,0.0518058338009189,6.292041031748167,1.566593158076763e-10,5.541297037920553e-15,7.771561172376096e-16,7.0,converged,4.519851420861361,3.0941523136513083e-06,0.12097216083002427,total_liabilities,observed_market_cap,risk_neutral,physical
SBCF,2019,7108.511,472.206,0.054982582,7108511000.0,1645203302.779642,6122872000.0,0.8613438172916944,reported,0.210815950895709,monthly36,36.0,0.021400000000000002,2628573678.0,36,2018,2016,-0.294023059,2018,rit_tminus1,8621808284.075577,0.06427251043896436,5.6260148024335495,9.221026381712107e-09,3.6281057076241865e-16,5.551115123125783e-17,7.0,converged,0.39968714083103657,0.34469348228746577,0.13517636670293906,total_liabilities,observed_market_cap,risk_neutral,physical
SBCF,2020,8342.392,190.974,-0.107545915,8342392000.0,1759456772.7600367,7211990000.0,0.86449905494731,reported,0.2640725206663066,monthly36,36.0,0.0044,2532270030.0,36,2019,2017,0.054982582,2019,rit_tminus1,9712596296.07521,0.06884937660513149,4.353105401748184,6.711128873954986e-06,2.2596507602459363e-15,3.885780586188048e-16,7.0,converged,2.2265144851521335,0.012989869915884886,0.15449346792625493,total_liabilities,observed_market_cap,risk_neutral,physical
SBCF,2021,9681.433,193.211,0.167038929,9681433000.0,1310736000.1957636,8370697000.0,0.8646134306770495,reported,0.3931093804733758,monthly36,36.0,0.0004,2070465407.5,36,2020,2018,-0.107545915,2020,rit_tminus1,10437310702.581589,0.07814318500038045,2.7897073867712305,0.0026377848662474733,3.684869355273206e-15,3.0531133177191805e-15,7.0,converged,0.4780966129804273,0.3162907213338798,0.1968271368049752,total_liabilities,observed_market_cap,risk_neutral,physical
SBCF,2022,12145.762,406.562,-0.034843781,12145762000.0,1607774999.973477,10537987000.0,0.8676266668159642,reported,0.3929357538937933,monthly36,36.0,0.014199999999999999,2233760803.88,36,2021,2019,0.167038929,2021,rit_tminus1,12622545053.54033,0.06969936259781734,2.7585469816864197,0.0029029479409449395,2.98855643059371e-15,4.218847493575595e-15,7.0,converged,1.785258067050664,0.037109733577486474,0.19103194328201406,total_liabilities,observed_market_cap,risk_neutral,physical
SBFG,2018,986.828,41.494,-0.233813723,986828000.0,116847809.61174421,856393000.0,0.8678239774307174,reported,0.1695801147694129,monthly36,36.0,0.0181,102227038.84171,36,2017,2015,,2017,unavailable,943258764.4477311,0.01837849128602068,6.232414912135899,2.2964951244228446e-10,3.206837936216257e-15,1.0844103393026217e-13,7.0,converged,,,,total_liabilities,observed_market_cap,risk_neutral,physical
SBFG,2019,1038.577,39.255,-0.003009894,1038577000.0,114393842.33241895,902483000.0,0.8689610881042041,reported,0.1868055578981675,monthly36,36.0,0.021400000000000002,122361730.35966,36,2018,2016,-0.233813723,2018,rit_tminus1,1005736778.4422202,0.02272746897345435,5.696522676535034,6.11378174076924e-09,1.6805583238375925e-14,1.3739009929736312e-14,7.0,converged,-1.0463573188746733,0.8523019546768315,0.10745941128440553,total_liabilities,observed_market_cap,risk_neutral,physical
SBFG,2020,1257.839,38.499,-0.122780729,1257839000.0,126500106.90622625,1114916000.0,0.8863741703031947,reported,0.177071245639917,monthly36,36.0,0.0044,113599413.86325,36,2019,2017,-0.003009894,2019,rit_tminus1,1223620560.0339584,0.016439074663536866,5.91882150974029,1.6212831398443647e-09,6.4274706503106765e-15,9.992007221626409e-16,8.0,converged,0.871460241211183,0.19175145280791156,0.10192455017632912,total_liabilities,observed_market_cap,risk_neutral,physical
SBFG,2021,1330.854,50.676,0.098408712,1330854000.0,150628154.26612386,1185925000.0,0.8911007518480615,reported,0.43721613710433,monthly36,36.0,0.0004,134037902.024468,36,2020,2018,-0.122780729,2020,rit_tminus1,1319331593.0328577,0.044774079918648714,2.367437135729991,0.008955881348098724,1.556397508189775e-14,5.6066262743570405e-15,8.0,converged,-0.1774855187678901,0.5704364804959953,0.1875250965144029,total_liabilities,observed_market_cap,risk_neutral,physical
SBFG,2022,1335.633,104.827,0.006006287,1335633000.0,117100488.44011101,1217205000.0,0.9113319302532956,reported,0.4339452643797981,monthly36,36.0,0.014199999999999999,116238343.12,36,2021,2019,0.098408712,2021,rit_tminus1,1316145248.7912662,0.03863322106772953,2.371111856511934,0.00886733149771309,1.0255590913552007e-15,5.162537064506978e-15,8.0,converged,0.9477512752637559,0.1716280453860456,0.1824985037228772,total_liabilities,observed_market_cap,risk_neutral,physical
SBFG,2023,1343.249,126.939,-0.045141193,1343249000.0,122557875.63152611,1218907000.0,0.9074319057747298,reported,0.425724747947192,monthly36,36.0,0.0495,102407862.24,36,2022,2020,0.006006287,2022,rit_tminus1,1262343197.5683646,0.034787675616559995,2.4120619238682406,0.00793129357438313,1.3823258121509708e-14,4.9960036108132044e-15,10.0,converged,0.4002250592093791,0.34449537953434684,0.1773026527373603,total_liabilities,observed_market_cap,risk_neutral,physical
SBNY,2016,39047.611,3200.488,2.776011041,39047611000.0,4165468650.266803,35435347000.0,0.9074907809340755,reported,0.2071596920395252,monthly36,36.0,0.002,9458694800.0,36,2015,2013,,2015,unavailable,44823241920.55983,0.0437152751348565,5.399976543749781,3.3324805435773493e-08,2.419803585770629e-15,4.163336342344337e-16,7.0,converged,,,,total_liabilities,observed_market_cap,risk_neutral,physical
SBNY,2017,43117.72,5242.381,2.172467134,43117720000.0,4618062550.9599085,39086029000.0,0.9064957284383311,reported,0.2349476069188748,monthly36,36.0,0.008,8643811240.0,36,2016,2014,2.776011041,2016,rit_tminus1,47418398959.51472,0.04282821017265917,4.677480098413523,1.4521087524464457e-06,6.178496988875708e-15,1.1934897514720433e-15,7.0,converged,22.547803962908514,7.0558013299064e-113,0.13159349430653797,total_liabilities,observed_market_cap,risk_neutral,physical
SBNY,2018,47364.816,6048.174,-4.235621261,47364816000.0,5042479896.766734,42957676000.0,0.9069532963033151,reported,0.2114973636607137,monthly36,36.0,0.0181,6474356940.0,36,2017,2015,2.172467134,2017,rit_tminus1,48661493377.50385,0.028139491354555922,5.059677793881877,2.0998276398060694e-07,3.5352057055028543e-15,1.4765966227514582e-14,7.0,converged,19.692312527819745,1.254832964806789e-86,0.1171012334649942,total_liabilities,observed_market_cap,risk_neutral,physical
SBNY,2019,50591.809,4748.263,-2.376683972,50591809000.0,5583447056.709126,45846611000.0,0.9062062002961784,reported,0.2575440898319321,monthly36,36.0,0.021400000000000002,8602878140.0,36,2018,2016,-4.235621261,2018,rit_tminus1,53478790105.470146,0.04143032565040377,4.2125088074328545,1.2627493206020822e-05,1.7736842036100258e-15,3.1086244689504383e-15,7.0,converged,-29.729172855868825,1.0,0.1370046260083192,total_liabilities,observed_market_cap,risk_neutral,physical
SBNY,2020,73888.344,3817.833,1.485614952,73888344000.0,5723549817.428364,68061435000.0,0.9211389958881742,reported,0.2789261912558931,monthly36,36.0,0.0044,7125724300.0,36,2019,2017,-2.376683972,2019,rit_tminus1,74888309854.74425,0.02654228389162471,3.753814194669321,8.708199214447382e-05,1.2848200480476069e-14,3.164135620181696e-15,8.0,converged,-16.957577061699553,1.0,0.13481892642709137,total_liabilities,observed_market_cap,risk_neutral,physical
SBSI,2017,6498.097,1185.348,0.112977037,6498097000.0,650989028.2716007,5743957000.0,0.8839444840543316,reported,0.2586776837696524,monthly36,36.0,0.008,1011304094.036,36,2016,2014,,2016,unavailable,6709492026.237806,0.03899030586809755,4.170646341126179,1.5186846428257853e-05,7.779868742498622e-15,2.7700064464397656e-14,7.0,converged,,,,total_liabilities,observed_market_cap,risk_neutral,physical
SBSI,2018,6123.494,914.528,-0.176598561,6123494000.0,655141890.5674527,5392203000.0,0.8805761873858291,reported,0.2359354402105185,monthly36,36.0,0.0181,953920819.244,36,2017,2015,0.112977037,2017,rit_tminus1,6249402821.604277,0.0360137076547389,4.581127757875693,2.3123759844514417e-06,6.498320333917605e-15,2.4424906541753444e-15,7.0,converged,2.090057669455452,0.01830630979729002,0.12806665118590446,total_liabilities,observed_market_cap,risk_neutral,physical
SBSI,2019,6748.913,1159.928,0.01380146,6748913000.0,718700054.2151871,5944333000.0,0.8807837647336689,reported,0.2150514653300041,monthly36,36.0,0.021400000000000002,1116806849.936,36,2018,2016,-0.176598561,2018,rit_tminus1,6935282591.3613205,0.03463031101688351,5.052909963134925,2.1756452600270548e-07,6.404471259696124e-16,0.0,7.0,converged,-0.09718716169084148,0.5387111183669316,0.12136453862926466,total_liabilities,observed_market_cap,risk_neutral,physical
SBSI,2020,7008.227,1113.205,-0.178989921,7008227000.0,802561686.260567,6132930000.0,0.8751043594906387,reported,0.180634434716201,monthly36,36.0,0.0044,934579870.996,36,2019,2017,0.01380146,2019,rit_tminus1,7040584258.746919,0.02397774115250469,5.927625883161329,1.5367286236500926e-09,7.908340615416562e-15,3.2751579226442118e-15,7.0,converged,1.4086771351636758,0.07946532944118745,0.10646159769911638,total_liabilities,observed_market_cap,risk_neutral,physical
SBSI,2021,7259.602,526.051,0.149667874,7259602000.0,912172009.324591,6347430000.0,0.8743495855557922,reported,0.1914224731512494,monthly36,36.0,0.0004,1350531234.4116802,36,2020,2018,-0.178989921,2020,rit_tminus1,7695422769.959824,0.033594259570566366,5.727508669532754,5.0958115447134e-09,5.649180364624091e-15,9.159339953157541e-16,7.0,converged,0.06464160667870467,0.4742296783130842,0.11427099843208424,total_liabilities,observed_market_cap,risk_neutral,physical
SBSI,2022,7558.636,533.45,0.068066138,7558636000.0,745997002.4902819,6812639000.0,0.9013053413340714,reported,0.2124896568033744,monthly36,36.0,0.014199999999999999,1134582087.59457,36,2021,2019,0.149667874,2021,rit_tminus1,7851165216.859458,0.030707161684252804,5.067577697587298,2.0145502982502502e-07,2.1013779585312709e-16,3.2751579226442118e-15,7.0,converged,2.49849260394655,0.0062361372550218015,0.1187361882557943,total_liabilities,observed_market_cap,risk_neutral,physical
SBSI,2023,8284.914,876.615,0.010877312,8284914000.000001,773287999.7029254,7511626000.0,0.9066631228761094,reported,0.2157115147957447,monthly36,36.0,0.0495,947412147.6,36,2022,2020,0.068066138,2022,rit_tminus1,8096265342.906024,0.025242229533501102,4.917645950280134,4.379557369653616e-07,3.859090175046074e-13,3.577971252610723e-13,7.0,converged,1.5463570046814494,0.06100918591937771,0.11644764429085064,total_liabilities,observed_market_cap,risk_neutral,physical
SFBS,2016,6370.448,411.206,0.31603297,6370448000.0,542119307.2384769,5847559000.0,0.9179195874450274,reported,,,,0.002,2044677024.0,0,2015,2015,,2015,unavailable,,,,,,,,not_attempted,,,,total_liabilities,observed_market_cap,risk_neutral,physical
SFBS,2017,7082.384,366.629,0.200836839,7082384000.0,625655731.0085267,6474780000.0,0.9142091137673416,reported,,,,0.008,2266402150.0,0,2016,2016,0.31603297,2016,rit_tminus1,,,,,,,,not_attempted,,,,total_liabilities,observed_market_cap,risk_neutral,physical
SFBS,2018,8007.382,353.391,-0.293020084,8007382000.0,731263323.4404235,7292179000.0,0.9106820431446883,reported,,,,0.0181,1740487627.0,0,2017,2017,0.200836839,2017,rit_tminus1,,,,,,,,not_attempted,,,,total_liabilities,observed_market_cap,risk_neutral,physical
SFBS,2019,8947.653,535.452,0.026446707,8947653000.0,857702546.9911971,8104971000.0,0.9058208895673536,reported,,,,0.021400000000000002,2057783928.0,0,2018,2018,-0.293020084,2018,rit_tminus1,,,,,,,,not_attempted,,,,total_liabilities,observed_market_cap,risk_neutral,physical
SFBS,2020,11932.654,916.293,-0.196672387,11932654000.0,1004646982.2244548,10939802000.0,0.9167953751110189,reported,,,,0.0044,2200321509.0,0,2019,2019,0.026446707,2019,rit_tminus1,,,,,,,,not_attempted,,,,total_liabilities,observed_market_cap,risk_neutral,physical
SFBS,2021,15448.806,1776.483,0.195030574,15448806000.0,1159691348.3537989,14296791000.0,0.9254301594569833,reported,,,,0.0004,4638751774.0,0,2020,2020,-0.196672387,2020,rit_tminus1,,,,,,,,not_attempted,,,,total_liabilities,observed_market_cap,risk_neutral,physical
SFBS,2022,14595.753,1683.524,0.03242984,14595753000.0,1304215896.1865804,13297857000.0,0.9110771468933463,reported,0.3112973075093087,peer_median,7.0,0.014199999999999999,3763319811.0,7,2021,2021,0.195030574,2021,rit_tminus1,16873646504.637989,0.06943691745358184,3.5995173518171164,0.00015940418022518494,4.05460865109027e-15,8.881784197001252e-16,7.0,converged,2.5554720111816973,0.005302194450397612,0.16829442518557425,total_liabilities,observed_market_cap,risk_neutral,physical
SFNC,2016,8400.056,448.585,0.281864352,8400056000.000001,2317699608.4503345,7248945000.0,0.8629638897645443,reported,0.2579395294131646,monthly36,36.0,0.002,3913958400.0,36,2015,2013,,2015,unavailable,11148419856.760906,0.09055680743393736,4.73008683052941,1.1221191427845677e-06,1.2182989941924907e-15,2.220446049250313e-16,7.0,converged,,,,total_liabilities,observed_market_cap,risk_neutral,physical
SFNC,2017,15055.806,1643.033,0.201418203,15055806000.0,1426477894.1364744,12971242000.0,0.8615441777079221,reported,0.2554787109123449,monthly36,36.0,0.008,3595929600.0,36,2016,2014,0.281864352,2016,rit_tminus1,16463814792.761038,0.05580040367284383,4.388379258429472,5.709925269140009e-06,0.0,0.0,7.0,converged,3.5689859580434327,0.00017918281516089338,0.14460613210601142,total_liabilities,observed_market_cap,risk_neutral,physical
SFNC,2018,16543.337,1795.192,-0.27809094,16543337000.0,3063888217.125162,14296903000.0,0.8642091374914264,reported,0.2539488076652074,monthly36,36.0,0.0181,3039221760.0,36,2017,2015,0.201418203,2017,rit_tminus1,17079677584.593683,0.04518889693029778,4.313567403867493,8.032056640392582e-06,3.7654678403181086e-15,4.996003610813204e-16,7.0,converged,2.7849212035785684,0.0026770366144037144,0.13811173447744238,total_liabilities,observed_market_cap,risk_neutral,physical
SFNC,2019,21259.143,1836.004,0.02218528,21259143000.0,3312232545.459663,18270219000.0,0.8594052450750249,reported,0.2555624679917875,monthly36,36.0,0.021400000000000002,3374254080.0,36,2018,2016,-0.27809094,2018,rit_tminus1,21257642500.988632,0.04056615024712361,4.240513662637534,1.1150442977314523e-05,9.04424426894373e-15,2.1649348980190553e-15,7.0,converged,-0.866752569420876,0.8069612024691055,0.13597647787662245,total_liabilities,observed_market_cap,risk_neutral,physical
SFNC,2020,22359.752,2024.052,-0.121054662,22359752000.0,3468054030.940986,19383096000.0,0.8668743732041393,reported,0.2317527958209907,monthly36,36.0,0.0044,2719303680.0,36,2019,2017,0.02218528,2019,rit_tminus1,22017301168.082314,0.02862328291038982,4.591282182735658,2.2026562072783043e-06,1.9639498931855232e-13,2.307876112439544e-13,7.0,converged,1.1844029570204504,0.11812679511981622,0.123171363397541,total_liabilities,observed_market_cap,risk_neutral,physical
SFNC,2021,24724.759,1907.507,0.134407871,24724759000.0,3248841000.909209,21475918000.0,0.8685996898897983,reported,0.276804639328771,monthly36,36.0,0.0004,3334122833.52,36,2020,2018,-0.121054662,2020,rit_tminus1,24801441788.848278,0.037213377093615566,3.860900764583334,5.648489083124326e-05,8.595338156078738e-14,1.5615286841352827e-13,7.0,converged,0.0955128285762517,0.4619537505572455,0.14038086538599415,total_liabilities,observed_market_cap,risk_neutral,physical
SFNC,2022,27461.061,1385.688,-0.015559914,27461061000.0,3269361998.357088,24191699000.0,0.8809455322938906,reported,0.2704669947306286,monthly36,36.0,0.014199999999999999,2741666793.32,36,2021,2019,0.134407871,2021,rit_tminus1,26592263454.961586,0.027886448234418323,3.8879795743938526,5.0541065290003204e-05,1.3739866416235985e-14,3.497202527569243e-15,8.0,converged,1.748784851518662,0.040164108141361315,0.13317605334425467,total_liabilities,observed_market_cap,risk_neutral,physical
SFNC,2023,27345.674,1406.476,-0.03608889,27345674000.0,3426488001.1895714,23919186000.0,0.874697255587849,reported,0.2901310113102487,monthly36,36.0,0.0495,2483652920.96,36,2022,2020,-0.015559914,2022,rit_tminus1,25247641716.872437,0.028544535901244648,3.613457254896628,0.0001510705923896956,1.574320092903431e-14,4.163336342344337e-15,9.0,converged,0.5326710388208309,0.29713065866394206,0.13829832657796245,total_liabilities,observed_market_cap,risk_neutral,physical
SFST,2018,1900.614,63.403,-0.274140127,1900614000.0,190276444.21926957,1726698000.0,0.9084948337747696,reported,0.209738962163655,monthly36,36.0,0.0181,261975340.2,36,2017,2015,,2017,unavailable,1957701247.9426026,0.028066817588961464,5.1044677408805725,1.6586342690878296e-07,1.5698884049018417e-14,7.188694084447889e-15,7.0,converged,,,,total_liabilities,observed_market_cap,risk_neutral,physical
SFST,2019,2267.195,145.89,0.015384341,2267195000.0,219172695.55312783,2061335000.0,0.909200576042202,reported,0.2344199355634061,monthly36,36.0,0.021400000000000002,347094861.40000004,36,2018,2016,-0.274140127,2018,rit_tminus1,2364785918.0840573,0.034407386639520705,4.596156439494629,2.1517781872872145e-06,3.6062116714563465e-15,4.9960036108132044e-15,7.0,converged,-0.9985249294686652,0.8409875589395021,0.12673701418690847,total_liabilities,observed_market_cap,risk_neutral,physical
SFST,2020,2482.587,60.998,-0.166569054,2482587000.0,239928237.0223023,2254293000.0,0.908041893395881,reported,0.2234825182350285,monthly36,36.0,0.0044,288769201.0,36,2019,2017,0.015384341,2019,rit_tminus1,2533165089.3914223,0.025476006226178332,4.738130126120483,1.078496467172474e-06,2.9888064702151397e-13,3.843869667008448e-13,7.0,converged,1.08038404685342,0.1399855984462079,0.11922566708312156,total_liabilities,observed_market_cap,risk_neutral,physical
SFST,2021,2925.548,36.106,0.157595875,2925548000.0,277900999.9693379,2647647000.0,0.9050089077328418,reported,0.3149810673713709,monthly36,36.0,0.0004,495284429.31,36,2020,2018,-0.166569054,2020,rit_tminus1,3141862535.161501,0.0496662462899756,3.429111555886466,0.0003027802855772537,1.43209685354998e-14,4.4575454438700035e-14,7.0,converged,-0.047954021273051615,0.5191235569361772,0.1580935661158286,total_liabilities,observed_market_cap,risk_neutral,physical
SFST,2022,3691.981,211.214,0.019452825,3691981000.0,294511999.96954155,3397469000.0,0.9202292752860862,reported,0.3081124618626304,monthly36,36.0,0.014199999999999999,366505308.75,36,2021,2019,0.157595875,2021,rit_tminus1,3716062430.6285133,0.030397446309149125,3.4006763342803548,0.0003360968311494607,1.3010375206553539e-14,3.552713678800501e-15,8.0,converged,1.7252597230279323,0.04224033848748099,0.1446606413125344,total_liabilities,observed_market_cap,risk_neutral,physical
SFST,2023,4055.789,311.322,-0.029951673,4055789000.0,312466999.953817,3743322000.0,0.9229577771427458,reported,0.313006214118889,monthly36,36.0,0.0495,300071700.6,36,2022,2020,0.019452825,2022,rit_tminus1,3862600084.4240155,0.024326666490806427,3.312052965386349,0.0004630700494579715,4.369962853666693e-15,1.2212453270876722e-15,9.0,converged,0.6092235316792023,0.2711881423788772,0.14196272026289009,total_liabilities,observed_market_cap,risk_neutral,physical
SHBI,2018,1483.076,75.812,-0.212484355,1483076000.0,479522536.9731195,1299891000.0,0.8764830662757674,reported,0.1377457521282821,monthly36,36.0,0.0181,485262322.0,36,2017,2015,,2017,unavailable,1761836944.6679134,0.037939279072165114,8.472930480776519,1.196477027700782e-17,4.9131895944223445e-15,5.273559366969494e-16,7.0,converged,,,,total_liabilities,observed_market_cap,risk_neutral,physical
SHBI,2019,1559.235,16.226,0.097224607,1559235000.0,514755223.92845196,1366433000.0,0.8763483374860108,reported,0.1884550511866492,monthly36,36.0,0.021400000000000002,579377848.0,36,2018,2016,-0.212484355,2018,rit_tminus1,1916879847.5974505,0.056960629092169604,6.289832802972715,1.5890403903043397e-10,4.1150793031624934e-16,5.551115123125783e-17,7.0,converged,1.0720197406769627,0.14185558278764887,0.12431122608315437,total_liabilities,observed_market_cap,risk_neutral,physical
SHBI,2020,1933.315,25.479,-0.162546862,1933315000.0,552356166.7446178,1738296000.0,0.8991271468953584,reported,0.180100971885163,monthly36,36.0,0.0044,487264780.0,36,2019,2017,0.097224607,2019,rit_tminus1,2217929079.6511025,0.03956702730603196,6.2497951571176875,2.0549567881433787e-10,6.8501977660315914e-15,9.992007221626409e-16,7.0,converged,2.9728523094369783,0.0014752319204327565,0.11365174228107712,total_liabilities,observed_market_cap,risk_neutral,physical
SHBI,2021,3460.136,57.04,0.244573309,3460136000.0,350693000.0767549,3109443000.0,0.8986476254112555,reported,0.3461423560022793,monthly36,36.0,0.0004,412987063.05,36,2020,2018,-0.162546862,2020,rit_tminus1,3521146440.010561,0.04063891975244669,3.049226188870467,0.0011471583486444602,2.5834299350687425e-14,7.4495964952348e-14,7.0,converged,-0.31542074598123865,0.6237788914175425,0.16111091953942142,total_liabilities,observed_market_cap,risk_neutral,physical
SHBI,2022,3477.276,83.072,0.033795449,3477276000.0,364284999.895514,3112991000.0,0.8952383992527484,reported,0.3472860778997945,monthly36,36.0,0.014199999999999999,345977883.09,36,2021,2019,0.244573309,2021,rit_tminus1,3415037905.838735,0.035223926528195344,3.01454835902598,0.001286810895049893,5.168363154579352e-16,5.551115123125783e-17,8.0,converged,2.137782407593248,0.016267203742737893,0.1578729035291038,total_liabilities,observed_market_cap,risk_neutral,physical
SHBI,2023,6010.918,72.669,0.082639711,6010918000.0,511135000.1124211,5499783000.0,0.9149655676553897,reported,0.3696962239002335,monthly36,36.0,0.0495,472551831.0,36,2022,2020,0.033795449,2022,rit_tminus1,5706602835.921574,0.030684838018287405,2.8008777520959725,0.002548191057940319,4.0362739231720386e-15,1.2212453270876722e-15,9.0,converged,0.6443600461835565,0.25967099327100784,0.16040661759081398,total_liabilities,observed_market_cap,risk_neutral,physical
SMBK,2018,2274.409,62.176,-0.202647912,2274409000.0,345651724.9694497,1991398000.0,0.8755672352685907,reported,0.2193497229471224,monthly36,36.0,0.0181,310909725.0,36,2017,2015,,2017,unavailable,2266587657.287431,0.030088398104320246,4.888459160051481,5.081413736798555e-07,1.0735785467700873e-14,8.992806499463768e-15,7.0,converged,,,,total_liabilities,observed_market_cap,risk_neutral,physical
SMBK,2019,2449.123,70.884,0.049536729,2449123000.0,379931721.0949505,2136376000.0,0.8723024527555374,reported,0.2459943756692274,monthly36,36.0,0.021400000000000002,402463875.0,36,2018,2016,-0.202647912,2018,rit_tminus1,2493607058.020267,0.03970323555050264,4.413523695632578,5.08507904115953e-06,1.007075689644583e-14,4.718447854656915e-16,7.0,converged,-0.2926691123581102,0.6151124593181444,0.1328192349029981,total_liabilities,observed_market_cap,risk_neutral,physical
SMBK,2020,3304.949,120.545,-0.115979879,3304949000.0,402331391.91475713,2947781000.0,0.8919293459596502,reported,0.2282666812728638,monthly36,36.0,0.0044,308697450.0,36,2019,2017,0.049536729,2019,rit_tminus1,3243536678.424748,0.021724891162280997,4.592687336588576,2.1878720158759397e-06,1.5446747558268622e-14,3.1363800445660672e-15,8.0,converged,1.198614282015221,0.11533898109563528,0.11855580955132584,total_liabilities,observed_market_cap,risk_neutral,physical
SMBK,2021,4611.579,137.015,0.15255916,4611579000.0,434912180.67802066,4182149000.0,0.9068800512796159,reported,0.2832255101931257,monthly36,36.0,0.0004,465598800.0,36,2020,2018,-0.115979879,2020,rit_tminus1,4646072292.807591,0.028385669289227533,3.705887326906004,0.00010532596849305101,5.120687147423114e-15,1.3877787807814457e-15,8.0,converged,-0.1445713094865093,0.557475324538965,0.13707708682740374,total_liabilities,observed_market_cap,risk_neutral,physical
SMBK,2022,4637.498,120.96,0.008766131,4637498000.0,435437951.6737852,4205046000.0,0.9067488546625788,reported,0.264751568561593,monthly36,36.0,0.014199999999999999,467981250.0,36,2021,2019,0.15255916,2021,rit_tminus1,4613736643.5358715,0.02685518713085906,3.9691492988573644,3.6064840027253255e-05,1.6302778222952308e-14,3.83026943495679e-15,8.0,converged,1.9035616976648808,0.028483645595416985,0.13106583127421909,total_liabilities,observed_market_cap,risk_neutral,physical
SMBK,2023,4829.387,63.177,0.022652072,4829387000.0,460660765.3023607,4369501000.0,0.9047734215543298,reported,0.2761417585862983,monthly36,36.0,0.0495,416758575.0,36,2022,2020,0.008766131,2022,rit_tminus1,4575233321.209632,0.02515554006730599,3.7841557287685794,7.711561719763939e-05,9.15325441264166e-15,5.828670879282072e-15,8.0,converged,0.6861293129045812,0.24631578388919045,0.13271530898479675,total_liabilities,observed_market_cap,risk_neutral,physical
SNV,2016,30104.002,2320.58,0.366560959,30104002000.0,3185728503.970248,26918273496.02975,0.8941759137549138,implied_pb,0.1672114637998425,monthly36,36.0,0.002,5710653711.36,36,2015,2013,,2015,unavailable,32575144461.06847,0.02931335477246246,6.560646324244353,2.678752676023182e-11,8.516956655936977e-15,1.7208456881689926e-15,7.0,converged,,,,total_liabilities,observed_market_cap,risk_neutral,physical
SNV,2017,31221.837,1867.328,0.301602159,31221837000.0,3315326003.524636,27906510996.475365,0.8938138712490032,implied_pb,0.209515394969691,monthly36,36.0,0.008,6664282836.48,36,2016,2014,0.366560959,2016,rit_tminus1,34348432364.31861,0.0406501789010501,5.285834825957488,6.256638278846427e-08,1.1448185376357409e-15,1.1102230246251565e-16,7.0,converged,4.65848525637295,1.592723080321826e-06,0.1230317805099746,total_liabilities,observed_market_cap,risk_neutral,physical
SNV,2018,32669.192,2544.849,-0.358664037,32669192000.0,3525504652.7930465,29143687347.206955,0.892084730690828,implied_pb,0.2064119872290758,monthly36,36.0,0.0181,4447025614.08,36,2017,2015,0.301602159,2017,rit_tminus1,33067957414.36799,0.02775857807894862,5.189068332107469,1.0567441797973493e-07,1.329603486653626e-14,5.995204332975845e-15,7.0,converged,3.7837847607098283,7.723070753698524e-05,0.11547850655095326,total_liabilities,observed_market_cap,risk_neutral,physical
SNV,2019,48203.282,4077.729,0.113173683,48203282000.0,4160770463.0907493,44042511536.90925,0.9136828387932019,implied_pb,0.2563468117331458,monthly36,36.0,0.021400000000000002,5449309286.400001,36,2018,2016,-0.358664037,2018,rit_tminus1,48559319310.99891,0.028767620651393152,4.1232816519410616,1.8675625952256496e-05,5.337752937419805e-14,2.9387603461827894e-13,7.0,converged,-1.9300883929643884,0.9732020568143164,0.12975028772510405,total_liabilities,observed_market_cap,risk_neutral,physical
SNV,2020,54394.159,1439.96,-0.142582395,54394159000.0,4342235483.875553,50051923516.12445,0.9201709234280918,implied_pb,0.2709957499861776,monthly36,36.0,0.0044,4499850551.04,36,2019,2017,0.113173683,2019,rit_tminus1,54332013453.79341,0.022445490622586904,3.8404499190313937,6.140451250962133e-05,2.013379311845248e-14,4.9960036108132044e-15,9.0,converged,1.46301356651962,0.07173183338458775,0.13038991508927264,total_liabilities,observed_market_cap,risk_neutral,physical
SNV,2021,57317.226,1468.362,0.271949958,57317226000.0,4759654999.009319,52557571000.99068,0.9169594320735389,implied_pb,0.4535563039616504,monthly36,36.0,0.0004,6941632816.82,36,2020,2018,-0.142582395,2020,rit_tminus1,59467826300.30291,0.05345150405921554,2.2917547988550444,0.01095989815912533,8.792622407527534e-15,3.3861802251067274e-15,8.0,converged,-0.1925595323500246,0.576348029891775,0.19724220717210897,total_liabilities,observed_market_cap,risk_neutral,physical
SNV,2022,59731.378,4859.569,-0.041314868,59731378000.0,3938656000.6140785,55792721999.385925,0.9340605200734851,implied_pb,0.4477949787167438,monthly36,36.0,0.014199999999999999,5463023106.7,36,2021,2019,0.271949958,2021,rit_tminus1,60460807099.21822,0.04086106507182661,2.293554862679664,0.010908040307320227,8.903017466111124e-15,7.827072323607354e-15,8.0,converged,1.855495091437711,0.03176277976353504,0.1874416119817699,total_liabilities,observed_market_cap,risk_neutral,physical
SNV,2023,59809.534,2125.104,0.035830981,59809534000.0,4582848000.843274,55226685999.15672,0.9233759620858562,implied_pb,0.4464024904819303,monthly36,36.0,0.0495,5523455674.5,36,2022,2020,-0.041314868,2022,rit_tminus1,58075000670.12774,0.04285952010393386,2.306851365755643,0.010531553786501254,8.287631853159357e-15,3.219646771412954e-15,9.0,converged,0.1943041624856133,0.422968863278099,0.18749505594704152,total_liabilities,observed_market_cap,risk_neutral,physical
SPFI,2020,3599.16,223.532,-0.264619996,3599160000.0,332203308.83121294,3229112000.0,0.8971848986985852,reported,0.2195192982316487,peer_median,8.0,0.0044,307514915.0,8,2019,2019,,2019,unavailable,3522450022.4652276,0.0191643651990389,4.757056253841152,9.82182214224704e-07,1.085430313980665e-14,2.220446049250313e-15,8.0,converged,,,,total_liabilities,observed_market_cap,risk_neutral,physical
SPFI,2021,3901.855,122.168,0.257558626,3901855000.0,372269857.21259326,3494428000.0,0.8955812043246097,reported,0.4259001646006946,monthly_ewma,20.0,0.0004,451292337.0,20,2020,2020,-0.264619996,2020,rit_tminus1,3943929799.8391085,0.04903878881430617,2.4512337873338037,0.0071183726190113044,7.396225979839482e-15,2.7200464103316335e-15,8.0,converged,-0.8580092220280007,0.8045563144061667,0.187290578802025,total_liabilities,observed_market_cap,risk_neutral,physical
SPFI,2022,3944.063,122.354,0.137747897,3944063000.0,340250722.9516859,3587049000.0,0.9094806548475519,reported,0.3442976885707114,monthly36,32.0,0.014199999999999999,446748581.0,32,2021,2020,0.257558626,2021,rit_tminus1,3983179353.858788,0.038653838919310034,3.0579993553821536,0.0011141002769098972,1.8785362374491796e-13,3.6098901645686965e-13,7.0,converged,2.2765199295920886,0.011407454580699623,0.15913543275115957,total_liabilities,observed_market_cap,risk_neutral,physical
SPFI,2023,4204.793,110.168,0.092079267,4204792999.9999995,402417251.5575203,3797679000.0,0.903178586912602,reported,0.3360195124209921,monthly36,36.0,0.0495,469954192.0,36,2022,2020,0.137747897,2022,rit_tminus1,4084192857.904054,0.03869327404086343,3.139704499486217,0.0008455916547628912,7.102522254811326e-15,2.1649348980190553e-15,8.0,converged,1.5501358090719268,0.06055446140641153,0.156250844422128,total_liabilities,observed_market_cap,risk_neutral,physical
SRCE,2017,5887.284,343.419,0.16883857,5887284000.0,680476271.9759123,5168747000.0,0.8779510212179334,reported,0.21958601187136,monthly36,36.0,0.008,1214635405.0,36,2016,2014,,2016,unavailable,6342197379.199695,0.0420543511729908,5.034216642748045,2.3990340626590486e-07,7.851527400572108e-15,1.4432899320127035e-15,7.0,converged,,,,total_liabilities,observed_market_cap,risk_neutral,physical
SRCE,2018,6293.745,329.231,-0.204478899,6293745000.0,725998348.9833586,5530155000.0,0.8786747794834395,reported,0.1917214748929652,monthly36,36.0,0.0181,990867386.0,36,2017,2015,0.16883857,2017,rit_tminus1,6421827006.569491,0.029582011124356045,5.650368570642395,8.005208973631313e-09,6.737248908547435e-15,1.0547118733938987e-15,7.0,converged,2.9181312744648897,0.0017606803398347232,0.11218189903541509,total_liabilities,observed_market_cap,risk_neutral,physical
SRCE,2019,6622.776,276.296,0.093641195,6622776000.0,797542321.7032356,5774140000.0,0.8718609839740918,reported,0.2128241960413795,monthly36,36.0,0.021400000000000002,1274323252.0,36,2018,2016,-0.204478899,2018,rit_tminus1,6926209432.811084,0.039156605001249234,5.172990271449918,1.1518850646922479e-07,7.483770816466669e-16,1.942890293094024e-16,7.0,converged,-0.10263097031683392,0.5408720690686911,0.12302440495668049,total_liabilities,observed_market_cap,risk_neutral,physical
SRCE,2020,7316.411,291.269,-0.20281556,7316411000.0,857985138.201347,6385741000.0,0.8727969218787737,reported,0.2107764788406756,monthly36,36.0,0.0044,989884870.0,36,2019,2017,0.093641195,2019,rit_tminus1,7347590326.83492,0.02839631384788961,5.081705401426427,1.8703061690267622e-07,9.634194291769001e-15,2.0594637106796654e-14,7.0,converged,1.9700234044566687,0.02441784414709585,0.11719988422465816,total_liabilities,observed_market_cap,risk_neutral,physical
SRCE,2021,8096.289,330.042,0.267354696,8096289000.0,916254999.7556739,7126825000.0,0.8802582269481735,reported,0.2925943956172778,monthly36,36.0,0.0004,1227079795.2,36,2020,2018,-0.20281556,2020,rit_tminus1,8351045898.640137,0.042997343065024576,3.674565859555037,0.00011912709198617634,5.1877441767950956e-14,8.409939411535561e-14,7.0,converged,-0.3709179627182331,0.6446506821499728,0.14803797921513012,total_liabilities,observed_market_cap,risk_neutral,physical
SRCE,2022,8339.416,320.848,0.066369918,8339415999.999999,864068000.0212579,7415650000.0,0.8892289340164828,reported,0.2738362691629714,monthly36,36.0,0.014199999999999999,1309320763.74,36,2021,2019,0.267354696,2021,rit_tminus1,8620409847.794245,0.04159335753526354,3.9399318499922127,4.075237972842619e-05,1.220025317109899e-14,1.9206858326015208e-14,7.0,converged,2.9617234620681248,0.0015296120554640221,0.14177589002080843,total_liabilities,observed_market_cap,risk_neutral,physical
SSB,2016,8900.592,369.138,0.244343855,8900592000.0,4752409283.447346,7766004000.0,0.8725266813713065,reported,,,,0.002,8870488200.0,0,2015,2015,,2015,unavailable,,,,,,,,not_attempted,,,,total_liabilities,observed_market_cap,risk_neutral,physical
SSB,2017,14466.589,503.249,0.169609869,14466589000.0,6374902353.909418,12157669000.0,0.8403963781648874,reported,,,,0.008,8845114950.0,0,2016,2016,0.244343855,2016,rit_tminus1,,,,,,,,not_attempted,,,,total_liabilities,observed_market_cap,risk_neutral,physical
SSB,2018,14676.328,536.733,-0.208703523,14676328000.0,6702916632.939589,12310032000.0,0.8387678443817826,reported,,,,0.0181,6084505350.0,0,2017,2017,0.169609869,2017,rit_tminus1,,,,,,,,not_attempted,,,,total_liabilities,observed_market_cap,risk_neutral,physical
SSB,2019,15921.092,1114.677,0.075731614,15921092000.0,7137312131.348834,13548079000.0,0.8509516181427756,reported,,,,0.021400000000000002,8804517750.0,0,2018,2018,-0.208703523,2018,rit_tminus1,,,,,,,,not_attempted,,,,total_liabilities,observed_market_cap,risk_neutral,physical
SSB,2020,37789.873,1169.845,-0.165844809,37789873000.0,6646529165.762231,33141993000.0,0.8770072606489046,reported,,,,0.0044,7337943900.0,0,2019,2019,0.075731614,2019,rit_tminus1,,,,,,,,not_attempted,,,,total_liabilities,observed_market_cap,risk_neutral,physical
SSB,2021,41838.456,1108.305,0.220288139,41838456000.0,7030847245.56918,37035516000.0,0.8852027426633526,reported,,,,0.0004,8130604230.0,0,2020,2020,-0.165844809,2020,rit_tminus1,,,,,,,,not_attempted,,,,total_liabilities,observed_market_cap,risk_neutral,physical
SSB,2022,43918.696,948.692,0.039735121,43918696000.0,6803679273.693722,38843769000.0,0.8844472294896916,reported,,,,0.014199999999999999,7750005480.0,0,2021,2021,0.220288139,2021,rit_tminus1,,,,,,,,not_attempted,,,,total_liabilities,observed_market_cap,risk_neutral,physical
SSB,2023,44902.024,981.089,0.061703766,44902024000.0,7386946240.193661,39368926000.0,0.876773973485026,reported,,,,0.0495,8571083850.0,0,2022,2022,0.039735121,2022,rit_tminus1,,,,,,,,not_attempted,,,,total_liabilities,observed_market_cap,risk_neutral,physical
STBA,2017,7060.255,683.081,0.139382993,7060255000.0,968924917.9478112,6176224000.0,0.8747876670176927,reported,0.2338079363317236,monthly36,36.0,0.008,1525929243.0,36,2016,2014,,2016,unavailable,7652940507.112254,0.04661929089003244,4.746880296478481,1.0328906209038373e-06,3.124896913736681e-15,5.273559366969494e-16,7.0,converged,,,,total_liabilities,observed_market_cap,risk_neutral,physical
STBA,2018,7252.221,606.325,-0.222629939,7252221000.0,1034140530.7734249,6316460000.0,0.8709690452069787,reported,0.2262782960843776,monthly36,36.0,0.0181,1450418552.0000002,36,2017,2015,0.139382993,2017,rit_tminus1,7653579052.490371,0.04288168677411442,4.878423867843082,5.346846238970299e-07,2.794445671656413e-15,6.106226635438361e-16,7.0,converged,2.619996542128233,0.004396532927642134,0.1289244686102583,total_liabilities,observed_market_cap,risk_neutral,physical
STBA,2019,8764.649,416.352,0.033436536,8764649000.0,1154936548.0093758,7572651000.0,0.8639993455527997,reported,0.2247917338313223,monthly36,36.0,0.021400000000000002,1544327787.0,36,2018,2016,-0.222629939,2018,rit_tminus1,8956645706.576328,0.03875918471566322,4.863400860420524,5.769291567765688e-07,8.645470567892786e-15,1.6375789613221059e-15,7.0,converged,-0.35640223358501605,0.639230321551845,0.12628657307865174,total_liabilities,observed_market_cap,risk_neutral,physical
STBA,2020,8967.897,227.927,-0.273102089,8967897000.0,1126276430.082989,7813186000.0,0.8712394890351662,reported,0.1921356903101034,monthly36,36.0,0.0044,952124652.0,36,2019,2017,0.033436536,2019,rit_tminus1,8731008153.909077,0.020952578112995356,5.500445798961978,1.8941609800456438e-08,4.146738204528576e-13,4.3701153806807724e-13,7.0,converged,1.3169385111983731,0.09392961814007106,0.10825564961175503,total_liabilities,observed_market_cap,risk_neutral,physical
STBA,2021,9488.529,161.314,0.246627776,9488529000.0,1206453999.6997576,8282075000.0,0.8728513134122264,reported,0.2789499986829016,monthly36,36.0,0.0004,1240349634.88,36,2020,2018,-0.273102089,2020,rit_tminus1,9519107850.495539,0.03634954472971694,3.8225223092837175,6.604676168282465e-05,6.151003166125913e-14,1.4560574967958928e-13,7.0,converged,-1.020907699557949,0.8463509145540227,0.1404758276271087,total_liabilities,observed_market_cap,risk_neutral,physical
STBA,2022,9110.567,440.233,0.115314972,9110567000.0,1184658999.7151074,7925908000.0,0.8699686858128588,reported,0.2923738889888461,monthly36,36.0,0.014199999999999999,1333010873.94,36,2021,2019,0.246627776,2021,rit_tminus1,9147156820.477623,0.042611794676421386,3.674999664578105,0.00011892486356687045,7.512001978399723e-15,3.397282455352979e-14,7.0,converged,2.6528710342558903,0.003990517903354803,0.14746485289477415,total_liabilities,observed_market_cap,risk_neutral,physical
STBA,2023,9551.526,504.606,0.038301172,9551526000.0,1283444999.484137,8268081000.0,0.8656293245707545,reported,0.3298910995852329,monthly36,36.0,0.0495,1277740376.52,36,2022,2020,0.115314972,2022,rit_tminus1,9146458522.781614,0.046108470739844386,3.240214241814032,0.0005971996092062094,1.339744309099419e-13,1.7302825838783065e-13,7.0,converged,1.550629663629155,0.06049522956720526,0.15889788328356924,total_liabilities,observed_market_cap,risk_neutral,physical
STEL,2019,3478.544,50.485,0.053921321,3478544000.0,1103907251.1431355,2374636748.8568645,0.6826524973830616,implied_pb,0.2631407833598855,monthly_ewma,14.0,0.021400000000000002,1601845984.0,14,2018,2018,,2018,unavailable,3926205360.486559,0.10735841247291787,4.829300266802944,6.850683442481497e-07,1.4883988940447505e-14,2.2737367544323206e-13,6.0,converged,,,,total_liabilities,observed_market_cap,risk_neutral,physical
STEL,2020,3949.217,50.0,-0.076119922,3949217000.0,1142801697.4687202,2806415302.5312796,0.7106257525305091,implied_pb,0.2463712534085063,monthly36,26.0,0.0044,1313081332.0,26,2019,2018,0.053921321,2019,rit_tminus1,4107175508.0416207,0.07876596114563922,4.851404695095533,6.129505734591243e-07,1.452574632149671e-15,2.7755575615628914e-16,7.0,converged,2.755045253326126,0.0029342009094832948,0.154553172176221,total_liabilities,observed_market_cap,risk_neutral,physical
STEL,2021,4486.001,50.0,0.13579233,4486001000.0,1181586556.0500283,3304414443.9499717,0.736605819737885,implied_pb,0.3861744338306996,monthly36,36.0,0.0004,1492722800.0,36,2020,2018,-0.076119922,2020,rit_tminus1,4795687746.633389,0.1202970438355079,3.039327835056952,0.0011855334058312676,3.3860766894919305e-14,6.367129046225273e-14,6.0,converged,1.2310441068715638,0.10915318415233438,0.22110941269191015,total_liabilities,observed_market_cap,risk_neutral,physical
STEL,2022,10900.437,173.292,-0.036334604,10900437000.0,1344472005.5800076,9555964994.419992,0.8766588894023233,implied_pb,0.3697263081518695,monthly36,36.0,0.014199999999999999,1516400472.0,36,2021,2019,0.13579233,2021,rit_tminus1,10937353251.773323,0.051346937891435296,2.880405734373358,0.0019858184937306092,1.383594594458653e-14,1.6819878823071122e-14,7.0,converged,1.544232113778669,0.06126605584497492,0.17356041202716105,total_liabilities,observed_market_cap,risk_neutral,physical
SYBT,2017,3239.646,281.283,0.149153505,3239646000.0,433527260.19038,2906002000.0,0.8970122044198656,reported,0.2109861601860808,monthly36,36.0,0.008,1110977530.0,36,2016,2014,,2016,unavailable,3993824258.108219,0.058690836332232314,5.524689922649989,1.650340093294245e-08,4.292050427006611e-16,8.326672684688674e-17,7.0,converged,,,,total_liabilities,observed_market_cap,risk_neutral,physical
SYBT,2018,3302.924,94.518,-0.172151131,3302924000.0,474758708.37792695,2936424000.0,0.8890377132504411,reported,0.229445528571535,monthly36,36.0,0.0181,966579920.0,36,2017,2015,0.149153505,2017,rit_tminus1,3850332748.294926,0.057599564718614216,4.989763458721034,3.0226636336381977e-07,4.4399167984248266e-15,8.049116928532385e-16,7.0,converged,3.0832480271887164,0.0010237721187704083,0.13759555226082562,total_liabilities,observed_market_cap,risk_neutral,physical
SYBT,2019,3724.197,122.735,0.060483059,3724197000.0,529690570.8871358,3317900000.0,0.8909034618737945,reported,0.2360940782282662,monthly36,36.0,0.021400000000000002,1209993034.0,36,2018,2016,-0.172151131,2018,rit_tminus1,4457644298.395219,0.06408593076162931,4.90957816482997,4.563625724848787e-07,3.9408256477873656e-16,1.6653345369377348e-16,7.0,converged,0.8990849192663171,0.1843037150916289,0.14298070221666026,total_liabilities,observed_market_cap,risk_neutral,physical
SYBT,2020,4608.629,91.082,-0.089214594,4608629000.0,572315075.8073168,4167928000.0,0.9043748151565248,reported,0.2007953099514434,monthly36,36.0,0.0044,1192901072.0,36,2019,2017,0.060483059,2019,rit_tminus1,5342530474.926369,0.04483436144144838,5.613447243036441,9.916754541044432e-09,5.596206065647454e-15,8.604228440844963e-16,7.0,converged,2.485397343346653,0.00647034522307287,0.12258373291172789,total_liabilities,observed_market_cap,risk_neutral,physical
SYBT,2021,6646.025,85.84,0.1423749,6646025000.0,675868999.9585882,5970156000.0,0.8983047761631953,reported,0.2843800681428809,monthly36,36.0,0.0004,1698952480.0,36,2020,2018,-0.089214594,2020,rit_tminus1,7666717496.652727,0.06302085625169508,3.943610102137145,4.0132057736606906e-05,6.1746385516731755e-15,1.3322676295501878e-15,7.0,converged,0.9464497067837141,0.17195963136148912,0.15726787118805025,total_liabilities,observed_market_cap,risk_neutral,physical
SYBT,2022,7496.261,218.474,0.000816995,7496261000.0,760432000.1302924,6735829000.0,0.8985584946948886,reported,0.2908323989093282,monthly36,36.0,0.014199999999999999,1901249820.0,36,2021,2019,0.1423749,2021,rit_tminus1,8542100293.148395,0.06473459107387368,3.8568365863518497,5.743194796538907e-05,3.0096233741852502e-15,6.106226635438361e-16,7.0,converged,2.3682163183674274,0.008937040913284476,0.15971671111307328,total_liabilities,observed_market_cap,risk_neutral,physical
TBBK,2017,4708.147,55.941,0.309857215,4708147000.0,271531389.6230537,4383998000.0,0.9311514699944585,reported,0.4640058547212523,monthly36,36.0,0.008,461491836.00000006,36,2016,2014,,2016,unavailable,4809643393.349124,0.04506394687700315,2.2112237516409405,0.013510173197833823,1.1494923574357152e-14,5.495603971894525e-15,8.0,converged,,,,total_liabilities,observed_market_cap,risk_neutral,physical
TBBK,2018,4437.911,55.168,-0.337279339,4437911000.0,337208590.8734525,4031135000.0,0.9083406584764769,reported,0.469002617141547,monthly36,36.0,0.0181,371809212.0,36,2017,2015,0.309857215,2017,rit_tminus1,4329797718.654076,0.04082088684490945,2.173879234654509,0.014857102958799993,1.538973676219055e-14,5.995204332975845e-15,8.0,converged,1.9691036688328987,0.02447059381987584,0.19273227615632094,total_liabilities,observed_market_cap,risk_neutral,physical
TBBK,2019,5656.963,54.474,0.141632247,5656963000.0,398143949.55372316,5172466000.0,0.914353867967671,reported,0.4467888612718702,monthly36,36.0,0.021400000000000002,605824809.0,36,2018,2016,-0.337279339,2018,rit_tminus1,5667942057.049467,0.048188223417664586,2.3183151650239178,0.010216099412904205,0.0,3.885780586188048e-16,8.0,converged,-1.2781298015036573,0.8993981686906816,0.19158764445464319,total_liabilities,observed_market_cap,risk_neutral,physical
TBBK,2020,6276.841,152.034,-0.089023927,6276841000.0,471688955.56540936,5695677000.0,0.9074113873523322,reported,0.3938088410836282,monthly36,36.0,0.0044,637587405.0,36,2019,2017,0.141632247,2019,rit_tminus1,6307975651.756098,0.03994919929840009,2.6460949342480524,0.004071348045058795,0.0,5.551115123125783e-17,8.0,converged,1.344185128130064,0.08944426477084866,0.17315294713196755,total_liabilities,observed_market_cap,risk_neutral,physical
TBBK,2021,6843.239,151.646,0.265504384,6843239000.0,652453999.8838114,6190785000.0,0.904657136773975,reported,0.5547405587041796,monthly36,36.0,0.0004,1452048949.53,36,2020,2018,-0.089023927,2020,rit_tminus1,7633027622.848259,0.10800609609816937,1.888689847613946,0.029466699894893606,7.717145638513424e-15,1.887379141862766e-15,7.0,converged,0.3420998745922045,0.3661378659146217,0.2582313826246116,total_liabilities,observed_market_cap,risk_neutral,physical
TBBK,2023,7705.695,147.863,0.061293539,7705695000.0,807280999.9153166,6898414000.0,0.895235796381767,reported,0.5877245335686604,monthly36,36.0,0.0495,2051493412.8,36,2022,2020,0.265504384,2022,rit_tminus1,8604226651.946589,0.14378458059006974,1.809130156365732,0.035215392539099846,4.532466215560513e-15,1.887379141862766e-15,7.0,converged,1.6921392249670066,0.04530971552618052,0.2865086060128542,total_liabilities,observed_market_cap,risk_neutral,physical
TCBI,2016,21697.134,2504.025,0.437192298,21697134000.0,1724316653.269932,19687577000.0,0.9073814541588765,reported,0.3129367102037953,monthly36,36.0,0.002,3598826560.0000005,36,2015,2013,,2015,unavailable,23246999802.630707,0.048456653889091934,3.446672814010457,0.00028376772850766016,2.000719114640297e-14,4.5852210917018965e-14,7.0,converged,,,,total_liabilities,observed_market_cap,risk_neutral,physical
TCBI,2017,25075.645,3559.852,0.281369701,25075645000.0,1898076671.7749376,22872924000.0,0.9121569554840963,reported,0.4126351998954638,monthly36,36.0,0.008,4080812260.000001,36,2016,2014,0.437192298,2016,rit_tminus1,26769327248.69623,0.06315864884206755,2.585684922205495,0.004859286243561736,2.33697179787989e-16,8.881784197001252e-15,7.0,converged,3.028642266601177,0.0012282769096176155,0.19244368663175448,total_liabilities,observed_market_cap,risk_neutral,physical
TCBI,2018,28257.767,4936.347,-0.423495356,28257767000.0,2149194223.2755404,25757373000.0,0.9115148058231212,reported,0.4072048972682613,monthly36,36.0,0.0181,2345204706.0,36,2017,2015,0.281369701,2017,rit_tminus1,27638995499.858665,0.034729106973814886,2.53400366398486,0.005638377630617101,1.1386162065536552e-14,8.104628079763643e-15,8.0,converged,2.0421427497008846,0.020568686708869244,0.17311506612905495,total_liabilities,observed_market_cap,risk_neutral,physical
TCBI,2019,32548.069,2937.301,0.016480104,32548069000.0,2417761423.9406486,29746748000.0,0.9139328050459767,reported,0.3815595012238539,monthly36,36.0,0.021400000000000002,2605936018.0,36,2018,2016,-0.423495356,2018,rit_tminus1,31721934713.262276,0.031441128529905334,2.709645136751158,0.0033677614543471198,0.0,2.3203661214665772e-14,8.0,converged,-2.147241296194157,0.9841129616890036,0.16441280812336448,total_liabilities,observed_market_cap,risk_neutral,physical
TCBI,2020,37726.096,3507.647,-0.249277977,37726096000.0,2474981572.99047,34854872000.0,0.9238928936617242,reported,0.3053461277219027,monthly36,36.0,0.0044,2731252300.0,36,2019,2017,0.016480104,2019,rit_tminus1,37433029998.660355,0.022286407066438637,3.388262672539955,0.00035168434689585205,5.58673728622581e-15,1.2490009027033011e-14,8.0,converged,0.5900028758964422,0.277594360715835,0.13934453366869706,total_liabilities,observed_market_cap,risk_neutral,physical
TCBI,2021,34731.738,3131.829,0.239700712,34731738000.0,2909616001.070501,31522122000.0,0.9075883850096992,reported,0.607768148572889,monthly36,36.0,0.0004,3049764263.5,36,2020,2018,-0.249277977,2020,rit_tminus1,34517160567.35567,0.056553559153208845,1.5837707100409602,0.056622953471967816,2.001307346291554e-14,2.0539125955565396e-14,8.0,converged,-0.7789425017618192,0.78199320702892,0.23774204997445925,total_liabilities,observed_market_cap,risk_neutral,physical
TCBI,2022,28414.642,2135.461,0.018381887,28414642000.0,2755351001.1355305,25359291000.0,0.8924726554710772,reported,0.6053092042978973,monthly36,36.0,0.014199999999999999,2942148746.53,36,2021,2019,0.239700712,2021,rit_tminus1,27906649334.184555,0.06696156110755441,1.6080552624974274,0.05391153805105629,1.76657452501138e-14,7.216449660063518e-15,8.0,converged,1.3145620812069412,0.09432856046396948,0.24332427581620375,total_liabilities,observed_market_cap,risk_neutral,physical
TCBI,2023,28356.266,2360.697,-0.067254974,28356266000.0,2899142000.863418,25157124000.0,0.887180420722531,reported,0.5928170356891259,monthly36,36.0,0.0495,3052986252.56,36,2022,2020,0.018381887,2022,rit_tminus1,26962294571.032536,0.0700487657906675,1.6609123607511727,0.04836552468420933,2.2959507988967535e-14,1.6764367671839864e-14,8.0,converged,0.43128995258796626,0.33312877752181574,0.2409104862913991,total_liabilities,observed_market_cap,risk_neutral,physical
TCBK,2017,4761.315,179.024,0.102600327,4761315000.0,723996705.6116211,4255507000.0,0.8937671630631454,reported,0.2195916472672727,monthly36,36.0,0.008,1244019024.0,36,2016,2014,,2016,unavailable,5465617776.646979,0.049980848690177875,5.142253740802515,1.357310704065724e-07,7.666075019816176e-16,8.326672684688674e-17,7.0,converged,,,,total_liabilities,observed_market_cap,risk_neutral,physical
TCBK,2018,6352.441,72.881,-0.229885432,6352441000.0,893774983.4357231,5525068000.0,0.8697551067377092,reported,0.2032350718370638,monthly36,36.0,0.0181,1110285336.0,36,2017,2015,0.102600327,2017,rit_tminus1,6536249201.967349,0.034522693392556036,5.3753633622032995,3.821419633125842e-08,4.2947262540728085e-15,6.938893903907228e-16,7.0,converged,2.3634291196172383,0.009053344976342706,0.11794763268244501,total_liabilities,observed_market_cap,risk_neutral,physical
TCBK,2019,6471.181,75.686,-0.038180477,6471181000.0,975907857.9343112,5564611000.0,0.8599065611053067,reported,0.2065317760155396,monthly36,36.0,0.021400000000000002,1340951304.0,36,2018,2016,-0.229885432,2018,rit_tminus1,6787744770.974311,0.040801337147261994,5.373826111817777,3.854159909704316e-08,4.978346487997263e-15,8.049116928532385e-16,7.0,converged,-0.17563240574090613,0.5697086290164474,0.12200264300618432,total_liabilities,observed_market_cap,risk_neutral,physical
TCBK,2020,7639.529,84.549,-0.308300902,7639529000.0,1022556835.1258982,6714415000.0,0.8789043146508115,reported,0.1860898168268592,monthly36,36.0,0.0044,1159244352.0,36,2019,2017,-0.038180477,2019,rit_tminus1,7844180826.21668,0.027501095972071638,5.8011178212270575,3.293714580201313e-09,6.581351479597289e-15,8.604228440844963e-16,7.0,converged,1.0488392959168922,0.14712604411646812,0.10970951940716245,total_liabilities,observed_market_cap,risk_neutral,physical
TCBK,2021,8614.787,108.166,0.185742662,8614787000.0,1000183999.980266,7614603000.0,0.8838991608266112,reported,0.2442941816070087,monthly36,36.0,0.0004,1277219015.04,36,2020,2018,-0.308300902,2020,rit_tminus1,8888776486.056198,0.03510253632273823,4.401547097577078,5.374086528775448e-06,4.106741818332626e-14,5.695444116327053e-14,7.0,converged,-1.2419541355451238,0.8928732577134423,0.13020932313878714,total_liabilities,observed_market_cap,risk_neutral,physical
TCBK,2022,9930.986,365.645,0.144492511,9930986000.0,1046415999.9254074,8884570000.0,0.8946312078176326,reported,0.2673556039028763,monthly36,36.0,0.014199999999999999,1699573847.87,36,2021,2019,0.185742662,2021,rit_tminus1,10458872409.471825,0.04344635099552083,4.059968019703884,2.453971884233843e-05,1.6833766610402616e-15,6.439293542825908e-15,7.0,converged,2.4880910142801587,0.006421543045698614,0.14100847535410355,total_liabilities,observed_market_cap,risk_neutral,physical
TFC,2016,219276.0,23371.0,0.291288587,219276000000.0,43401387244.20383,189350000000.0,0.8635235958335613,reported,0.1497804754424331,monthly36,36.0,0.002,61523523427.40736,36,2015,2013,,2015,unavailable,250495201875.0668,0.036787221954242354,7.643033287550054,1.0608155556232682e-14,1.116069869799776e-15,3.3306690738754696e-16,7.0,converged,,,,total_liabilities,observed_market_cap,risk_neutral,physical
TFC,2017,221642.0,28586.0,0.221431551,221642000000.0,44535739336.410706,191947000000.0,0.8660226852311385,reported,0.1883403559695805,monthly36,36.0,0.008,65056350590.558975,36,2016,2014,0.291288587,2016,rit_tminus1,255473900547.0564,0.04796081402742199,6.103958987481183,5.173642382298944e-10,2.3454726439442125e-16,0.0,7.0,converged,4.792083703012257,8.252900433434326e-07,0.12018492262515135,total_liabilities,observed_market_cap,risk_neutral,physical
TFC,2018,225697.0,28887.0,-0.265534578,225697000000.0,46438792066.7605,195519000000.0,0.8662897601651772,reported,0.1933108827032104,monthly36,36.0,0.0181,56729271413.76,36,2017,2015,0.221431551,2017,rit_tminus1,248741212141.89398,0.04408752959918567,5.849355433371358,2.467407853784601e-09,3.3621948339527976e-15,4.996003610813204e-16,7.0,converged,3.9187008937313403,4.451375502819738e-05,0.11968891989508904,total_liabilities,observed_market_cap,risk_neutral,physical
TFC,2020,509228.0,45689.0,-0.15747384,509228000000.0,60924977696.204666,438316000000.0,0.8607460705224379,reported,0.2154654335827494,monthly36,36.0,0.0044,62766250666.24,36,2019,2017,-0.265534578,2019,rit_tminus1,499157896111.7338,0.02709355489754367,4.9463914752393485,3.780092229995514e-07,1.2726546495018274e-13,1.6267542868320106e-13,7.0,converged,-1.176526071687146,0.8803076398308717,0.11784541177065383,total_liabilities,observed_market_cap,risk_neutral,physical
TFC,2021,541241.0,41205.0,0.24474198,541241000000.0,62597999992.304054,471970000000.0,0.8720145000101618,reported,0.3500067538560217,monthly36,36.0,0.0004,77743743900.0,36,2020,2018,-0.15747384,2020,rit_tminus1,549517674005.3512,0.049565300283924106,3.052481322923436,0.0011347892718354174,5.495568804861738e-15,2.2370993946196904e-14,7.0,converged,-0.11356836774426035,0.5452100180218178,0.16755540199148644,total_liabilities,observed_market_cap,risk_neutral,physical
TFC,2022,555255.0,66625.0,0.008983265,555255000000.0,53840999976.5562,494718000000.0,0.8909744171596834,reported,0.3539116375506234,monthly36,36.0,0.014199999999999999,57093451870.0,36,2021,2019,0.24474198,2021,rit_tminus1,544828259576.58435,0.037137291356737184,2.961797386844111,0.0015292448753957126,7.483276623785613e-15,2.3314683517128287e-15,8.0,converged,2.121302840875303,0.01694816273250149,0.1607678693882409,total_liabilities,observed_market_cap,risk_neutral,physical
TFC,2023,535349.0,63746.0,0.05610256,535349000000.0,52427999975.34142,476096000000.0,0.8893189302679186,reported,0.3564838604116901,monthly36,36.0,0.0495,49241791560.0,36,2022,2020,0.008983265,2022,rit_tminus1,502337137679.1656,0.03499744851726694,2.92991524677147,0.001695272328856178,1.115549188702183e-14,3.552713678800501e-15,9.0,converged,0.593659770565767,0.27636984763070604,0.15949516729364763,total_liabilities,observed_market_cap,risk_neutral,physical
TFIN,2017,3499.033,463.939,0.315066003,3499033000.0,434450198.6608063,3107335000.0,0.8880553570086364,reported,0.3065927022017002,monthly36,26.0,0.008,745816050.0,26,2016,2015,,2016,unavailable,3828384362.286057,0.05973562202434147,3.59740555921705,0.00016070356863917502,6.393495530206477e-15,6.106226635438361e-16,7.0,converged,,,,total_liabilities,observed_market_cap,risk_neutral,physical
TFIN,2018,4559.779,422.497,-0.267364181,4559779000.0,559287152.3187386,3923172000.0,0.8603864353952242,reported,0.2841187306999972,monthly36,36.0,0.0181,703197990.0,36,2017,2015,0.315066003,2017,rit_tminus1,4555996512.813596,0.04385512211461293,3.8007449531819595,7.213086469680009e-05,1.830864629104582e-14,1.2156942119645464e-14,7.0,converged,3.218420957659721,0.0006444924579645544,0.14581885669482125,total_liabilities,observed_market_cap,risk_neutral,physical
TFIN,2019,5060.297,558.926,0.154707008,5060297000.0,603740196.3442386,4423707000.0,0.8741990835715769,reported,0.3434162188587717,monthly36,36.0,0.021400000000000002,900188134.0000001,36,2018,2016,-0.267364181,2018,rit_tminus1,5230180134.388285,0.05914432485769588,3.1637635986852297,0.0007787162203308898,1.258057297089879e-14,3.6637359812630166e-15,7.0,converged,-0.5659498071772061,0.7142860491756166,0.17094959895947182,total_liabilities,observed_market_cap,risk_neutral,physical
TFIN,2020,5935.791,427.54,0.187103122,5935791000.0,649114632.9742161,5209010000.0,0.8775595367154942,reported,0.3164741981449173,monthly36,36.0,0.0044,1149503785.0,36,2019,2017,0.154707008,2019,rit_tminus1,6335624130.635972,0.05743213692796762,3.457111242328472,0.0002729997040761707,4.148199983553121e-15,9.492406860545088e-15,7.0,converged,2.091116849269744,0.01825879533151342,0.1629890473442036,total_liabilities,observed_market_cap,risk_neutral,physical
TFIN,2021,5956.25,356.806,0.076490545,5956250000.0,813864000.1012588,5097386000.0,0.855804575026233,reported,0.39053849245071,monthly36,36.0,0.0004,2995919311.32,36,2020,2018,0.187103122,2020,rit_tminus1,8091092610.816962,0.14468436962510745,3.123828353843648,0.0008925728057550761,3.9790554138207985e-15,2.0539125955565396e-15,6.0,converged,2.6150062259097666,0.004461291452361578,0.23755096321741923,total_liabilities,observed_market_cap,risk_neutral,physical
TFIN,2022,5333.783,179.298,-0.24561271,5333783000.0,843970999.902365,4444812000.0,0.8333319896966187,reported,0.4046598639754262,monthly36,36.0,0.014199999999999999,1175498698.95,36,2021,2019,0.076490545,2021,rit_tminus1,5557282806.543313,0.0858067787698411,2.7257789338112444,0.0032074973799955113,4.2592902617459864e-15,2.220446049250313e-15,7.0,converged,1.4217299906530743,0.07755232512887594,0.2041839072462446,total_liabilities,observed_market_cap,risk_neutral,physical
TFIN,2023,5347.334,405.418,0.031293811,5347334000.0,819399999.8351015,4482934000.0,0.8383493531543008,reported,0.5316474522330574,monthly36,36.0,0.0495,1868387554.52,36,2022,2020,-0.24561271,2022,rit_tminus1,6130889942.055621,0.16379761715817287,2.131577681920185,0.016520790045942778,2.552131954901762e-16,1.1102230246251565e-16,7.0,converged,0.2172227519672746,0.41401737723775395,0.2855004706479214,total_liabilities,observed_market_cap,risk_neutral,physical
THFF,2017,3000.668,57.686,0.10857449,3000668000.0,400200477.7057062,2587099000.0,0.8621743558434322,reported,0.2087038189187906,monthly36,36.0,0.008,533900602.2732,36,2016,2014,,2016,unavailable,3100385375.8030753,0.035939758593986564,5.24053087856249,8.005764555014689e-08,4.353958651372214e-15,8.049116928532385e-16,7.0,converged,,,,total_liabilities,observed_market_cap,risk_neutral,physical
THFF,2018,3008.718,69.656,-0.175669743,3008718000.0,427280211.9495508,2566017000.0,0.8528605871337892,reported,0.2012165132801545,monthly36,36.0,0.0181,472681575.8826,36,2017,2015,0.10857449,2017,rit_tminus1,2992671469.5811405,0.031781417476832864,5.393294247889092,3.458876483199384e-08,1.0466211861801347e-14,1.7763568394002505e-15,7.0,converged,2.335494576859591,0.009758799440024016,0.11600144872147553,total_liabilities,observed_market_cap,risk_neutral,physical
THFF,2019,4023.25,111.092,0.017268492,4023250000.0,480866939.9428024,3465642000.0,0.8614035916236873,reported,0.2196457769654325,monthly36,36.0,0.021400000000000002,538256574.7176,36,2018,2016,-0.175669743,2018,rit_tminus1,3930521757.843125,0.030078916827315262,4.881223391068636,5.271486409594764e-07,8.637446360817207e-15,7.993605777301127e-15,7.0,converged,-0.3202664077443408,0.6256168070856021,0.12033553847904133,total_liabilities,observed_market_cap,risk_neutral,physical
THFF,2020,4557.544,121.92,-0.20939331,4557544000.0,521791317.12909275,3960552000.0,0.8690101510813719,reported,0.2132736620095733,monthly36,36.0,0.0044,457376810.397,36,2019,2017,0.017268492,2019,rit_tminus1,4400540657.153972,0.022166926503365155,4.939715669564182,3.9118284012381797e-07,4.0933030486831596e-13,8.460454559156005e-13,7.0,converged,1.045997735074005,0.14778103904893108,0.1147017994572268,total_liabilities,observed_market_cap,risk_neutral,physical
THFF,2021,5175.099,109.311,0.175118281,5175099000.0,582576001.5139059,4592523000.0,0.8874270811051151,reported,0.2473566899178613,monthly36,36.0,0.0004,568256977.8272879,36,2020,2018,-0.20939331,2020,rit_tminus1,5158943075.753262,0.02724654658195775,4.269568419328778,9.792578273802367e-06,1.3048353296793484e-13,4.3434700280897687e-13,7.0,converged,-0.7949545973615145,0.7866800433736987,0.12676109808626493,total_liabilities,observed_market_cap,risk_neutral,physical
THFF,2022,4989.281,80.464,0.090003701,4989281000.0,475293002.150075,4513988000.0,0.904737175556959,reported,0.2237119521880157,monthly36,36.0,0.014199999999999999,552930381.133004,36,2021,2019,0.175118281,2021,rit_tminus1,5003272680.539863,0.024723269980945452,4.724520440935976,1.1532950754542202e-06,8.839414577956341e-14,2.971234369653075e-13,7.0,converged,2.387713841877357,0.008476768291738122,0.11878123084371993,total_liabilities,observed_market_cap,risk_neutral,physical
THFF,2023,4851.146,175.798,0.022980058,4851146000.0,527976000.02013123,4323170000.0,0.8911646856227374,reported,0.2091106976420506,monthly36,36.0,0.0495,507539882.72,36,2022,2020,0.090003701,2022,rit_tminus1,4621923067.464358,0.02296274467097184,5.054199541098066,2.160997813727554e-07,9.86482113346541e-15,1.8041124150158794e-15,8.0,converged,1.7142133033392128,0.043244779265844455,0.1135021158276046,total_liabilities,observed_market_cap,risk_neutral,physical
TMP,2017,6648.29,1163.61,0.139126058,6648290000.0,546526281.806234,6072088000.0,0.9133307963401115,reported,0.2164552124372075,monthly36,36.0,0.008,1174246575.0,36,2016,2014,,2016,unavailable,7197951650.863775,0.03531169103903269,5.025828468835095,2.5063189453268717e-07,9.745901789728448e-15,1.887379141862766e-15,7.0,converged,,,,total_liabilities,observed_market_cap,risk_neutral,physical
TMP,2018,6758.436,1174.78,-0.16094829,6758436000.0,587255070.1898324,6137565000.0,0.908133923292312,reported,0.2180666433553378,monthly36,36.0,0.0181,1082731845.0,36,2017,2015,0.139126058,2017,rit_tminus1,7110206230.702171,0.033206880663474214,4.9583644615742175,3.554455382659614e-07,8.808037934879897e-16,1.27675647831893e-15,7.0,converged,2.4205798430883516,0.007747887963062147,0.12154424082745352,total_liabilities,observed_market_cap,risk_neutral,physical
TMP,2019,6725.623,735.481,0.073188476,6725623000.0,641378319.6314418,6062569000.0,0.9014137426376709,reported,0.2244700007496106,monthly36,36.0,0.021400000000000002,1320756750.0,36,2018,2016,-0.16094829,2018,rit_tminus1,7254965108.428212,0.04086448125543244,4.8971008637945115,4.863046082841149e-07,0.0,2.7755575615628914e-17,7.0,converged,0.22029449178474536,0.41282090486026923,0.12728883534038773,total_liabilities,observed_market_cap,risk_neutral,physical
TMP,2020,7622.171,344.065,-0.134990954,7622171000.0,696726472.4263396,6904482000.0,0.9058419182671184,reported,0.2099673865593169,monthly36,36.0,0.0044,1019075700.0,36,2019,2017,0.073188476,2019,rit_tminus1,7893244710.433291,0.02710833164491337,5.0858569520440255,1.829849101914349e-07,4.7726964872892905e-14,5.168088179630104e-14,7.0,converged,1.7546670770859905,0.03965813530280332,0.11631464130141538,total_liabilities,observed_market_cap,risk_neutral,physical
TMP,2021,7819.982,190.787,0.188278077,7819982000.0,727528999.829524,7091041000.0,0.9067848238013847,reported,0.2342017322015567,monthly36,36.0,0.0004,1218102191.46,36,2020,2018,-0.134990954,2020,rit_tminus1,8306307239.910209,0.03434524457004545,4.6001471943065315,2.110962532047517e-06,9.395017821253792e-15,1.7319479184152442e-14,7.0,converged,0.12185979582252539,0.4515050282732948,0.12697063827842542,total_liabilities,observed_market_cap,risk_neutral,physical
TOWN,2016,7973.915,719.258,0.283575631,7973915000.0,1297115781.1910522,6887357000.0,0.8637359440124456,reported,0.1876128256731434,monthly36,36.0,0.002,2506953708.0,36,2015,2013,,2015,unavailable,9380549759.51817,0.050139563368807594,6.176638772438918,3.274032792849921e-10,3.423704562340586e-15,5.273559366969494e-16,7.0,converged,,,,total_liabilities,observed_market_cap,risk_neutral,physical
TOWN,2017,8522.176,798.969,0.18350377,8522175999.999999,1361864608.6258287,7379671000.0,0.86593740847408,reported,0.2391037896070159,monthly36,36.0,0.008,2318460948.0,36,2016,2014,0.283575631,2016,rit_tminus1,9639330020.551384,0.057509516767634994,4.755193430629397,9.912825070000245e-07,3.70205452675852e-15,7.494005416219807e-16,7.0,converged,3.8870518035004524,5.073455279877199e-05,0.1406934017372604,total_liabilities,observed_market_cap,risk_neutral,physical
TOWN,2018,11163.03,1094.332,-0.239937328,11163030000.0,1587232145.86962,9624610000.0,0.8621861627174701,reported,0.2447111144062424,monthly36,36.0,0.0181,1805760640.8,36,2017,2015,0.18350377,2017,rit_tminus1,11257731938.464315,0.039252257904458854,4.4344314325654555,4.615779713639975e-06,6.601610803631669e-16,2.1094237467877974e-15,7.0,converged,2.621135894850345,0.004381866020752946,0.1322732661940738,total_liabilities,observed_market_cap,risk_neutral,physical
TOWN,2019,11947.663,772.536,0.075296317,11947663000.0,1702804086.4143066,10293969000.0,0.86158849642813,reported,0.2592047840723239,monthly36,36.0,0.021400000000000002,2097547433.28,36,2018,2016,-0.239937328,2018,rit_tminus1,12173564664.909637,0.044662347400902955,4.211852456620189,1.2664248402972082e-05,3.2962967531720887e-15,1.4988010832439613e-15,7.0,converged,-0.46090046907583915,0.6775649923929525,0.13924480444247983,total_liabilities,observed_market_cap,risk_neutral,physical
TOWN,2020,14626.444,955.731,-0.213860605,14626444000.0,1833213910.1772509,12842616000.0,0.8780408963381667,reported,0.2063936878243375,monthly36,36.0,0.0044,1770324001.92,36,2019,2017,0.075296317,2019,rit_tminus1,14556556618.493727,0.025100973384162163,5.153484352038936,1.278452097200166e-07,1.3682991141987232e-13,1.7041923427996153e-13,7.0,converged,1.7315252368811331,0.041679063859481245,0.11429412688813641,total_liabilities,observed_market_cap,risk_neutral,physical
TOWN,2021,16361.387,481.816,0.258267079,16361387000.0,1899314000.2964587,14445213000.0,0.8828843789343777,reported,0.2878900134692595,monthly36,36.0,0.0004,2296087086.15,36,2020,2018,-0.213860605,2020,rit_tminus1,16735509451.49799,0.039501499152378904,3.7160491630051036,0.00010118111193658228,7.040142231795957e-14,1.109667913112844e-13,7.0,converged,-0.5307746474234833,0.7022125247155638,0.14472826608292408,total_liabilities,observed_market_cap,risk_neutral,physical
TRMK,2016,13352.333,1622.5,0.26165852,13352333000.0,1359461926.6245804,11832125000.0,0.8861466381942391,reported,0.2098936567314733,monthly36,36.0,0.002,2156026440.0,36,2015,2013,,2015,unavailable,13964510829.90067,0.032406170634849345,5.158764437313281,1.242924147575122e-07,1.7693184067005226e-15,8.604228440844963e-16,7.0,converged,,,,total_liabilities,observed_market_cap,risk_neutral,physical
TRMK,2017,13797.953,1503.678,0.159218136,13797953000.0,1403072838.1779466,12226252000.0,0.886091726794547,reported,0.2327375112753165,monthly36,36.0,0.008,1926816336.0,36,2016,2014,0.26165852,2016,rit_tminus1,14055648360.157837,0.03190484133145853,4.605255024680502,2.0598034545294597e-06,3.3656478982449834e-14,4.860001290296623e-14,7.0,converged,3.197782767626945,0.0006924428082715863,0.12514119640731164,total_liabilities,observed_market_cap,risk_neutral,physical
TRMK,2018,13286.46,192.212,-0.222401058,13286460000.0,1461960089.217396,11695007000.0,0.8802199381927165,reported,0.2274421538806044,monthly36,36.0,0.0181,1719378168.0,36,2017,2015,0.159218136,2017,rit_tminus1,13204609647.471222,0.029615379289007548,4.695717352243281,1.3283634873002788e-06,2.884244163156374e-14,3.338995746560158e-14,7.0,converged,2.361941269231072,0.00908976100002697,0.12231599128460288,total_liabilities,observed_market_cap,risk_neutral,physical
TRMK,2019,13497.877,403.272,0.047442907,13497877000.0,1564409619.8004076,11837175000.0,0.8769656887523868,reported,0.2206728221094236,monthly36,36.0,0.021400000000000002,2087081976.0,36,2018,2016,-0.222401058,2018,rit_tminus1,13673632640.389292,0.033682523671141086,4.900377892467565,4.782624645022658e-07,4.569414749266418e-15,1.8596235662471372e-15,7.0,converged,-0.55122377616165,0.7092598584125444,0.12248098593845654,total_liabilities,observed_market_cap,risk_neutral,physical
TRMK,2020,16551.84,517.548,-0.200612978,16551840000.0,1660218595.5066693,14810723000.0,0.8948082509255768,reported,0.2179297269660898,monthly36,36.0,0.0044,1651643256.0,36,2019,2017,0.047442907,2019,rit_tminus1,16397342189.263783,0.021951264094143875,4.825548321975019,6.980930340835724e-07,4.6192750786432536e-15,8.881784197001252e-16,8.0,converged,1.2640301695464686,0.10310959926339197,0.1158644200386669,total_liabilities,observed_market_cap,risk_neutral,physical
TRMK,2021,17595.636,514.5,0.212556477,17595636000.0,1741311000.6237447,15854325000.0,0.9010373367578188,reported,0.275906176027917,monthly36,36.0,0.0004,2001116120.34,36,2020,2018,-0.200612978,2020,rit_tminus1,17849093317.309326,0.03093443824415606,3.8284809943615112,6.446829281715195e-05,1.787142010487532e-15,4.440892098500626e-16,8.0,converged,-0.6668800724256291,0.7475756296474216,0.13656414737559,total_liabilities,observed_market_cap,risk_neutral,physical
TRMK,2022,18015.478,1685.387,0.061893305,18015478000.0,1492268000.1987314,16523210000.0,0.9171674490124547,reported,0.2775915424048225,monthly36,36.0,0.014199999999999999,2128731018.26,36,2021,2019,0.212556477,2021,rit_tminus1,18418961049.849922,0.0320839757537506,3.8118678590988537,6.896030344349692e-05,1.512004471331461e-14,3.774758283725532e-15,8.0,converged,2.3593189539042303,0.009154256047285602,0.13745240034581913,total_liabilities,observed_market_cap,risk_neutral,physical
TRST,2017,4908.008,242.991,0.180971175,4908008000.0,452640099.8679745,4449700000.0,0.906620364106986,reported,0.2361927714182571,monthly36,36.0,0.008,874906200.0,36,2016,2014,,2016,unavailable,5289150541.995285,0.03906995373501352,4.608598907154155,2.026957586256291e-06,8.72024284574735e-15,2.3869795029440866e-15,7.0,converged,,,,total_liabilities,observed_market_cap,risk_neutral,physical
TRST,2018,4958.913,161.893,-0.234486795,4958913000.0,481964368.8324355,4469042000.0,0.9012140362212444,reported,0.2200048978396587,monthly36,36.0,0.0181,652375710.0,36,2017,2015,0.180971175,2017,rit_tminus1,5041255689.985827,0.02847027322027349,4.853337676454623,6.070035785830325e-07,8.771089742807101e-15,2.9781732635569824e-14,7.0,converged,2.591464266628993,0.004778423295796082,0.11965060619794882,total_liabilities,observed_market_cap,risk_neutral,physical
TRST,2019,5221.322,148.666,0.062614546,5221322000.0,528132049.0574404,4683065000.0,0.8969117399769637,reported,0.2214667910592623,monthly36,36.0,0.021400000000000002,824503995.0,36,2018,2016,-0.234486795,2018,rit_tminus1,5408416108.333197,0.03376225700812987,4.882183195106682,5.245885744514565e-07,1.1566642759641813e-15,9.71445146547012e-16,7.0,converged,-0.6505211592574595,0.7423221807153793,0.12274732265177518,total_liabilities,observed_market_cap,risk_neutral,physical
TRST,2020,5901.796,214.755,-0.170607295,5901796000.0,560300426.4365687,5333635000.0,0.9037308304116238,reported,0.219801742145106,monthly36,36.0,0.0044,634306995.0,36,2019,2017,0.062614546,2019,rit_tminus1,5944525535.868625,0.02345382830021202,4.799330884358449,7.959829800069022e-07,3.2475387149679784e-13,6.45483666517066e-13,7.0,converged,1.434997948686443,0.07564384107122755,0.11715748902773228,total_liabilities,observed_market_cap,risk_neutral,physical
TRST,2021,6196.546,244.686,0.211649469,6196546000.0,601128000.0025464,5595418000.0,0.9029898269132514,reported,0.2964566047075133,monthly36,36.0,0.0004,640217833.59,36,2020,2018,-0.170607295,2020,rit_tminus1,6233389797.768816,0.03045376671055626,3.5433557416323413,0.00019753469322604858,4.655028464386846e-15,1.1102230246251565e-15,8.0,converged,-0.5100508513156806,0.6949920816743933,0.14180869190688836,total_liabilities,observed_market_cap,risk_neutral,physical
TRST,2022,6000.052,122.7,0.033958257,6000052000.0,599987000.0462922,5400065000.0,0.9000030333070447,reported,0.2962329672376722,monthly36,36.0,0.014199999999999999,715128436.47,36,2021,2019,0.211649469,2021,rit_tminus1,6039046354.175028,0.03508452503266684,3.5747857067878472,0.00017525743335315952,3.9006942434812574e-14,7.827072323607354e-14,7.0,converged,2.25821935007808,0.01196599373075607,0.14419285299945,total_liabilities,observed_market_cap,risk_neutral,physical
TRST,2023,6168.191,88.99,0.038331547,6168191000.0,645284999.9103202,5522906000.0,0.8953850488741351,reported,0.2905012492165774,monthly36,36.0,0.0495,590708644.65,36,2022,2020,0.033958257,2022,rit_tminus1,5846881104.692732,0.029353208462093397,3.6136900758104655,0.00015093493547620822,1.5539158565808464e-14,3.774758283725532e-15,8.0,converged,0.907000489188223,0.18220326926982938,0.13884579280984188,total_liabilities,observed_market_cap,risk_neutral,physical
UBFO,2018,933.058,10.155,-0.156508796,933058000.0,112651790.81627841,823818000.0,0.8829226050256254,reported,0.208697792825495,monthly36,36.0,0.0181,167419122.0,36,2017,2015,,2017,unavailable,976460150.7901354,0.03578231383922253,5.238457283812185,8.096222182092708e-08,4.2722463764007044e-15,6.938893903907228e-16,7.0,converged,,,,total_liabilities,observed_market_cap,risk_neutral,physical
UBFO,2019,956.919,10.808,0.032882911,956919000.0,119418429.48583823,840931000.0,0.8787901588326703,reported,0.2264064301368919,monthly36,36.0,0.021400000000000002,187516407.0,36,2018,2016,-0.156508796,2018,rit_tminus1,1010642669.9693621,0.042007864141253605,4.86455992962459,5.735587348939769e-07,1.2714544978539532e-15,3.0531133177191805e-16,7.0,converged,0.2844631478488683,0.3880277358642988,0.12844557322738057,total_liabilities,observed_market_cap,risk_neutral,physical
UBFO,2020,1092.654,10.924,-0.198590617,1092654000.0,121034539.27678436,974847000.0,0.8921827037653274,reported,0.1885834055862101,monthly36,36.0,0.0044,123205095.0,36,2019,2017,0.032882911,2019,rit_tminus1,1093772190.8600385,0.02124248248080271,5.615236788917881,9.814662463174092e-09,1.944811389472735e-13,2.0972112935169207e-13,7.0,converged,1.3605220027269105,0.08683239748949778,0.10740544891638094,total_liabilities,observed_market_cap,risk_neutral,physical
UBSI,2016,14508.892,1381.577,0.262494538,14508892000.0,3919179673.555959,12273145000.0,0.8459050491243577,reported,0.1902227790835438,monthly36,36.0,0.002,6570275000.0,36,2015,2013,,2015,unavailable,18818898239.926464,0.06641281301164818,6.4331368921869565,6.249848945292202e-11,5.225393973711146e-15,6.38378239159465e-16,7.0,converged,,,,total_liabilities,observed_market_cap,risk_neutral,physical
UBSI,2017,19058.959,1841.564,0.214803407,19058959000.0,4382586177.430164,15818429000.0,0.8299733999112963,reported,0.2234151303202226,monthly36,36.0,0.008,4936585000.0,36,2016,2014,0.262494538,2016,rit_tminus1,20628971383.15408,0.053464029299488895,5.089246269225539,1.7974475340596445e-07,3.0909604640657457e-15,6.106226635438361e-16,7.0,converged,3.924450628776941,4.346394197770395e-05,0.1338157770086738,total_liabilities,observed_market_cap,risk_neutral,physical
UBSI,2018,19250.498,1850.43,-0.241192801,19250498000.0,4514366295.950182,15998874000.0,0.8310888372861834,reported,0.237160154206854,monthly36,36.0,0.0181,4419486600.0,36,2017,2015,0.214803407,2017,rit_tminus1,20131385762.094154,0.052064325050456745,4.734650568294441,1.0971641026432915e-06,4.3157696932772686e-15,8.604228440844963e-16,7.0,converged,3.280638835878137,0.0005178613806702708,0.13696710204124474,total_liabilities,observed_market_cap,risk_neutral,physical
UBSI,2019,19662.324,2212.683,0.103160535,19662324000.0,4705552355.806832,16298491000.0,0.8289198672547559,reported,0.2392297876223876,monthly36,36.0,0.021400000000000002,5492039599.999999,36,2018,2016,-0.241192801,2018,rit_tminus1,21445448291.546146,0.06126522618993343,4.7982060863435425,8.004650597864855e-07,5.730339679525664e-15,1.0269562977782698e-15,7.0,converged,0.27429867304358546,0.3919275520890754,0.14242678203740441,total_liabilities,observed_market_cap,risk_neutral,physical
UBSI,2020,26184.247,1557.734,-0.122051631,26184247000.0,4725806583.730743,21886627000.0,0.8358700175720157,reported,0.2280761790299532,monthly36,36.0,0.0044,4602744000.0,36,2019,2017,0.103160535,2019,rit_tminus1,26393281260.170876,0.03977440102901138,4.798128006419614,8.007770904600532e-07,4.143938122156044e-15,8.326672684688674e-16,7.0,converged,2.232105657533344,0.01280399030459199,0.12805370799769067,total_liabilities,observed_market_cap,risk_neutral,physical
UBSI,2021,29328.902,946.238,0.227612691,29328902000.0,4718628001.553012,24610274000.0,0.8391133769685616,reported,0.3527814285215378,monthly36,36.0,0.0004,4948329260.24,36,2020,2018,-0.122051631,2020,rit_tminus1,29548334139.501434,0.0591306332912845,3.069731270218373,0.0010712572709735964,1.657448138504826e-14,1.6486811915683575e-14,7.0,converged,0.2641908848293727,0.39581641723945804,0.1741186558923765,total_liabilities,observed_market_cap,risk_neutral,physical
UBSI,2022,29489.38,2358.354,-0.007552934,29489380000.0,4516193001.098376,24973187000.0,0.8468535791529018,reported,0.3487464565340383,monthly36,36.0,0.014199999999999999,5455829989.780001,36,2021,2019,0.227612691,2021,rit_tminus1,30076535919.367893,0.0633065329319145,3.129830890360274,0.0008745348117339434,3.8455807824362805e-15,4.829470157119431e-15,7.0,converged,2.3405465544272013,0.009627768801603293,0.17511864898003784,total_liabilities,observed_market_cap,risk_neutral,physical
UBSI,2023,29926.482,1985.198,0.066905982,29926482000.0,4771240001.1748495,25155242000.0,0.8405679625156074,reported,0.3585570485000185,monthly36,36.0,0.0495,5067337315.65,36,2022,2020,-0.007552934,2022,rit_tminus1,29007204515.903725,0.06269924895481932,3.0305359589188208,0.0012206005808931635,4.8932073556626686e-15,9.825473767932635e-15,7.0,converged,0.9097037680558245,0.18148937824145028,0.17634460935468876,total_liabilities,observed_market_cap,risk_neutral,physical
UCB,2016,10708.655,889.287,0.323293496,10708655000.0,1843474754.0710402,9632920000.0,0.8995452743598519,reported,0.2414748548469085,monthly36,36.0,0.002,3598800380.0,36,2015,2013,,2015,unavailable,13212473698.003954,0.06577271680758891,4.801564413621831,7.871542537247883e-07,4.7699610655572124e-15,8.049116928532385e-16,7.0,converged,,,,total_liabilities,observed_market_cap,risk_neutral,physical
UCB,2017,11915.46,675.196,0.220313873,11915460000.0,2041179089.61369,10612126000.0,0.8906182388258616,reported,0.2682044629845292,monthly36,36.0,0.008,3418981860.0,36,2016,2014,0.323293496,2016,rit_tminus1,13946547929.515465,0.06575058413913933,4.244420666901355,1.095794417699499e-05,4.4629628606745515e-15,9.43689570931383e-16,7.0,converged,3.8388483733477354,6.180636694652426e-05,0.15388288679677264,total_liabilities,observed_market_cap,risk_neutral,physical
UCB,2018,12573.192,427.189,-0.309149761,12573192000.0,2235040276.577785,11115638000.0,0.8840744657363062,reported,0.2344575354499772,monthly36,36.0,0.0181,2607368540.0,36,2017,2015,0.220313873,2017,rit_tminus1,13523623237.64149,0.04520369877839171,4.715618379725717,1.2048886692317192e-06,4.389134723883337e-15,7.494005416219807e-16,7.0,converged,3.186226679135461,0.0007207080611788086,0.13252455788064746,total_liabilities,observed_market_cap,risk_neutral,physical
UCB,2019,12916.016,212.664,0.033086399,12916016000.0,2515195078.0307198,11280324000.0,0.8733594012271276,reported,0.2638328998643332,monthly36,36.0,0.021400000000000002,3751889120.0,36,2018,2016,-0.309149761,2018,rit_tminus1,14793377724.115028,0.06691352300053277,4.338150760893512,7.184329113329893e-06,5.592072230785301e-15,1.1102230246251565e-15,7.0,converged,-0.22044326400382538,0.5872370228958483,0.15286625570282963,total_liabilities,observed_market_cap,risk_neutral,physical
UCB,2020,17794.374,326.956,-0.172017844,17794374000.0,2678938141.1387835,15786844000.0,0.8871817575600018,reported,0.2569831612365406,monthly36,36.0,0.0044,3455431560.0,36,2019,2017,0.033086399,2019,rit_tminus1,19172964516.293514,0.04631494767261187,4.267557806127656,9.881228550385678e-06,3.311913895025894e-15,1.0547118733938987e-15,7.0,converged,1.5816389997625488,0.05686600277283875,0.13987785314682083,total_liabilities,observed_market_cap,risk_neutral,physical
UCB,2021,20946.771,247.36,0.188165554,20946771000.0,2125823000.3310292,18724526000.0,0.893909901435405,reported,0.3757692311024766,monthly36,36.0,0.0004,3211232746.44,36,2020,2018,-0.172017844,2020,rit_tminus1,21927603308.441353,0.0551334921476087,2.8438648774041235,0.002228497243008712,7.42451880405976e-16,1.0547118733938987e-14,7.0,converged,-0.1661489907091721,0.5659801495515593,0.17788005373184046,total_liabilities,observed_market_cap,risk_neutral,physical
UCB,2022,24008.884,1033.596,0.0075161,24008884000.0,2604252000.599329,21308210000.0,0.8875135553989099,reported,0.3621480919084824,monthly36,36.0,0.014199999999999999,3590329220.4,36,2021,2019,0.188165554,2021,rit_tminus1,24597608410.46937,0.05292988908146217,2.9540207017316193,0.0015683148197508897,4.648403952005831e-15,1.4099832412739488e-14,7.0,converged,1.9073548815419776,0.028237323892806032,0.1724929818912261,total_liabilities,observed_market_cap,risk_neutral,physical
UCB,2023,27297.251,324.823,-0.023417337,27297251000.0,3173259001.360827,24035726000.0,0.8805181884432246,reported,0.3701126361479657,monthly36,36.0,0.0495,3482241933.94,36,2022,2020,0.0075161,2022,rit_tminus1,26356497050.046722,0.04898625759837229,2.8676140062466606,0.0020678988397098506,1.506273498435434e-15,4.440892098500626e-16,8.0,converged,0.7479082174626743,0.2272577603135526,0.17132767692334622,total_liabilities,observed_market_cap,risk_neutral,physical
UMBF,2016,20682.532,1933.709,0.279646692,20682532000.0,2999236484.734936,18720148000.0,0.9051187736588537,reported,0.2546964681385369,monthly36,36.0,0.002,5854834411.52,36,2015,2013,,2015,unavailable,24537578562.43406,0.06077251428189696,4.4552827586449215,4.189134821204423e-06,5.863919109833858e-15,1.1102230246251565e-15,7.0,converged,,,,total_liabilities,observed_market_cap,risk_neutral,physical
UMBF,2017,21771.583,1339.985,0.164576237,21771583000.0,3319342332.4161873,19590052000.0,0.8997991556240995,reported,0.2741874333682032,monthly36,36.0,0.008,5460058232.32,36,2016,2014,0.279646692,2016,rit_tminus1,24894009445.424335,0.060139148793469814,4.087137080561673,2.1836454759412204e-05,4.8905853606672695e-15,1.1102230246251565e-15,7.0,converged,3.3703385737357325,0.0003753793924955064,0.15247112434620314,total_liabilities,observed_market_cap,risk_neutral,physical
UMBF,2018,23351.119,1601.591,-0.25641133,23351119000.0,3444455608.838782,21122649000.0,0.9045668860665735,reported,0.2450775872753356,monthly36,36.0,0.0181,4628750701.12,36,2017,2015,0.164576237,2017,rit_tminus1,25372518274.0174,0.04471004528091028,4.482689698185008,3.6854035181350786e-06,2.6784259757781757e-15,5.273559366969494e-16,7.0,converged,2.6127741443057895,0.004490531568635416,0.13532108964251344,total_liabilities,observed_market_cap,risk_neutral,physical
UMBF,2019,26561.355,1993.998,0.003242037,26561355000.0,4030278068.510355,23954915000.0,0.90187097006158,reported,0.2194168534650757,monthly36,36.0,0.021400000000000002,5211045565.44,36,2018,2016,-0.25641133,2018,rit_tminus1,28658771614.569897,0.03989673699479962,5.010188278429209,2.7188405064387765e-07,7.503416825209577e-15,1.3877787807814457e-15,7.0,converged,-0.538093515687155,0.7047437555640959,0.12532297647497953,total_liabilities,observed_market_cap,risk_neutral,physical
UMBF,2020,33127.504,2585.092,-0.185741259,33127504000.0,4771076802.487818,30110556000.0,0.9089292087927904,reported,0.2061009378215727,monthly36,36.0,0.0044,5237617039.04,36,2019,2017,0.003242037,2019,rit_tminus1,35215977622.50567,0.03065307087393867,5.237787648831529,8.125644594143013e-08,7.101187059422903e-15,2.220446049250313e-15,7.0,converged,1.3396466019914657,0.09018013270021974,0.11702044789161128,total_liabilities,observed_market_cap,risk_neutral,physical
UMBF,2021,42693.484,3509.979,0.153696644,42693484000.0,3145424000.108048,39548060000.0,0.9263254317684638,reported,0.2888205229172605,monthly36,36.0,0.0004,5138992718.55,36,2020,2018,-0.185741259,2020,rit_tminus1,44671196974.48062,0.03322969250144516,3.661188966068165,0.0001255237526820844,3.6187342906313825e-14,1.1562972801471005e-13,7.0,converged,-0.5203961727633547,0.6986062614709945,0.14136583243513096,total_liabilities,observed_market_cap,risk_neutral,physical
UMBF,2022,38512.461,2603.478,0.041588005,38512461000.0,2667092999.8740754,35845368000.0,0.9307472716428067,reported,0.2885759961343087,monthly36,36.0,0.014199999999999999,4035636622.08,36,2021,2019,0.153696644,2021,rit_tminus1,39375562904.956665,0.029579994274748347,3.6407563278934303,0.000135919160059012,9.925155567752325e-15,2.6645352591003757e-15,8.0,converged,1.803956465513517,0.03561906597936905,0.138985577347624,total_liabilities,observed_market_cap,risk_neutral,physical
UMBF,2023,44011.674,4302.891,-0.030962751,44011674000.0,3100418999.9289727,40911255000.0,0.9295546222577219,reported,0.2778672943458097,monthly36,36.0,0.0495,4056697310.85,36,2022,2020,0.041588005,2022,rit_tminus1,42992129827.03262,0.026221250810895873,3.766719094071212,8.270346526574795e-05,3.5262958140439615e-16,1.3877787807814457e-15,8.0,converged,0.9508871247957899,0.17083083919523095,0.13375661733389455,total_liabilities,observed_market_cap,risk_neutral,physical
UNB,2018,805.337,27.821,-0.174767499,805337000.0,65529412.92563494,740846000.0,0.919920480494501,reported,0.2403116299136296,monthly36,36.0,0.0181,216718150.0,36,2017,2015,,2017,unavailable,944275452.6268616,0.05515333838888897,4.699700913609072,1.3027139215650648e-06,6.600792202265362e-15,1.27675647831893e-15,7.0,converged,,,,total_liabilities,observed_market_cap,risk_neutral,physical
UNB,2019,872.912,47.164,0.062874409,872912000.0,72913308.77548707,801069000.0,0.9176973165679931,reported,0.2557564771910355,monthly36,36.0,0.021400000000000002,164569636.0,36,2018,2016,-0.174767499,2018,rit_tminus1,948677815.3957593,0.0443671006405573,4.27203792189359,9.684731303146045e-06,2.1731096777314605e-15,0.0,7.0,converged,0.018377775851430612,0.492668740875255,0.13810844112984252,total_liabilities,observed_market_cap,risk_neutral,physical
UNB,2020,1093.554,7.164,-0.203462291,1093554000.0,81922940.5917988,1012687000.0,0.9260512055188861,reported,0.2772423161893163,monthly36,36.0,0.0044,116687406.0,36,2019,2017,0.062874409,2019,rit_tminus1,1124927867.2521493,0.028759912081891343,3.7934105889228036,7.42960755655461e-05,1.1237735330739923e-14,2.831068712794149e-15,8.0,converged,1.199851035749244,0.11509859958737678,0.13562814799015876,total_liabilities,observed_market_cap,risk_neutral,physical
UNB,2021,1205.373,16.171,0.226049985,1205373000.0,82163910.81170924,1121032000.0,0.9300291279131024,reported,0.3666076799944208,monthly36,36.0,0.0004,130585614.3,36,2020,2018,-0.203462291,2020,rit_tminus1,1251142476.2388947,0.03833691826089476,2.8555390096679383,0.002148192227870206,8.786491667377098e-15,2.942091015256665e-15,8.0,converged,-0.6474464326664813,0.7413284735928832,0.16512233602163812,total_liabilities,observed_market_cap,risk_neutral,physical
UNB,2022,1336.489,66.205,0.081784506,1336489000.0,53840299.20011112,1281269000.0,0.9586827875126545,reported,0.3817499464993233,monthly36,36.0,0.014199999999999999,105546021.67,36,2021,2019,0.226049985,2021,rit_tminus1,1368710560.8129737,0.029531255991028824,2.7016141667233757,0.003450189286262443,8.329717184280222e-15,2.7755575615628914e-15,9.0,converged,1.7858946442099557,0.03705815916446427,0.16342246632368732,total_liabilities,observed_market_cap,risk_neutral,physical
UNB,2023,1468.879,81.935,0.071278642,1468879000.0,65807000.013430536,1403072000.0,0.9551991688900174,reported,0.3384193423140311,monthly36,36.0,0.0495,138502691.2,36,2022,2020,0.081784506,2022,rit_tminus1,1473801617.6099343,0.031832646066108854,3.0840797726828093,0.00102091419134503,4.7338509226692695e-15,1.4432899320127035e-15,9.0,converged,1.0740046574133395,0.14141029706574337,0.15291653844286685,total_liabilities,observed_market_cap,risk_neutral,physical
UNTY,2018,1579.157,220.31,-0.246585514,1579157000.0,128867066.49611849,1440669000.0,0.9123025766279097,reported,0.2276240703051726,monthly36,36.0,0.0181,208245636.00000003,36,2017,2015,,2017,unavailable,1623073087.2751021,0.029204954832841194,4.687124728723298,1.3853505956040615e-06,9.016017557384994e-15,4.268807529683727e-14,7.0,converged,,,,total_liabilities,observed_market_cap,risk_neutral,physical
UNTY,2019,1718.942,293.31,0.097365153,1718942000.0,148156240.27287143,1558233000.0,0.9065070258333323,reported,0.2237290193851261,monthly36,36.0,0.021400000000000002,226401927.0,36,2018,2016,-0.246585514,2018,rit_tminus1,1751643005.5630214,0.028917262832919198,4.7716693513781445,9.135263296884609e-07,5.265383167466646e-15,2.8699265186560297e-14,7.0,converged,-0.9781056302838506,0.8359889582613655,0.12087615966539844,total_liabilities,observed_market_cap,risk_neutral,physical
USB,2016,445964.0,47286.0,0.289997177,445964000000.0,38376163209.13554,398031000000.0,0.8925182301710451,reported,0.1168564767706493,monthly36,36.0,0.002,80035998634.23999,36,2015,2013,,2015,unavailable,477271732165.79755,0.019596226184979224,9.357112860890199,4.097261685886794e-21,3.812981489050148e-15,3.3306690738754696e-16,8.0,converged,,,,total_liabilities,observed_market_cap,risk_neutral,physical
USB,2017,462040.0,48910.0,0.214004198,462040000000.0,41049140103.21827,412374000000.0,0.8925071422387673,reported,0.1444378496417114,monthly36,36.0,0.008,83479244828.16,36,2016,2014,0.289997177,2016,rit_tminus1,492567413677.1774,0.024479009934258687,7.573877243129823,1.811233670529673e-14,7.676987758384895e-15,2.7006175074006933e-14,7.0,converged,4.896784903809121,4.870868492970893e-07,0.09592932296170747,total_liabilities,observed_market_cap,risk_neutral,physical
USB,2018,467374.0,55479.0,-0.241510361,467374000000.0,43636102766.897354,415717000000.0,0.8894739544775704,reported,0.1456583900160647,monthly36,36.0,0.0181,71201968806.40001,36,2017,2015,0.214004198,2017,rit_tminus1,479462178632.9437,0.021630828466781233,7.4211826011457935,5.803957343348705e-14,2.3573320022074032e-15,5.134781488891349e-14,7.0,converged,3.8660687195272847,5.530189256956545e-05,0.09507779392200766,total_liabilities,observed_market_cap,risk_neutral,physical
USB,2019,495426.0,62548.0,0.13113876,495426000000.0,46582819115.1488,442943000000.0,0.894064905757873,reported,0.174807150142663,monthly36,36.0,0.021400000000000002,92375595854.08,36,2018,2016,-0.241510361,2018,rit_tminus1,525940321097.11743,0.03070294101544969,6.275467855832516,1.74292246840144e-10,9.085012017277647e-15,1.6653345369377348e-15,7.0,converged,-0.5375125848769139,0.7045432028633642,0.10769748328733142,total_liabilities,observed_market_cap,risk_neutral,physical
USB,2020,553905.0,51829.0,-0.20559201,553905000000.0,48703824641.91023,500180000000.0,0.9030068333017395,reported,0.1936040013315969,monthly36,36.0,0.0044,72588615463.68001,36,2019,2017,0.13113876,2019,rit_tminus1,570572658075.6472,0.02463042422789901,5.512254112637491,1.771334643212842e-08,2.3123003327082708e-15,2.298161660974074e-14,7.0,converged,2.358647136206232,0.009170843525233063,0.11046635070983693,total_liabilities,observed_market_cap,risk_neutral,physical
USB,2021,573284.0,42751.0,0.320327608,573284000000.0,48547000012.24682,517897000000.0,0.9033864541832669,reported,0.2885579497701117,monthly36,36.0,0.0004,83328316945.07,36,2020,2018,-0.20559201,2020,rit_tminus1,601017689636.3667,0.04001075706186579,3.710191147203971,0.0001035514090987221,7.764139250244117e-14,1.2223555501122974e-13,7.0,converged,-0.4610101169443647,0.6776043266417919,0.14520466780586755,total_liabilities,observed_market_cap,risk_neutral,physical
USB,2022,674805.0,69545.0,0.049817225,674805000000.0,43958000013.92098,623573000000.0,0.9240788079519269,reported,0.2976053556990489,monthly36,36.0,0.014199999999999999,66765961831.38,36,2021,2019,0.320327608,2021,rit_tminus1,681545839929.6593,0.029159789217503906,3.521031152879933,0.00021493605523855013,1.8397585923100323e-14,4.9404924595819466e-15,8.0,converged,2.9194084378090643,0.0017534820030186428,0.14115272253827807,total_liabilities,observed_market_cap,risk_neutral,physical
USB,2023,663491.0,65353.0,0.119027993,663491000000.0,48497999997.93436,607720000000.0,0.915943094932712,reported,0.302433862972447,monthly36,36.0,0.0495,67429939420.4,36,2022,2020,0.049817225,2022,rit_tminus1,645799029737.2214,0.03158523970448987,3.47552507661893,0.0002549271612363372,2.149764590325211e-15,3.885780586188048e-16,8.0,converged,1.0105122764377241,0.15612496038482765,0.14326872922976497,total_liabilities,observed_market_cap,risk_neutral,physical
UVSP,2017,4554.862,355.59,0.163886379,4554862000.0,594022346.923345,3951488000.0,0.8675318813171508,reported,0.2002542439222624,monthly36,36.0,0.008,810089610.0,36,2016,2014,,2016,unavailable,4730091816.547305,0.034296138812833235,5.460214791643301,2.377794417040356e-08,5.297604574669369e-15,8.881784197001252e-16,7.0,converged,,,,total_liabilities,observed_market_cap,risk_neutral,physical
UVSP,2018,4984.347,429.672,-0.25726884,4984347000.0,615803252.714776,4360214000.0,0.8747813906214796,reported,0.2297924835450363,monthly36,36.0,0.0181,622945914.0,36,2017,2015,0.163886379,2017,rit_tminus1,4904949932.50671,0.029184498875366144,4.639376536526857,1.7473091663349767e-06,4.210003326415891e-14,4.754530102957233e-14,7.0,converged,2.3618290142225713,0.009092513704581147,0.12274241650079461,total_liabilities,observed_market_cap,risk_neutral,physical
UVSP,2019,5380.924,321.128,0.02739189,5380924000.0,664663541.2274039,4705802000.0,0.8745341878086366,reported,0.2463777804412166,monthly36,36.0,0.021400000000000002,773411756.0,36,2018,2016,-0.25726884,2018,rit_tminus1,5379579265.54801,0.03542145129507445,4.364208889136985,6.379181096541375e-06,1.356381952961774e-14,1.1546319456101628e-14,7.0,converged,-0.8699625705624447,0.8078395703444214,0.13061962293689777,total_liabilities,observed_market_cap,risk_neutral,physical
UVSP,2020,6336.496,319.709,-0.260215869,6336496000.0,682665791.6481886,5644024000.0,0.8907168883243989,reported,0.2407350632528826,monthly36,36.0,0.0044,594354516.0,36,2019,2017,0.02739189,2019,rit_tminus1,6213599184.23898,0.02302736716740621,4.354726704261056,6.661651704519712e-06,1.2836437388573657e-14,2.831068712794149e-15,8.0,converged,0.9785922439524721,0.16389074654548308,0.12262189424738223,total_liabilities,observed_market_cap,risk_neutral,physical
UVSP,2021,7122.421,213.98,0.235477483,7122421000.0,773794000.2368855,6348627000.0,0.8913580087444986,reported,0.3176751834836666,monthly36,36.0,0.0004,882656216.6400001,36,2020,2018,-0.260215869,2020,rit_tminus1,7228717270.037016,0.03880375507336329,3.3365370884745875,0.00042414554702447987,1.323562917898916e-14,3.780309398848658e-14,7.0,converged,-0.9294799136709427,0.8236797849609367,0.15239752120506167,total_liabilities,observed_market_cap,risk_neutral,physical
UVSP,2022,7222.016,440.401,0.092574588,7222016000.0,776500000.0939058,6445516000.0,0.8924815453192018,reported,0.3280571895543357,monthly36,36.0,0.014199999999999999,764875138.9499999,36,2021,2019,0.235477483,2021,rit_tminus1,7119471197.929157,0.03526563794905195,3.205015744087978,0.0006752754648201429,1.5585457479298983e-16,5.551115123125783e-17,8.0,converged,2.1984130658312275,0.013959841719359763,0.1528104416609008,total_liabilities,observed_market_cap,risk_neutral,physical
VABK,2023,1646.017,73.421,0.033374072,1646017000.0,153781473.58695456,1492977000.0,0.9070240465317186,reported,0.166329020829365,monthly_ewma,21.0,0.0495,185376272.4,21,2022,2022,,2022,unavailable,1606250184.2787397,0.01919592238961377,6.378752058379637,8.92684046785502e-11,1.462976519146079e-14,2.1371793224034263e-15,8.0,converged,,,,total_liabilities,observed_market_cap,risk_neutral,physical
VBTX,2017,2945.583,102.853,0.307095237,2945583000.0,1100599087.7060533,2456654000.0,0.8340128253048718,reported,0.3130865548103281,monthly36,27.0,0.008,1497350685.0,27,2016,2015,,2016,unavailable,3934427444.502723,0.11915608202071577,3.9600665996603537,3.746443187520139e-05,9.235162962436301e-15,8.382183835919932e-14,6.0,converged,,,,total_liabilities,observed_market_cap,risk_neutral,physical
VBTX,2018,3208.55,44.71,-0.358561878,3208550000.0,1187377178.199833,2677912000.0,0.8346175063502205,reported,0.2580460500783509,monthly36,36.0,0.0181,1160324670.0,36,2017,2015,0.307095237,2017,rit_tminus1,3790202391.081574,0.07899780191976337,4.586984668734935,2.2484684506557944e-06,8.219029906571322e-16,2.220446049250313e-16,7.0,converged,4.1456108002513234,1.6945453338927935e-05,0.15790296522187106,total_liabilities,observed_market_cap,risk_neutral,physical
VLY,2016,22864.439,2556.443,0.319628178,22864439000.0,4815259952.621823,20487283000.0,0.896032612040033,reported,0.1726192517743079,monthly36,36.0,0.002,6522369146.88,36,2015,2013,,2015,unavailable,26968718528.140884,0.04174786728452112,6.611159919282927,1.9066013740260665e-11,7.457012788057945e-15,1.0269562977782698e-15,7.0,converged,,,,total_liabilities,observed_market_cap,risk_neutral,physical
VLY,2017,24002.306,3106.221,0.245796117,24002306000.0,4922839576.650917,21469141000.0,0.8944615988147139,reported,0.181353284581975,monthly36,36.0,0.008,6287025930.240001,36,2016,2014,0.319628178,2016,rit_tminus1,27585098986.347103,0.04133292410732821,6.237277754121445,2.226255096148932e-10,8.039530825921336e-15,1.1657341758564144e-15,7.0,converged,4.963161479599918,3.467743614457524e-07,0.11482149787061396,total_liabilities,observed_market_cap,risk_neutral,physical
VLY,2018,31863.088,3828.552,-0.290374056,31863088000.0,5309995453.394011,28512634000.0,0.8948484214712648,reported,0.1913044376982352,monthly36,36.0,0.0181,4975828008.96,36,2017,2015,0.245796117,2017,rit_tminus1,32977025792.798084,0.028865489316631836,5.651982323911543,7.930395246827726e-09,4.40821291207135e-15,6.106226635438361e-16,7.0,converged,3.5841925499822795,0.0001690612933822344,0.1117154329751736,total_liabilities,observed_market_cap,risk_neutral,physical
VLY,2019,37436.02,3273.213,0.11301017,37436020000.0,5800315237.548504,33051832000.0,0.8828885121869259,reported,0.2235116184244492,monthly36,36.0,0.021400000000000002,6415904358.4,36,2018,2016,-0.290374056,2018,rit_tminus1,38767941538.177704,0.0369900945160066,4.872453800593598,5.511031792333722e-07,3.864697919646985e-15,5.551115123125783e-16,7.0,converged,-0.9662365655475207,0.8330370901261201,0.12500052796429778,total_liabilities,observed_market_cap,risk_neutral,physical
VLY,2020,40686.076,3501.115,-0.176169346,40686076000.0,6080475177.979807,36093956000.0,0.887132885461847,reported,0.2349312170581114,monthly36,36.0,0.0044,5463324672.0,36,2019,2017,0.11301017,2019,rit_tminus1,41398815540.1261,0.031003507622110942,4.549363760953724,2.690417880300762e-06,8.378848034074882e-14,1.3455903058456897e-13,7.0,converged,1.9637542088329014,0.02477930137326263,0.1253234687890949,total_liabilities,observed_market_cap,risk_neutral,physical
VLY,2021,43446.443,2136.582,0.285056621,43446443000.0,4874375001.191306,38362377000.0,0.8829808460959623,reported,0.3142969025235179,monthly36,36.0,0.0004,5794759685.0,36,2020,2018,-0.176169346,2020,rit_tminus1,44141653140.04911,0.04127222209877481,3.389081890189821,0.00035063532138955003,1.5799228846709284e-14,4.2521541843143495e-14,7.0,converged,-0.30852805136314704,0.6211597206495061,0.1529466909092572,total_liabilities,observed_market_cap,risk_neutral,physical
VLY,2022,57462.749,1738.58,0.010551009,57462749000.0,6191110999.009221,51061947000.0,0.8886095407652704,reported,0.2994951396517706,monthly36,36.0,0.014199999999999999,5727095346.18,36,2021,2019,0.285056621,2021,rit_tminus1,56068999162.33844,0.0305977444906753,3.505990663459699,0.00022745558846335408,5.328631056466585e-15,1.3877787807814457e-15,8.0,converged,2.675453603196,0.003731410100628105,0.14248410385391103,total_liabilities,observed_market_cap,risk_neutral,physical
VLY,2023,60934.974,3303.332,0.071962919,60934974000.0,6491699997.485137,54233583000.0,0.8900238966213393,reported,0.3216242986660277,monthly36,36.0,0.0495,5513729807.219999,36,2022,2020,0.010551009,2022,rit_tminus1,57127868111.536446,0.031057686735799887,3.252316806181568,0.0005723417891915827,1.5566720074707104e-14,2.7755575615628914e-16,8.0,converged,0.6512226139486451,0.2574513972522824,0.14805248538880508,total_liabilities,observed_market_cap,risk_neutral,physical
WABC,2016,5366.083,59.078,0.175539217,5366083000.0,567297680.7334186,4804716000.0,0.8953860758396768,reported,0.2121664288388149,monthly36,36.0,0.002,1647551451.0,36,2015,2013,,2015,unavailable,6442667620.666716,0.05425627024476021,5.416385476311686,3.0407956645126315e-08,6.367277619221829e-15,1.0269562977782698e-15,7.0,converged,,,,total_liabilities,observed_market_cap,risk_neutral,physical
WABC,2017,5513.046,58.471,0.111618779,5513046000.0,584782220.894797,4922807000.0,0.8929377697918719,reported,0.2537560417970367,monthly36,36.0,0.008,1559060685.0,36,2016,2014,0.175539217,2016,rit_tminus1,6442642114.079633,0.06140682046127895,4.481170414049703,3.7117402498221075e-06,6.728678095342228e-15,1.27675647831893e-15,7.0,converged,2.9882451016309384,0.0014029221945039058,0.14718896920211708,total_liabilities,observed_market_cap,risk_neutral,physical
WABC,2018,5568.526,51.247,-0.1315792,5568526000.0,602940639.57063,4952935000.0,0.8894517148703266,reported,0.2605127312750865,monthly36,36.0,0.0181,1457741376.0,36,2017,2015,0.111618779,2017,rit_tminus1,6321834248.418973,0.060071537610776556,4.333579272458492,7.3352210080762665e-06,6.542136568992125e-15,1.3322676295501878e-15,7.0,converged,2.420064242792375,0.007758882670004623,0.14818757613166333,total_liabilities,observed_market_cap,risk_neutral,physical
WABC,2019,5619.555,30.928,0.066913064,5619555000.0,707597703.4010555,4888138000.0,0.8698443204132712,reported,0.2425880607232841,monthly36,36.0,0.021400000000000002,1774266039.0,36,2018,2016,-0.1315792,2018,rit_tminus1,6558909175.441642,0.06562311301906613,4.773617710713521,9.047285446980801e-07,5.375035622863827e-15,9.71445146547012e-16,7.0,converged,1.1487056847248318,0.125338680491633,0.1457842591674949,total_liabilities,observed_market_cap,risk_neutral,physical
WABC,2020,6747.931,102.545,-0.151720098,6747931000.0,825071473.2188324,5903122000.0,0.8748047364444005,reported,0.2085032257859312,monthly36,36.0,0.0044,1447530903.0,36,2019,2017,0.066913064,2019,rit_tminus1,7324736222.53667,0.04120487971328587,5.3228370194832975,5.108063541629758e-08,4.611798063176652e-15,8.326672684688674e-16,7.0,converged,2.2640580676239095,0.011785271786270979,0.12307423156017525,total_liabilities,observed_market_cap,risk_neutral,physical
WABC,2021,7461.026,146.246,0.188006144,7461026000.0,827101999.9123886,6633924000.0,0.8891436646916925,reported,0.1971715452454135,monthly36,36.0,0.0004,1550974180.0,36,2020,2018,-0.151720098,2020,rit_tminus1,8182245140.610019,0.03737458032859501,5.604656004950212,1.0433448574552878e-08,7.37864752646946e-15,1.2212453270876722e-15,7.0,converged,0.436447603986956,0.3312560033810452,0.11784012653856824,total_liabilities,observed_market_cap,risk_neutral,physical
WABC,2022,6950.317,57.792,0.061648737,6950317000.0,602109999.990154,6348207000.0,0.9133694189775804,reported,0.1798444158153935,monthly36,36.0,0.014199999999999999,1588136130.0,36,2021,2019,0.188006144,2021,rit_tminus1,7846835598.086158,0.036399056795715694,6.194541984141363,2.922737931349733e-10,2.401996399153138e-15,3.3306690738754696e-16,7.0,converged,3.6179630281829884,0.0001484653998814276,0.11194704473201347,total_liabilities,observed_market_cap,risk_neutral,physical
WAL,2017,20329.085,792.922,0.318793438,20329085000.0,2333621453.317222,18099387000.0,0.890319805342936,reported,0.272859317701091,monthly36,36.0,0.008,6251074480.0,36,2016,2014,,2016,unavailable,24206240488.20315,0.07046448376600305,4.204242527136077,1.309789694624212e-05,6.102466508485754e-15,1.27675647831893e-15,7.0,converged,,,,total_liabilities,observed_market_cap,risk_neutral,physical
WAL,2018,23109.486,873.869,-0.451265659,23109486000.0,2749599149.25259,20495752000.0,0.8868977873415272,reported,0.2719291768769056,monthly36,36.0,0.0181,4359853960.0,36,2017,2015,0.318793438,2017,rit_tminus1,24487963835.291225,0.04841557767394058,4.0253995703746925,2.8439325922679744e-05,8.749598726524776e-15,2.9976021664879227e-15,7.0,converged,3.45653880345093,0.000273580211878325,0.14498569647241927,total_liabilities,observed_market_cap,risk_neutral,physical
WAL,2019,26821.948,410.238,0.026791602,26821948000.0,3248625833.7729135,23805200000.0,0.8875268865631981,reported,0.2754912678256319,monthly36,36.0,0.021400000000000002,6293028000.0,36,2018,2016,-0.451265659,2018,rit_tminus1,29594201307.402523,0.05858271027383122,4.051680573898524,2.5425529027930127e-05,7.274140078115018e-15,1.6653345369377348e-15,7.0,converged,-1.5050716907010357,0.9338471768475036,0.15161907353459092,total_liabilities,observed_market_cap,risk_neutral,physical
WAL,2020,36461.0,569.7,-0.182041614,36461000000.0,3737103385.110766,33047500000.0,0.9063794191053455,reported,0.2742656941211669,monthly36,36.0,0.0044,6618719800.0,36,2019,2017,0.026791602,2019,rit_tminus1,39521117880.55087,0.045933471219318435,3.9673530376169426,3.633764925633541e-05,5.187147428514046e-15,1.1046719095020308e-14,7.0,converged,1.3760197275194086,0.08440776287116047,0.14454646020384898,total_liabilities,observed_market_cap,risk_neutral,physical
WAL,2021,55982.6,2397.7,0.209083594,55982600000.0,4668100000.351687,51020000000.0,0.9113545994648338,reported,0.4456372336942475,monthly36,36.0,0.0004,11478861598.0,36,2020,2018,-0.182041614,2020,rit_tminus1,62467977509.1119,0.08239592727779928,2.4205299345065225,0.0077489516184458635,3.987883885234383e-15,9.43689570931383e-16,7.0,converged,-0.009016542411778664,0.5035970312524285,0.21361206753067005,total_liabilities,observed_market_cap,risk_neutral,physical
WAL,2022,67734.0,7192.0,-0.042252908,67734000000.0,5060999999.115273,62378000000.0,0.92092597513804,reported,0.4656029924196085,monthly36,36.0,0.014199999999999999,6486949168.56,36,2021,2019,0.209083594,2021,rit_tminus1,67972195766.635345,0.044988991773239936,2.2021849806335867,0.013826122275204113,9.849958360842634e-15,6.050715484207103e-15,8.0,converged,1.485656894048016,0.06868494894995866,0.19458503885690467,total_liabilities,observed_market_cap,risk_neutral,physical
WASH,2017,4529.85,814.037,0.157847377,4529850000.0,462815967.74609905,4116566000.0,0.9087643078689139,reported,0.2304632811191995,monthly36,36.0,0.008,1027251075.0,36,2016,2014,,2016,unavailable,5111015900.732752,0.046320299494202584,4.820911944915357,7.145171503775486e-07,4.641875485047558e-16,1.1102230246251565e-16,7.0,converged,,,,total_liabilities,observed_market_cap,risk_neutral,physical
WASH,2018,5010.766,973.403,-0.213460625,5010766000.0,499707772.0496694,4562582000.0,0.9105557912702369,reported,0.1975435432477951,monthly36,36.0,0.0181,916905983.0,36,2017,2015,0.157847377,2017,rit_tminus1,5397648133.314433,0.03355699641960835,5.531234028107476,1.589928690967588e-08,9.360903960484082e-15,1.4988010832439613e-15,7.0,converged,2.8862904623365053,0.001949061089360115,0.11581102328089099,total_liabilities,observed_market_cap,risk_neutral,physical
WASH,2019,5292.659,1164.145,0.049591541,5292659000.0,559388354.5334643,4789167000.0,0.9048697450563129,reported,0.2133556661506416,monthly36,36.0,0.021400000000000002,1037668269.0,36,2018,2016,-0.213460625,2018,rit_tminus1,5725435933.534393,0.038668222045368794,5.151894076534292,1.2893433940390313e-07,8.271495914515865e-15,1.3877787807814457e-15,7.0,converged,-0.20254533793142884,0.5802547908629313,0.12293117972369362,total_liabilities,observed_market_cap,risk_neutral,physical
WASH,2020,5713.169,616.54,-0.177976658,5713169000.0,596872749.5861707,5178974000.0,0.9064976022939283,reported,0.2027932024346707,monthly36,36.0,0.0044,864241280.0,36,2019,2017,0.049591541,2019,rit_tminus1,6020477851.961295,0.029111022315820887,5.308502701522403,5.526472379492578e-08,0.0,1.887379141862766e-15,7.0,converged,1.710977624076045,0.04354262177585987,0.11529891047401392,total_liabilities,observed_market_cap,risk_neutral,physical
WASH,2021,5851.127,167.681,0.197880562,5851127000.0,564807999.9636279,5286319000.0,0.903470220352421,reported,0.2587426713492051,monthly36,36.0,0.0004,976938210.66,36,2020,2018,-0.177976658,2020,rit_tminus1,6261142440.472673,0.04037261002058955,4.18168482500128,1.446784474177549e-05,5.735098236255448e-15,2.09277040141842e-14,7.0,converged,-0.12981080298063874,0.551641942152063,0.13715557231518724,total_liabilities,observed_market_cap,risk_neutral,physical
WASH,2022,6660.051,1002.681,0.049015178,6660051000.0,453668999.96505266,6206382000.0,0.9318820531554488,reported,0.2603384972817638,monthly36,36.0,0.014199999999999999,810682286.54,36,2021,2019,0.197880562,2021,rit_tminus1,6929555469.2342825,0.030457388691471923,4.06974224928067,2.3532589356315982e-05,4.823177664278098e-14,1.4349632593280148e-13,7.0,converged,2.3656856677749993,0.008998358450657584,0.13186582184872223,total_liabilities,observed_market_cap,risk_neutral,physical
WASH,2023,7202.847,1212.681,0.034600437,7202847000.0,472686000.00231093,6730161000.0,0.9343751158396117,reported,0.2687751530077221,monthly36,36.0,0.0495,551463359.0600001,36,2022,2020,0.049015178,2022,rit_tminus1,6956590550.464069,0.021307445966352683,3.8654760070120413,5.543637431280031e-05,2.358403922276764e-13,2.9160007741779737e-13,8.0,converged,0.9286414891180871,0.17653745643694035,0.12867358512927438,total_liabilities,observed_market_cap,risk_neutral,physical
WBS,2016,26072.529,4017.948,0.38986573,26072529000.0,4408327508.089247,23545517000.0,0.9030776032505324,reported,0.1941965459917459,monthly36,36.0,0.002,9131469685.76,36,2015,2013,,2015,unavailable,32629942711.234013,0.05434578569886797,6.013680307931452,9.067900027459043e-10,4.38640467169539e-15,5.828670879282072e-16,7.0,converged,,,,total_liabilities,observed_market_cap,risk_neutral,physical
WBS,2017,26487.645,2546.141,0.257119188,26487645000.0,4674383784.858875,23785687000.0,0.89799176181952,reported,0.2452368659414093,monthly36,36.0,0.008,9447740190.72,36,2016,2014,0.38986573,2016,rit_tminus1,33043900515.244358,0.07011689538449409,4.76767819597105,9.318057027965372e-07,5.047102784129227e-15,9.159339953157541e-16,7.0,converged,4.774181628901606,9.021974112890164e-07,0.14938273894071832,total_liabilities,observed_market_cap,risk_neutral,physical
WBS,2018,27610.315,2634.703,-0.372167486,27610315000.0,5003328408.719597,24723800000.0,0.8954551949153785,reported,0.2628568633110464,monthly36,36.0,0.0181,8292007015.68,36,2017,2015,0.257119188,2017,rit_tminus1,32572329574.575626,0.06691635335834785,4.357050042771353,6.591356789026054e-06,1.8401804332347973e-15,3.3306690738754696e-16,7.0,converged,3.5022409736275764,0.0002306810712605579,0.15266947985198093,total_liabilities,observed_market_cap,risk_neutral,physical
WBS,2019,30389.344,3529.271,0.033487095,30389344000.0,5598823579.37871,27181574000.0,0.8944442499318183,reported,0.2742609926522031,monthly36,36.0,0.021400000000000002,8976699013.12,36,2018,2016,-0.372167486,2018,rit_tminus1,35582761103.54902,0.06919042453035737,4.167170662293053,1.5420180457599e-05,6.374331912069655e-16,2.220446049250313e-16,7.0,converged,-0.6307137513012655,0.7358861469641029,0.1572184724305822,total_liabilities,observed_market_cap,risk_neutral,physical
WBS,2020,32590.69,1696.182,-0.223574925,32590690000.0,5762355731.261349,29356065000.0,0.9007500301466461,reported,0.2772588818639548,monthly36,36.0,0.0044,7090852012.8,36,2019,2017,0.033487095,2019,rit_tminus1,36318022159.71405,0.054134400002071266,3.985444759280084,3.3676923029843375e-05,3.631327588911425e-15,7.216449660063518e-16,7.0,converged,1.5901307289004112,0.05590267035367337,0.15004320908864643,total_liabilities,observed_market_cap,risk_neutral,physical
WBS,2021,34915.599,1248.824,0.234454931,34915599000.0,3293287999.307923,31477274000.0,0.9015246738284513,reported,0.4595174321133347,monthly36,36.0,0.0004,5058189396.64,36,2020,2018,-0.223574925,2020,rit_tminus1,36515283405.546715,0.0642586691365879,2.2845241730707997,0.011170371796096824,7.29652315301562e-14,1.2501111257279263e-13,7.0,converged,-0.4653436150991911,0.6791572971462804,0.2056708259236127,total_liabilities,observed_market_cap,risk_neutral,physical
WBS,2022,71277.521,7685.51,0.019064289,71277521000.0,7772206996.507378,63221335000.0,0.8869743800433239,reported,0.4633332192560262,monthly36,36.0,0.014199999999999999,8237518505.820001,36,2021,2019,0.234454931,2021,rit_tminus1,70552779868.53749,0.05469480633961089,2.238302031029213,0.012600682882732514,8.21981479216155e-15,3.0531133177191805e-15,8.0,converged,1.6834689291783078,0.04614217466782458,0.20012802031061616,total_liabilities,observed_market_cap,risk_neutral,physical
WBS,2023,74945.249,3867.225,-0.034858512,74945249000.0,8406016998.697923,66255253000.0,0.8840487407013619,reported,0.463037235593297,monthly36,36.0,0.0495,8731834486.56,36,2022,2020,0.019064289,2022,rit_tminus1,71772174813.57402,0.056939953804243236,2.2455415490442974,0.01236669402131562,1.5072096919224878e-14,6.328271240363392e-15,8.0,converged,0.612800182592023,0.27000423506483373,0.20037569072370803,total_liabilities,observed_market_cap,risk_neutral,physical
WFC,2016,1930115.0,351858.0,0.302206983,1930115000000.0,113549985670.11754,1729618000000.0,0.8961217336790813,reported,0.1171075173852618,monthly36,36.0,0.002,179337865090.56,36,2015,2013,,2015,unavailable,1905500086021.5574,0.011021679982065826,8.9626239413904,1.5852116410110387e-19,1.1231092526014584e-14,1.2212453270876722e-15,8.0,converged,,,,total_liabilities,observed_market_cap,risk_neutral,physical
WFC,2017,1951757.0,328276.0,0.215840596,1951757000000.0,120795957323.13942,1743678000000.0,0.89338887986568,reported,0.1785950982718742,monthly36,36.0,0.008,197431106424.32,36,2016,2014,0.302206983,2016,rit_tminus1,1927215331614.2935,0.018295946142328576,5.898141620847975,1.8380919570321467e-09,2.7235815890472183e-13,4.961309141293668e-13,7.0,converged,3.9166374361072847,4.489631742215996e-05,0.10318699403964274,total_liabilities,observed_market_cap,risk_neutral,physical
WFC,2018,1895883.0,334831.0,-0.222120673,1895883000000.0,122852171961.74257,1698817000000.0,0.8960558220101135,reported,0.1947377624212657,monthly36,36.0,0.0181,149952618823.68,36,2017,2015,0.215840596,2017,rit_tminus1,1818297634282.947,0.016059768255389625,5.351236186411803,4.367770912336378e-08,2.0758510209215758e-14,3.802513859341161e-15,8.0,converged,2.7683454316233043,0.0028170851962293526,0.10647526916846634,total_liabilities,observed_market_cap,risk_neutral,physical
WFC,2019,1927555.0,332703.0,0.189238341,1927555000000.0,130340334955.37486,1739571000000.0,0.9024754157468918,reported,0.239648451583658,monthly36,36.0,0.021400000000000002,175074889164.8,36,2018,2016,-0.222120673,2018,rit_tminus1,1877814520970.505,0.02234334746119484,4.3691066551394435,6.237791494183213e-06,1.7082533483341514e-14,3.747002708109903e-15,8.0,converged,-1.0974412751925622,0.8637757306952089,0.12177518128100981,total_liabilities,observed_market_cap,risk_neutral,physical
WFC,2020,1952911.0,271949.0,-0.278306879,1952911000000.0,128426676498.02873,1767199000000.0,0.9049050366350541,reported,0.2115653031469418,monthly36,36.0,0.0044,98211155297.28,36,2019,2017,0.189238341,2019,rit_tminus1,1857651558807.0496,0.01118513578585999,4.850609534784429,6.154131940611434e-07,4.0084729338623616e-14,6.386557949156213e-14,8.0,converged,2.1859761552873507,0.014408674941298045,0.10861285401846925,total_liabilities,observed_market_cap,risk_neutral,physical
WFC,2021,1948068.0,195098.0,0.438930933,1948068000000.0,167549000046.1261,1757958000000.0,0.902411004133326,reported,0.342953424423316,monthly36,36.0,0.0004,186440755826.06,36,2020,2018,-0.278306879,2020,rit_tminus1,1943677051506.2075,0.03293094671517215,3.0453553467026606,0.0011620277203166424,1.3422180119161575e-14,4.107825191113079e-15,8.0,converged,-1.2185398506861869,0.8884905546831423,0.1556073947173292,total_liabilities,observed_market_cap,risk_neutral,physical
WFC,2022,1881020.0,226015.0,0.104528548,1881020000000.0,156691887800.98508,1698807000000.0,0.903130748211077,reported,0.3503119368417128,monthly36,36.0,0.014199999999999999,158297785823.08,36,2021,2019,0.438930933,2021,rit_tminus1,1833130500526.6484,0.030292188297061075,2.965784846978114,0.0015095580927154918,6.747505840471886e-15,7.216449660063518e-16,8.0,converged,3.3131871879665544,0.00046119611752931726,0.15571121714806196,total_liabilities,observed_market_cap,risk_neutral,physical
WNEB,2018,2118.822,267.268,-0.176156586,2118822000.0,172896398.86576852,1881793000.0,0.888131707146707,reported,0.1397796464521896,monthly36,36.0,0.0181,207938440.0,36,2017,2015,,2017,unavailable,2055977382.4298785,0.014137101835560583,7.535234126680364,2.4372971169968393e-14,2.2931650261641136e-15,3.0531133177191805e-16,8.0,converged,,,,total_liabilities,observed_market_cap,risk_neutral,physical
WNEB,2019,2181.476,240.515,0.013951378,2181476000.0,180941806.61169672,1949452000.0,0.8936389857142595,reported,0.1525941832843639,monthly36,36.0,0.021400000000000002,199446930.00000003,36,2018,2016,-0.176156586,2018,rit_tminus1,2107623875.465149,0.014440167311774603,6.87724863297782,3.050978002065408e-12,1.808040368889675e-14,2.525757381022231e-15,8.0,converged,-0.8836668125567653,0.8115619496997486,0.09412997396761752,total_liabilities,observed_market_cap,risk_neutral,physical
WNEB,2020,2365.886,57.85,-0.26482284,2365886000.0,185706013.53718263,2139246000.0,0.9042050208674467,reported,0.1476363082569989,monthly36,36.0,0.0044,142698790.0,36,2019,2017,0.013951378,2019,rit_tminus1,2272552785.163071,0.009270421653530942,6.990768722010999,1.3669205762816785e-12,2.6732513048113443e-14,3.3584246494910985e-15,8.0,converged,0.8203612018962116,0.20600511316036219,0.09070658454525042,total_liabilities,observed_market_cap,risk_neutral,physical
WNEB,2021,2538.425,22.286,0.210173319,2538425000.0,223688000.1243819,2314737000.0,0.911879216443267,reported,0.2680485849141943,monthly36,36.0,0.0004,198471071.4,36,2020,2018,-0.26482284,2020,rit_tminus1,2512281760.8926854,0.02117695752017715,3.8754907195798474,5.3205017794365275e-05,1.726834571108664e-14,4.218847493575595e-15,8.0,converged,-1.4803168980091694,0.9306056521335723,0.12893967588576555,total_liabilities,observed_market_cap,risk_neutral,physical
WNEB,2022,2553.15,62.201,0.130027341,2553150000.0,228143000.0275916,2325007000.0,0.9106425396079353,reported,0.3156897239555837,monthly36,36.0,0.014199999999999999,210170823.94000003,36,2021,2019,0.210173319,2021,rit_tminus1,2502388154.3893723,0.026526106539873362,3.2937615844549453,0.000494281549186496,2.410608052502362e-15,1.1102230246251565e-16,8.0,converged,1.982521355465794,0.023710459829080162,0.14440577715782374,total_liabilities,observed_market_cap,risk_neutral,physical
WSBC,2016,9790.877,1331.92,0.300060012,9790877000.0,2921248451.7564483,8449469000.0,0.862994091336251,reported,0.2110442457980745,monthly36,36.0,0.002,4119644932.0,36,2015,2013,,2015,unavailable,12552231881.13189,0.0692647625660875,5.70847385347652,5.699684262145389e-09,2.0834486926253987e-15,3.608224830031759e-16,7.0,converged,,,,total_liabilities,observed_market_cap,risk_neutral,physical
WSBC,2017,9816.178,1297.335,0.165447582,9816178000.0,3030962700.530404,8420857000.0,0.8578549614727851,reported,0.235927214688082,monthly36,36.0,0.008,3889074930.0,36,2016,2014,0.300060012,2016,rit_tminus1,12242833800.719574,0.07494496442098797,5.062658905665534,2.067245964831668e-07,3.1878444968097464e-15,5.273559366969494e-16,7.0,converged,4.484886996919366,3.647629343700435e-06,0.1490876481452897,total_liabilities,observed_market_cap,risk_neutral,physical
WSBC,2018,12458.632,1534.538,-0.244595758,12458632000.0,3467494556.5194974,10479805000.0,0.8411681956734897,reported,0.2217826699775182,monthly36,36.0,0.0181,3510213018.0,36,2017,2015,0.165447582,2017,rit_tminus1,13802039869.690407,0.056405030581220726,5.174637072065913,1.1417720774898527e-07,2.1734847691941414e-15,4.163336342344337e-16,7.0,converged,3.3072843998616457,0.00047102598543221003,0.13463559849132273,total_liabilities,observed_market_cap,risk_neutral,physical
WSBC,2019,15720.112,1903.446,0.052386585,15720112000.0,3658949084.3650165,13126191000.0,0.8349934784179655,reported,0.2285639227144165,monthly36,36.0,0.021400000000000002,3615452438.0,36,2018,2016,-0.244595758,2018,rit_tminus1,16463727206.085758,0.05019290377418277,4.9148461291738865,4.44261081139514e-07,3.692882331781763e-15,6.938893903907228e-16,7.0,converged,-0.07647482990408384,0.5304793309259813,0.1333629506684843,total_liabilities,observed_market_cap,risk_neutral,physical
WSBC,2020,16425.61,988.444,-0.269639736,16425610000.0,3716022363.057875,13668873000.0,0.832168363914643,reported,0.2293158681655176,monthly36,36.0,0.0044,2866339112.0,36,2019,2017,0.052386585,2019,rit_tminus1,16475201095.610252,0.03989617682105117,4.770863904616266,9.171872765656182e-07,1.996290625377162e-15,4.718447854656915e-16,7.0,converged,1.8252924180522425,0.0339784568628467,0.1284751019367425,total_liabilities,observed_market_cap,risk_neutral,physical
WSBC,2021,16927.125,591.333,0.270466937,16927125000.0,2548682000.5876584,14233959000.0,0.8408964310241698,reported,0.315939811091103,monthly36,36.0,0.0004,2180130502.55,36,2020,2018,-0.269639736,2020,rit_tminus1,16408340368.082848,0.04199138755292501,3.3739665698976053,0.00037046682643613173,1.8809881132117342e-14,3.880229471064922e-14,7.0,converged,-0.9034145058013566,0.8168470279386194,0.15381642387913097,total_liabilities,observed_market_cap,risk_neutral,physical
WSBC,2022,16931.905,1125.573,0.102129483,16931904999.999998,2282178000.502916,14505243000.0,0.8566810999707358,reported,0.3137872791764996,monthly36,36.0,0.014199999999999999,2189177651.74,36,2021,2019,0.270466937,2021,rit_tminus1,16489850062.319878,0.04167028280247104,3.397305174219918,0.00034026513659803114,1.3940201746872417e-14,3.2862601528904634e-14,7.0,converged,2.614484174082299,0.004468115018107824,0.152750939122808,total_liabilities,observed_market_cap,risk_neutral,physical
WSBC,2023,17712.374,1763.971,0.049109213,17712374000.0,2388578000.2118077,15179312000.0,0.8569891308753982,reported,0.315986434903438,monthly36,36.0,0.0495,1862638765.95,36,2022,2020,0.102129483,2022,rit_tminus1,16308812051.917776,0.03610221090922892,3.3410819562828795,0.0004172629255462812,1.6768057464097195e-14,4.6074255521944e-15,8.0,converged,1.3832771504346844,0.08328995072119166,0.1494340870321873,total_liabilities,observed_market_cap,risk_neutral,physical
WSBF,2021,2215.858,477.127,0.04442937,2215858000.0,432775162.2914422,1783085000.0,0.8046928097378081,reported,0.1424615539872584,monthly36,36.0,0.0004,530061705.73471606,36,2020,2018,,2020,unavailable,2312433614.3625,0.0326553868786082,7.956490802040871,8.849364247053606e-16,3.823249067868955e-15,1.609823385706477e-15,7.0,converged,,,,total_liabilities,observed_market_cap,risk_neutral,physical
WSBF,2022,2031.672,386.784,-0.067815008,2031672000.0,370485999.8929838,1661186000.0,0.8176447773065731,reported,0.1450896472557984,monthly36,36.0,0.014199999999999999,382283639.0,36,2021,2019,0.04442937,2021,rit_tminus1,2020047488.636461,0.027457472483291664,7.62678571366361,1.2033957928192219e-14,6.236693250206361e-15,1.099120794378905e-14,7.0,converged,2.5372778037710413,0.005585913097629319,0.09727569092879518,total_liabilities,observed_market_cap,risk_neutral,physical
WSFS,2016,6765.27,1267.447,0.326872133,6765270000.0,1243223449.4645603,6077934000.0,0.8984022810619532,reported,0.1970006240164296,monthly36,36.0,0.002,2631613950.0,36,2015,2013,,2015,unavailable,8697404229.717442,0.05960739284367621,6.015751459551754,8.952705770536347e-10,5.073479880925354e-15,6.661338147750939e-16,7.0,converged,,,,total_liabilities,observed_market_cap,risk_neutral,physical
WSFS,2017,6999.54,937.806,0.224014009,6999540000.0,1308983259.278375,6275195000.0,0.8965153424367887,reported,0.240279410647075,monthly36,36.0,0.008,2716779450.0,36,2016,2014,0.326872133,2016,rit_tminus1,8941973125.946894,0.07300249571948439,4.9243115111009,4.23289423501225e-07,3.861343062083582e-15,7.494005416219807e-16,7.0,converged,4.5206862113370985,3.081974898838187e-06,0.14941056179023646,total_liabilities,observed_market_cap,risk_neutral,physical
WSFS,2018,7248.87,699.788,-0.308346921,7248870000.0,1485600804.7158704,6427950000.0,0.8867520041054675,reported,0.2296812788465079,monthly36,36.0,0.0181,2152416070.0,36,2017,2015,0.224014009,2017,rit_tminus1,8465066761.229621,0.05840116765199796,4.994538576040834,2.9488301380859637e-07,1.7722861851821243e-15,3.885780586188048e-16,7.0,converged,3.644730044398078,0.00013383630898818283,0.1380899264660077,total_liabilities,observed_market_cap,risk_neutral,physical
WSFS,2019,12256.302,489.288,0.045050743,12256302000.0,2037253593.1720269,10406811000.0,0.8490987738389606,reported,0.2490937360287746,monthly36,36.0,0.021400000000000002,2497620230.0,36,2018,2016,-0.308346921,2018,rit_tminus1,12684091072.101812,0.0490491365708097,4.446258332726823,4.368943163238722e-06,7.636663932740887e-15,1.4432899320127035e-15,7.0,converged,-0.7413306778027792,0.7707535173982737,0.13875465957329017,total_liabilities,observed_market_cap,risk_neutral,physical
WSFS,2020,14333.914,340.641,-0.181417655,14333914000.0,2130172016.4022672,12544434000.0,0.8751576157077543,reported,0.2169013003210684,monthly36,36.0,0.0044,2548151760.0,36,2019,2017,0.045050743,2019,rit_tminus1,15037511482.23203,0.03675458806737641,5.033258254418485,2.4110640138160966e-07,0.0,0.0,7.0,converged,1.8043331826030455,0.03558954542771207,0.12324893635438745,total_liabilities,observed_market_cap,risk_neutral,physical
WSFS,2021,15777.327,239.477,0.20914977,15777327000.0,1939099000.006467,13840311000.0,0.8772278726301357,reported,0.3604832564573484,monthly36,36.0,0.0004,2386150048.8,36,2020,2018,-0.181417655,2020,rit_tminus1,16220618313.214466,0.05309569334502545,2.969886276744342,0.0014895500586986708,1.5587158216872545e-14,1.0158540675320182e-14,7.0,converged,-0.2158653670217513,0.585453653131025,0.17252577604467434,total_liabilities,observed_market_cap,risk_neutral,physical
WSFS,2022,19914.755,726.894,0.013476964,19914755000.0,2205112999.395697,17712869000.0,0.8894344419502023,reported,0.3745331286754849,monthly36,36.0,0.014199999999999999,2793484090.0800004,36,2021,2019,0.20914977,2021,rit_tminus1,20256017213.79481,0.051750253602170775,2.840979582144531,0.0022487595907553517,3.584620495182005e-15,2.5091040356528538e-14,7.0,converged,1.9433990069144425,0.025983983586441814,0.17508768289945098,total_liabilities,observed_market_cap,risk_neutral,physical
WSFS,2023,20594.672,895.076,-0.007647888,20594672000.0,2477635999.009171,18124857000.0,0.8800750504790754,reported,0.3862290710729601,monthly36,36.0,0.0495,2780502577.83,36,2022,2020,0.013476964,2022,rit_tminus1,20029208490.687782,0.05375186560844266,2.7526986914430185,0.0029553133837778417,4.5205595529582246e-13,3.888556143749611e-13,7.0,converged,0.7861632216012017,0.21588593484603996,0.1784346466021664,total_liabilities,observed_market_cap,risk_neutral,physical
WTBA,2017,2114.377,120.256,0.199678878,2114377000.0,185869933.9176023,1936279000.0,0.9157680962288183,reported,0.2199946770326689,monthly36,36.0,0.008,425620995.0,36,2016,2014,,2016,unavailable,2346471554.8645916,0.03990433016115427,4.995659999350787,2.9317443225788427e-07,5.041497569719423e-15,9.43689570931383e-16,7.0,converged,,,,total_liabilities,observed_market_cap,risk_neutral,physical
WTBA,2018,2296.568,205.328,-0.21535547,2296568000.0,198382420.02573103,2105545000.0,0.9168224063036671,reported,0.2132199464607974,monthly36,36.0,0.0181,323065797.0,36,2017,2015,0.199678878,2017,rit_tminus1,2390843257.0098205,0.028811628162057932,5.024246951799112,2.527058488699273e-07,7.379876833621063e-16,1.0186296250935811e-14,7.0,converged,2.8447453127067237,0.002222347302513919,0.11792641716660981,total_liabilities,observed_market_cap,risk_neutral,physical
WTBA,2019,2473.691,225.388,0.086245564,2473691000.0,218849064.7145899,2261871000.0,0.9143708733224967,reported,0.1975348598711039,monthly36,36.0,0.021400000000000002,433744179.0,36,2018,2016,-0.21535547,2018,rit_tminus1,2647725387.7684436,0.0323596991116616,5.5125668691366565,1.7681888147698677e-08,2.1987022825411797e-15,3.3306690738754696e-16,7.0,converged,-0.4041975091201344,0.6569662573588966,0.11517695136726726,total_liabilities,observed_market_cap,risk_neutral,physical
WTBA,2020,3185.744,222.385,-0.054525054,3185744000.0,229861865.99143243,2962049000.0,0.9297824935085808,reported,0.196328556122376,monthly36,36.0,0.0044,326619690.0,36,2019,2017,0.086245564,2019,rit_tminus1,3275664304.597481,0.019576113003307694,5.355905889648457,4.256440614821976e-08,1.4599155311277315e-14,2.609024107869118e-15,8.0,converged,1.7007020552412389,0.04449947450238314,0.10874033132606921,total_liabilities,observed_market_cap,risk_neutral,physical
WTBA,2021,3500.201,199.866,0.155706435,3500201000.0,260327999.96787143,3239873000.0,0.9256248426876057,reported,0.2691024058323524,monthly36,36.0,0.0004,514359065.22,36,2020,2018,-0.054525054,2020,rit_tminus1,3752935442.3511033,0.03688296231286056,3.978097236034852,3.4734481904251255e-05,1.0058504877893101e-13,1.5748513604307846e-13,7.0,converged,0.6032278895006128,0.2731785483332834,0.1380770574726912,total_liabilities,observed_market_cap,risk_neutral,physical
WTBA,2022,3613.218,485.855,-0.04410058,3613218000.0,211111999.99419636,3402106000.0,0.9415723047986587,reported,0.2745799884073628,monthly36,36.0,0.014199999999999999,425162552.15,36,2021,2019,0.155706435,2021,rit_tminus1,3779298601.789864,0.03089124957966134,3.8479068561022522,5.956566379152714e-05,5.32731890428992e-15,1.2212453270876722e-15,8.0,converged,1.943256015330003,0.025992616536980217,0.1359674603597954,total_liabilities,observed_market_cap,risk_neutral,physical
WTBA,2023,3825.758,592.637,0.041265194,3825758000.0,225042999.9683912,3600715000.0,0.94117688573088,reported,0.2927572629652709,monthly36,36.0,0.0495,354571992.8,36,2022,2020,-0.04410058,2022,rit_tminus1,3781386941.697598,0.02745554929137582,3.5723749920434664,0.00017687918141348022,1.5633586624643658e-14,4.052314039881821e-15,9.0,converged,0.2908024012104619,0.3856012243875274,0.13839024681702702,total_liabilities,observed_market_cap,risk_neutral,physical
WTFC,2016,25668.553,808.854,0.349050949,25668553000.0,3153431865.9962077,22972936000.0,0.8949836790566262,reported,0.1584445943639254,monthly36,36.0,0.002,4857131871.0,36,2015,2013,,2015,unavailable,27784167914.256508,0.027698734453703383,6.923273766578234,2.206618512923098e-12,5.497664376544369e-15,3.3029134982598407e-15,7.0,converged,,,,total_liabilities,observed_market_cap,risk_neutral,physical
WTFC,2017,27915.97,1218.44,0.235809389,27915970000.0,3410710743.8001804,24939031000.0,0.8933607178973183,reported,0.2329991659712047,monthly36,36.0,0.008,5513048811.0,36,2016,2014,0.349050949,2016,rit_tminus1,30253363243.166584,0.04245931312116687,4.716795027577354,1.1979442384883602e-06,6.227457177981623e-15,1.1657341758564144e-15,7.0,converged,4.128976664391862,1.8219068955293762e-05,0.13083443578999382,total_liabilities,observed_market_cap,risk_neutral,physical
WTFC,2018,31244.849,1212.957,-0.316927679,31244849000.0,3728811534.348979,27977279000.0,0.895420521955475,reported,0.2321679533129787,monthly36,36.0,0.0181,4450195647.0,36,2017,2015,0.235809389,2017,rit_tminus1,31925640855.66691,0.03236252939598153,4.622416577693447,1.896476808224321e-06,2.0572743680767886e-14,1.3322676295501878e-14,7.0,converged,3.0029684656457794,0.001336800666326656,0.12507645786581756,total_liabilities,observed_market_cap,risk_neutral,physical
WTFC,2019,36620.583,1782.705,0.071035513,36620583000.0,4128024495.7843714,32929333000.0,0.8992028608610627,reported,0.2444380650782372,monthly36,36.0,0.021400000000000002,4745358270.0,36,2018,2016,-0.316927679,2018,rit_tminus1,36977488848.50948,0.031369156819526976,4.36267591377382,6.424060076129491e-06,2.2508632090596608e-14,5.892508703198018e-14,7.0,converged,-1.4892728985967056,0.9317922393624749,0.1279030641498087,total_liabilities,observed_market_cap,risk_neutral,physical
WTFC,2020,45080.768,2437.429,-0.222747811,45080768000.0,4366349636.666617,40964773000.0,0.9086973185549989,reported,0.2223903996801958,monthly36,36.0,0.0044,4088772027.0,36,2019,2017,0.071035513,2019,rit_tminus1,44873695778.022385,0.020263646130201887,4.704680114882778,1.2713215315444839e-06,1.492750289009938e-14,3.0531133177191805e-15,8.0,converged,1.3720135460711524,0.0850296104488737,0.11619696856746876,total_liabilities,observed_market_cap,risk_neutral,physical
WTFC,2021,50142.143,2425.711,0.271001151,50142143000.0,4086188001.103635,45643455000.0,0.9102812977099922,reported,0.4249199911197767,monthly36,36.0,0.0004,5181652544.62,36,2020,2018,-0.222747811,2020,rit_tminus1,50802149192.46636,0.04362250426448864,2.4420188092540167,0.007302692821750703,4.9693039664930074e-15,1.4432899320127035e-15,8.0,converged,-0.7192791731930607,0.7640155372044535,0.1836231161610709,total_liabilities,observed_market_cap,risk_neutral,physical
WTFC,2022,52949.649,3603.643,0.037298016,52949649000.0,4384338001.535234,48152811000.0,0.9094075581124249,reported,0.4347275426925379,monthly36,36.0,0.014199999999999999,5138309556.16,36,2021,2019,0.271001151,2021,rit_tminus1,52606346147.52342,0.042793718278034444,2.377488986424413,0.008715481755008438,1.7075272742996053e-14,6.328271240363392e-15,9.0,converged,1.917038863922446,0.02761649723718013,0.18529810283269857,total_liabilities,observed_market_cap,risk_neutral,physical
WTFC,2023,56259.934,3663.316,0.027922311,56259934000.0,4987025999.391669,50860408000.0,0.9040253762117816,reported,0.4285035814413876,monthly36,36.0,0.0495,5680346311.5,36,2022,2020,0.037298016,2022,rit_tminus1,54078980576.94441,0.04531610274881542,2.423730595727664,0.007680998452447719,1.880369920778553e-14,1.404432126150823e-14,8.0,converged,0.6842849580871647,0.2468976217301918,0.1843897558610603,total_liabilities,observed_market_cap,risk_neutral,physical
ZION,2019,69172.0,3776.0,-0.013262837,69172000000.0,6067991248.347868,61819000000.0,0.8936997629098479,reported,0.2840723314503726,monthly36,36.0,0.021400000000000002,7661886735.360001,36,2018,2016,,2018,unavailable,68171968872.91045,0.031929877251806175,3.717926840786798,0.00010043220869240307,5.2775239849228974e-14,2.380873276308648e-13,7.0,converged,,,,total_liabilities,observed_market_cap,risk_neutral,physical
ZION,2020,81479.0,2908.0,-0.241834332,81479000000.0,6583093293.680298,73593000000.0,0.9032143251635391,reported,0.2476998654765328,monthly36,36.0,0.0044,6410484587.52,36,2019,2017,-0.013262837,2019,rit_tminus1,79680382496.94649,0.01992831392819591,4.198796376639123,1.3416873876442442e-05,4.1655011403288376e-15,9.71445146547012e-16,8.0,converged,0.5107069295146356,0.30477814388488733,0.12280427872143346,total_liabilities,observed_market_cap,risk_neutral,physical
ZION,2021,93200.0,1915.0,0.194730682,93200000000.0,7022999997.460419,85737000000.0,0.9199248927038627,reported,0.3892972863267894,monthly36,36.0,0.0004,9576635000.0,36,2020,2018,-0.241834332,2020,rit_tminus1,95275551494.1237,0.03925967503515715,2.6775082319923844,0.0037086014933694384,1.593335139378289e-14,5.329070518200751e-15,8.0,converged,-0.8778752633556058,0.8099942926754349,0.17163654892704638,total_liabilities,observed_market_cap,risk_neutral,physical
ZION,2022,89545.0,11068.0,0.025766724,89545000000.0,4452999999.051311,84652000000.0,0.9453570830308783,reported,0.3924204343714375,monthly36,36.0,0.014199999999999999,7308322239.999999,36,2021,2019,0.194730682,2021,rit_tminus1,90763260393.30849,0.03172156644557044,2.6292118569536567,0.0042791512608964175,4.04523813232868e-15,1.6930901125533637e-14,8.0,converged,1.572977029871628,0.05786206853061491,0.16752147301468576,total_liabilities,observed_market_cap,risk_neutral,physical
