instrument,year,covid,rit_rf,rit,new_wacc,"weighted_average_cost_of_capital,_(%)",beta_levered,beta_unlevered,environmental_pillar_score,social_pillar_score,governance_pillar_score,esg_score,esg_combined_score,environmental_pillar_score_1,social_pillar_score_1,governance_pillar_score_1,esg_score_1,esg_combined_score_1,lnta,td/ta,price_to_book_value_per_share,capital_adequacy_total_(%),"wacc_tax_rate,_(%)","wacc_cost_of_debt,_(%)","wacc_debt_weight,_(%)","wacc_equity_weight,_(%)",total_assets,debt_total,d/e,dummylarge,dummymid,DD_a,PD_a,DD_m,PD_m,status,rit_legacy,rit_rf_legacy,rit_source,ff_cost_of_equity,ff_beta_mkt,ff_beta_smb,ff_beta_hml,ff_window_months
JPM,2016,0.0,0.3436645970908214,0.3456645970908214,1.584416123,4.864092845,1.536081163,0.60661174,81.76677549,88.33451226,79.6714931,81.52125165,43.76062582,80.25788503,80.66396463,79.53450666,77.84192763,39.46444208,14.72818355,0.198859722,1.347064622,15.2,29.05903,2.126533677,66.06575072,30.58786752,2490972.0,495354.0,2.15986782,1.0,0.0,8.636866886742714,2.888781856745781e-18,,,no_sigma_E,0.247916939,0.245916939,monthly_compounded,0.13769719788024412,1.1274526789704402,0.21105473578188952,0.8795093807148263,36.0
JPM,2017,0.0,0.2593143656127066,0.2673143656127066,1.657157226,4.749802032,1.21089798,0.579143722,83.07976953,90.87151471,78.3867751,82.35306372,44.13705817,81.76677549,88.33451226,79.6714931,81.52125165,43.76062582,14.74515177,0.195294443,1.595215926,15.7,28.38487,2.189746346,58.56747691,38.45027708,2533600.0,494798.0,1.523200386,1.0,0.0,9.478464001580514,1.2902673464003253e-21,,,no_sigma_E,0.231383337,0.223383337,monthly_compounded,0.15249129591995272,1.1524689524647573,0.16718852091381248,1.057846785349097,48.0
JPM,2018,0.0,-0.08455787487842947,-0.06645787487842947,1.869559764,5.749096791,1.141126993,0.577758212,79.42625998,86.57218312,79.61549665,80.04651898,43.39404601,83.07976953,90.87151471,78.3867751,82.35306372,44.13705817,14.77965082,0.203477784,1.387652252,16.0,28.38487,2.730851781,55.92181156,41.07138674,2622532.0,533627.0,1.361575929,1.0,0.0,55.51371091771874,0.0,35.0,1.124910706472406e-268,converged,-0.209740396,-0.227840396,monthly_compounded,0.16487101917443506,1.1667226705678024,0.15109438220380922,1.091069594938995,60.0
JPM,2019,0.0,0.45126769329915206,0.47266769329915204,1.548870504,4.696227415,1.223973573,0.561719126,89.75067727,83.67356347,84.684426,83.90768208,43.2164673,79.42625998,86.57218312,79.61549665,80.04651898,43.39404601,14.80407693,0.192043251,1.834591094,16.6,26.62674,2.017936387,59.87430723,37.26255634,2687379.0,516093.0,1.60682232,1.0,0.0,7.926925408347757,1.1231906250212713e-15,4.136735772583632,1.7614068322126864e-05,converged,0.183145761,0.161745761,monthly_compounded,0.16898580611192016,1.2139853934844087,-0.041956941325778055,1.1085181207682506,60.0
JPM,2020,1.0,-0.059580614163996,-0.055180614163996,0.989987759,3.732272746,1.217916165,0.487231507,90.72326167,85.53549577,87.0453177,85.54538377,51.78431979,89.75067727,83.67356347,84.684426,83.90768208,43.2164673,15.03479267,0.160159799,1.554374754,17.3,21.07742,1.306947606,63.28385214,33.30424226,3384757.0,542102.0,1.900173907,1.0,0.0,10.41796843038491,1.0264570423599356e-25,4.526255129927496,3.001904630348056e-06,converged,-0.124575754,-0.128975754,monthly_compounded,0.15196019394652646,1.2517375971396747,-0.19635614334331483,1.1066464572138732,60.0
JPM,2021,1.0,0.27685280751956015,0.27725280751956016,1.260066259,1.548870797,1.111852831,0.557515263,92.41564734,80.5458233,85.70191403,82.86750878,44.8912012,90.72326167,85.53549577,87.0453177,85.54538377,51.78431979,15.13554946,0.146635281,1.798016951,17.2,20.33657,1.407785494,53.79522759,43.10078694,3743567.0,548939.0,1.248126343,1.0,0.0,11.619533730820129,1.639605043213115e-31,6.102878946437632,5.208737136252342e-10,converged,0.321516281,0.321116281,monthly_compounded,0.12889309258397608,1.0315690884672335,-0.15215345233709168,1.0693413660264124,60.0
JPM,2022,1.0,-0.14031362626075505,-0.12611362626075506,3.617230009,6.028440795,1.118365688,0.448489391,89.93750658,76.5931658,80.93472737,78.67279974,44.47658679,92.41564734,80.5458233,85.70191403,82.86750878,44.8912012,15.1145416,0.14799319,1.485248713,16.4,18.85095,4.457747482,62.44120952,33.9244106,3665743.0,542505.0,1.840598213,1.0,0.0,11.847619975964044,1.1069475881445371e-32,4.057267845645743,2.4825065048152537e-05,converged,-0.000559255,-0.014759255,monthly_compounded,0.1343191124351047,0.9572081592795367,0.035529253434903714,0.9298678933865093,60.0
JPM,2023,1.0,0.25677358581842624,0.30627358581842623,3.635501792,5.73092469,1.111174567,0.497966737,92.25661154,73.63736439,83.11535669,79.51238312,39.90589216,89.93750658,76.5931658,80.93472737,78.67279974,44.47658679,15.17015763,0.168517619,1.628492405,17.7,18.80043,4.397559661,58.74498167,38.73621158,3875393.0,653072.0,1.516539157,1.0,0.0,10.047577008193675,4.7076972841383375e-24,5.738375650335646,4.779445440819986e-09,converged,0.167033001,0.117533001,monthly_compounded,0.17365047939543166,1.0691662074452049,0.05257421691596873,0.7970604407523489,60.0
BAC,2016,0.0,0.33132555623682625,0.33332555623682625,1.68557989,4.762380718,1.598445255,0.563856359,93.34922256,76.20075905,53.99551693,69.91846793,38.62590063,92.72934151,70.75346278,57.12465537,68.43271701,37.47722807,14.59852906,0.187863534,0.921933918,14.3,31.88739,2.361766859,69.9379706,25.9621837,2188067.0,411058.0,2.693840064,1.0,0.0,7.767357199926725,4.007030379232972e-15,,,no_sigma_E,0.296272614,0.294272614,monthly_compounded,0.10084201429386484,0.9070669347277585,0.3715052246339226,0.36970998395838617,36.0
BAC,2017,0.0,0.34867088924413836,0.35667088924413837,1.512839951,4.784765439,1.329092417,0.618955918,94.32511457,91.14427914,48.57815996,75.38431681,41.9684742,93.34922256,76.20075905,53.99551693,69.91846793,38.62590063,14.64022708,0.191533617,1.240411104,14.8,31.375235,2.049993302,60.67678975,36.2928731,2281234.0,436933.0,1.67186515,1.0,0.0,9.018904140738806,9.499007461325052e-20,,,no_sigma_E,0.292169939,0.284169939,monthly_compounded,0.1709806265676069,1.1751754722618732,0.5973341327909837,1.245243564724216,48.0
BAC,2018,0.0,-0.16785136261038258,-0.14975136261038258,1.797409796,6.103296922,1.304886603,0.65281828,94.22387632,86.9951807,57.21303111,76.28986619,43.48201175,94.32511457,91.14427914,48.57815996,75.38431681,41.9684742,14.67184192,0.185418434,0.980461714,15.1,29.3161,2.685247043,56.78119783,40.18132536,2354507.0,436569.0,1.413124065,1.0,0.0,50.93019836820469,0.0,35.0,1.124910706472406e-268,converged,-0.250433597,-0.268533597,monthly_compounded,0.18038424089395833,1.2485799662923616,0.42761200794658805,1.1649141008088795,60.0
BAC,2019,0.0,0.44024041352496124,0.4616404135249612,1.482562011,5.349237711,1.646262365,0.724091742,93.71635181,92.01588734,78.05375406,86.22948996,48.92282579,94.22387632,86.9951807,57.21303111,76.28986619,43.48201175,14.70507901,0.176727625,1.289136553,14.7,28.77183,1.958150658,62.14512496,34.75691033,2434079.0,430169.0,1.787993362,1.0,0.0,5.747106228062848,4.539184962055031e-09,3.2191257790091954,0.0006429103548803,converged,0.252632155,0.231232155,monthly_compounded,0.19287583238660783,1.3699435382544258,0.16315545439676962,1.2676179444458253,60.0
BAC,2020,1.0,-0.12061484581938924,-0.11621484581938923,0.857205216,4.16307957,1.594350872,0.614394316,92.5716326,91.55028176,75.58004541,84.66738501,47.56625065,93.71635181,92.01588734,78.05375406,86.22948996,48.92282579,14.85211516,0.160509883,1.055520927,16.6,28.29134,1.255636554,66.66454954,29.97139261,2819627.0,452578.0,2.224272673,1.0,0.0,7.588348142146704,1.6200469968813262e-14,3.3658182749157928,0.0003815848398907,converged,-0.144120537,-0.148520537,monthly_compounded,0.19945527794347975,1.630957937319834,0.042074461153451,1.3671265613749866,60.0
BAC,2021,1.0,0.49535776025037354,0.49575776025037355,1.382160432,1.630812608,1.488893228,0.686895608,93.99980913,93.5264954,70.21682698,83.9594101,50.49034335,92.5716326,91.55028176,75.58004541,84.66738501,47.56625065,14.96908283,0.156554593,1.464727956,15.8,19.20182099,1.50095176,57.52450314,39.80816052,3169495.0,496199.0,1.445042986,1.0,0.0,8.092296507998281,2.927508367177014e-16,4.564584339782063,2.5024248392935485e-06,converged,0.425587971,0.425187971,monthly_compounded,0.16031401055504138,1.324216050962796,0.019209699682727163,1.1533376025536841,60.0
BAC,2022,1.0,-0.2522989109029916,-0.23809891090299162,3.733547254,6.374252665,1.405726143,0.516898586,92.5540416,94.12852816,70.22801476,83.89270397,49.89027722,93.99980913,93.5264954,70.21682698,83.9594101,50.49034335,14.93110287,0.163385031,1.081917016,16.4,17.51754106,4.53008662,65.04722538,31.20169662,3051375.0,498549.0,2.084733602,1.0,0.0,8.519015021004298,8.045798755376165e-18,2.981951298029138,0.0014320877896246,converged,-0.009549422,-0.023749422,monthly_compounded,0.16095858052497525,1.3010779662081344,-0.1034986790613868,0.9472930979761295,60.0
WFC,2016,0.0,0.044661480190315794,0.046661480190315796,1.569456302,4.263513523,0.982199558,0.453873147,91.47656339,77.2049598,84.6714931,81.19024,41.59512,84.07776004,76.39654915,87.12437594,79.94497381,45.40726952,14.47309014,0.182298982,1.579373736,16.04,31.47193,2.13322813,60.47723307,35.60349074,1930115.0,351858.0,1.698632123,1.0,0.0,9.432510698565732,2.001940970646759e-21,,,no_sigma_E,0.302206983,0.300206983,monthly_compounded,0.08800528704752253,0.8485464623291875,0.020625762441455014,0.3480619883599397,36.0
WFC,2017,0.0,0.123930232331662,0.131930232331662,1.605949448,4.536545507,0.948817466,0.517319372,92.98477167,78.65993893,89.61141662,83.77104709,42.21447092,91.47656339,77.2049598,84.6714931,81.19024,41.59512,14.48424055,0.168195119,1.634418161,17.46,31.36675,2.203684903,52.63957751,43.31385306,1951757.0,328276.0,1.215305815,1.0,0.0,10.336669765418527,2.4048088677306703e-25,,,no_sigma_E,0.215840596,0.207840596,monthly_compounded,0.12133872672420815,0.9394432096107924,-0.04382188229209538,0.8427119930418911,48.0
WFC,2018,0.0,-0.2363411393567193,-0.2182411393567193,1.800111639,5.727877728,1.072013561,0.566254054,91.59599321,80.67178847,88.34368302,83.98208317,43.67643484,92.98477167,78.65993893,89.61141662,83.77104709,42.21447092,14.45519525,0.176609527,1.220593958,16.89,30.81062,2.736396979,54.15615528,41.95218002,1895883.0,334831.0,1.290902052,1.0,0.0,34.274437443568175,9.433197910855978e-258,19.633236008574517,4.021278444859034e-86,converged,-0.222120673,-0.240220673,monthly_compounded,0.13628930868205555,0.9241798700207823,0.03757446071913431,0.9483061726512171,60.0
WFC,2019,0.0,0.1926552108705649,0.2140552108705649,1.475825471,4.53828491,1.106953117,0.524493452,90.81550793,83.84685632,58.05554813,74.56057492,50.41160059,91.59599321,80.67178847,88.34368302,83.98208317,43.67643484,14.47176292,0.172603635,1.343213436,15.31,30.39068,2.019179705,59.25591915,37.14268925,1927555.0,332703.0,1.595358881,1.0,0.0,6.747221163015429,7.535173773488052e-12,3.9190906960135337,4.444183287323941e-05,converged,0.189238341,0.167838341,monthly_compounded,0.15794260140095018,1.153387448837722,-0.07660514386348433,0.984083052241074,60.0
WFC,2020,1.0,-0.42102380809255097,-0.41662380809255095,1.472476834,3.980210142,1.266459913,0.415532721,91.13052984,80.98267892,52.92718116,71.06330408,42.21769855,90.81550793,83.84685632,58.05554813,74.56057492,50.41160059,14.48483164,0.139253146,0.764725507,16.14,26.78891,2.105958043,69.66785014,24.9070394,1952911.0,271949.0,2.797114865,1.0,0.0,8.598078225025768,4.053102036998487e-18,3.9584729362889743,3.771524305974668e-05,converged,-0.278306879,-0.282706879,monthly_compounded,0.1323461374853734,1.1001503981871754,-0.047621541497172716,0.8727430117155505,60.0
WFC,2021,1.0,0.6108248026669372,0.6112248026669371,1.771707454,2.009096665,1.301313345,0.694563882,88.71369128,78.32363608,59.0680208,71.64402068,45.92839332,91.13052984,80.98267892,52.92718116,71.06330408,42.21769855,14.48234867,0.100149481,1.112753617,15.84,20.93924,1.990208027,49.90199103,45.16288266,1948068.0,195098.0,1.1049337,1.0,0.0,8.622034400092577,3.288746886448651e-18,4.071198907729131,2.3385894721117864e-05,converged,0.438930933,0.438530933,monthly_compounded,0.13400389625903353,0.9955775885531254,0.15442531926914863,1.1155836727893498,60.0
WFC,2022,1.0,-0.13304092988078509,-0.1188409298807851,3.705579532,6.576520399,1.176937193,0.572090548,89.59374671,75.68746162,71.49007988,74.77399595,38.08793255,88.71369128,78.32363608,59.0680208,71.64402068,45.92839332,14.44732474,0.120155554,1.010248763,14.82,21.24215,4.651379866,54.26336955,40.42221497,1881020.0,226015.0,1.342414551,1.0,0.0,7.436164619502807,5.1825328689834016e-14,2.4295902920775028,0.0075579496469115,converged,0.104528548,0.090328548,monthly_compounded,0.15010133151651317,1.0833150714066473,0.06114279156869241,1.0415021281179213,60.0
USB,2016,0.0,0.23200858450409956,0.23400858450409956,1.889560132,4.969372243,0.838823558,0.544760428,74.21371681,63.3681364,32.42922133,51.04307094,51.04307094,67.23016439,49.53154334,29.76945216,42.60883528,42.60883528,13.00799351,0.10603098,2.085565412,16.0,26.17208,2.341925405,40.48296965,55.36788988,445964.0,47286.0,0.73116331,0.0,1.0,12.963024964614425,9.91358444445448e-39,,,no_sigma_E,0.289997177,0.287997177,monthly_compounded,0.0727624451997734,0.7198502953293183,0.2844659212314238,0.11778202418303879,36.0
USB,2017,0.0,0.05812330836656266,0.06612330836656266,1.864231602,5.15088223,0.853304292,0.60310987,75.13243601,64.6126814,35.35852023,52.69409462,52.69409462,74.21371681,63.3681364,32.42922133,51.04307094,51.04307094,13.04340675,0.105856636,2.033641743,12.9,26.17208,2.346431796,34.63501406,61.63889074,462040.0,48910.0,0.561901969,0.0,1.0,13.43480805206271,1.8902365857623515e-41,,,no_sigma_E,0.214004198,0.206004198,monthly_compounded,0.09955530094471107,0.7716950799077252,0.2207781228303091,0.5349035059239168,48.0
USB,2018,0.0,-0.14172335389369328,-0.12362335389369328,2.000167899,6.408034741,1.033938346,0.664584934,75.43582083,62.91087012,34.32354658,51.43078247,51.43078247,75.13243601,64.6126814,35.35852023,52.69409462,52.69409462,13.05488507,0.118703651,1.63172154,12.6,26.17208,2.888738216,41.30865321,54.87443284,467374.0,55479.0,0.75278506,0.0,1.0,51.14734403394146,0.0,27.443494078445383,4.153912955611634e-166,converged,-0.241510361,-0.259610361,monthly_compounded,0.11319437785375434,0.8068699211047655,0.18344324408773555,0.5667146797416391,60.0
USB,2019,0.0,0.31466583933055314,0.3360658393305531,1.70847891,5.894260477,1.116100677,0.757595687,76.24117827,60.71433837,48.70252559,55.83625388,55.83625388,75.43582083,62.91087012,34.32354658,51.43078247,51.43078247,13.11317328,0.126250944,1.983040048,12.7,26.11457,2.208485088,37.47435795,58.5107,495426.0,62548.0,0.64047017,0.0,1.0,8.724788039966983,1.3333983106416697e-18,4.651507106177011,1.6475895880831226e-06,converged,0.13113876,0.10973876,monthly_compounded,0.13777585827623762,1.0569799157941884,-0.07319924619381712,0.6974701104593138,60.0
USB,2020,1.0,-0.18324083635282842,-0.17884083635282844,1.073355001,4.519649763,1.106555083,0.625721547,76.98169436,61.29160242,47.14739858,55.63468786,55.63468786,76.24117827,60.71433837,48.70252559,55.83625388,55.83625388,13.22474847,0.093570197,1.490408936,13.4,26.11457,1.582099422,48.3551466,46.49303206,553905.0,51829.0,1.040051476,1.0,0.0,12.134737757679424,3.456555944753401e-34,5.625396294421669,9.254128629860248e-09,converged,-0.20559201,-0.20999201,monthly_compounded,0.12826065487874472,1.1154845344357662,-0.16782062151594188,0.803280376582065,60.0
USB,2021,1.0,0.24273334205008096,0.24313334205008097,1.568656288,1.736643804,1.092828872,0.741057681,77.27983235,70.22181973,55.88843868,63.5866309,63.5866309,76.98169436,61.29160242,47.14739858,55.63468786,55.63468786,13.25913651,0.074572114,1.716446267,13.4,19.17617,1.701365185,35.4864588,60.42182409,573284.0,42751.0,0.587311941,1.0,0.0,14.330133538208177,7.09237953745855e-47,6.794595653557364,5.4308365566602595e-12,converged,0.320327608,0.319927608,monthly_compounded,0.11707175787504899,0.8598203798430095,0.038449533597169544,1.0384241980419486,60.0
USB,2022,1.0,-0.20539499356676627,-0.19119499356676628,3.611220313,6.336451543,0.978488428,0.551886878,76.6526491,71.47213493,60.7741433,65.96213447,36.25209527,77.27983235,70.22181973,55.88843868,63.5866309,63.5866309,13.42217904,0.103059402,1.518858042,11.9,19.17617,4.438238516,46.20155542,48.30851214,674805.0,69545.0,0.956385394,1.0,0.0,11.499473727776522,6.636109295941072e-31,3.613994472563262,0.0001507577458029,converged,0.049817225,0.035617225,monthly_compounded,0.13078958832135779,0.8860908987589277,-0.07290111297213593,1.0374514056919018,60.0
USB,2023,1.0,-0.00217206807978311,0.04732793192021689,3.590465481,5.790548733,1.081843085,0.535505463,71.88367404,69.36279693,58.91099306,63.73975909,51.48065799,76.6526491,71.47213493,60.7741433,65.96213447,36.25209527,13.40527057,0.098498699,1.390365364,13.7,19.17617,4.380833699,52.71498386,41.76152043,663491.0,65353.0,1.262286031,1.0,0.0,10.45409862490989,7.016335368290017e-26,7.33063871826488,1.1452919788881797e-13,converged,0.119027993,0.069527993,monthly_compounded,0.16179659181176137,0.8898980637815819,0.00038099650375055677,0.8945381488976498,60.0
PNC,2016,0.0,0.25580942762818615,0.25780942762818615,2.132332584,5.19339494,0.888347714,0.563130763,80.33107012,79.53542931,89.03816183,80.32216568,80.32216568,76.84259786,60.74958959,93.93501442,72.65677906,72.65677906,12.81142633,0.143856106,1.359608839,14.3,25.87274,2.663571564,43.79139508,56.20860492,366380.0,52706.0,0.77908703,0.0,1.0,10.258092919815615,5.441742862076505e-25,,,no_sigma_E,0.280917781,0.278917781,monthly_compounded,0.08343528179857683,0.7470275761700914,0.42021164588997,0.2514046580213854,36.0
PNC,2017,0.0,0.2515929629228624,0.2595929629228624,2.114639368,5.344189072,0.890351156,0.622785897,81.78697073,77.87503106,94.95115581,81.68382186,81.68382186,80.33107012,79.53542931,89.03816183,80.32216568,80.32216568,12.84994554,0.155181108,1.56793719,13.7,25.06234,2.615789697,36.43980517,63.56019483,380768.0,59088.0,0.573311729,0.0,1.0,10.968758841681568,2.700432890188179e-28,,,no_sigma_E,0.242963036,0.234963036,monthly_compounded,0.11553716654604931,0.7973903501506197,0.35592920789866395,0.7965103804821294,48.0
PNC,2018,0.0,-0.18787929791543667,-0.16977929791543667,2.274576748,6.120615813,1.136762344,0.768297755,78.60841893,72.14283496,79.12731384,72.79859462,72.79859462,80.65917739,78.78947637,94.15314338,81.59738936,81.59738936,12.92463169,0.146877247,1.525116171,12.7,24.13859,3.198501175,38.73249516,61.26750484,410295.0,60263.0,0.632186593,0.0,1.0,62.5011837959742,0.0,35.0,1.124910706472406e-268,converged,-0.247849724,-0.265949724,monthly_compounded,0.12883974207547833,0.8499794886592226,0.28409261151243514,0.8025222380297793,60.0
PNC,2020,1.0,-0.031724487502965124,-0.027324487502965122,1.436878352,5.931508098,1.359596814,0.850507216,76.82087565,73.23953395,83.07919968,74.4731524,74.4731524,78.60841893,72.14283496,79.12731384,72.79859462,72.79859462,13.05339693,0.079701465,1.251183332,15.6,23.71585,1.988172442,43.96694052,56.03305948,466679.0,37195.0,0.784660715,0.0,1.0,8.98794168417923,1.259518163829619e-19,4.361235526798834,6.466502844436654e-06,converged,-0.142383972,-0.146783972,monthly_compounded,0.14324224835356522,1.1656851958789731,-0.12962318458085562,1.0390096843005472,60.0
PNC,2021,1.0,0.3817723206803742,0.3821723206803742,2.045007855,1.710862676,1.332358726,0.998423457,82.74298054,74.64296028,83.85385197,77.54007797,77.54007797,76.82087565,73.23953395,83.07919968,74.4731524,74.4731524,13.23066337,0.055248559,1.661571243,13.5,16.91579,2.196746512,28.70172699,71.29827301,557191.0,30784.0,0.402558516,1.0,0.0,53.03562678883338,0.0,24.108120110841583,1.0273305900330846e-128,converged,0.308364229,0.307964229,monthly_compounded,0.14039249665871445,1.173875923099014,-0.13136111227526734,1.0508059812298751,60.0
PNC,2022,1.0,-0.1998012309582179,-0.1856012309582179,3.781632185,7.796670479,1.13872467,0.851062453,79.82662904,72.00720251,70.79361806,71.0015771,71.0015771,82.74298054,74.64296028,83.85385197,77.54007797,77.54007797,13.23079258,0.105359588,1.582240931,12.3,16.91579,4.552183866,28.91772942,71.08227058,557263.0,58713.0,0.406820564,1.0,0.0,10.361158757556638,1.8621130092703653e-25,4.355274613256356,6.645010017597403e-06,converged,-0.00072285,-0.01492285,monthly_compounded,0.14996664847290986,1.1913433668258884,-0.030363858439560642,0.8696241373216177,60.0
TFC,2016,0.0,0.2827304678355891,0.2847304678355891,1.86566266,5.471509695,1.073585997,0.663548569,24.3362241,50.59669309,69.89050057,50.71496694,50.71496694,18.2821119,46.65570645,65.13684641,46.59049511,46.59049511,12.29808649,0.106582572,1.417547395,14.1,29.05421105,2.421366417,44.19674283,50.74182741,219276.0,23371.0,0.871012044,0.0,1.0,11.564878713573538,3.1039476494329037e-31,,,no_sigma_E,0.291288587,0.289288587,monthly_compounded,0.10034978528003313,0.8081887540097197,0.647585361934383,0.42193046375491283,36.0
TFC,2017,0.0,0.07874587712655057,0.08674587712655057,1.706542007,5.290902616,0.978874818,0.659205384,30.37984676,63.49712874,68.21207962,57.23487101,57.23487101,24.3362241,50.59669309,69.89050057,50.71496694,50.71496694,12.30881875,0.12897375,1.460767275,13.9,29.65023329,2.247946896,38.94871852,56.50351548,221642.0,28586.0,0.68931496,0.0,1.0,11.49763520569824,6.778960341568282e-31,,,no_sigma_E,0.221431551,0.213431551,monthly_compounded,0.1241318453068059,0.8750838301618337,0.6592307345501005,0.7032657611012914,48.0
TFC,2018,0.0,-0.12029903573441114,-0.10219903573441114,1.838588023,6.253531543,1.017448554,0.648169181,29.96612645,62.88244511,75.00289729,59.39734737,59.39734737,30.37984676,63.49712874,68.21207962,57.23487101,57.23487101,12.32694867,0.127990182,1.221592313,13.8,29.3309166,2.800766076,42.71419557,52.98281364,225697.0,28887.0,0.806189642,0.0,1.0,48.29324641122991,0.0,33.343295103178434,4.5558213560287046e-244,converged,-0.265534578,-0.283634578,monthly_compounded,0.13811637714692956,0.926423777047793,0.495804895512368,0.770918204768183,60.0
TFC,2020,1.0,-0.11570659934552378,-0.11130659934552378,1.450847182,5.484132003,1.354575924,0.805093481,70.76615551,75.60060656,69.30289847,69.81289628,69.81289628,29.96612645,62.88244511,75.00289729,59.39734737,59.39734737,13.14065113,0.089722089,1.030221972,14.5,21.00652,1.935206653,42.70808575,49.43036775,509228.0,45689.0,0.864005017,1.0,0.0,7.404320307328505,6.591194671445289e-14,4.242958621712086,1.1029606054458284e-05,converged,-0.15747384,-0.16187384,monthly_compounded,0.14942291534567098,1.1556922101000473,0.14375710523121446,1.0750647183367805,60.0
TFC,2021,1.0,0.26032422904775915,0.26072422904775916,1.688216454,1.912398115,1.264883102,0.885289467,76.93039664,79.75898852,68.32011436,72.74215112,72.74215112,70.76615551,75.60060656,69.30289847,69.81289628,69.81289628,13.20161993,0.076130596,1.241952521,13.2,20.44335,1.932624396,33.1832825,61.56901525,541241.0,41205.0,0.538960748,1.0,0.0,10.486159656562942,5.000556690811178e-26,21.20496679874228,4.296561894815489e-100,converged,0.24474198,0.24434198,monthly_compounded,0.14524470180310572,1.0633377197197658,0.14759444089072252,1.2501658824490787,60.0
TFC,2022,1.0,-0.249337308944519,-0.235137308944519,3.562402224,6.899010797,1.075666302,0.690841958,75.36702509,80.03639959,74.48821769,74.96194667,74.63050604,76.93039664,79.75898852,68.32011436,72.74215112,72.74215112,13.22718275,0.119989915,1.06040846,12.4,19.46703,4.417360259,38.27394475,55.3341331,555255.0,66625.0,0.691687799,1.0,0.0,9.479588775610004,1.2764356248368482e-21,4.663483863640485,1.5545028718334328e-06,converged,0.008983265,-0.005216735,monthly_compounded,0.15530223900707701,1.0337325040784546,0.1813010614220024,1.2043620241891244,60.0
TFC,2023,1.0,-0.13473436503616,-0.08523436503616,3.544201255,5.876195061,1.113004326,0.565459547,74.61173126,79.63667532,67.03483152,72.15302486,55.68729087,75.36702509,80.03639959,74.48821769,74.96194667,74.63050604,13.19067415,0.119073726,0.93922697,13.7,19.45758,4.371115891,50.57075809,42.06356105,535349.0,63746.0,1.202246239,1.0,0.0,10.902367185437384,5.614855664051955e-28,7.91902909590063,1.1968616774238e-15,converged,0.05610256,0.00660256,monthly_compounded,0.17903484511914317,0.9780331570767407,0.4089319855269527,0.9344029918220005,60.0
FCNCA,2016,0.0,0.37900583828361434,0.38100583828361434,1.523717553,6.033419071,0.971768051,0.76990952,21.15270351,21.91797436,22.37627986,18.92677603,18.92677603,18.2821119,19.80092668,39.21364379,23.9381714,23.9381714,10.4039851,0.043540243,1.415368331,13.85,36.70965,2.230548301,29.29149687,70.70850313,32990.836,1436.429,0.414257063,0.0,0.0,18.55998083383417,3.3864407484135278e-77,,,no_sigma_E,0.158390746,0.156390746,monthly_compounded,0.1158986713163692,1.0203829560556388,1.2537617127386484,0.08568638372140251,36.0
FCNCA,2017,0.0,0.13110714549501434,0.13910714549501435,1.610470125,6.756448614,1.143868028,0.948950709,22.15799615,23.26643699,30.13612446,22.38915755,22.38915755,21.15270351,21.91797436,22.37627986,18.92677603,18.92677603,10.44951173,0.045298572,1.451739743,14.21,35.77237,2.276859001,24.23121536,75.76878464,34527.512,1564.047,0.319804725,0.0,0.0,19.084639991889283,1.694014904519402e-81,,,no_sigma_E,0.195459847,0.187459847,monthly_compounded,0.13532757334675322,0.9196826242478693,1.2172756764795036,0.6160137991169838,48.0
FCNCA,2018,0.0,-0.07923302242326713,-0.061133022423267125,1.605112602,8.796723209,1.15023372,1.029116271,21.58687943,17.28665197,42.79480346,23.98030862,23.98030862,22.15799615,23.26643699,30.13612446,22.38915755,22.38915755,10.47471083,0.025195949,1.256677533,13.99,35.77237,2.687492745,15.4862947,84.5137053,35408.629,892.154,0.183240039,0.0,0.0,,,35.0,1.124910706472406e-268,extreme_DD_a_y2018_small,-0.143172394,-0.161272394,monthly_compounded,0.15214382195204265,0.9425414132240684,1.2415225642391474,0.717640792576618,60.0
FCNCA,2019,0.0,0.39498563486375315,0.41638563486375313,1.212703095,7.583039838,1.145386755,1.043667862,20.28455285,27.46066693,46.43213414,30.33605909,30.33605909,21.58687943,17.28665197,42.79480346,23.98030862,23.98030862,10.59223748,0.033317961,1.577477211,12.12,35.71542,1.661129308,13.16516976,86.83483024,39824.496,1326.871,0.151611625,0.0,0.0,20.04690419496084,1.0740140545800677e-89,8.897482332575722,2.8563888925897333e-19,converged,0.166814509,0.145414509,monthly_compounded,0.16166951907524132,1.0399202770628473,1.1334443023840208,0.7239663278494439,60.0
FCNCA,2020,1.0,0.07899330489341412,0.08339330489341412,0.875529501,5.90187254,1.175696214,0.945450239,18.99807322,23.4416618,29.99395953,22.42488968,22.42488968,20.28455285,27.46066693,46.43213414,30.33605909,30.33605909,10.81893153,0.037825015,1.449418139,13.81,35.71542,1.371861547,25.62091025,67.63134052,49957.68,1889.65,0.378831915,0.0,0.0,20.41000546698964,6.813472906432558e-93,8.917262149694023,2.3897867558050436e-19,converged,-0.009412697,-0.013812697,monthly_compounded,0.13937687647904004,1.0143627240126327,0.887802396997149,0.7654257716562465,60.0
FCNCA,2021,1.0,0.4478961984067284,0.4482961984067284,1.336057229,1.653390682,1.141730115,1.023105791,19.0205481,26.94636989,36.26624314,26.64997628,26.64997628,18.99807322,23.4416618,29.99395953,22.42488968,22.42488968,10.97349699,0.030587136,1.852509066,14.35,23.63595,1.518481851,12.72104579,83.78351259,58308.14,1783.479,0.151832328,0.0,0.0,26.35501686215433,2.2479767362988297e-153,16.745901383299657,3.0332281654760857e-63,converged,0.210641669,0.210241669,monthly_compounded,0.1334553228400825,0.6610095316831223,1.2320492734640787,1.250926798417379,60.0
FCNCA,2022,1.0,-0.09778177866750383,-0.08358177866750383,3.48121541,6.688676958,0.950320254,0.630015642,17.26625006,24.85207039,27.68063315,22.48928518,22.48928518,19.0205481,26.94636989,36.26624314,26.64997628,26.64997628,11.60183338,0.069900639,1.252809856,13.18,22.74765,4.547467685,38.09386691,57.88351571,109298.0,7640.0,0.658112529,0.0,1.0,26.89665152582238,1.2017517000858464e-159,9.702043428840884,1.4775988707589535e-22,converged,-0.054955615,-0.069155615,monthly_compounded,0.1509456751680164,0.7906808007464761,1.0692125441094187,1.1601365642270889,60.0
CFG,2016,0.0,0.38601240492877564,0.38801240492877564,1.910496296,5.347639752,1.158132807,0.648921936,21.15270351,42.14945319,67.7460182,45.29469533,45.29469533,18.2821119,32.13164792,56.42361111,36.24979737,36.24979737,11.91518544,0.114693686,0.935433439,14.0,34.226565,2.614951715,53.92799353,45.20220012,149520.0,17149.0,1.193039131,0.0,1.0,9.884809365328584,2.422515442417412e-23,,,no_sigma_E,0.421556315,0.419556315,monthly_compounded,,,,,
CFG,2017,0.0,0.1909837789478197,0.1989837789478197,1.924617281,5.988760859,1.249201545,0.808410057,61.11029612,59.28591744,62.21089774,57.69968745,57.69968745,21.15270351,42.14945319,67.7460182,45.29469533,45.29469533,11.93384389,0.094764205,1.029032914,13.9,32.684565,2.620637605,44.43169629,54.85371659,152336.0,14436.0,0.810003388,0.0,1.0,12.050702750187636,9.615167889088393e-34,,,no_sigma_E,0.292639564,0.284639564,monthly_compounded,,,,,
CFG,2018,0.0,-0.29247960967874,-0.27437960967874,2.073343078,7.224603756,1.35224846,0.81014682,63.18226927,58.30754806,81.18988375,64.25490469,64.25490469,61.11029612,59.28591744,62.21089774,57.69968745,57.69968745,11.98616136,0.107414745,0.693518414,13.3,31.829885,3.329800141,48.80651133,49.72271139,160518.0,17242.0,0.981573811,0.0,1.0,24.877197187926292,6.56786144009256e-137,14.346749069001705,5.582475343970303e-47,converged,-0.395363612,-0.413463612,monthly_compounded,0.2105281353897777,1.4131501228676118,0.5336268128442171,1.5008332802048931,40.0
CFG,2019,0.0,0.396839954829704,0.418239954829704,1.560562546,6.519585371,1.475102424,0.920110427,62.4867593,62.67575442,81.02030889,66.4628819,66.4628819,63.18226927,58.30754806,81.18988375,64.25490469,64.25490469,12.01813334,0.086410069,0.852554272,13.0,31.78233,2.228358909,45.19614528,51.11537006,165733.0,14321.0,0.88419873,0.0,1.0,4.434893247320385,4.605896223283522e-06,2.865455382887799,0.0020820497401024,converged,0.079091708,0.057691708,monthly_compounded,0.21728806792648742,1.451251893415637,0.35009942361580154,1.593936275226779,52.0
CFG,2020,1.0,-0.07117397496538118,-0.06677397496538118,1.355001421,7.146289177,1.837902819,1.150251439,61.26114298,59.98081933,84.90031241,66.31182903,66.31182903,62.4867593,62.67575442,81.02030889,66.4628819,66.4628819,12.11914672,0.046845088,0.737735347,13.4,30.91004,2.135510053,42.26497644,48.84499158,183349.0,8589.0,0.865287823,0.0,1.0,8.250149081253538,7.909852568291384e-17,4.675379927891333,1.4670495500974728e-06,converged,-0.246538316,-0.250938316,monthly_compounded,0.19834261672652742,1.42267312031106,0.634442226671673,1.4702518602104344,60.0
CFG,2021,1.0,0.36905106412405647,0.3694510641240565,1.920668081,1.964402041,1.570129055,1.237792841,63.24046111,57.7425825,79.87900603,64.01186402,64.01186402,61.26114298,59.98081933,84.90031241,66.31182903,66.31182903,12.14637041,0.03718506,0.931794009,12.7,22.49198,2.202189243,23.93964882,69.10901716,188409.0,7006.0,0.346404128,0.0,1.0,12.42277992696754,9.830446237451837e-36,7.822253270741769,2.594304126639389e-15,converged,0.309358765,0.308958765,monthly_compounded,0.19172184364184505,1.4117057119622272,0.7230181298496439,1.3884116594948923,60.0
CFG,2022,1.0,-0.14799802458566946,-0.13379802458566947,3.614861806,8.254732547,1.343459654,1.01657904,65.21847322,50.91189585,82.95336675,62.1143396,62.1143396,63.24046111,57.7425825,79.87900603,64.01186402,64.01186402,12.33152839,0.070082432,0.894129386,12.8,22.10279,4.622204368,26.96113368,65.31486586,226733.0,15890.0,0.412787094,0.0,1.0,10.595963045968809,1.5556099856421236e-26,3.595256068980171,0.0001620363287935,converged,0.021884088,0.007684088,monthly_compounded,0.1890698555244381,1.2880005594511508,0.7734173065049289,1.220503516891429,60.0
FITB,2016,0.0,0.3764690614674171,0.3784690614674171,2.211213345,5.608279197,1.270791469,0.653393242,64.97526488,59.44044488,61.64834326,58.28348276,58.28348276,64.01731298,52.95515868,49.95163904,51.10988516,51.10988516,11.86482804,0.124359074,1.360792436,15.02,28.77828,2.893030086,54.98628127,41.44537449,142177.0,17681.0,1.326716961,0.0,1.0,10.824315927408096,1.3202171321465428e-27,,,no_sigma_E,0.363725891,0.361725891,monthly_compounded,0.12393813594809625,0.9662897266312839,0.4405032340791201,0.7639793354330422,36.0
FITB,2017,0.0,0.14202702053680127,0.15002702053680128,2.222370172,6.568211141,1.359465808,0.895718919,76.96133554,62.50707575,70.55559635,64.58402315,64.58402315,64.97526488,59.44044488,61.64834326,58.28348276,58.28348276,11.8641526,0.131959938,1.415699809,15.16,27.86469,2.869746808,40.26991172,56.10729325,142081.0,18749.0,0.71773043,0.0,1.0,11.618842182379147,1.6529296912530636e-31,,,no_sigma_E,0.271389702,0.263389702,monthly_compounded,0.16500535508459283,1.2294831762886895,0.5813518271959087,1.0058235096018018,48.0
FITB,2018,0.0,-0.22125802591182753,-0.20315802591182752,2.354661584,7.118726075,1.248538406,0.751411501,76.65388381,63.15912665,73.14168849,65.70384986,65.70384986,76.96133554,62.50707575,70.55559635,64.58402315,64.58402315,11.89183439,0.114007763,1.019855491,14.48,27.86469,3.505213728,46.11830688,50.28423274,146069.0,16653.0,0.917152443,0.0,1.0,37.5827471087267,2.056824434256065e-309,21.028721268251942,1.7908736422073094e-98,converged,-0.345705194,-0.363805194,monthly_compounded,0.18043053106079704,1.2680289374263638,0.512928711877403,1.0876599807860865,60.0
FITB,2019,0.0,0.330065589630682,0.351465589630682,1.736927362,6.502169961,1.406457037,0.892964492,82.38355483,76.92876347,70.86038736,72.73994119,72.73994119,76.65388381,63.15912665,73.14168849,65.70384986,65.70384986,12.03983505,0.092691106,1.121394866,13.84,27.86469,2.344515209,42.27529113,53.03157883,169369.0,15699.0,0.797172026,0.0,1.0,5.660980613946895,7.525521561173415e-09,3.2737190682407853,0.0005307103991662,converged,0.086182702,0.064782702,monthly_compounded,0.18954560627060696,1.290829342856383,0.2950579714420434,1.2823132076202184,60.0
FITB,2020,1.0,-0.05796259854065548,-0.05356259854065548,1.580286996,6.292732952,1.645132222,0.932607736,87.60113796,80.77419335,69.6733807,77.92706696,77.92706696,82.38355483,76.92876347,70.86038736,72.73994119,72.73994119,12.22920306,0.078126832,0.935975335,15.08,27.86469,2.30631589,48.17580372,45.48582653,204680.0,15991.0,1.0591388,0.0,1.0,8.400910594905259,2.2151480860308316e-17,4.609832771556547,2.0149649955622295e-06,converged,-0.183312313,-0.187712313,monthly_compounded,0.17881268375961035,1.3780281828868077,0.21444724860139125,1.2966297637259028,60.0
FITB,2021,1.0,0.6238695588945042,0.6242695588945042,1.858635436,1.870057349,1.445929091,1.087586525,81.19292897,80.11262371,75.36025297,76.06580873,76.06580873,87.60113796,80.77419335,69.6733807,77.92706696,77.92706696,12.26016302,0.059900718,1.479793335,13.42,21.54903,2.141992871,28.1442291,67.01207926,211116.0,12646.0,0.419987402,0.0,1.0,13.966627777062811,1.2457362483327998e-44,8.979455534038742,1.3605496770808398e-19,converged,0.265953919,0.265553919,monthly_compounded,0.16865965407746544,1.2962204286718784,0.2500764321425441,1.2956197527778952,60.0
FITB,2022,1.0,-0.2334041571516965,-0.2192041571516965,3.676571106,7.638112793,1.229029974,0.849878543,79.52921572,78.81547378,56.13253798,68.34767822,68.34767822,81.19292897,80.11262371,75.36025297,76.06580873,76.06580873,12.24265527,0.089697858,1.474057637,12.79,21.23969,4.671247363,34.06300607,60.13600231,207452.0,18608.0,0.566432832,0.0,1.0,13.777331938993,1.7446561999338822e-43,4.482724692257845,3.6847990077640294e-06,converged,-0.00418684,-0.01838684,monthly_compounded,0.17354974520482813,1.144753438702094,0.2792431571415981,1.3694452535323702,60.0
FRCB,2016,0.0,0.40519531634268824,0.40719531634268824,2.032453444,7.153789567,0.990237747,0.933310636,21.15270351,36.37394181,50.95136519,36.38396661,36.38396661,18.2821119,30.57960897,36.86887255,28.44028017,28.44028017,11.20201259,0.092951898,2.464239347,14.46,30.3649,2.317255947,7.384160471,84.30171399,73277.772,6811.308,0.087592056,0.0,0.0,17.320163865545535,1.657063461032844e-67,,,no_sigma_E,0.496822577,0.494822577,monthly_compounded,0.1012382598901143,1.0449433528464562,0.6839226068400855,-0.0385620027810212,36.0
FRCB,2017,0.0,-0.061176392260930516,-0.053176392260930516,2.094499596,6.621407901,0.947147187,0.865864427,22.15799615,43.10584389,56.75932281,41.81385478,41.81385478,21.15270351,36.37394181,50.95136519,36.38396661,36.38396661,11.38259474,0.114738538,2.05165595,14.11,27.29984,2.384644382,10.85649086,84.07682295,87780.507,10071.807,0.129125846,0.0,0.0,17.784368325891666,4.67050731439402e-71,,,no_sigma_E,0.429201892,0.421201892,monthly_compounded,0.11374824654599622,0.9341318658771163,0.47771397433098256,0.4289313458306071,48.0
FRCB,2018,0.0,-0.007316886367892735,0.010783113632107266,1.846486442,7.665253768,0.905397312,0.833918167,21.58687943,38.74555725,52.45280924,38.10080772,38.10080772,22.15799615,43.10584389,56.75932281,41.81385478,41.81385478,11.50494575,0.105578201,1.851950432,13.43,24.52842161,3.169590924,9.571389477,84.27572594,99205.204,10473.907,0.113572317,0.0,0.0,66.63838846460636,0.0,32.31711437764412,2.0108444468632054e-229,converged,-0.64746266,-0.66556266,monthly_compounded,0.1219530282562804,0.8418816679101367,0.6807317849009209,0.4696051176271348,60.0
FRCB,2019,0.0,0.34011193589116073,0.3615119358911607,2.013123315,6.74863594,0.908832993,0.85445229,24.26353182,55.91865254,44.99461777,44.50668703,44.50668703,21.58687943,38.74555725,52.45280924,38.10080772,38.10080772,11.6636156,0.122786494,2.274782765,12.73,18.81773,2.638232185,6.8999813,88.01407063,116263.634,14275.604,0.078396343,0.0,1.0,4.935074431150432,4.006009959367485e-07,,,extreme_DD_m_y2019_small,-0.146173742,-0.167573742,monthly_compounded,0.1299768705829462,0.8409859013917762,0.6805271002922939,0.5825001973434105,60.0
FRCB,2020,1.0,0.2553071263171837,0.25970712631718373,1.826030046,6.516784653,1.056269296,0.980876283,25.20943496,53.52827411,49.48689777,45.25974325,45.25974325,24.26353182,55.91865254,44.99461777,44.50668703,44.50668703,11.86711225,0.094942143,2.506849546,12.55,18.62841,2.120764966,7.991076817,84.59822353,142502.134,13529.458,0.094459156,0.0,1.0,6.880301620438804,2.9862982917843324e-12,4.46721086418723,3.962300485507014e-06,converged,0.11859572,0.11419572,monthly_compounded,0.1140348005139864,0.8057424764795321,0.6627636010451082,0.6848486626639956,60.0
MTB,2016,0.0,0.31916474531754946,0.32116474531754946,1.769044173,5.086437666,0.768099758,0.556729481,29.36119289,44.96845278,60.10381115,45.12374707,45.12374707,25.98120094,47.46944463,50.85171569,42.96013101,42.96013101,11.72358506,0.078228749,1.601520055,14.09,33.71485,2.398421106,34.91598038,60.95941482,123449.206,9657.277,0.572774205,0.0,1.0,13.220999739753108,3.3187900854813983e-40,,,no_sigma_E,0.294043416,0.292043416,monthly_compounded,0.06281402762159075,0.6122226380747074,0.2782785238962189,0.09789092422578778,36.0
MTB,2017,0.0,0.10565597770123825,0.11365597770123825,1.574661517,5.44999953,0.822495312,0.667098347,35.44657245,47.90272034,46.26515671,42.32876069,42.32876069,29.36119289,44.96845278,60.10381115,45.12374707,45.12374707,11.68345685,0.070126355,1.708661496,14.75,35.07388,2.251589335,25.46162797,70.96642858,118593.487,8316.529,0.358784125,0.0,1.0,14.46617586804894,9.90944017367488e-48,,,no_sigma_E,0.158937016,0.150937016,monthly_compounded,0.11137172734220724,0.7399652461437606,0.2874892985404089,0.8434514587410101,48.0
MTB,2018,0.0,-0.16405012329626745,-0.14595012329626744,1.559362312,6.860261235,0.966665693,0.752407575,34.293491,48.1141228,55.69287142,45.74379069,45.74379069,35.44657245,47.90272034,46.26515671,42.32876069,42.32876069,11.69605838,0.106940631,1.393304784,13.68,35.53041,2.666666876,29.56993589,66.94546517,120097.403,12843.292,0.441701851,0.0,1.0,28.682696061837852,3.1359455894760864e-181,16.787471631883342,1.5070741519762572e-63,converged,-0.238741921,-0.256841921,monthly_compounded,0.1265188585152729,0.7921318699567067,0.26041942573028176,0.8725554600911923,60.0
MTB,2019,0.0,0.19520977921196744,0.21660977921196745,1.196434698,5.863137133,1.109997784,0.803093285,37.36484516,53.39285035,71.3987053,54.64594977,54.64594977,34.293491,48.1141228,55.69287142,45.74379069,45.74379069,11.6941861,0.058800258,1.532064022,13.05,35.53041,1.811456143,35.88243621,60.5340275,119872.757,7048.549,0.592764726,0.0,1.0,10.94657553409358,3.4503699263329875e-28,7.015057804801985,1.1492695279082896e-12,converged,0.047240124,0.025840124,monthly_compounded,0.15342756952975137,1.0596423609584815,-0.013650012907914259,1.0321079718323678,60.0
MTB,2020,1.0,-0.22530559172979184,-0.22090559172979185,0.906205304,6.081572222,1.221512704,0.939315462,80.23956206,61.11637779,76.76379777,67.67161563,67.67161563,37.36484516,53.39285035,71.3987053,54.64594977,54.64594977,11.86780654,0.03114755,1.093540195,13.37,35.53041,1.669973243,29.64731781,63.62078512,142601.105,4441.675,0.466000502,0.0,1.0,17.723221582132137,1.387761468920974e-70,10.302089826743275,3.4473463204419237e-25,converged,-0.267867802,-0.272267802,monthly_compounded,0.14586891048955672,1.0888064555111094,0.20184328535210744,1.0953059974100696,60.0
MTB,2021,1.0,0.2424906922964553,0.24289069229645532,1.809930887,1.773489804,1.077432443,0.943433549,83.26220367,66.697731,80.20069911,72.35887735,72.35887735,80.23956206,61.11637779,76.76379777,67.67161563,67.67161563,11.95187151,0.022774029,1.223523137,15.33,24.26575,2.119175052,14.66763715,78.21005445,155107.16,3532.415,0.18754158,0.0,1.0,21.41618497922739,4.720600127072673e-102,9.885627074465456,2.4028177185618333e-23,converged,0.262101282,0.261701282,monthly_compounded,0.13553616312506736,0.9416686143041642,0.11353900754751477,1.276580064035243,60.0
MTB,2022,1.0,-0.0440268415369175,-0.029826841536917503,3.475326954,7.099389923,0.820146224,0.739710633,90.80828067,85.95141549,82.4770445,83.99511722,56.48353992,83.26220367,66.697731,80.20069911,72.35887735,72.35887735,12.20971521,0.037460738,1.053507213,13.6,24.26575,4.475625001,11.87070813,82.67659106,200729.841,7519.488,0.143580039,0.0,1.0,13.638616288382524,1.1799799485046359e-42,4.933446929701401,4.039550049666839e-07,converged,0.10371246,0.08951246,monthly_compounded,0.13886223010095794,0.8372940478866097,0.3652223963429415,1.1164378961664723,60.0
HBAN,2016,0.0,0.22721446208554297,0.22921446208554297,2.465358071,5.90373628,1.224840376,0.684560262,29.82935769,60.45459718,72.90321616,57.48007622,57.48007622,18.38251351,49.02941309,62.5268051,46.84269656,46.84269656,11.51006234,0.120362249,1.55385172,13.05,24.26771,3.053360794,48.64602621,46.67895893,99714.097,12001.813,1.042140342,0.0,0.0,13.838790788766396,7.434338489674637e-44,,,no_sigma_E,0.327723719,0.325723719,monthly_compounded,0.10925358586680328,0.9591763997959368,0.4570815226921877,0.42492974981349163,36.0
HBAN,2017,0.0,0.12180571624486469,0.1298057162448647,2.347039731,6.570205225,1.341091508,0.865795952,70.24456482,64.62662581,84.31130449,68.20357631,68.20357631,29.82935769,60.45459718,72.90321616,57.48007622,57.48007622,11.55392344,0.136891107,1.602043362,13.39,24.26771,2.915893336,40.37699169,55.70149408,104185.0,14262.0,0.724881663,0.0,1.0,11.735409917166663,4.1959380283003196e-32,,,no_sigma_E,0.249126053,0.241126053,monthly_compounded,0.15490560792312014,1.2469720004717606,0.4871049105791643,0.7785303230621248,48.0
HBAN,2018,0.0,-0.17062378772966413,-0.15252378772966413,2.638906582,8.179809376,1.364420427,0.913186754,83.58072275,74.0567996,92.17890399,80.3323948,80.3323948,70.24456482,64.62662581,84.31130449,68.20357631,68.20357631,11.59709197,0.097829584,1.260477386,12.98,24.15136,3.71095029,37.77754034,57.98819328,108781.0,10642.0,0.651469518,0.0,1.0,49.4905436896213,0.0,28.196971537410345,3.1847774064045363e-175,converged,-0.303162996,-0.321262996,monthly_compounded,0.1709753702242317,1.2502332241466285,0.556688486541392,0.8796744507521879,60.0
HBAN,2019,0.0,0.29598850058495174,0.3173885005849517,1.885197358,6.721770532,1.462582643,0.900968815,83.60607327,76.52730109,90.92193888,81.15836513,81.15836513,83.58072275,74.0567996,92.17890399,80.3323948,80.3323948,11.59912151,0.114263958,1.45219529,13.04,23.74462,2.403096736,43.04434412,52.65729562,109002.0,12455.0,0.817443122,0.0,1.0,6.576479964317204,2.4085793751956988e-11,3.9767834223662897,3.492686552622224e-05,converged,0.100094031,0.078694031,monthly_compounded,0.18300849607255848,1.3651449901615174,0.3644190241893401,0.9502352544686584,60.0
HBAN,2020,1.0,-0.11562457136026287,-0.11122457136026287,1.885613591,5.901297806,1.485541959,0.8348092,83.18945847,78.96086781,81.43216455,78.81935473,78.81935473,83.60607327,76.52730109,90.92193888,81.15836513,81.15836513,11.72024853,0.069368813,1.189334871,14.46,22.60813,2.536468603,44.92310964,44.60152497,123038.0,8535.0,1.007210172,0.0,1.0,10.478914852512414,5.398775999443829e-26,5.809572593015299,3.1316266110851723e-09,converged,-0.173552121,-0.177952121,monthly_compounded,0.17209681530317644,1.3944553215515165,0.46682127805430235,0.9876208992152488,60.0
HBAN,2021,1.0,0.26982416559743333,0.27022416559743334,2.132709119,2.02961093,1.294765917,0.995497396,83.83384923,78.5200868,68.03904785,74.14081322,74.14081322,83.18945847,78.96086781,81.43216455,78.81935473,78.81935473,12.06717833,0.042754389,1.294219749,13.14,15.9465,2.317565286,24.51322122,68.53860767,174064.0,7442.0,0.357655664,0.0,1.0,15.842773412233662,7.885442748546187e-57,9.46176194558325,1.513986377634751e-21,converged,0.269504133,0.269104133,monthly_compounded,0.15390414090646165,1.0852804544668018,0.5529932864596984,1.2196533758406705,60.0
HBAN,2022,1.0,-0.057053123396624945,-0.04285312339662495,4.193631797,7.738048125,1.149487788,0.852476531,85.4306889,77.98474699,67.77127169,74.03253554,74.03253554,83.83384923,78.5200868,68.03904785,74.14081322,74.14081322,12.11672764,0.064038359,1.307328406,13.09,15.9465,4.985577367,27.11923891,65.42486275,182906.0,11713.0,0.41450968,0.0,1.0,14.913838419725945,1.339493929216874e-50,4.983396902674522,3.123880473632689e-07,converged,0.004706964,-0.009493036,monthly_compounded,0.15732424808697287,0.9783894929275155,0.6295794404392052,1.149168941349938,60.0
KEY,2016,0.0,0.4193830634421136,0.4213830634421136,2.56142296,5.490937315,1.098561321,0.609865625,77.89661319,61.4367953,84.66011654,69.4185851,69.4185851,74.18236343,59.2068303,84.51408183,68.11696095,68.11696095,11.82373551,0.10768543,1.452601136,12.85,24.79542,3.161282586,49.4674626,46.42581796,136453.0,14694.0,1.065516232,0.0,1.0,11.609916325021796,1.834872690353498e-31,,,no_sigma_E,0.396317558,0.394317558,monthly_compounded,0.12465615828411855,0.9069783689445741,0.4790900656951409,0.8789781899377221,36.0
KEY,2017,0.0,0.11936639318187181,0.12736639318187182,2.447974499,5.792653164,1.084106291,0.67784876,80.3662947,77.67592804,82.45644617,76.88239394,76.88239394,77.89661319,61.4367953,84.66011654,69.4185851,69.4185851,11.83281816,0.111432265,1.540465017,12.92,23.7511,3.024624862,42.80931644,54.46321281,137698.0,15344.0,0.786022606,0.0,1.0,12.701033830245771,2.917685270397977e-37,,,no_sigma_E,0.26023311,0.25223311,monthly_compounded,0.16645096983170315,1.0524140278259788,0.3783588497102933,1.4826798661137626,48.0
KEY,2018,0.0,-0.26443220321888794,-0.24633220321888794,2.576486093,7.095788442,1.145644505,0.73119519,80.93195868,71.88957183,88.07275253,76.02537651,76.02537651,80.3662947,77.67592804,82.45644617,76.88239394,76.88239394,11.84662959,0.104538976,1.065270864,12.89,24.79542,3.682904765,41.34378676,54.8550281,139613.0,14595.0,0.753691834,0.0,1.0,27.338394788997544,7.419126497118258e-165,14.786301568621562,8.977623582196933e-50,converged,-0.352250237,-0.370350237,monthly_compounded,0.17571340659758056,1.0498070192787852,0.4085333170042362,1.4538841929051898,60.0
KEY,2019,0.0,0.40556177443230224,0.4269617744323022,1.905342777,6.171840467,1.319665452,0.802198029,79.21377112,68.62977251,71.84308926,68.52096551,68.52096551,80.93195868,71.88957183,88.07275253,76.02537651,76.02537651,11.88440626,0.093387039,1.306532981,12.79,24.79542,2.473544317,43.67550543,50.91911023,144988.0,13540.0,0.857742903,0.0,1.0,5.758964605915936,4.231572203050898e-09,3.491630033114123,0.0002400413592417,converged,0.088619306,0.067219306,monthly_compounded,0.19056834345000473,1.232266175512447,0.34788983157209447,1.3962949601891383,60.0
KEY,2020,1.0,-0.14938494189308707,-0.14498494189308708,1.982142508,6.103539452,1.579160341,0.805632614,78.18887899,67.27524409,57.69881958,62.57492028,62.57492028,79.21377112,68.62977251,71.84308926,68.52096551,68.52096551,12.04552824,0.08622957,0.995736573,13.4,18.49174,2.577924201,50.31607167,42.71392715,170336.0,14688.0,1.177978122,0.0,1.0,8.308215226001497,4.857610005563241e-17,4.578097610161248,2.3461187104127776e-06,converged,-0.278781793,-0.283181793,monthly_compounded,0.17635482030380548,1.279718571143171,0.4233224832762821,1.3331992899878629,60.0
KEY,2021,1.0,0.4586022111677323,0.4590022111677323,2.135064009,2.029963725,1.464512803,0.928145316,76.47217893,71.19131045,73.94408153,70.45122763,70.45122763,78.18887899,67.27524409,57.69881958,62.57492028,62.57492028,12.13536044,0.068705526,1.384029838,12.49,15.61507,2.305330436,38.54453904,56.28352423,186346.0,12803.0,0.684828101,0.0,1.0,11.657460973886067,1.0510891588653188e-31,5.970757906051878,1.1807697411603294e-09,converged,0.33706584,0.33666584,monthly_compounded,0.16940560787342113,1.2034354031630203,0.41990828217599685,1.4150661395872908,60.0
KEY,2022,1.0,-0.23077662286086387,-0.21657662286086388,4.217338728,6.552945264,1.28590853,0.508732976,73.97123783,77.05672387,77.01622896,74.19311821,74.19311821,76.47217893,71.19131045,73.94408153,70.45122763,70.45122763,12.15379466,0.15157023,1.484253624,12.79,15.61507,4.973197578,60.7986037,33.58375542,189813.0,28770.0,1.810357506,0.0,1.0,8.70262393291251,1.6214858798204537e-18,,,extreme_DD_m_y2022_small,0.061665031,0.047465031,monthly_compounded,0.1740760759716291,1.1781807745031243,0.5502332348099347,1.1885683995467486,60.0
KEY,2023,1.0,-0.1649691639899753,-0.11546916398997531,4.608093246,6.284107736,1.305490432,0.423937753,72.49714885,77.49341565,76.95907549,74.35819602,40.62221178,73.97123783,77.05672387,77.01622896,74.19311821,74.19311821,12.14569081,0.120272359,1.111190691,14.15,15.61507,5.445652717,66.37692277,26.93616931,188281.0,22645.0,2.464230232,0.0,1.0,7.730895899430883,5.339616370204105e-15,6.446115090894529,5.737676715087947e-11,converged,0.047456681,-0.002043319,monthly_compounded,0.2040418389635654,1.157372930801638,0.5578120440260508,1.1004087445625004,60.0
RF,2016,0.0,0.5319801459084166,0.5339801459084166,2.301962126,8.60749851,1.471288577,1.23102252,53.19620528,51.50771125,70.02172691,52.44053548,52.44053548,43.69233551,48.98376488,70.40837032,50.84859263,50.84859263,11.74378319,0.061626762,1.100819026,14.15,31.88739,2.990824705,21.18289334,73.92415664,125968.0,7763.0,0.286549002,0.0,1.0,12.789147202108726,9.426565814195976e-38,,,no_sigma_E,0.358250092,0.356250092,monthly_compounded,0.1325723914026189,1.031434404511525,0.5617522317631731,0.7820624297152315,36.0
RF,2017,0.0,0.22149701678390277,0.22949701678390277,2.074722673,7.679190939,1.317741644,1.103612023,62.20669713,54.57967964,71.52047932,57.458141,57.458141,53.19620528,51.50771125,70.02172691,52.44053548,52.44053548,11.73040501,0.069448244,1.274830814,13.78,30.74163,2.70386418,21.14007014,75.46027159,124294.0,8632.0,0.280148344,0.0,1.0,13.704565384961118,4.766822529870474e-43,,,no_sigma_E,0.267783842,0.259783842,monthly_compounded,0.1838435339364624,1.1698131779843841,0.6568373749973191,1.5300832040998524,48.0
RF,2018,0.0,-0.22380483953804375,-0.20570483953804375,2.161707075,9.746684352,1.405091933,1.183298888,69.61963761,47.97152163,60.66986867,52.66801118,52.66801118,62.20669713,54.57967964,71.52047932,57.458141,57.458141,11.74155792,0.111577875,0.960909265,12.46,30.74163,3.496133429,20.6406496,76.26796544,125688.0,14024.0,0.270633279,0.0,1.0,37.745952356466056,0.0,21.03387455059808,1.606534571702964e-98,converged,-0.340454803,-0.358554803,monthly_compounded,0.19256369738017504,1.2365900470677575,0.5072587289399523,1.4371918033137576,60.0
RF,2019,0.0,0.31161258366087974,0.3330125836608797,1.701173571,8.349471528,1.570321891,1.234809877,80.3615413,72.41994073,47.46314627,63.57418892,63.57418892,69.61963761,47.97152163,60.66986867,52.66801118,52.66801118,11.74594014,0.078651774,1.096185051,12.68,30.0,2.3474136,26.38473753,67.97400147,126240.0,9929.0,0.388159251,0.0,1.0,6.119161559222236,4.70344971234837e-10,3.470359523244564,0.000259881071269,converged,0.085303277,0.063903277,monthly_compounded,0.2117930956880377,1.4544428565403287,0.40984603839950173,1.4303552691874948,60.0
RF,2020,1.0,-0.020731400105632833,-0.01633140010563283,1.531187228,7.757044088,1.596881417,1.216959393,84.68316142,80.50568692,44.51291095,66.86915772,66.86915772,80.3615413,72.41994073,47.46314627,63.57418892,63.57418892,11.90083063,0.024214833,0.940920507,13.56,29.73856,2.339703844,27.87646358,62.73881926,147389.0,3569.0,0.444325601,0.0,1.0,12.035018534395231,1.1629089344688904e-33,6.600073974043387,2.054763376507572e-11,converged,-0.17966928,-0.18406928,monthly_compounded,0.2037159112184223,1.5312022595509698,0.3813092737981791,1.5030310269412541,60.0
RF,2021,1.0,0.39354244300561886,0.39394244300561887,1.961731307,1.995041766,1.448587642,1.32368303,85.278048,79.48631891,83.66134066,80.57957388,80.57957388,84.68316142,80.50568692,44.51291095,66.86915772,66.86915772,12.00112504,0.01477249,1.232111358,12.74,21.68798,2.227193849,10.02403452,83.19103146,162938.0,2407.0,0.120494173,0.0,1.0,,,,,low_leverage_td_ta,0.261531575,0.261131575,monthly_compounded,0.1696135710991262,1.1899879701750744,0.50887854704982,1.4043975548854966,60.0
RF,2022,1.0,0.008959519050736766,0.023159519050736765,3.647915395,8.813125265,1.23737707,1.129897222,86.85040811,78.45001233,84.06177448,80.2749904,80.2749904,85.278048,79.48631891,83.66134066,80.57957388,80.57957388,11.95259874,0.014714599,1.410108942,12.54,21.58631,4.656989049,10.02717125,82.65749141,155220.0,2284.0,0.121309891,0.0,1.0,,,,,low_leverage_td_ta,-0.004599173,-0.018799173,monthly_compounded,0.17204526674078735,1.1537184551549429,0.5559513711803346,1.1861044590433933,60.0
DFS,2016,0.0,0.37230061565979033,0.37430061565979034,1.871323188,6.204668534,1.466078734,0.842963126,23.49352748,50.88147633,73.41723549,52.00449569,52.00449569,22.84303853,51.98861688,70.41732532,51.79336452,51.79336452,11.43288609,0.275631581,2.603934049,15.5,37.11424,2.761313722,53.4301298,45.45466809,92308.0,25443.0,1.175459684,0.0,0.0,11.644832922751602,1.2189948628305698e-31,,,no_sigma_E,0.296669349,0.294669349,monthly_compounded,0.1388000080243061,1.2974468324451762,0.09672758516069095,0.6259653700864007,36.0
DFS,2017,0.0,0.08107986623633812,0.08907986623633812,1.749679341,6.105188521,1.515509085,0.891316777,29.51822378,53.14581786,67.90295905,51.8652637,51.8652637,23.49352748,50.88147633,73.41723549,52.00449569,52.00449569,11.51379509,0.263031163,2.665429509,13.8,37.11424,2.537617125,52.11255572,46.7959594,100087.0,26326.0,1.113612295,0.0,1.0,10.601151513298616,1.471667749837695e-26,,,no_sigma_E,0.328830797,0.320830797,monthly_compounded,0.1783714051703324,1.449589062816148,0.2856756275662093,1.0277425503267992,48.0
DFS,2018,0.0,-0.23593773971428678,-0.21783773971428677,1.859429235,7.634849463,1.522244505,0.919563181,28.9918111,46.26099994,74.32045303,50.76712922,50.76712922,29.51822378,53.14581786,67.90295905,51.8652637,51.8652637,11.60416373,0.248537238,1.849974053,13.5,36.40642,3.165036055,50.22208667,48.73061224,109553.0,27228.0,1.030606519,0.0,1.0,58.90404388791056,0.0,35.0,1.124910706472406e-268,converged,-0.314649238,-0.332749238,monthly_compounded,0.19496487319598566,1.4502183761925012,0.28410557507406414,1.1798886252996785,60.0
DFS,2019,0.0,0.4480835411994183,0.46948354119941826,1.489773877,6.75786862,1.609225342,0.997671264,34.4487962,58.68573438,86.53447635,62.30018678,62.30018678,28.9918111,46.26099994,74.32045303,50.76712922,50.76712922,11.64391864,0.225455279,2.328924411,13.5,35.31241,2.163337925,48.11585391,50.77638353,113996.0,25701.0,0.947603011,0.0,1.0,5.402274139233649,3.290064186651213e-08,2.8329935560830046,0.0023057157793637,converged,0.177962083,0.156562083,monthly_compounded,0.20714824142528943,1.5858332481563235,0.2073414952215069,1.158953544642381,60.0
DFS,2020,1.0,0.09637813155613846,0.10077813155613846,1.099708602,5.116753214,1.78676909,0.81105615,34.7969454,54.75613166,84.1830021,59.73995965,59.73995965,34.4487962,58.68573438,86.53447635,62.30018678,62.30018678,11.63416031,0.188158279,2.824201606,16.1,34.54595,1.676214511,63.43025825,34.51134303,112889.0,21241.0,1.837953922,0.0,1.0,8.423764752335433,1.8228796564997392e-17,3.9565695623047663,3.80168772857637e-05,converged,0.007412977,0.003012977,monthly_compounded,0.18654858811181418,1.563350885547724,0.26232334700474125,1.0925136798125237,60.0
DFS,2021,1.0,0.29752822926652794,0.29792822926652796,1.808167253,1.823731757,1.690025276,1.221415472,36.60665359,58.66827208,79.51069368,60.48444115,60.48444115,34.7969454,54.75613166,84.1830021,59.73995965,59.73995965,11.61043323,0.183478166,2.697475766,17.6,23.76981,2.167986604,32.85209762,65.27428955,110242.0,20227.0,0.503293071,0.0,1.0,10.618754240170317,1.2189640368853947e-26,12.937041456815177,1.3906779717868646e-38,converged,0.238236136,0.237836136,monthly_compounded,0.1789973549522106,1.3608487714012913,0.8887885790793935,1.1109086915183397,60.0
DFS,2022,1.0,-0.1498745984620774,-0.1356745984620774,3.44712191,7.715736496,1.405308899,0.863855105,37.27925691,62.06793136,77.72924172,61.84772429,61.84772429,36.60665359,58.66827208,79.51069368,60.48444115,60.48444115,11.78832744,0.152673379,1.968554807,15.8,22.89439,4.566831223,43.81146025,53.89558728,131706.0,20108.0,0.812895127,0.0,1.0,23.285952281998338,3.0765219550032263e-120,9.01501350445825,9.842310476717348e-20,converged,-0.137601548,-0.151801548,monthly_compounded,0.18041510200434227,1.4615271709769497,0.5598191278302631,0.777444650407908,60.0
DFS,2023,1.0,0.13259948267220356,0.18209948267220355,3.943268476,7.078482702,1.445723848,0.853834333,36.29579375,54.96472612,62.86472228,53.099087,29.09445368,37.27925691,62.06793136,77.72924172,61.84772429,61.84772429,11.92974586,0.140601003,2.133057247,13.7,22.89439,5.057807782,46.15658753,51.33961854,151713.0,21331.0,0.899044224,0.0,1.0,13.593991257031554,2.173564221034839e-42,,,extreme_DD_m_y2023_small,0.08456419,0.03506419,monthly_compounded,0.20556323148415834,1.275844457078257,0.6746303408258953,0.8488105187139583,60.0
SBNY,2016,0.0,-0.02266897039329574,-0.020668970393295738,3.411098788,6.602730428,0.880291942,0.830931686,21.15270351,33.0736496,31.56143345,27.76664624,27.76664624,18.2821119,31.30998024,29.27900327,26.07019138,26.07019138,10.57253698,0.081963734,2.270739644,13.46,42.02498,1.540478388,9.294087924,90.70591208,39047.611,3200.488,0.102463971,0.0,0.0,17.58897512359066,1.4962036514355239e-69,,,no_sigma_E,2.776011041,2.774011041,monthly_compounded,0.09048599350649983,0.789910385061702,1.3392389965164173,-0.10002738694734277,36.0
SBNY,2017,0.0,-0.09415179752932545,-0.08615179752932545,2.921136872,6.962975474,1.017555798,0.955734669,22.15799615,36.52408317,46.67009838,34.91718067,34.91718067,21.15270351,33.0736496,31.56143345,27.76664624,27.76664624,10.67168933,0.121582983,1.871739749,13.32,41.57749,1.65214566,9.968170412,90.03182959,43117.72,5242.381,0.110718292,0.0,0.0,,,,,extreme_DD_a_y2017_small,2.172467134,2.164467134,monthly_compounded,0.12486097829899899,0.8198871356509305,1.1747654920142159,0.585700606749372,48.0
SBNY,2018,0.0,-0.2614241546823901,-0.2433241546823901,-2.468760978,8.496792144,1.056695779,0.980389808,23.52538211,33.03176178,35.58738619,29.47435726,29.47435726,22.15799615,36.52408317,46.67009838,34.91718067,34.91718067,10.76563495,0.127693392,1.283962866,13.41,40.60203,2.148466578,11.58542557,88.41457443,47364.816,6048.174,0.131035247,0.0,0.0,10.954445142980791,3.163243988099999e-28,,,extreme_DD_m_y2018_small,-4.235621261,-4.253721261,monthly_compounded,0.13364343769108725,0.8985904860748304,0.9103486736741032,0.5250031280897545,60.0
SBNY,2019,,0.3311253545324718,0.3525253545324718,,,,,,,,,,,,,,,,,,,,,,,,,,,,-3.6659835593580623,0.999876805122454,,,,,,monthly_compounded,0.1418155743450888,1.0286253104300656,0.585004639794392,0.5378597484865186,60.0
SBNY,2020,1.0,0.007671413702833267,0.012071413702833267,2.554065287,11.36123632,1.969459029,1.804407906,54.39040762,45.97932763,52.94067853,45.21047857,45.21047857,51.6393068,47.22842426,48.19955117,43.44888429,43.44888429,11.21031037,0.051670301,1.244983363,13.54,33.03057,1.862014134,12.01724017,87.98275983,73888.344,3817.833,0.136586306,0.0,0.0,,,0.601214507678539,0.2738485614295861,extreme_DD_a_y2020_small,1.485614952,1.481214952,monthly_compounded,0.15542079186388494,1.332747680441743,0.3048629666047536,0.7929462217058761,60.0
FLG,2016,0.0,0.019514244321994445,0.021514244321994447,1.277913761,4.81905146,0.646442187,0.528554939,44.74153298,33.61393941,63.98890785,40.6216915,40.6216915,40.89834515,32.09392922,61.17034314,39.32211137,39.32211137,10.79807558,0.279467438,1.265363015,11.71,36.090125,1.791718442,25.87027811,74.12972189,48926.555,13673.379,0.34898658,0.0,0.0,,,,,extreme_DD_a_y2016_small,0.179184194,0.177184194,monthly_compounded,0.03823374725986699,0.4182361669845599,0.3846356079409708,-0.14964118347501582,36.0
FLG,2017,0.0,-0.14690202190219936,-0.13890202190219936,1.577017879,4.748769535,0.551649777,0.509958573,46.0982659,32.71484744,67.38160604,41.20808043,41.20808043,44.74153298,33.61393941,63.98890785,40.6216915,40.6216915,10.80210696,0.26287818,1.010744219,13.86,36.30108,2.175251512,10.62359972,82.77405487,49124.195,12913.679,0.128344561,0.0,0.0,,,,,extreme_DD_a_y2017_small,0.231239316,0.223239316,monthly_compounded,0.06699172635720992,0.5040444650165542,0.32930452872401705,0.2431365798327168,48.0
FLG,2018,0.0,-0.2503635776326514,-0.23226357763265137,2.36463826,6.673498634,0.684460367,0.639723532,45.34574468,49.26392246,64.86453475,48.60123239,48.60123239,46.0982659,32.71484744,67.38160604,41.20808043,41.20808043,10.85706205,0.273757935,0.724267451,13.54,36.43356,3.921837401,9.100282664,82.71987075,51899.376,14207.866,0.11001326,0.0,0.0,29.282472128281444,8.670314847573408e-189,35.0,1.124910706472406e-268,converged,-0.155143084,-0.173243084,monthly_compounded,0.09129668382245894,0.5475231851860436,0.3454497745377048,0.4841826851100586,60.0
FLG,2019,0.0,0.3330731209344059,0.35447312093440586,1.588517183,6.525624355,0.989986553,0.855074393,42.98313557,49.86879202,58.47288549,46.63065091,46.63065091,45.34574468,49.26392246,64.86453475,48.60123239,48.60123239,10.89006564,0.271390197,0.904757675,13.27,36.38481,2.231813877,18.59564904,74.97646714,53640.821,14557.593,0.248019809,0.0,0.0,5.948745925810939,1.3510234084942524e-09,5.060150429626732,2.0946291838239977e-07,converged,0.225063345,0.203663345,monthly_compounded,0.11152767230147936,0.7748260364031199,0.10255343960005014,0.5509172414166401,60.0
FLG,2020,1.0,-0.0630733073896083,-0.0586733073896083,1.170761471,5.744532415,1.049075654,0.829867978,40.32394932,47.01419617,46.14266688,40.70685056,40.70685056,42.98313557,49.86879202,58.47288549,46.63065091,46.63065091,10.93855851,0.285644687,0.77209582,12.97,30.381305,1.70124773,25.11906546,66.20375232,56306.12,16083.544,0.37942057,0.0,0.0,7.06414912321585,8.08015642550373e-13,4.883732533689845,5.204812834966887e-07,converged,-0.0205804,-0.0249804,monthly_compounded,0.11631760526561663,0.9729926461090995,0.13317838260395445,0.6601091813492908,60.0
FLG,2021,1.0,0.2258435012742805,0.2262435012742805,2.144761585,2.030837298,0.959636126,0.811031023,29.91767151,43.0395722,38.22720237,36.90733572,36.90733572,40.32394932,47.01419617,46.14266688,40.70685056,40.70685056,10.99418527,0.278226687,0.868038679,12.73,24.68425,2.556737972,18.32871874,75.33931318,59527.0,16562.0,0.243282265,0.0,0.0,,,6.625477995104164,1.7306314759439788e-11,extreme_DD_a_y2021_small,0.290864353,0.290464353,monthly_compounded,0.10421079622136295,0.8488525140542909,0.30394851599604145,0.6324983533836869,60.0
FLG,2022,1.0,-0.259949295857113,-0.24574929585711303,3.952715466,7.752376617,1.009809942,0.854710987,53.39089291,48.2123539,11.87435389,32.24620366,32.24620366,29.91767151,43.0395722,38.22720237,36.90733572,36.90733572,11.40916367,0.236643592,0.704058295,11.66,24.68425,5.303805871,17.61955553,73.12925821,90144.0,21332.0,0.240937157,0.0,0.0,10.338264315396223,2.365135538587684e-25,5.097571331818075,1.7201939665853694e-07,converged,-0.05727626,-0.07147626,monthly_compounded,0.11814220102073221,0.7742337085095885,0.37768744425320727,0.7471591898551233,60.0
FLG,2023,1.0,0.2179255087108828,0.2674255087108828,3.732537939,7.219569673,1.102981786,0.964209094,64.34519131,59.83445895,24.0703138,44.41238234,25.64930494,53.39089291,48.2123539,11.87435389,32.24620366,32.24620366,11.6444536,0.186459402,0.939310652,11.77,24.51028,4.725144186,15.22733305,79.86911476,114057.0,21267.0,0.190653585,0.0,1.0,9.000455596322297,1.1239145678563465e-19,,,extreme_DD_m_y2023_small,0.207263877,0.157763877,monthly_compounded,0.15862753711801916,0.9147853910296625,0.47797847710823343,0.5461794516613852,60.0
ZION,2019,0.0,0.28924824612570343,0.3106482461257034,1.144842532,7.016131802,1.577625066,1.054632035,58.05637955,42.50133331,50.76667416,44.92708585,44.92708585,21.58687943,39.41474051,51.26249167,38.00420829,38.00420829,11.14435144,0.054588562,1.262672674,13.2,31.73077,1.687763276,40.42192686,55.64768135,69172.0,3776.0,0.726390137,0.0,0.0,16.867231849256072,3.9192290470834145e-64,,,no_sigma_E,-0.013262837,-0.034662837,monthly_compounded,0.21113909126098065,1.442279289520228,0.6312835549846082,1.3344832933338737,60.0
ZION,2020,1.0,-0.13600297038979117,-0.13160297038979119,0.913674715,7.415574724,1.651625372,1.204253824,56.76657322,49.52594298,64.5910959,53.16767437,53.16767437,58.05637955,42.50133331,50.76667416,44.92708585,44.92708585,11.3081006,0.035690178,0.97378,14.1,31.5116,1.546700545,32.66504946,60.22128451,81479.0,2908.0,0.542417016,0.0,0.0,17.442363420619294,1.9673051763434246e-68,,,no_sigma_E,-0.241834332,-0.246234332,monthly_compounded,0.20032047366506,1.4739900517729936,0.7964909457204911,1.3397532626724804,60.0
ZION,2021,1.0,0.49067468704773115,0.49107468704773116,1.511388054,1.756110641,1.411314005,1.256722436,59.67766824,47.44017419,54.75148549,49.34291993,49.34291993,56.76657322,49.52594298,64.5910959,53.16767437,53.16767437,11.442503,0.02054721,1.363610281,12.8,22.83465,1.748912844,13.24822548,83.10623405,93200.0,1915.0,0.159413137,0.0,0.0,24.509889131862945,5.793935549207838e-133,13.238047131534351,2.645333513419356e-40,converged,0.194730682,0.194330682,monthly_compounded,0.1723686596476479,1.1760987977299728,0.9810779641808199,1.2738770619373874,60.0
ZION,2022,1.0,-0.21419756960988878,-0.1999975696098888,3.505417416,7.086573755,1.147021186,0.713071668,58.40970545,42.34191749,44.84144346,43.17012615,43.17012615,59.67766824,47.44017419,54.75148549,49.34291993,49.34291993,11.40249657,0.123602658,1.641213169,12.2,22.50712,4.505491487,42.61512461,54.2649661,89545.0,11068.0,0.785315604,0.0,0.0,12.94151732555365,1.3119767406696082e-38,4.0784694517358995,2.2666578753865355e-05,converged,0.025766724,0.011566724,monthly_compounded,0.17175950039480786,1.0935897049360734,0.8776048975861114,1.1457181405429302,60.0
FHN,2016,0.0,0.4017391826861718,0.4037391826861718,1.731167722,5.917471121,1.187212153,0.778428864,26.24009427,63.37673091,67.29379977,56.39321072,56.39321072,23.39728805,57.06349708,74.18096405,55.74522698,55.74522698,10.25959542,0.069727785,2.020203704,12.24,31.88739,2.215230603,42.88245422,55.6202521,28555.231,1991.093,0.770986333,0.0,0.0,17.868147107040365,1.0440787628960177e-71,,,no_sigma_E,0.399703944,0.397703944,monthly_compounded,0.0873583493358471,0.6844288583818806,0.7633281706616738,0.30468344799686,36.0
FHN,2017,0.0,0.011433376211711817,0.019433376211711817,1.64317873,5.277601556,1.033437205,0.672525256,27.50916671,64.31984883,55.01143903,52.47733163,52.47733163,26.24009427,63.37673091,67.29379977,56.39321072,56.39321072,10.63160093,0.118308333,1.559031238,11.1,31.375235,2.235020237,43.36459885,55.45280773,41423.388,4900.732,0.782009075,0.0,0.0,15.871022735477288,5.0294171874287544e-57,,,no_sigma_E,0.197287296,0.189287296,monthly_compounded,0.13848210823556883,0.8953418562616597,0.9051111592348162,0.8850008819467594,48.0
FHN,2018,0.0,-0.34148545388414475,-0.32338545388414475,1.964802039,7.191590723,1.11654518,0.779150333,51.98979642,64.30445953,67.43438225,57.87284595,57.87284595,27.50916671,64.31984883,55.01143903,52.47733163,52.47733163,10.61722769,0.056447674,0.954054592,11.94,28.26105,3.048380236,37.24508951,61.70308152,40832.258,2304.886,0.603617981,0.0,0.0,21.59372567781875,1.0286998380417521e-103,12.796401607485423,8.58629681704119e-38,converged,-0.359907365,-0.378007365,monthly_compounded,0.1538865298250219,0.9015324497349199,0.9125888539434786,0.9940275415617805,60.0
FHN,2019,0.0,0.28293427203554133,0.3043342720355413,1.504027607,5.637761258,1.30377734,0.725667471,50.26505859,64.87508797,61.41312471,56.13535867,49.02727529,51.98979642,64.30445953,67.43438225,57.87284595,57.87284595,10.67615961,0.099568238,1.100956097,11.22,21.9362782,1.946682256,50.03814078,49.03178348,43310.9,4312.39,1.020524591,0.0,0.0,5.296894654178825,5.8894301240052484e-08,4.045672716083531,2.608654111993277e-05,converged,-0.031867111,-0.053267111,monthly_compounded,0.17122741656846752,1.0648949436890205,0.8398073117580214,1.0380416088493472,60.0
FHN,2020,1.0,-0.18614347903771247,-0.18174347903771249,1.184402106,6.286029135,1.567240192,0.9543829,60.23819785,61.64764558,44.09045139,51.24835401,51.24835401,50.26505859,64.87508797,61.41312471,56.13535867,49.02727529,11.34105708,0.045980833,0.939033561,12.57,21.93713999,1.735251332,43.01177212,52.2871639,84209.0,3872.0,0.822606715,0.0,0.0,10.838427731482405,1.1316361153720108e-27,6.705869423027073,1.0010534793030228e-11,converged,-0.325480864,-0.329880864,monthly_compounded,0.163623810336015,1.1954398408110685,0.8144784784144661,1.014869518784741,60.0
FHN,2021,1.0,0.32586565191385847,0.3262656519138585,1.319287032,1.722359002,1.431142367,1.073951958,57.24378307,58.81992235,61.07099785,56.00423993,56.00423993,60.23819785,61.64764558,44.09045139,51.24835401,51.24835401,11.39742482,0.041732142,1.134693136,12.34,21.86224113,1.49422227,28.68732916,67.39631191,89092.0,3718.0,0.42565132,0.0,0.0,16.6923028480559,7.455336828277699e-63,8.222684579145962,9.949885033990498e-17,converged,0.225138784,0.224738784,monthly_compounded,0.1613245492415692,1.0889518548467803,0.9057804296566239,1.220636425772297,60.0
FHN,2022,1.0,0.5251634665732359,0.5393634665732359,3.712055359,7.261647722,0.951472811,0.797727969,55.76246496,55.4883447,57.71108965,53.27382011,53.27382011,57.24378307,58.81992235,61.07099785,56.00423993,56.00423993,11.27660802,0.052018289,1.818038832,13.33,21.33956,4.619888983,18.45714671,75.33125463,78953.0,4107.0,0.245013133,0.0,0.0,13.725916003361876,3.5512885030730074e-43,4.710809114929913,1.2336762703721124e-06,converged,0.103582979,0.089382979,monthly_compounded,0.17065205815982518,1.086214796451436,0.9069980806891307,1.1202960798069588,60.0
FHN,2023,1.0,-0.44453518476040854,-0.39503518476040855,3.636578356,6.329016042,0.983014957,0.669577469,50.44288543,51.90633784,79.33456174,58.90986285,36.04175777,55.76246496,55.4883447,57.71108965,53.27382011,53.27382011,11.31033181,0.045333758,0.933595553,13.96,21.33956,4.679250666,35.43213705,59.53928455,81661.0,3702.0,0.595105187,0.0,0.0,10.997184400074577,1.971250422766492e-28,19.767795739171945,2.8193132305185183e-87,converged,-0.074137281,-0.123637281,monthly_compounded,0.1848769852684733,0.7414697775706175,1.2750971644398412,1.1274404700826133,60.0
WAL,2017,0.0,0.15438965314760034,0.16238965314760034,2.231375065,10.72012968,1.759768326,1.670398162,22.15799615,38.81793834,41.51109586,34.19769193,34.19769193,21.15270351,31.60828548,56.73919226,36.10381881,36.10381881,9.919807898,0.039004313,2.678701154,13.3,24.8683,2.573845916,6.64774207,93.35225793,20329.085,792.922,0.071211369,0.0,0.0,22.286941449533124,2.4732620924256933e-110,,,no_sigma_E,0.318793438,0.310793438,monthly_compounded,0.20285220549185135,1.5990141758097172,0.7214797975906209,1.1048291403042096,48.0
WAL,2018,0.0,-0.3206432709787993,-0.3025432709787993,2.386445941,11.71184523,1.516187523,1.447557463,21.58687943,43.74834552,51.87097491,40.37273034,40.37273034,22.15799615,38.81793834,41.51109586,34.19769193,34.19769193,10.04799846,0.037814298,1.585632568,13.2,24.8683,3.741330686,5.93580586,94.06419414,23109.486,873.869,0.063103776,0.0,0.0,21.285164924998387,7.789895121887101e-101,,,no_sigma_E,-0.451265659,-0.469365659,monthly_compounded,0.21708272237634504,1.6111012538576965,0.6998102541384338,1.188433998168277,60.0
WAL,2019,0.0,0.43768005560071177,0.45908005560071175,1.838205117,10.8678205,1.686665182,1.585903323,20.28455285,38.7470604,63.39488486,42.04070051,42.04070051,21.58687943,43.74834552,51.87097491,40.37273034,40.37273034,10.19697579,0.015294862,1.937135368,12.8,24.8683,2.413764784,7.797227866,92.20277213,26821.948,410.238,0.084566089,0.0,0.0,,,,,low_leverage_td_ta,0.026791602,0.005391602,monthly_compounded,0.21150934512258285,1.4873960367231904,0.7493823140230558,1.1990641471980166,60.0
WAL,2020,1.0,0.07316849346488992,0.07756849346488992,1.845233221,9.607690212,1.694583936,1.469969969,24.36983596,52.47942086,26.32940703,36.28191311,36.28191311,20.28455285,38.7470604,63.39488486,42.04070051,42.04070051,10.50399848,0.015624914,1.771082873,12.5,24.8683,2.657345249,16.9006273,83.0993727,36461.0,569.7,0.203378518,0.0,0.0,,,,,low_leverage_td_ta,-0.182041614,-0.186441614,monthly_compounded,0.20598124414886337,1.5886308865414478,0.6602013953702325,1.3122443490156623,60.0
WAL,2021,1.0,0.8168329899517868,0.8172329899517867,1.828873787,1.561096716,1.512735884,1.31723134,22.65177677,47.98434962,53.51525652,43.81735597,43.81735597,24.36983596,52.47942086,26.32940703,36.28191311,36.28191311,10.93279621,0.042829379,2.459000792,12.3,18.61847,2.0346638,15.09310431,82.75793068,55982.6,2397.7,0.182376531,0.0,0.0,16.070875498915928,2.041395129949394e-58,14.313607667638085,8.996586137276048e-47,converged,0.209083594,0.208683594,monthly_compounded,0.18001215014948926,1.154256141736695,1.2147137873268197,1.386283579779863,60.0
WAL,2022,1.0,-0.4509499021114515,-0.4367499021114515,3.873323345,8.391746183,1.364939638,1.000195989,22.76532853,43.59779391,42.93668529,38.10263006,38.10263006,22.65177677,47.98434962,53.51525652,43.81735597,43.81735597,11.12334355,0.106180057,1.281752454,12.1,18.61847,4.794323936,30.08792088,67.14526595,67734.0,7192.0,0.448101895,0.0,0.0,14.17966109226866,6.1218208874135904e-46,4.8504527739410115,6.158998060955821e-07,converged,-0.042252908,-0.056452908,monthly_compounded,0.19048525143291667,1.1221281716676397,1.341398222866577,1.3113803461782174,60.0
CMA,2016,0.0,0.6574508747361529,0.6594508747361529,2.330678866,7.127002812,1.434263848,0.960237949,78.58892961,66.19708753,83.6826442,70.2645224,70.2645224,75.27350074,61.35511994,89.46125668,70.1419999,70.1419999,11.1979133,0.071048809,1.531633392,13.27,31.17048,3.019695652,41.76612332,58.23387668,72978.0,5185.0,0.717213514,0.0,0.0,16.450341256124425,4.169851499808629e-61,,,no_sigma_E,0.433144516,0.431144516,monthly_compounded,0.1674052165009907,1.1590798979638846,0.4230082010744595,1.415948968895929,36.0
CMA,2017,0.0,0.28539015924580524,0.29339015924580525,2.057521711,8.025168851,1.515698071,1.199098783,77.56599209,69.2163282,85.30576574,71.89236027,71.89236027,78.58892961,66.19708753,83.6826442,70.2645224,70.2645224,11.17838935,0.064722568,1.884444629,13.84,31.17048,2.70152374,27.72485124,72.27514876,71567.0,4632.0,0.383601441,0.0,0.0,19.98344949967866,3.836708079604571e-89,,,no_sigma_E,0.274058084,0.266058084,monthly_compounded,0.20289616104928396,1.4019281017622516,0.4485471918207905,1.6209467378281497,48.0
CMA,2018,0.0,-0.2095209448629315,-0.19142094486293149,2.093652228,9.008984642,1.376931314,1.067644122,77.12367301,67.43231928,83.74008542,70.34675514,70.34675514,77.56599209,69.2163282,85.30576574,71.89236027,71.89236027,11.16786848,0.091883419,1.464785638,13.21,31.11831,3.466109076,29.605402,70.394598,70818.0,6507.0,0.42056355,0.0,0.0,27.27233086188892,4.5167320602337084e-164,13.3384586471022,6.914463969232426e-41,converged,-0.417450044,-0.435550044,monthly_compounded,0.21248234738008392,1.4249130988897298,0.4583865742182099,1.559160478842743,60.0
CMA,2019,0.0,0.06280543224252075,0.08420543224252075,1.61961698,8.546458884,1.563829625,1.240990016,73.91916113,66.00667415,87.34558316,70.75209137,70.75209137,77.12367301,67.43231928,83.74008542,70.34675514,70.34675514,11.20370646,0.099997275,1.391477901,12.13,30.53333,2.31838649,27.24582506,72.75417494,73402.0,7340.0,0.374491568,0.0,0.0,4.960559818983728,3.514515541218967e-07,2.878963602683663,0.0019949218925613,converged,0.012523113,-0.008876887,monthly_compounded,0.21277219582142315,1.4155053458163305,0.5014247283662766,1.4865681072191987,60.0
CMA,2020,1.0,-0.1727629082537311,-0.16836290825373113,1.52802146,7.637910172,1.689525612,1.20965795,72.40611765,64.40558159,90.56804338,71.10040384,71.10040384,73.91916113,66.00667415,87.34558316,70.75209137,70.75209137,11.38655693,0.064995631,1.015398462,13.2,28.80597,2.365415593,34.15768602,61.30178486,88129.0,5728.0,0.557205408,0.0,0.0,8.057497399178748,3.893612473802514e-16,4.7495940018496485,1.0191271833964228e-06,converged,-0.254500302,-0.258900302,monthly_compounded,0.2057291168890827,1.4706122242955506,0.8219054145890222,1.461540111993278,60.0
CMA,2021,1.0,0.614870611755252,0.615270611755252,1.921034211,1.777555029,1.505833564,1.244117475,75.21471037,61.60142822,87.57195717,70.4196058,70.4196058,72.40611765,64.40558159,90.56804338,71.10040384,71.10040384,11.45758187,0.029551027,1.515374094,12.35,21.80157,2.223963349,20.59227083,76.54789318,94616.0,2796.0,0.269011595,0.0,0.0,16.986536249659324,5.165636960917682e-65,10.63271840351795,1.0495168942721148e-26,converged,0.237667923,0.237267923,monthly_compounded,0.18203852604866566,1.1525303431000187,0.982433087918671,1.5467610362732327,60.0
CMA,2022,1.0,-0.21814365953134218,-0.2039436595313422,3.654606653,8.048005629,1.206881993,0.930521531,73.61015305,61.6662083,91.07209489,71.56753801,71.56753801,75.21471037,61.60142822,87.57195717,70.4196058,70.4196058,11.35517163,0.073004239,1.82893978,12.45,21.61074,4.639717935,26.65802142,70.36148469,85406.0,6235.0,0.378872355,0.0,0.0,14.102006210803388,1.845623569139383e-45,4.228803495064836,1.1746871624913526e-05,converged,0.024965501,0.010765501,monthly_compounded,0.18563636882239254,1.1142014030012848,0.913663397243926,1.414508165320029,60.0
CMA,2023,1.0,-0.161538171207667,-0.11203817120766701,3.622383505,6.360804905,1.334647203,0.66850927,73.51660185,73.04791623,88.40918043,76.42206733,40.15714145,73.61015305,61.6662083,91.07209489,71.56753801,71.56753801,11.36017048,0.113836009,1.224424762,13.52,21.61074,4.657903345,54.25075505,42.67815336,85834.0,9771.0,1.27115985,0.0,0.0,10.050845416117426,4.554131628088784e-24,8.741394433710289,1.1512530789426497e-18,converged,-0.067745335,-0.117245335,monthly_compounded,0.20463674909099758,0.9945541127604114,1.1036782589128855,1.1764321831224045,60.0
WBS,2016,0.0,0.4979705643094321,0.4999705643094321,1.729508549,7.553616551,1.271737757,1.05454766,21.15270351,32.24857654,73.16695108,42.33539636,42.33539636,18.2821119,36.23998633,72.23651961,43.98018028,43.98018028,10.16863751,0.154106569,2.07141363,12.7,30.06297,2.053720192,22.14685354,75.20477423,26072.529,4017.948,0.294487335,0.0,0.0,13.844333714534214,6.882558593977098e-44,,,no_sigma_E,0.38986573,0.38786573,monthly_compounded,0.10569486918080585,0.9364030956781998,1.090883906739771,0.0872595769731295,36.0
WBS,2017,0.0,0.04708293006802689,0.05508293006802689,1.690038649,7.289506468,1.20622745,1.039426657,22.15799615,39.2571872,67.05902539,43.61281399,43.61281399,21.15270351,32.24857654,73.16695108,42.33539636,42.33539636,10.18443368,0.096125609,2.021173405,13.4,31.24385,2.160936489,18.54153229,79.44250162,26487.645,2546.141,0.233395625,0.0,0.0,18.052675473993645,3.758004980387445e-73,,,no_sigma_E,0.257119188,0.249119188,monthly_compounded,0.14762469271452322,1.0122948968295407,0.9962217028037886,0.8276441136736852,48.0
WBS,2018,0.0,-0.12202527764889515,-0.10392527764889514,1.651153842,8.954237828,1.152658312,1.047923669,51.23173222,43.06951058,75.00222074,51.38873126,51.38873126,22.15799615,39.2571872,67.05902539,43.61281399,43.61281399,10.22594471,0.09542459,1.65729817,13.4,31.24385,2.86329852,12.40249734,85.32179593,27610.315,2634.703,0.145361419,0.0,0.0,33.1248033183682,6.53112879548814e-241,20.039232209310097,1.2530168286299489e-89,converged,-0.372167486,-0.390267486,monthly_compounded,0.16995308804428344,1.0717643461358706,0.978919917690869,1.0066329062322557,60.0
WBS,2019,0.0,0.09404315716433218,0.11544315716433218,1.244218074,7.200498566,1.318000681,1.029588921,52.6256366,53.89122729,78.04036619,58.32668409,58.32668409,51.23173222,43.06951058,75.00222074,51.38873126,51.38873126,10.3218473,0.116135149,1.603318784,13.55,31.24385,1.775810837,28.27325821,69.39661788,30389.344,3529.271,0.407415506,0.0,0.0,5.501122648516732,1.88690284455044e-08,3.824473446936476,6.552593423784951e-05,converged,0.033487095,0.012087095,monthly_compounded,0.18582713674752552,1.1107927230981367,1.038110444203743,1.197783749898912,60.0
WBS,2020,1.0,-0.17429139639392469,-0.1698913963939247,0.965917234,6.506831002,1.622115753,1.005403094,56.81147715,53.2010319,69.71003321,56.83980207,56.83980207,52.6256366,53.89122729,78.04036619,58.32668409,58.32668409,10.39178194,0.052044986,1.230547426,13.59,21.89434,1.391723813,42.53764371,54.16431932,32590.69,1696.182,0.785344379,0.0,0.0,10.0941812271807,2.9309097222364422e-24,6.999740233382954,1.282187597982045e-12,converged,-0.223574925,-0.227974925,monthly_compounded,0.18130053677801206,1.1823488120787,1.0715366332617595,1.33492598519594,60.0
WBS,2021,1.0,0.3652652525732289,0.3656652525732289,1.412083312,1.614481969,1.410514413,1.180886743,57.9536662,64.21745102,68.62819818,62.41180951,62.41180951,56.81147715,53.2010319,69.71003321,56.83980207,56.83980207,10.46068897,0.035766936,1.535908611,13.64,21.36238,1.562151077,19.36890515,78.32843712,34915.599,1248.824,0.247278075,0.0,0.0,17.275720389819472,3.5836438153545784e-67,11.037451034987807,1.2604146968213952e-28,converged,0.234454931,0.234054931,monthly_compounded,0.1804017488398393,1.038696517529257,1.241761321462111,1.6092977323691326,60.0
WBS,2022,1.0,-0.13905302467235836,-0.12485302467235837,3.640088484,8.393259753,1.252891489,1.015441616,57.94606669,72.28870564,38.09223098,55.50791725,55.50791725,57.9536662,64.21745102,68.62819818,62.41180951,62.41180951,11.17433628,0.107825159,1.059868646,13.25,21.36238,4.610759429,22.30031937,74.99364463,71277.521,7685.51,0.29736279,0.0,0.0,11.47124501791963,9.199642226962276e-31,4.277222198075662,9.46199456534521e-06,converged,0.019064289,0.004864289,monthly_compounded,0.18738312463751117,0.9733291079242196,1.5529521216944469,1.4305482381695804,60.0
WBS,2023,1.0,0.06391098395396232,0.11341098395396232,3.984961978,7.998560588,1.341687602,1.180747102,56.56877801,66.09829709,53.7510366,58.05763782,58.05763782,57.94606669,72.28870564,38.09223098,55.50791725,55.50791725,11.22451311,0.051600669,1.038760032,13.72,21.19947,5.093473829,14.25250215,82.39707501,74945.249,3867.225,0.172973399,0.0,0.0,13.423158776853931,2.2122233065848275e-41,11.292441065575511,7.150442384804877e-30,converged,-0.034858512,-0.084358512,monthly_compounded,0.22263964047058507,0.993477101575676,1.7424710865025805,1.3007088752762392,60.0
EWBC,2016,0.0,0.24873578399009277,0.2507357839900928,1.815804498,8.908900319,1.317387929,1.250397752,44.44444444,50.46777543,78.21814562,53.9866466,53.9866466,50.26085429,54.41590122,56.5870098,51.44278129,51.44278129,10.45705192,0.026388348,2.137860338,12.4,33.82159,2.223254424,7.489257743,92.51074226,34788.84,918.02,0.080955547,0.0,0.0,,,,,extreme_DD_a_y2016_small,0.372378452,0.370378452,monthly_compounded,0.13207196929976464,1.186492759715342,1.0357597199305895,0.2428728678597589,36.0
EWBC,2017,0.0,0.2059573118129867,0.21395731181298672,1.936535943,9.586959274,1.461646969,1.43391354,51.54142582,56.81775717,80.44040265,60.24360079,60.24360079,44.44444444,50.46777543,78.21814562,53.9866466,53.9866466,10.52195329,0.014694101,2.288564935,12.9,33.5298,2.46155084,2.827464451,97.17253555,37121.563,545.468,0.029097362,0.0,0.0,,,,,low_leverage_td_ta,0.309077225,0.301077225,monthly_compounded,0.1782630638587847,1.3341851038906842,0.8912130540324894,0.9661392205904515,48.0
EWBC,2018,0.0,-0.2924427433010679,-0.2743427433010679,2.002240499,11.749029,1.482595615,1.45111389,50.22163121,54.58843345,81.43570953,59.27271842,59.27271842,51.54142582,56.81775717,80.44040265,60.24360079,60.24360079,10.62235989,0.014147458,1.426357418,13.7,27.8841,3.279633466,2.920476001,97.079524,41042.356,580.645,0.030083337,0.0,0.0,,,,,low_leverage_td_ta,-0.373813835,-0.391913835,monthly_compounded,0.18425473001566595,1.3484501478323918,0.8486433248221176,0.8616538022361172,60.0
EWBC,2019,0.0,0.12216542246069326,0.14356542246069326,1.769492176,11.25417457,1.690562161,1.642296119,61.77378366,53.91774884,82.29267734,62.47429529,62.47429529,50.22163121,54.58843345,81.43570953,59.27271842,59.27271842,10.69639174,0.025496686,1.413411237,14.4,24.2433313,2.208943189,3.734562588,96.26543741,44196.096,1126.854,0.038794428,0.0,0.0,8.679884157497474,1.9808606346422277e-18,4.513893735093249,3.1824058606471204e-06,converged,0.099797399,0.078397399,monthly_compounded,0.19889497348225665,1.463091995526284,0.6869551520454659,0.9796176012410175,60.0
EWBC,2020,1.0,0.06786979766973707,0.07226979766973707,1.561541492,9.543085573,1.9768579,1.492022309,60.48315635,51.03619878,83.39827948,61.22253531,61.22253531,61.77378366,53.91774884,82.29267734,62.47429529,62.47429529,10.86201201,0.02157643,1.362409251,14.3,24.24394021,2.176899056,30.01830937,69.98169063,52156.913,1125.36,0.428945187,0.0,0.0,12.062357670417212,8.346732272960776e-34,6.713512673902464,9.499705347858247e-12,converged,-0.125163393,-0.129563393,monthly_compounded,0.2019612901447258,1.6040952848704713,0.7172551797606634,1.1605380923686313,60.0
EWBC,2021,1.0,0.5794934605900006,0.5798934605900006,1.374702986,1.51172846,1.747232302,1.691741813,59.52324501,51.27244983,82.96105549,61.3769369,61.3769369,60.48315635,51.03619878,83.39827948,61.22253531,61.22253531,11.01650724,0.011521602,1.912780681,14.1,20.13018,1.425589495,3.944779583,96.05522042,60870.701,701.328,0.041067831,0.0,0.0,,,,,low_leverage_td_ta,0.245782812,0.245382812,monthly_compounded,0.19205923305099765,1.5392824609177505,0.8543069476270245,1.0843077987029186,60.0
EWBC,2022,1.0,-0.158633552285955,-0.144433552285955,3.922103499,9.806852946,1.397163507,1.288616425,49.44131419,46.1414184,81.68822117,55.76393719,55.76393719,59.52324501,51.27244983,82.96105549,61.3769369,61.3769369,11.06838917,0.007056385,1.552057686,14.0,17.36085,4.810552351,9.250261856,90.74973814,64112.15,452.4,0.101931554,0.0,0.0,,,,,low_leverage_td_ta,-0.058728626,-0.072928626,monthly_compounded,0.19663871748009742,1.4022367246882446,1.2865325466367583,0.9326159277144794,60.0
WTFC,2016,0.0,0.5083979803917762,0.5103979803917762,1.656306246,6.371364663,0.919421476,0.809698526,21.15270351,25.92301647,62.67207053,35.41976156,35.41976156,18.2821119,26.74515979,42.51021242,28.56927573,28.56927573,10.1530219,0.031511476,1.540268532,11.9,38.56374,2.261609292,16.8632351,76.45247247,25668.553,808.854,0.220571481,0.0,0.0,20.626746140967636,7.896280295758888e-95,,,no_sigma_E,0.349050949,0.347050949,monthly_compounded,0.0883003705923458,0.49582302491205393,0.8423388435392293,0.6594330852771736,36.0
WTFC,2017,0.0,0.1356381104835993,0.1436381104835993,1.572171039,6.065299788,0.818506799,0.750233446,22.15799615,26.4841092,45.11210249,29.37647506,29.37647506,21.15270351,25.92301647,62.67207053,35.41976156,35.41976156,10.23695421,0.043646701,1.616392953,12.0,38.26971,2.222015189,12.53549369,85.03250014,27915.97,1218.44,0.14742003,0.0,0.0,20.807571363911524,1.847999887587928e-96,,,no_sigma_E,0.235809389,0.227809389,monthly_compounded,0.13072272039601157,0.6497211916723847,1.0862440048741233,1.0988856571820445,48.0
WTFC,2018,0.0,-0.20368754862933858,-0.18558754862933857,1.455769578,7.871492926,0.960227067,0.873208607,21.58687943,30.86978512,69.54585832,40.34792241,40.34792241,22.15799615,26.4841092,45.11210249,29.37647506,29.37647506,10.34960981,0.038821023,1.193462208,8.0,37.73996,2.767353543,13.49389314,84.30498872,31244.849,1212.957,0.160060435,0.0,0.0,45.79574376285888,0.0,24.58878624031911,8.32548978819638e-134,converged,-0.316927679,-0.335027679,monthly_compounded,0.1420652690475935,0.6950128664994177,1.0010752020165148,1.0794160024976727,60.0
WTFC,2019,0.0,0.06027712621811507,0.08167712621811507,1.352613157,6.838959455,1.109636245,0.934692416,33.740097,48.05943286,73.72963713,52.31774642,52.31774642,21.58687943,30.86978512,69.54585832,40.34792241,40.34792241,10.50836574,0.04868041,1.149547023,8.0,37.66084,2.084367857,22.50073834,74.94243628,36620.583,1782.705,0.300240284,0.0,0.0,8.004849864437082,5.980625740789116e-16,4.45385198497522,4.217162813139092e-06,converged,0.071035513,0.049635513,monthly_compounded,0.16668391649994851,0.9334770791620238,0.9580712610382438,1.1332064940480473,60.0
WTFC,2020,1.0,-0.12206055500441908,-0.11766055500441908,1.232490169,7.196416834,1.590684779,1.193415432,33.15534139,49.55381952,64.33200039,49.77686124,49.77686124,33.740097,48.05943286,73.72963713,52.31774642,52.31774642,10.716211,0.054068045,0.936427993,12.6,35.86361,2.12622705,30.56983394,58.8984931,45080.768,2437.429,0.51902574,0.0,0.0,10.527525515703916,3.225396620060434e-26,5.650832491401451,7.983631651080405e-09,converged,-0.222747811,-0.227147811,monthly_compounded,0.15488465212865252,0.99866249335326,0.9844263469915467,1.1152166290749486,60.0
WTFC,2021,1.0,0.5105937774193572,0.5109937774193571,1.751431691,1.977474893,1.474942883,1.236218236,34.42497202,42.96886037,74.48777937,50.57512164,50.57512164,33.15534139,49.55381952,64.33200039,49.77686124,49.77686124,10.82261711,0.048376692,1.268089609,11.6,25.91205,2.093165532,19.29828847,74.03963324,50142.143,2425.711,0.260648083,0.0,0.0,15.186416870573137,2.175299255032289e-52,8.008009191231316,5.8290097009350525e-16,converged,0.271001151,0.270601151,monthly_compounded,0.1693751617616665,1.0653574161068717,1.1609928492915471,1.3358803934486665,60.0
WTFC,2022,1.0,-0.06959328952276535,-0.05539328952276534,3.287715185,8.314205679,1.187196025,1.014498978,32.35203205,46.62868759,70.8650429,51.02856277,51.02856277,34.42497202,42.96886037,74.48777937,50.57512164,50.57512164,10.87709672,0.06805792,1.171969304,11.9,25.91205,4.399243752,17.49867177,76.15867264,52949.649,3603.643,0.229765976,0.0,0.0,12.806317192236929,7.556961408534444e-38,4.230627704849238,1.165200478370213e-05,converged,0.037298016,0.023098016,monthly_compounded,0.17971755902641354,1.1297593357360547,0.9189135260450447,1.242394526269307,60.0
WTFC,2023,1.0,0.07062142315060092,0.12012142315060093,3.62936058,7.360471071,1.21201653,0.998314413,41.11469357,50.38667933,63.92275955,50.73591093,50.73591093,32.35203205,46.62868759,70.8650429,51.02856277,51.02856277,10.93773791,0.065114118,1.139024804,12.1,25.91205,4.871373024,20.96455359,72.55907087,56259.934,3663.316,0.288930844,0.0,0.0,11.967050319192287,2.6437568492783745e-33,9.389155432419503,3.0241640930362538e-21,converged,0.027922311,-0.021577689,monthly_compounded,0.20459280774012,0.9950116606203637,1.0927191860699,1.1796664041674285,60.0
VLY,2016,0.0,0.2335105725875255,0.2355105725875255,2.034927152,4.597733048,0.84192284,0.44988145,21.15270351,26.335553,79.71700796,41.76055715,41.76055715,18.2821119,27.8407167,79.74468954,42.51708372,42.51708372,10.0373381,0.111808691,1.354520672,12.15,26.25405,2.564732311,53.06722751,44.90872638,22864.439,2556.443,1.181668504,0.0,0.0,13.598488980574595,2.0439595213812194e-42,,,no_sigma_E,0.319628178,0.317628178,monthly_compounded,0.10281156404087183,0.6763894441829679,0.8815819908040256,0.627976747770963,36.0
VLY,2017,0.0,-0.007162309760403655,0.0008376902395963448,2.063717438,4.610379776,0.901566526,0.48294259,24.17324669,43.5914859,80.955159,51.05543033,51.05543033,21.15270351,26.335553,79.71700796,41.76055715,41.76055715,10.08590519,0.129413441,1.277113713,12.61,26.25405,2.649707136,52.44285457,44.61654611,24002.306,3106.221,1.175412692,0.0,0.0,14.125378342857994,1.3248647151754973e-45,,,no_sigma_E,0.245796117,0.237796117,monthly_compounded,0.1159974996819203,0.7272541161047354,0.8498774346127749,0.7120941124773057,48.0
VLY,2018,0.0,-0.19600316194856748,-0.17790316194856748,2.200466536,6.150803383,1.159962204,0.597960354,23.52538211,52.11760297,75.41083722,53.27737686,53.27737686,24.17324669,43.5914859,80.955159,51.05543033,51.05543033,10.3692035,0.120156339,0.937068224,11.34,26.25405,3.152787974,54.68167057,42.90566066,31863.088,3828.552,1.27446285,0.0,0.0,43.03987548224867,0.0,28.334724191629167,6.455907903370312e-177,converged,-0.290374056,-0.308474056,monthly_compounded,0.1286811154454432,0.7530175610250095,0.8805969262610093,0.7078304915621036,60.0
VLY,2019,0.0,0.32121222489281276,0.34261222489281273,1.817465867,5.459144755,1.254211354,0.659953382,23.07373443,44.03405076,73.86436364,48.83370224,48.83370224,23.52538211,52.11760297,75.41083722,53.27737686,53.27737686,10.53038862,0.087434856,1.106130287,11.72,21.39536,2.246920241,51.9832638,45.37848253,37436.02,3273.213,1.145548747,0.0,0.0,6.904233886576596,2.523754009833608e-12,4.221634435305755,1.2126861638480624e-05,converged,0.11301017,0.09161017,monthly_compounded,0.15829684528965093,1.0859412416366607,0.6636377556739012,0.7758342955165043,60.0
VLY,2020,1.0,-0.10498769802742551,-0.10058769802742551,1.281204376,4.577147985,1.306666536,0.613443588,21.88863295,39.36185572,77.78541915,47.94247193,47.94247193,23.07373443,44.03405076,73.86436364,48.83370224,48.83370224,10.6136412,0.086051921,0.898502915,12.64,27.95184,1.870731523,59.31587985,37.81773996,40686.076,3501.115,1.568467072,0.0,0.0,9.214206560551418,1.5679443601011837e-20,5.327550663369633,4.97730086245384e-08,converged,-0.176169346,-0.180569346,monthly_compounded,0.14383534056961372,1.1311777665673013,0.712460412265359,0.723794188562854,60.0
VLY,2021,1.0,0.4573645782938864,0.4577645782938864,1.54074966,1.701276725,1.200736724,1.075084236,22.45895173,36.06567086,81.36538546,47.90397091,47.90397091,21.88863295,39.36185572,77.78541915,47.94247193,47.94247193,10.67928426,0.049177375,1.188821066,13.1,27.95184,1.809058847,13.50749669,83.2662811,43446.443,2136.582,0.162220487,0.0,0.0,14.646234806179784,7.119532850667783e-49,8.705707673787382,1.5779965756334009e-18,converged,0.285056621,0.284656621,monthly_compounded,0.12658204129602899,0.9359393263966624,0.7865428284086423,0.7601865152732131,60.0
VLY,2022,1.0,-0.16023102502018527,-0.14603102502018528,3.222958909,8.352171549,1.141245599,1.012611791,27.46435433,40.27941665,82.0571799,51.20466812,51.20466812,22.45895173,36.06567086,81.36538546,47.90397091,47.90397091,10.95889217,0.030255775,0.925051311,11.63,26.30993,4.361841876,14.23821342,82.59472685,57462.749,1738.58,0.17238647,0.0,0.0,16.07571855299188,1.8879481280192986e-58,5.7234792833670864,5.218214952926584e-09,converged,0.010551009,-0.003648991,monthly_compounded,0.14468278795341505,0.8841501597712905,0.77003861678287,0.9706142691710953,60.0
VLY,2023,1.0,-0.04257514854362,0.006924851456379999,3.576074358,7.533397081,1.183159262,1.045431766,62.34885864,38.57897899,82.47709179,55.58176752,55.58176752,27.46435433,40.27941665,82.0571799,51.20466812,51.20466812,11.01756257,0.054210772,0.84935068,11.76,26.30993,4.773270744,14.56998089,81.49725689,60934.974,3303.332,0.178778789,0.0,0.0,12.252693232589632,8.125397954693755e-35,8.132654886937972,2.099945249856452e-16,converged,0.071962919,0.022462919,monthly_compounded,0.1829364710989812,0.9681502022325856,0.7225104468793616,0.8977264862215419,60.0
SNV,2016,0.0,0.28564989712204736,0.28764989712204736,2.190676304,11.29471704,2.623788874,1.865909414,21.15270351,28.19196737,62.58105802,36.5123967,36.5123967,18.2821119,26.47127056,49.11968954,30.81283843,30.81283843,10.3124134,0.077085432,1.792573882,12.01,31.88739,2.885728608,36.62449104,61.41713298,30104.002,2320.58,0.596323685,0.0,0.0,16.778168457748354,1.7627129657780057e-63,,,no_sigma_E,0.366560959,0.364560959,monthly_compounded,0.09437615360557118,0.9500676113280102,0.9568252242112176,-0.14242758124074142,36.0
SNV,2017,0.0,0.1747847952644186,0.1827847952644186,2.081515187,11.83454992,2.534989486,2.030902289,22.15799615,29.55187903,42.51086708,29.96164415,29.96164415,21.15270351,28.19196737,62.58105802,36.5123967,36.5123967,10.34887303,0.059808396,2.010144049,12.23,31.375235,2.715675757,26.12984232,72.24387305,31221.837,1867.328,0.361689389,0.0,0.0,20.34619053019181,2.5089404905643655e-92,,,no_sigma_E,0.301602159,0.293602159,monthly_compounded,0.1332562987929831,1.0045808338011073,0.7925003462483964,0.601018212474717,48.0
SNV,2018,0.0,-0.33551213912573774,-0.31741213912573774,1.64956805,8.214567146,1.236033071,0.969379545,21.58687943,33.75242067,63.77192982,39.69909539,39.69909539,22.15799615,29.55187903,42.51086708,29.96164415,29.96164415,10.39418777,0.077897519,1.261386965,12.37,36.46972,2.98074138,29.46877464,68.05959612,32669.192,2544.849,0.432984859,0.0,0.0,65.42046765055586,0.0,34.74722451607276,7.632222501513744e-265,converged,-0.358664037,-0.376764037,monthly_compounded,0.14620970819469106,1.0039384368823168,0.8520660685555672,0.6412825098627589,60.0
SNV,2019,0.0,0.24490141153610265,0.26630141153610265,1.430524834,7.103781762,1.361578595,1.057296544,20.64448556,33.82583923,67.24503874,41.03766051,41.03766051,21.58687943,33.75242067,63.77192982,39.69909539,39.69909539,10.78318239,0.084594427,1.309687553,12.25,35.46746,2.103430976,28.8161152,64.61519648,48203.282,4077.729,0.445964986,0.0,0.0,5.943849957076172,1.3920222649427183e-09,3.058091506117738,0.0011137577255895,converged,0.113173683,0.091773683,monthly_compounded,0.16382619374398089,1.1529165085549982,0.8844086018770525,0.6704429203592351,60.0
SNV,2020,1.0,-0.12305190184270569,-0.11865190184270569,1.306465658,7.510270052,1.680063173,1.205442002,49.65669835,54.88186015,55.73643411,49.95095258,49.95095258,20.64448556,33.82583923,67.24503874,41.03766051,41.03766051,10.90401206,0.026472695,1.036298139,13.42,32.92616,2.068635303,33.36731051,56.84255452,54394.159,1439.96,0.58701286,0.0,0.0,11.118972131674116,5.07169213716104e-29,5.487121111913618,2.0426852287342773e-08,converged,-0.142582395,-0.146982395,monthly_compounded,0.15743549812377675,1.2351344161651971,0.9456156066434542,0.7297680871467722,60.0
SNV,2021,1.0,0.5218732873992988,0.5222732873992988,1.596472198,1.878282476,1.554419999,1.329435894,53.06294401,63.48794758,48.382905,52.55659906,52.55659906,49.65669835,54.88186015,55.73643411,49.95095258,49.95095258,10.95635649,0.025618162,1.458431928,12.61,26.30471,1.88542723,17.47947683,76.11736151,57317.226,1468.362,0.229638501,0.0,0.0,16.515763484169668,1.4128119952561857e-61,11.618694018304716,1.6557984469456754e-31,converged,0.271949958,0.271549958,monthly_compounded,0.16954206674115938,1.1463359864238947,1.1287535677416543,1.1962046570872233,60.0
SNV,2022,1.0,-0.2029648767493758,-0.1887648767493758,3.446797182,7.717788326,1.367495988,0.876420899,52.33491608,59.65420902,50.4273743,51.62905514,51.62905514,53.06294401,63.48794758,48.382905,52.55659906,52.55659906,10.99761276,0.081357055,1.387027226,12.54,23.52098,4.536586969,40.32536905,55.04089495,59731.378,4859.569,0.732643775,0.0,0.0,15.115846401949415,6.366225534216598e-52,4.794530169511421,8.152826260157035e-07,converged,-0.041314868,-0.055514868,monthly_compounded,0.18626683464664862,1.132570898194431,1.327025636668502,1.1985148433716626,60.0
SNV,2023,1.0,0.0032360574432063055,0.05273605744320631,3.858524335,7.268176061,1.440122427,0.942201609,47.30700401,60.40031236,77.79623541,61.58087845,61.58087845,52.33491608,59.65420902,50.4273743,51.62905514,51.62905514,10.99892036,0.035531191,1.205245226,13.07,23.45331,5.015063056,37.879586,54.86750313,59809.534,2125.104,0.690382901,0.0,0.0,16.23214948298157,1.4940488168566296e-59,8.0395235031341,4.509424369196533e-16,converged,0.035830981,-0.013669019,monthly_compounded,0.21745690826251995,1.1140643443400056,1.4040982415596048,1.1018738927969636,60.0
ONB,2016,0.0,0.3884310862369271,0.3904310862369271,1.483918016,6.686002973,1.133470887,0.897398632,22.08903309,33.6236983,68.98212236,41.64574987,41.64574987,19.06124469,27.47553106,71.24821033,39.38941425,39.38941425,9.606444267,0.144830732,1.352024287,12.18,28.2584,1.819963279,26.83003927,73.16996073,14860.237,2152.219,0.366681067,0.0,0.0,12.2963140562489,4.740120941484884e-35,,,no_sigma_E,0.243607128,0.241607128,monthly_compounded,0.1339621839929547,0.7927557643000211,1.327828769045937,0.9217533099303579,36.0
ONB,2017,0.0,-0.01718165173819674,-0.009181651738196739,1.54874925,6.148246032,1.013442792,0.818899968,26.05989135,39.96593975,69.60125644,45.44143134,45.44143134,22.08903309,33.6236983,68.98212236,41.64574987,41.64574987,9.771000871,0.147226453,1.231480549,11.4,28.34806,1.980140777,24.89987075,75.10012925,17518.292,2579.156,0.331555631,0.0,0.0,12.9240968602997,1.6456934268235641e-38,,,no_sigma_E,0.173022297,0.165022297,monthly_compounded,0.15066337664003845,0.841968208300045,1.1100537078071078,1.1794265294997273,48.0
ONB,2018,0.0,-0.11039663783506481,-0.09229663783506481,1.627806859,7.394229116,1.018313571,0.817258162,25.4206719,37.16714827,65.8014502,42.67549373,42.67549373,26.05989135,39.96593975,69.60125644,45.44143134,45.44143134,9.889816275,0.125907351,1.002826251,12.27,29.1874,2.520114413,25.78370071,74.21629929,19728.435,2483.955,0.347412913,0.0,0.0,43.62790859821447,0.0,34.45157801756633,2.13224653861976e-260,converged,-0.211209238,-0.229309238,monthly_compounded,0.1616898711964385,0.8513131200349937,1.107869441113411,1.1839101889997599,60.0
ONB,2019,0.0,0.2027751789573323,0.2241751789573323,1.518874553,6.335845879,0.989131202,0.814433345,52.63751556,47.84136678,47.69223162,44.4023354,44.4023354,25.4206719,37.16714827,65.8014502,42.67549373,42.67549373,9.923861928,0.133381806,1.087582036,12.99,24.3885645,1.931118064,22.09959299,77.90040701,20411.667,2722.545,0.28369034,0.0,0.0,8.10852981051915,2.5617947705474772e-16,6.3863510953200135,8.494535059463479e-11,converged,0.075389162,0.053989162,monthly_compounded,0.1694677316479666,0.9665869749986222,0.9910093401674183,1.1181977042904565,60.0
ONB,2020,1.0,-0.0640486655332601,-0.05964866553326009,0.687847665,5.592778617,1.01673841,0.825057701,57.95645182,61.45201083,55.58949498,54.96240344,54.96240344,52.63751556,47.84136678,47.69223162,44.4023354,44.4023354,10.04153594,0.116907939,0.921222476,12.69,24.39228775,1.0676295,23.50503238,76.49496762,22960.622,2684.279,0.307275539,0.0,0.0,11.391281671984135,2.310707040746744e-30,8.37430841224209,2.777455534868551e-17,converged,-0.156039776,-0.160439776,monthly_compounded,0.1328917243048982,0.8563689042823927,0.9606754255080839,0.8884517623799334,60.0
ONB,2021,1.0,0.12858455082277337,0.12898455082277338,1.23259121,1.478154362,0.870242693,0.734413942,56.43373388,59.91949677,66.59318478,58.42096906,58.42096906,57.95645182,61.45201083,55.58949498,54.96240344,54.96240344,10.10453125,0.105991748,0.997664875,12.77,19.56560302,1.316755249,18.69502695,81.30497305,24453.564,2591.876,0.229937066,0.0,0.0,14.289479195122995,1.2725280444651683e-46,8.71863415826618,1.4078888698450317e-18,converged,0.213353574,0.212953574,monthly_compounded,0.10783349088828614,0.674514160063496,0.7807424603595666,0.8348334563625951,60.0
ONB,2022,1.0,0.010608711439709975,0.024808711439709974,3.564070537,6.890365966,0.84669155,0.68117928,55.3752875,57.54380307,48.33464731,50.86205467,50.86205467,56.43373388,59.91949677,66.59318478,58.42096906,58.42096906,10.75285553,0.11992234,1.07519269,12.02,19.72881714,4.410801571,22.41404406,74.04762268,46763.372,5607.973,0.302697686,0.0,0.0,13.497404241991235,8.099170349829309e-42,5.187407619501171,1.066208228194432e-07,converged,0.03169304,0.01749304,monthly_compounded,0.11216843929445146,0.6442546714489128,0.7440638779342146,0.6889614794176773,60.0
ONB,2023,1.0,-0.07413796791966133,-0.02463796791966133,4.210081392,6.464307221,0.835868696,0.684857026,53.61106538,51.16503734,40.38588783,44.9768731,44.9768731,55.3752875,57.54380307,48.33464731,50.86205467,50.86205467,10.80140729,0.109004112,0.926964022,12.64,17.96071,5.078574405,20.31623712,75.588299,49089.836,5350.994,0.268774895,0.0,0.0,12.41844284763664,1.0378105044944988e-35,10.689990930847454,5.669103277356328e-27,converged,0.057753659,0.008253659,monthly_compounded,0.15226805572868224,0.7198571692082498,0.741389661367943,0.6547954206308292,60.0
PNFP,2016,0.0,0.36276170774275585,0.36476170774275585,2.124124354,8.530975378,1.297385381,1.185225722,21.15270351,28.81077216,52.26251422,33.10464811,33.10464811,18.2821119,29.57534847,62.57965686,37.19804931,37.19804931,9.323188817,0.075797981,2.14653115,11.9,31.88739,2.682165544,12.19858866,87.80141134,11194.6226,848.529795,0.138933856,0.0,0.0,17.726702254099017,1.3044768462943064e-70,,,no_sigma_E,0.338526901,0.336526901,monthly_compounded,0.13675928927383946,1.1523147211220883,1.1151314454135297,0.3826733613772817,36.0
PNFP,2017,0.0,-0.043028829458351174,-0.035028829458351174,1.668343816,8.264822181,1.296598016,1.20458674,22.15799615,28.9941027,54.24502402,33.90928359,33.90928359,21.15270351,28.81077216,52.26251422,33.10464811,33.10464811,10.00810428,0.086734909,1.390022801,12.0,33.25592,2.185568199,10.2690971,89.7309029,22205.69985,1926.009358,0.11444326,0.0,0.0,16.574169997259126,5.356594827715109e-62,,,no_sigma_E,0.233594472,0.225594472,monthly_compounded,0.15621054714040533,1.1228846565908401,1.1045596626785954,0.7615600106846626,48.0
PNFP,2018,0.0,-0.3160490647084928,-0.2979490647084928,1.522612833,9.847423165,1.283920383,1.183470862,21.58687943,35.10812288,48.64645792,34.9263538,34.9263538,22.15799615,28.9941027,54.24502402,33.90928359,33.90928359,10.12787209,0.081433559,0.900858308,12.2,33.25592,2.70355452,11.28207361,88.71792639,25031.044,2038.367,0.127167914,0.0,0.0,35.870238145023144,4.447676285784922e-282,21.51721703666011,5.370976878476087e-103,converged,-0.317692005,-0.335792005,monthly_compounded,0.1708817648869479,1.1346441107779228,1.0494011103987944,0.8719480912484359,60.0
PNFP,2019,0.0,0.38253040887831624,0.4039304088783162,1.443014993,8.902649124,1.450024749,1.283444412,28.4404144,69.98981144,42.79909521,51.29706481,51.29706481,21.58687943,35.10812288,48.64645792,34.9263538,34.9263538,10.23298898,0.105778081,1.124031969,13.21,33.25592,2.094135925,16.2802743,83.7197257,27805.496,2941.212,0.19446163,0.0,0.0,5.958490052786105,1.272895703409851e-09,3.938445114929567,4.10056742412902e-05,converged,0.054112977,0.032712977,monthly_compounded,0.18599954380934045,1.2010343867088613,1.0933963254092185,0.9988279581814099,60.0
PNFP,2020,1.0,0.01609764923243269,0.02049764923243269,1.413505305,7.123804791,1.354502061,1.125308166,27.77940154,67.18121226,44.66598726,50.66614797,50.66614797,28.4404144,69.98981144,42.79909521,51.29706481,51.29706481,10.46118321,0.054094254,1.042768137,14.3,31.04862,2.25147858,21.46970175,72.68376197,34932.86,1889.667,0.29538512,0.0,0.0,10.89966232996866,5.784290278443401e-28,6.691066963903374,1.1077462308418913e-11,converged,-0.191129687,-0.195529687,monthly_compounded,0.1781427556739697,1.3027309818654125,1.000311059880896,1.0582027709810895,60.0
PNFP,2021,1.0,0.49478649785451906,0.49518649785451907,1.651688527,1.688416421,1.259337457,1.169222246,27.56693167,60.51570534,41.21249366,46.31169608,46.31169608,27.77940154,67.18121226,44.66598726,50.66614797,50.66614797,10.55761837,0.038138132,1.426833633,13.8,20.13893077,1.814427293,8.564565818,88.74408961,38469.399,1467.151,0.096508577,0.0,0.0,18.2362006400482,1.331702345873333e-74,12.293621070816634,4.900753868841592e-35,converged,0.228372945,0.227972945,monthly_compounded,0.14762627460020036,0.775093443989613,1.5815288626985236,1.1956429206063217,60.0
PNFP,2022,1.0,-0.23746239612323572,-0.22326239612323573,3.841377089,8.416162889,1.07685003,0.997180482,49.2321778,57.91968369,35.30485216,44.87782829,44.87782829,27.56693167,60.51570534,41.21249366,46.31169608,46.31169608,10.64471086,0.025872253,1.059000058,12.4,19.4269,4.750250477,8.742558222,88.16780348,41970.021,1085.859,0.099158172,0.0,0.0,18.823033972576017,2.4451237735805672e-79,7.228059043986004,2.449728619029697e-13,converged,0.01582553,0.00162553,monthly_compounded,0.16086912422838906,0.889072977687269,1.3608758794367988,1.0630231246944184,60.0
CFR,2016,0.0,0.5180851892315708,0.5200851892315708,1.826834803,7.479171239,1.200664668,1.008613325,21.15270351,32.65251856,56.19311718,36.42517139,36.42517139,18.2821119,30.51684269,60.0755719,36.76355986,36.76355986,10.31547531,0.040174069,1.959499027,14.93,18.22567,1.948977056,18.40436035,79.03966227,30196.319,1213.109,0.232849684,0.0,0.0,20.57154192255333,2.4685570690958297e-94,,,no_sigma_E,0.294879642,0.292879642,monthly_compounded,0.13900028428034955,0.9799875248533448,0.7928306818861686,0.9251505198475906,36.0
CFR,2017,0.0,0.09124468138990616,0.09924468138990616,2.021161543,7.895308154,1.323603286,1.133949897,22.15799615,34.79846265,63.70510181,40.19387412,40.19387412,21.15270351,32.65251856,56.19311718,36.42517139,36.42517139,10.36558123,0.043548105,1.90524768,15.15,17.27466,2.223003129,16.49233701,81.57442441,31747.88,1382.56,0.20217534,0.0,0.0,21.338024276740704,2.5189466405473683e-101,,,no_sigma_E,0.223323239,0.215323239,monthly_compounded,0.16057224857437974,1.2032245676868725,0.6636627073781386,0.914318235765473,48.0
CFR,2018,0.0,-0.06654029994741417,-0.04844029994741417,2.451724336,9.472658383,1.294937484,1.104362648,21.58687943,31.72235032,50.62958028,33.96093466,33.96093466,22.15799615,34.79846265,63.70510181,40.19387412,40.19387412,10.38260471,0.049623748,1.717814692,15.09,12.65514,3.053697863,16.20451664,82.01996676,32292.966,1602.498,0.197567949,0.0,0.0,73.50638557050111,0.0,35.0,1.124910706472406e-268,converged,-0.262769903,-0.280869903,monthly_compounded,0.17196120564828782,1.2176979664525882,0.7264016466988961,0.8866713329119342,60.0
CFR,2019,0.0,0.12456820280389821,0.14596820280389822,2.00079277,8.271964671,1.397533441,1.135631125,20.28455285,30.59020998,57.8616152,36.00292562,36.00292562,21.58687943,31.72235032,50.62958028,33.96093466,33.96093466,10.43492218,0.056733821,1.626620432,14.57,10.88131,2.151830031,20.14140487,77.83169728,34027.428,1930.506,0.258781519,0.0,0.0,10.188538835947885,1.1154599139681523e-24,5.410481448455846,3.142776733757744e-08,converged,0.106781733,0.085381733,monthly_compounded,0.1850330217853156,1.3034148106007049,0.5600292041282062,1.0266932193567915,60.0
CFR,2020,1.0,-0.07960668350063797,-0.07520668350063797,0.633442319,7.237989874,1.553178683,1.101670868,18.99807322,22.94380612,52.3879996,30.23980769,30.23980769,20.28455285,30.59020998,57.8616152,36.00292562,36.00292562,10.65469883,0.055491907,1.325228608,15.44,10.88131,0.843093161,31.50122372,68.49877628,42391.317,2352.375,0.459880095,0.0,0.0,13.055379902960652,2.9606954348016764e-39,6.537984540527459,3.11766839210755e-11,converged,-0.172136303,-0.176536303,monthly_compounded,0.17005601055499653,1.301097354049705,0.6545911803192707,1.0342300600753103,60.0
CFR,2021,1.0,0.4815090482073731,0.4819090482073731,1.06063313,1.45409377,1.404947233,1.087855787,17.43215031,25.32757401,21.0212725,20.13013481,20.13013481,18.99807322,22.94380612,52.3879996,30.23980769,30.23980769,10.83719552,0.058746103,1.87856341,15.45,10.61451,0.961644558,24.23868106,74.32977337,50878.49,2988.913,0.326096528,0.0,0.0,17.128906010360424,4.51687256543926e-66,9.01865253735907,9.520846100778753e-20,converged,0.270500528,0.270100528,monthly_compounded,0.15400986382327456,1.1793798574023797,0.6974817492183328,0.969529603724537,60.0
CFR,2022,1.0,0.07197335901330025,0.08617335901330025,4.488653093,8.08085424,1.111303838,0.890787453,17.26625006,25.44168154,18.13128492,19.35605154,19.35605154,17.43215031,25.32757401,21.0212725,20.13013481,20.13013481,10.87601449,0.093296905,2.875958201,14.84,9.84761,4.962284562,21.25785215,77.4158442,52892.376,4934.695,0.274593042,0.0,0.0,16.437870978767254,5.122772637350865e-61,4.993204797122039,2.96927635527565e-07,converged,0.01942104,0.00522104,monthly_compounded,0.16287680646161087,1.137393331327489,0.7304481035204431,0.9203662119914607,60.0
COLB,2016,0.0,0.4440580045551923,0.4460580045551923,1.270882868,9.380046385,1.359067691,1.325375996,21.15270351,13.11719512,60.8205347,28.40152127,28.40152127,18.2821119,13.86666009,62.76756536,29.47418694,29.47418694,9.16005783,0.009181767,2.04216637,12.6347,30.21678,1.403340554,3.510790181,96.37671474,9509.607,87.315,0.036427784,0.0,0.0,,,,,low_leverage_td_ta,0.30254885,0.30054885,monthly_compounded,0.13539479806336024,1.0654178044364677,1.1748885705107615,0.492835595356134,36.0
COLB,2017,0.0,-0.014398130632528365,-0.006398130632528365,1.351176156,8.515604141,1.230836953,1.216700138,22.15799615,33.39704961,54.6202242,36.22821732,36.22821732,21.15270351,13.11719512,60.8205347,28.40152127,28.40152127,9.450685996,0.010579084,1.599709574,12.9796,30.21678,1.74337325,1.637742086,98.36225791,12716.886,134.533,0.016650107,0.0,0.0,,,,,low_leverage_td_ta,0.136835173,0.128835173,monthly_compounded,0.15561437206620238,1.0588368902405445,1.1100167540022992,0.8705660809981499,48.0
COLB,2018,0.0,-0.15864647302877477,-0.14054647302877477,1.531783441,9.051840476,1.048182758,1.023614289,21.58687943,27.4820449,47.88696425,30.8704014,30.8704014,22.15799615,33.39704961,54.6202242,36.22821732,36.22821732,9.47999683,0.037882666,1.290187309,13.992,30.21678,2.55856316,3.325098288,96.67490171,13095.145,496.079,0.034394638,0.0,0.0,31.44699309635556,2.3071827895330045e-217,25.39248311285396,1.526606366626025e-142,converged,-0.262389011,-0.280489011,monthly_compounded,0.1744153910516303,1.0450674669757412,1.2113190136085346,1.0543615749082207,60.0
COLB,2019,0.0,0.14258944365901347,0.16398944365901347,1.361153379,7.960961722,1.077821357,1.061308597,20.67727151,38.84135925,77.00201634,47.04259156,47.04259156,21.58687943,27.4820449,47.88696425,30.8704014,30.8704014,9.552476822,0.074802458,1.350963272,13.6,29.98711,1.988957649,2.173974342,97.82602566,14079.524,1053.183,0.022222863,0.0,0.0,9.15633801227624,2.684414867194807e-20,8.709802216311097,1.5220273323332357e-18,converged,-0.032070557,-0.053470557,monthly_compounded,0.17541331240183838,0.9908117226434564,1.1128206511908143,1.153054082325795,60.0
COLB,2020,1.0,-0.08192052687759914,-0.07752052687759914,0.909777516,6.441354324,0.954950583,0.931165616,57.88153549,62.9473338,77.26238312,62.10574611,62.10574611,20.67727151,38.84135925,77.00201634,47.04259156,47.04259156,9.716240626,0.007016373,1.094888625,14.45,29.74722,1.660819204,3.508341635,96.49165836,16584.779,116.365,0.036359015,0.0,0.0,,,,,low_leverage_td_ta,-0.266338199,-0.270738199,monthly_compounded,0.15689653044145258,0.9500959334245324,0.9359715670144008,1.2805776960384998,60.0
COLB,2021,1.0,-0.061764432895952945,-0.06136443289595295,1.444981087,1.517475988,0.735602159,0.719720978,58.62216408,64.32492151,74.4362644,62.32851343,62.32851343,57.88153549,62.9473338,77.26238312,62.10574611,62.10574611,9.949671132,0.005427558,0.992327517,14.21,19.82827,1.597771724,2.67858709,97.32141291,20945.333,113.682,0.027523101,0.0,0.0,,,,,low_leverage_td_ta,0.16853419,0.16813419,monthly_compounded,0.11727193122947835,0.4796701406110962,1.1438887498635177,1.2676427446775438,60.0
COLB,2022,1.0,-0.05690816214454875,-0.042708162144548756,3.851349952,6.967645069,0.690699605,0.674273031,58.15195391,59.65828156,74.73017282,60.47943573,60.47943573,58.62216408,64.32492151,74.4362644,62.32851343,62.32851343,9.916692137,0.052787984,1.070691443,13.98,19.82827,4.682175771,2.949100124,97.05089988,20265.843,1069.793,0.030387149,0.0,0.0,14.865957927920888,2.7412521072431185e-50,7.323015675415533,1.2122973283510146e-13,converged,0.100533467,0.086333467,monthly_compounded,0.1184417073516083,0.4219900931011805,1.2386352415167896,1.0392044166454444,60.0
COLB,2023,1.0,-0.10850051197217549,-0.059000511972175484,4.175517904,5.788836057,0.719413689,0.38130465,77.66516497,67.63206083,56.70530712,63.51457035,63.51457035,58.15195391,59.65828156,74.73017282,60.47943573,60.47943573,10.86233182,0.088674241,1.114114321,11.86,19.82827,5.23816929,52.5170957,47.4829043,52173.596,4626.454,1.106021135,0.0,0.0,11.602324714325643,2.0051702771956494e-31,30.42460531387589,1.2984899517067306e-203,converged,-0.05057196,-0.10007196,monthly_compounded,0.1593659311128724,0.5257496647288021,1.1763868369426174,0.9972824548240946,60.0
UMBF,2016,0.0,0.6821178799443743,0.6841178799443743,1.26257672,4.544978992,0.802505196,0.528364034,53.07136133,23.92908992,73.28815194,39.91947478,39.91947478,44.73838964,31.21868383,62.25923974,39.25405721,39.25405721,9.937044758,0.093494791,1.952108292,12.87,27.12873,1.508457888,41.58904626,58.41095374,20682.532,1933.709,0.712007656,0.0,0.0,16.184548237189624,3.2411955297793685e-59,,,no_sigma_E,0.279646692,0.277646692,monthly_compounded,0.13594723310881365,0.7681579789206755,1.6483170248629442,0.8656226056698803,36.0
UMBF,2017,0.0,-0.06169332752951139,-0.05369332752951139,1.455730765,4.948662508,0.820778087,0.595586438,55.31447349,27.43232897,68.46078515,39.95975867,39.95975867,53.07136133,23.92908992,73.28815194,39.91947478,39.91947478,9.988360866,0.061547431,1.6449217,14.04,27.12873,1.848980729,34.16119653,65.83880347,21771.583,1339.985,0.518861139,0.0,0.0,18.772808553468757,6.302120521519923e-79,,,no_sigma_E,0.164576237,0.156576237,monthly_compounded,0.14063531136023594,0.5971770691645105,1.4154973875574515,1.2797753061572932,48.0
UMBF,2018,0.0,-0.1567199592339601,-0.1386199592339601,1.731170534,6.782692653,0.892548342,0.703102709,54.41537057,30.67996871,53.40193876,36.24636672,36.24636672,55.31447349,27.43232897,68.46078515,39.95975867,39.95975867,10.05840018,0.068587334,1.343826493,13.95,24.73341,2.550916913,26.36142857,73.63857143,23351.119,1601.591,0.357983976,0.0,0.0,38.60143004650532,0.0,22.559744702148755,5.387136871877694e-113,converged,-0.25641133,-0.27451133,monthly_compounded,0.1502099664944497,0.6299280359951228,1.364202285971001,1.2273767996265221,60.0
UMBF,2019,0.0,0.12563232688238765,0.14703232688238765,1.376947177,5.255287748,0.942204803,0.646019078,61.83536307,43.54586145,72.18251874,52.59150446,52.59150446,54.41537057,30.67996871,53.40193876,36.24636672,36.24636672,10.18721262,0.075071396,1.292974201,13.26,22.63721,1.77722589,37.21093977,62.78906023,26561.355,1993.998,0.592634125,0.0,0.0,9.29939611390287,7.06228058498914e-21,5.895194484699035,1.8712016594848926e-09,converged,0.003242037,-0.018157963,monthly_compounded,0.16483229461330168,0.8066825108906668,1.3400967257804972,1.158287938120672,60.0
UMBF,2020,1.0,0.023132603834389934,0.027532603834389935,0.48290812,3.956270033,1.0169428,0.584517166,61.57959929,47.29095954,68.21174383,53.11457621,53.11457621,61.83536307,43.54586145,72.18251874,52.59150446,52.59150446,10.40811915,0.078034614,1.097785103,14.26,21.31197,0.735363109,48.45807306,51.54192694,33127.504,2585.092,0.940168052,0.0,0.0,12.803324561169502,7.853978571574249e-38,8.956693967245526,1.6727931550431073e-19,converged,-0.185741259,-0.190141259,monthly_compounded,0.14155334155400076,0.8171772616606952,1.0539231575584802,1.1249673026951028,60.0
UMBF,2021,1.0,0.5600885396198971,0.5604885396198971,0.86811284,1.291046926,0.984902986,0.656158212,59.97004712,42.71584172,67.09773326,50.69417243,50.69417243,61.57959929,47.29095954,68.21174383,53.11457621,53.11457621,10.66180159,0.082213459,1.633799678,13.88,15.4587,0.912699148,37.21065531,62.78934469,42693.484,3509.979,0.59262691,0.0,0.0,20.990330161438152,4.019275437836473e-98,11.319470569806022,5.2552371713666134e-30,converged,0.153696644,0.153296644,monthly_compounded,0.11562017584985185,0.6104378255491822,0.8555653389825956,1.1082613133161072,60.0
UMBF,2022,1.0,-0.21380902813906577,-0.19960902813906578,3.958170601,6.494664926,0.836602606,0.536397019,59.46407192,47.90232018,53.48422353,48.62834783,48.62834783,59.97004712,42.71584172,67.09773326,50.69417243,50.69417243,10.55873713,0.067600925,1.513121823,12.5,15.4587,4.652338988,39.83183203,60.16816797,38512.461,2603.478,0.66200839,0.0,0.0,19.364804790890247,7.6466726263164095e-84,6.366533488022824,9.667405071465547e-11,converged,0.041588005,0.027388005,monthly_compounded,0.12724842916211798,0.7060412722180099,0.6913928893262313,0.9471055927843927,60.0
UMBF,2023,1.0,-0.027144454721888547,0.022355545278111455,4.086546341,5.658290868,0.848595273,0.377674418,25.78826593,45.77561483,76.45090303,51.91922887,51.91922887,59.46407192,47.90232018,53.48422353,48.62834783,48.62834783,10.6922102,0.097767038,1.308435186,12.85,15.4587,4.848585329,59.5942637,40.4057363,44011.674,4302.891,1.47489612,0.0,0.0,15.572890202352564,5.563200479981262e-55,17.431571521128095,2.37609308831575e-68,converged,-0.030962751,-0.080462751,monthly_compounded,0.14994555948489602,0.6888118364837426,0.8143527782617398,0.6266950647950358,60.0
BOKF,2016,0.0,0.4270910423428036,0.4290910423428036,1.561839722,6.369694939,0.883686,0.792381541,21.15270351,42.75339483,28.55659841,31.48605926,31.48605926,18.2821119,15.57174376,22.50612745,15.82579079,15.82579079,10.39733835,0.174455419,1.656751829,12.81,33.83572,1.949380924,14.83231354,85.16768646,32772.281,5717.302,0.174154238,0.0,0.0,12.21900365388357,1.2304105996536502e-34,,,no_sigma_E,0.319423811,0.317423811,monthly_compounded,0.10869936357064158,0.6648951212451236,0.5912326415687942,0.9257430875147504,36.0
BOKF,2017,0.0,0.12780126965631622,0.13580126965631623,1.717237069,6.957898042,0.99324395,0.931319598,22.15799615,47.95849797,33.08510638,35.69805329,35.69805329,21.15270351,42.75339483,28.55659841,31.48605926,31.48605926,10.38196022,0.181411377,1.727217938,13.54,32.78916,2.204252847,9.002306354,90.99769365,32272.16,5854.537,0.098928951,0.0,0.0,13.713604744282184,4.208499066810631e-43,,,no_sigma_E,0.259061747,0.251061747,monthly_compounded,0.13414789750599804,0.8991001722236691,0.635876177397896,0.9026221882648778,48.0
BOKF,2018,0.0,-0.20781183374129653,-0.18971183374129652,1.548986238,8.733912034,1.106812724,1.004864808,27.25519359,48.40689047,18.65756163,31.5427771,31.5427771,22.15799615,47.95849797,33.08510638,35.69805329,35.69805329,10.54588087,0.195124031,1.193286222,12.5,32.78916,2.708515315,13.11520732,86.88479268,38020.504,7418.714,0.1509494,0.0,0.0,44.548107573102584,0.0,29.74780085277701,9.257599187637436e-195,converged,-0.312401801,-0.330501801,monthly_compounded,0.1455894982496007,0.8972658934625727,0.6982635715718946,0.9083562883699162,60.0
BOKF,2019,0.0,0.19959560553968533,0.22099560553968534,1.118145766,6.237230119,1.292463197,0.892552862,26.24660667,44.82933614,21.41886873,30.80467922,30.80467922,27.25519359,48.40689047,18.65756163,31.5427771,31.5427771,10.64951227,0.204432413,1.270370118,12.94,32.2915,1.573015872,39.82200943,60.17799057,42172.021,8621.328,0.661737108,0.0,0.0,4.538483920802886,2.833005764145166e-06,3.0764727927792963,0.0010473270894756,converged,0.088205528,0.066805528,monthly_compounded,0.16689791828959039,1.0956083119004154,0.743518761047305,0.921418112325858,60.0
BOKF,2020,1.0,-0.19472217380863668,-0.1903221738086367,1.195791624,6.264152913,1.577607374,0.968454525,68.978075,55.63437145,22.11313398,43.65664739,43.65664739,26.24660667,44.82933614,21.41886873,30.80467922,30.80467922,10.75088015,0.08187855,0.905533987,13.82,31.41134,1.836661667,47.83661813,52.16338187,46671.088,3821.361,0.917053619,0.0,0.0,8.850933573877457,4.339510307251542e-19,4.982878915281306,3.132257737048449e-07,converged,-0.122595584,-0.126995584,monthly_compounded,0.1599129830961381,1.1780870309162883,0.9026866213652457,0.9201001942978105,60.0
BOKF,2021,1.0,0.5755333761613224,0.5759333761613223,1.091289262,1.466267002,1.4334847,1.271829007,69.95224128,54.01505876,21.90377812,43.16474578,43.16474578,68.978075,55.63437145,22.11313398,43.65664739,43.65664739,10.8247545,0.04964092,1.346574599,13.29,22.84115,1.168819263,14.14329916,85.85670084,50249.431,2494.428,0.164731454,0.0,0.0,15.99650359603385,6.757767234247552e-58,12.21941414458769,1.224213876599479e-34,converged,0.220648776,0.220248776,monthly_compounded,0.16129393308994253,1.1167753191394414,0.979330247415619,1.130697897856387,60.0
BOKF,2022,1.0,-0.008252283719567774,0.005947716280432225,3.462690881,9.137477058,1.275462619,1.156635889,69.17626043,54.50803658,21.84083433,43.17742017,43.17742017,69.95224128,54.01505876,21.90377812,43.16474578,43.16474578,10.77458513,0.149370038,1.484125038,12.67,22.58196,4.512172892,11.71547485,88.28452515,47790.642,7138.49,0.132701341,0.0,0.0,14.899114396992555,1.669884126376016e-50,5.6355447974192465,8.725288605057844e-09,converged,-0.034598287,-0.048798287,monthly_compounded,0.17364921375342413,1.095634993824594,1.0285948306375883,1.1149760850421617,60.0
BOKF,2023,1.0,-0.202361511087213,-0.15286151108721302,3.543022272,6.898350701,1.233439206,0.864490186,67.09544575,51.98305691,20.31276146,41.1293084,41.1293084,69.17626043,54.50803658,21.84083433,43.17742017,43.17742017,10.81626873,0.179738697,1.08206154,13.16,21.36025,4.48713767,35.17881127,64.82118873,49824.83,8955.45,0.542705433,0.0,0.0,10.557001603504744,2.357409710272056e-26,7.013143964656851,1.1651072742310725e-12,converged,0.022135395,-0.027364605,monthly_compounded,0.20792348348801748,1.0663116748040882,1.2591103622140474,1.0397368293230116,60.0
FNB,2018,0.0,-0.2799231208933157,-0.2618231208933157,1.782424702,7.25604494,1.077973657,0.80047817,55.6853594,35.24199685,68.37552743,45.76199717,45.76199717,22.15799615,37.95338502,62.12422787,41.189601,41.189601,10.40734898,0.143677119,0.709010212,11.54,30.29951,2.806193456,32.65072225,65.6481047,33102.0,4756.0,0.497359709,0.0,0.0,9.709716517959178,1.3704918630760962e-22,,,no_sigma_E,-0.264296872,-0.282396872,monthly_compounded,0.15320521076859905,0.814397932943944,0.8129832683298128,1.1958128398519174,60.0
FNB,2019,0.0,0.3242405665555578,0.34564056655555775,1.254599235,6.724279186,1.298151872,0.948125962,60.98359474,50.51673546,63.97478198,54.07916311,54.07916311,55.6853594,35.24199685,68.37552743,45.76199717,45.76199717,10.45204239,0.13161924,0.864255635,11.81,30.29951,1.715938301,33.99129046,64.17550991,34615.0,4556.0,0.529661401,0.0,0.0,9.149643618337011,2.8560838164615713e-20,,,no_sigma_E,0.091283779,0.069883779,monthly_compounded,0.17690265875509723,1.0758433135208827,0.7625514305590594,1.1863852955050713,60.0
FNB,2020,1.0,-0.21277327136312166,-0.20837327136312167,1.039471455,6.421764562,1.35443623,0.971352329,59.25299762,50.13008246,69.59727774,55.62759813,55.62759813,60.98359474,50.51673546,63.97478198,54.07916311,54.07916311,10.52819528,0.077608824,0.6297363,12.33,28.92898,1.691848473,34.60112922,62.35419905,37354.0,2899.0,0.554912576,0.0,0.0,9.365723034771548,3.776567641241402e-21,5.662978792148911,7.438377619085044e-09,converged,-0.261317625,-0.265717625,monthly_compounded,0.17073483886725807,1.1903672545294943,0.7797161850462992,1.2083548224075367,60.0
FNB,2021,1.0,0.3275383650172538,0.3279383650172538,1.680981864,1.702231438,1.287031905,1.013192635,61.47505386,53.45441495,73.45014341,59.31632373,59.31632373,59.25299762,50.13008246,69.59727774,55.62759813,55.62759813,10.58438501,0.056437122,0.767135288,12.18,17.83439,1.763764018,24.22559007,73.64796355,39513.0,2230.0,0.328937677,0.0,0.0,11.909695386093077,5.268072906672399e-33,6.2826798792573015,1.6639293365011975e-10,converged,0.314705782,0.314305782,monthly_compounded,0.14397103658394017,0.9268676840994587,0.7429290863253313,1.2072861909800783,60.0
FNB,2022,1.0,0.1030811110802201,0.1172811110802201,4.040994259,7.831155666,1.104788425,0.844794665,60.28748323,52.47607088,74.80550479,59.25412831,59.25412831,61.47505386,53.45441495,73.45014341,59.31632373,59.31632373,10.6856753,0.056894225,0.848203198,12.06,17.83439,4.844717276,26.73791445,71.38481728,43725.0,2487.7,0.374560242,0.0,0.0,10.698366150644915,5.179429075124662e-27,3.866054105770522,5.530520461068504e-05,converged,0.084475606,0.070275606,monthly_compounded,0.15984300063618773,0.934613037860146,0.8318658085561657,1.1988928743284537,60.0
FNB,2023,1.0,0.04747539607749217,0.09697539607749217,4.291356666,7.118846619,1.090502686,0.873738594,59.45577574,47.47651275,75.98512911,57.24123376,54.36911988,60.28748323,52.47607088,74.80550479,59.25412831,59.25412831,10.73982557,0.097701374,0.831411925,12.16,17.83439,5.148483768,22.7092861,75.21210516,46158.0,4509.7,0.301936584,0.0,0.0,8.160897102915154,1.6627268805598266e-16,8.749318131497,1.073228778006873e-18,converged,0.081201785,0.031701785,monthly_compounded,0.1935770188463396,0.9067108725779279,0.9093092141275267,1.1803009508743776,60.0
CADE,2019,0.0,0.20887090659163507,0.23027090659163507,1.108584685,7.969935029,1.436738649,1.167018937,25.86909308,43.61559962,52.43022392,41.31239181,41.31239181,21.58687943,38.81436859,51.22029758,37.69123395,37.69123395,9.954778207,0.073151238,1.303838955,14.17,31.72771,1.528541118,25.29087967,74.70912033,21052.576,1540.022,0.338524662,0.0,0.0,15.548851962485823,8.099171757626356e-55,,,no_sigma_E,0.087023726,0.065623726,monthly_compounded,0.20284141804511294,1.3374650657938705,1.0961362577104574,1.1259062119680434,60.0
CADE,2020,1.0,-0.11842263217183384,-0.11402263217183384,0.748678439,6.382704724,1.331631866,1.019462823,24.72489026,41.62728586,48.09356243,38.78547791,38.78547791,25.86909308,43.61559962,52.43022392,41.31239181,41.31239181,10.08918648,0.039008323,1.059801909,14.48,31.72771,1.251283368,29.29629286,65.31887536,24081.194,939.367,0.448511899,0.0,0.0,17.939256869515628,2.911430773031401e-72,,,no_sigma_E,-0.161670528,-0.166070528,monthly_compounded,0.17878797623806236,1.2958824000838816,0.9757409351906703,1.0983776539737593,60.0
CADE,2021,1.0,0.15332625481480727,0.15372625481480728,1.237460254,1.636328708,1.127763503,0.905867682,27.56693167,37.56950687,37.10782393,33.45270054,33.45270054,24.72489026,41.62728586,48.09356243,38.78547791,38.78547791,10.77205232,0.037017164,1.104228588,13.86,21.78734,1.355934722,22.94724995,73.26951983,47669.751,1764.599,0.313189577,0.0,0.0,18.575361307506363,2.543080794328975e-77,10.62514597876602,1.138278569097218e-26,converged,0.241502388,0.241102388,monthly_compounded,0.13788862452708195,0.8634457632633418,1.0923629082678727,1.0240060924607137,60.0
CADE,2022,1.0,-0.15765120479647787,-0.14345120479647788,3.635163224,6.8354756,1.03475953,0.638822574,25.84508103,36.56144268,46.24405228,36.21531638,36.21531638,27.56693167,37.56950687,37.10782393,33.45270054,33.45270054,10.79247726,0.091905596,1.0855428,12.81,20.99236,4.595744389,43.09110161,54.93016472,48653.414,4471.521,0.784470643,0.0,0.0,13.789528185711037,1.4734043873340893e-43,4.812716314825098,7.444628603542516e-07,converged,0.007598814,-0.006601186,monthly_compounded,0.14221917223967312,0.8342574159397996,1.0324037831180306,0.8869009712800309,60.0
SSB,2016,0.0,,,1.204541029,6.765857961,1.009554798,0.891837903,21.15270351,16.53781049,64.2903868,31.34729325,31.34729325,18.2821119,17.15903684,45.49223856,24.88808816,24.88808816,9.09387307,0.041473421,1.866524466,13.04,33.49867,1.50472683,16.56116153,83.43883847,8900.592,369.138,0.198482647,0.0,0.0,20.1663715855998,9.665598507461727e-91,,,no_sigma_E,0.244343855,0.242343855,unavailable,,,,,
SSB,2017,0.0,,,1.338328498,7.096289219,1.07652775,0.984052939,24.17324669,19.5816271,54.43148021,29.598016,29.598016,21.15270351,16.53781049,64.2903868,31.34729325,31.34729325,9.579597063,0.034786984,1.387490264,13.04,33.85004,1.798665378,12.43901617,87.56098383,14466.589,503.249,0.142061174,0.0,0.0,20.660909586965506,3.894168895250808e-95,,,no_sigma_E,0.169609869,0.161609869,unavailable,,,,,
SSB,2018,0.0,,,1.641615287,9.138665997,1.159465815,1.067005456,23.52538211,18.69258025,37.66711082,23.11082408,23.11082408,24.17324669,19.5816271,54.43148021,29.598016,29.598016,9.593991135,0.036571341,0.907739971,13.56,33.85004,2.76061536,11.58238853,88.41761147,14676.328,536.733,0.130996397,0.0,0.0,63.52855647910888,0.0,35.0,1.124910706472406e-268,converged,-0.208703523,-0.226803523,unavailable,,,,,
SSB,2019,0.0,,,1.426015737,7.412980468,1.358198747,1.05501727,22.06022092,17.69189557,48.2330468,26.39477325,26.39477325,23.52538211,18.69258025,37.66711082,23.11082408,23.11082408,9.67540005,0.070012597,1.233590123,12.78,32.37523,2.030127216,29.82207307,70.17792693,15921.092,1114.677,0.424949473,0.0,0.0,11.132464545184892,4.3595456723877355e-29,9.144883604599777,2.984705593843534e-20,converged,0.075731614,0.054331614,unavailable,,,,,
SSB,2020,1.0,,,1.159208674,5.420502005,1.067497602,0.787396658,20.85479836,23.99825326,29.44226316,22.76971678,22.76971678,22.06022092,17.69189557,48.2330468,26.39477325,26.39477325,10.53979644,0.030956574,1.104026435,14.24,32.37523,1.874883364,34.47073277,65.52926723,37789.873,1169.845,0.526035682,0.0,0.0,18.67791988052873,3.744038842381544e-78,11.365911825289883,3.0907792414624433e-30,converged,-0.165844809,-0.170244809,unavailable,,,,,
SSB,2021,1.0,,,1.234849494,1.481894556,0.942787919,0.799411875,22.26640446,29.62584326,14.47141591,20.60026058,20.60026058,20.85479836,23.99825326,29.44226316,22.76971678,22.76971678,10.6415712,0.026490103,1.156418842,13.56,20.93924,1.334788691,18.49065918,81.50934082,41838.456,1108.305,0.226853254,0.0,0.0,23.675954989382113,3.189788521370029e-124,14.032872726187549,4.9047998793537155e-45,converged,0.220288139,0.219888139,unavailable,,,,,
SSB,2022,1.0,,,3.669649517,7.1642725,0.80528389,0.715791941,37.84955792,34.64156459,15.36384204,23.77572001,23.77572001,22.26640446,29.62584326,14.47141591,20.60026058,20.60026058,10.69009539,0.021601097,1.139090361,12.97,21.21512588,4.614282204,13.6957684,86.3042316,43918.696,948.692,0.158691737,0.0,0.0,21.547655125141645,2.784855680423136e-103,9.025120626373502,8.974875341532694e-20,converged,0.039735121,0.025535121,unavailable,,,,,
SSB,2023,1.0,,,3.780520749,7.14733415,1.052701398,0.924462688,33.84301041,43.64917272,18.37246132,29.18966422,29.18966422,37.84955792,34.64156459,15.36384204,23.77572001,23.77572001,10.71223815,0.02184955,1.160301371,14.08,21.55062098,4.752221531,15.02549793,84.97450207,44902.024,981.089,0.176823607,0.0,0.0,20.848787623732917,7.81667675522326e-97,20.097199909592373,3.9038236689080012e-90,converged,0.061703766,0.012203766,unavailable,,,,,
ASB,2016,0.0,0.34599472870724735,0.34799472870724735,1.727344495,6.444819083,1.211613167,0.869455671,21.15270351,51.36160457,54.43117179,45.07057771,45.07057771,18.2821119,46.74700286,54.13398693,42.67474871,42.67474871,10.27984357,0.13225534,1.281778915,12.68,29.66529,2.174938562,34.67078609,61.96618728,29139.315,3853.83,0.559511366,0.0,0.0,12.519797939258158,2.9091538991120843e-36,,,no_sigma_E,0.318896117,0.316896117,monthly_compounded,0.15060601597490608,1.100091297845723,0.7363140824205403,0.9890837448491846,36.0
ASB,2017,0.0,0.04164417554435929,0.04964417554435929,1.828800619,7.019117242,1.182026603,0.986122367,22.15799615,55.95320385,58.34019675,48.75525994,48.75525994,21.15270351,51.36160457,54.43117179,45.07057771,45.07057771,10.32494392,0.133636867,1.261481048,13.22,30.20409,2.410563459,21.42974031,75.28940467,30483.594,4073.732,0.284631555,0.0,0.0,13.912790528762482,2.648585413089363e-44,,,no_sigma_E,0.194351273,0.186351273,monthly_compounded,0.14769226172402652,1.0546900528915095,0.5595591973811108,0.9518720521842593,48.0
ASB,2018,0.0,-0.21982174941816846,-0.20172174941816845,2.114752569,8.075832362,1.066817217,0.922192982,49.46342334,54.75894649,35.5374195,42.02091281,42.02091281,22.15799615,55.95320385,58.34019675,48.75525994,48.75525994,10.4227313,0.134673199,0.923416031,13.47,30.20409,3.342762277,17.52583241,77.9990597,33615.122,4527.056,0.224692868,0.0,0.0,24.804324215350096,4.025895742118389e-136,14.76245459322574,1.2789941721247826e-49,converged,-0.27995053,-0.29805053,monthly_compounded,0.16182009419750307,1.0635584579395672,0.6172627140155734,1.0019709354921633,60.0
ASB,2019,0.0,0.12963373342883364,0.15103373342883364,1.602613937,7.344833488,1.212277798,1.016668937,51.40386566,65.72278597,46.00551841,51.79833238,51.79833238,49.46342334,54.75894649,35.5374195,42.02091281,42.02091281,10.38549627,0.129542428,0.945066493,13.21,30.20409,2.246902417,20.36161662,73.86407441,32386.478,4195.423,0.275663329,0.0,0.0,5.7566619583516205,4.2896734477403775e-09,3.9515753445648714,3.88192101316864e-05,converged,0.046528639,0.025128639,monthly_compounded,0.16114255954592893,1.018667098430497,0.8046208745261437,0.9082093554530852,60.0
ASB,2020,1.0,-0.1925031124387017,-0.1881031124387017,1.458704485,5.277634893,1.219278569,0.736506911,49.67131823,62.29109343,46.61129568,50.34298772,50.34298772,51.40386566,65.72278597,46.00551841,51.79833238,51.79833238,10.41690331,0.072846224,0.700445794,14.02,28.48654,2.196761976,43.66962993,47.64335788,33419.783,2434.505,0.916594293,0.0,0.0,10.08927714640292,3.0810805398330094e-24,6.1574877018252785,3.6953990326924176e-10,converged,-0.235659316,-0.240059316,monthly_compounded,0.14920669444565682,1.0761785029930866,0.9258575525421048,0.8573445276007836,60.0
ASB,2021,1.0,0.3723184199601656,0.37271841996016564,1.366752365,1.922769597,1.134023776,0.998924739,51.67527036,72.07186715,43.24541309,54.76490108,54.76490108,49.67131823,62.29109343,46.61129568,50.34298772,50.34298772,10.46607757,0.063372179,0.880469596,13.1,22.48194681,1.50709914,14.14496048,81.07465475,35104.253,2224.633,0.174468341,0.0,0.0,13.959518631235529,1.376434263505768e-44,7.615520924239374,1.3131504498436508e-14,converged,0.244809493,0.244409493,monthly_compounded,0.126305225510697,0.8246572311143658,0.965666677508685,0.8874832294574911,60.0
ASB,2022,1.0,0.045626609444620485,0.05982660944462048,3.81532284,7.862610266,1.016004267,0.889902202,50.5324411,72.6085666,66.2694704,63.4980147,63.4980147,51.67527036,72.07186715,43.24541309,54.76490108,54.76490108,10.58166644,0.131297387,0.909031349,11.33,19.88698746,4.698168963,14.25072667,80.56755007,39405.727,5173.869,0.176879236,0.0,0.0,9.732125307267015,1.0997433223998462e-22,3.704592958391819,0.0001058652262114,converged,0.063894395,0.049694395,monthly_compounded,0.14337733107457806,0.8373961916365462,0.9217992314003131,0.9600918871810005,60.0
ASB,2023,1.0,-0.07807939302263535,-0.028579393022635347,3.991673675,6.725299121,1.021308211,0.782368264,42.74738517,87.9108311,68.07526008,70.3186843,70.3186843,50.5324411,72.6085666,66.2694704,63.4980147,63.4980147,10.62171398,0.068467255,0.811755601,12.21,19.61724684,4.949070387,26.11070038,68.72327702,41015.855,2808.243,0.379939687,0.0,0.0,10.900315792655746,5.742897950272507e-28,11.28415099810333,7.857576760338474e-30,converged,0.019607101,-0.029892899,monthly_compounded,0.18143081064525907,0.8503543313470572,0.928663332800393,0.9961728413993418,60.0
PB,2016,0.0,0.5331226223786134,0.5351226223786134,1.139934361,8.631573152,1.277999903,1.210566427,21.15270351,31.11212972,24.63452787,24.30004638,24.30004638,18.2821119,27.02944309,28.91952614,23.81763319,23.81763319,10.01373435,0.058716886,1.369478016,15.2,33.28897,1.341558813,7.706552628,92.29344737,22331.072,1311.211,0.083500539,0.0,0.0,16.885864976554902,2.8586103752297792e-64,,,no_sigma_E,0.265421507,0.263421507,monthly_compounded,0.1617050695142074,1.0555369306003572,1.5632908306875928,0.9476491624000852,36.0
PB,2017,0.0,-0.011556116859156466,-0.0035561168591564662,1.314449817,8.823225211,1.373202229,1.30919832,22.15799615,37.32240055,38.34820407,32.31726414,32.31726414,21.15270351,31.11212972,24.63452787,24.30004638,24.30004638,10.02514273,0.036718744,1.273282421,15.74,33.27164,1.667054599,6.826279238,93.17372076,22587.292,829.377,0.073263997,0.0,0.0,20.079032995251676,5.628232925230471e-90,,,no_sigma_E,0.216854732,0.208854732,monthly_compounded,0.1825563033331792,1.126065928241029,1.3285672749678212,1.2690632919762324,48.0
PB,2018,0.0,-0.11009925588234704,-0.09199925588234703,1.265826297,10.25895796,1.283155706,1.232403616,21.58687943,37.63239665,30.19875638,29.53722104,29.53722104,22.15799615,37.32240055,38.34820407,32.31726414,32.31726414,10.0298295,0.057983638,1.073685212,16.99,32.87247,2.236967208,5.780195238,94.21980476,22693.402,1315.846,0.061347986,0.0,0.0,87.80820293360867,0.0,35.0,1.124910706472406e-268,converged,-0.250260056,-0.268360056,monthly_compounded,0.19631967851918217,1.200474062164597,1.2003927472606526,1.2696706547363565,60.0
PB,2019,0.0,0.16046787636609414,0.18186787636609414,1.100325517,9.222576609,1.361548783,1.305048189,20.28455285,39.4792236,29.18391171,30.08790312,30.08790312,21.58687943,37.63239665,30.19875638,29.53722104,29.53722104,10.37927778,0.056137588,1.140760263,12.7,32.83724,1.511846489,6.055752528,93.94424747,32185.708,1806.828,0.064461132,0.0,0.0,9.818380286467445,4.691955827903184e-23,5.901553399988135,1.80047415957197e-09,converged,0.090402224,0.069002224,monthly_compounded,0.20173718259618204,1.262296101199946,0.8801109162373184,1.3491483649273461,60.0
PB,2020,1.0,-0.008525380273828806,-0.004125380273828805,0.650597691,8.382564475,1.380011641,1.288638866,23.13132301,47.11475219,32.08393837,35.51432287,35.51432287,20.28455285,39.4792236,29.18391171,30.08790312,30.08790312,10.43585767,0.011438382,1.047309833,14.23,32.62344,1.115892121,9.521832736,90.47816726,34059.275,389.583,0.10523901,0.0,0.0,,,,,low_leverage_td_ta,-0.111907697,-0.116307697,monthly_compounded,0.18249716153479204,1.2658221595373462,0.6943493597380526,1.3771166919836724,60.0
PB,2021,1.0,0.06315541074322391,0.0635554107432239,0.766151298,1.465648972,1.227844571,1.166131598,23.43731268,45.43319642,26.08466069,32.79008665,32.79008665,23.13132301,47.11475219,32.08393837,35.51432287,35.51432287,10.54096266,0.011843827,1.036826048,15.45,20.67136,0.721890624,6.253915859,93.74608414,37833.97,448.099,0.066711222,0.0,0.0,,,,,low_leverage_td_ta,0.206392924,0.205992924,monthly_compounded,0.14086024359313692,1.0230815045814148,0.5929221431576581,1.0161843247356273,60.0
PB,2022,1.0,0.022009498156067668,0.036209498156067665,3.451892853,7.637483722,1.007564759,0.83186432,21.22464922,43.57474081,30.61643955,33.42196483,33.42196483,23.43731268,45.43319642,26.08466069,32.79008665,32.79008665,10.53714555,0.060444265,0.990640848,16.51,20.67136,4.368628205,21.02668124,78.97331876,37689.829,2278.134,0.266250445,0.0,0.0,19.080760634460994,1.8245478449887815e-81,8.092231204116539,2.929078801167798e-16,converged,-0.017322925,-0.031522925,monthly_compounded,0.13894569018494765,1.0049551749029233,0.5600622576793389,0.6978154338173288,60.0
OZK,2019,0.0,0.36013043310988946,0.38153043310988943,1.688636604,11.01824455,1.873990627,1.658732085,47.50780187,44.89749508,53.02845144,43.43621081,43.43621081,47.56205674,40.65015574,53.10903842,41.07493863,41.07493863,10.0671243,0.029980606,0.947787545,15.57,30.94068067,2.301552483,15.81890526,84.18109474,23555.728,706.215,0.187915176,0.0,0.0,18.492885692023677,1.1780126322764736e-76,,,no_sigma_E,0.117841334,0.096441334,monthly_compounded,0.20981362122956917,1.384741233187142,1.3138346470215196,1.0945076309793038,60.0
OZK,2020,1.0,0.06897777343939633,0.07337777343939633,2.001739719,9.415250659,1.87829572,1.441003908,50.92758389,46.65618759,56.58814054,46.36064083,46.36064083,47.50780187,44.89749508,53.02845144,43.43621081,43.43621081,10.20959616,0.040624357,0.946753731,15.84,24.61663433,2.707232108,28.70180449,71.29819551,27162.596,1103.463,0.402560041,0.0,0.0,17.362226486348224,7.970970799374781e-68,,,no_sigma_E,-0.054788147,-0.059188147,monthly_compounded,0.22570142747179625,1.7140480444808,1.2274213951179076,1.2625734454132187,60.0
OZK,2021,1.0,0.5297848810668409,0.5301848810668408,1.793018179,1.629188252,1.650445122,1.413061761,48.63593663,50.70170433,67.9143715,52.60846128,52.60846128,50.92758389,46.65618759,56.58814054,46.36064083,46.36064083,10.18604766,0.046116365,1.297877752,17.95,24.42720629,2.141677678,18.18648285,81.81351715,26530.43,1223.487,0.222291908,0.0,0.0,27.075361203322096,9.604874763698286e-162,17.320712027553334,1.641353472698954e-67,converged,0.213280802,0.212880802,monthly_compounded,0.1863988540165909,1.3286818711621577,1.5191284358271624,1.050929062624004,60.0
OZK,2022,1.0,-0.12672527383803722,-0.11252527383803723,3.433922641,8.995401973,1.36167616,1.194813355,46.240261,50.75596563,60.52527889,49.99247709,49.99247709,48.63593663,50.70170433,67.9143715,52.60846128,52.60846128,10.22761852,0.039545905,1.078956653,14.97,23.09512,4.567380823,14.54896964,80.11736638,27656.568,1093.704,0.181595705,0.0,0.0,26.183463459447413,2.0502254154056566e-151,10.806955407845363,1.595424850508354e-27,converged,-0.098126166,-0.112326166,monthly_compounded,0.19024308683632743,1.2991681798675043,1.7174213233128224,0.7813316840579192,60.0
OZK,2023,1.0,0.24120095230049377,0.29070095230049375,3.911413087,7.516035979,1.369784921,1.048722472,45.11702065,48.89937103,64.47533393,50.7655294,50.7655294,46.240261,50.75596563,60.52527889,49.99247709,49.99247709,10.44107556,0.03780897,1.174619512,14.1,23.09512,5.064186348,27.09661645,68.06753483,34237.457,1294.483,0.398084293,0.0,0.0,19.967223410248568,5.3097492317136136e-89,9.41968408509133,2.262236266620556e-21,converged,0.024691144,-0.024808856,monthly_compounded,0.21678263842450643,1.141682499086705,1.6497028374835863,0.916128752266264,60.0
BKU,2016,0.0,0.07106255078705237,0.07306255078705237,1.52355148,7.131183567,1.01460311,0.931372262,21.15270351,57.45239879,47.92662116,45.74997342,45.74997342,19.9220048,38.84986348,34.85906863,32.05494157,32.05494157,10.23567028,0.202371824,1.623389464,12.45,31.88739,1.751503616,11.59829474,88.40170526,27880.151,5642.157,0.131199898,0.0,0.0,11.365412985630522,3.1084870210790923e-30,,,no_sigma_E,0.373925652,0.371925652,monthly_compounded,0.09141577936892627,0.9061968855066264,0.5666821693642561,0.057860979469306545,36.0
BKU,2017,0.0,0.09847958133894985,0.10647958133894986,1.588948892,7.455255845,1.115972283,1.039761356,22.15799615,62.68986555,67.49942805,55.39396741,55.39396741,21.15270351,57.45239879,47.92662116,45.74997342,45.74997342,10.32045248,0.170489089,1.437795423,12.45,32.4312293,1.989833347,9.786127681,90.21387232,30346.986,5173.83,0.108476972,0.0,0.0,13.56927844076194,3.0459386928130567e-42,,,no_sigma_E,0.270959392,0.262959392,monthly_compounded,0.13374214357034248,0.9632607251435169,0.5923161051505083,0.7877985044931533,48.0
BKU,2018,0.0,-0.2666155448269908,-0.2485155448269908,2.09648861,8.427562717,1.038411832,0.934546409,25.55841295,57.14501966,57.68154564,49.68118701,49.68118701,22.15799615,62.68986555,67.49942805,55.39396741,55.39396741,10.37861323,0.167071712,1.015205977,13.08,28.26105,3.352526777,13.41411983,86.58588017,32164.326,5373.749,0.154922717,0.0,0.0,28.734674444731535,7.039088107643565e-182,16.308485571472122,4.2948022106510574e-60,converged,-0.35638478,-0.37448478,monthly_compounded,0.14990435604287083,1.0259049000191038,0.47255334863998016,0.8638987848896713,60.0
BKU,2019,0.0,0.23098523799834622,0.2523852379983462,1.943891269,7.558900112,1.148110139,1.004412147,24.56383212,51.80921536,65.83147618,50.01291846,50.01291846,25.55841295,57.14501966,57.68154564,49.68118701,49.68118701,10.400355,0.152407725,1.166771547,12.79,20.99961,2.381670557,15.33289666,84.66710334,32871.293,5009.839,0.181096271,0.0,0.0,4.391472406126311,5.629281290071666e-06,2.706571221419881,0.0033990999233924,converged,0.07365581,0.05225581,monthly_compounded,0.15881249568671066,1.0295884838191653,0.5227456437945552,0.9648520729143709,60.0
BKU,2020,1.0,-0.013453222944542806,-0.009053222944542805,1.812935373,6.160049038,1.372298406,0.845372816,25.55404648,52.36474624,64.755372,50.2289082,50.2289082,24.56383212,51.80921536,65.83147618,50.01291846,50.01291846,10.4634031,0.114979643,1.08510715,14.66,21.00652,2.432441382,44.10471046,55.89528954,35010.493,4025.494,0.789059522,0.0,0.0,7.536936971009728,2.405693651011602e-14,4.12343970075515,1.8662810276833973e-05,converged,-0.194175081,-0.198575081,monthly_compounded,0.14908090299428772,1.0638015232191997,0.6534957460949407,1.0070053479443366,60.0
BKU,2021,1.0,0.24346721225841955,0.24386721225841956,1.771106027,1.605742438,1.28958549,1.080728254,23.52029672,59.91277317,60.22065699,52.27286509,52.27286509,25.55404648,52.36474624,64.755372,50.2289082,50.2289082,10.48613314,0.078888308,1.192906976,14.29,20.93924,1.975880252,19.64256147,80.35743853,35815.396,2825.416,0.244439866,0.0,0.0,11.86552196636499,8.939199601788545e-33,7.703030242046454,6.643844845689763e-15,converged,0.260038257,0.259638257,monthly_compounded,0.14988883052527938,0.9271041031364026,0.9878133775195598,1.2305314535767657,60.0
BKU,2022,1.0,-0.19108662281101696,-0.17688662281101697,3.684229103,8.292435494,1.172953852,0.966056332,39.15047945,58.23033709,69.97686176,55.32377097,55.32377097,23.52029672,59.91277317,60.22065699,52.27286509,52.27286509,10.51939488,0.170982587,1.055289725,12.68,21.24215,4.677428712,21.37939318,78.62060682,37026.712,6330.923,0.271931165,0.0,0.0,9.8288815042884,4.2276299467402233e-23,3.634050548281709,0.0001395030814411,converged,0.000492001,-0.013707999,monthly_compounded,0.16272631501834073,0.9829194846789789,0.8336082028874262,1.1711245829345982,60.0
BKU,2023,1.0,-0.052745701917682145,-0.0032457019176821422,4.02780592,7.680362577,1.388620742,1.04335831,35.05488485,52.33024574,67.78089984,51.45702423,51.45702423,39.15047945,58.23033709,69.97686176,55.32377097,55.32377097,10.48463017,0.162855461,0.935599011,13.38,21.84145,5.146740518,29.74512594,70.25487406,35761.607,5823.973,0.423388787,0.0,0.0,8.396037998277356,2.3089812695529858e-17,6.464340583882684,5.0870745023218906e-11,converged,0.007384767,-0.042115233,monthly_compounded,0.1968856014796035,1.004237598540402,1.0379046747875549,1.0062346966807458,60.0
HWC,2016,0.0,0.765496348966245,0.767496348966245,2.066514776,5.282384453,0.869266321,0.591036625,21.15270351,19.51383716,47.44027304,26.75736153,26.75736153,18.2821119,22.0309647,44.64052288,26.99794673,26.99794673,10.0847795,0.069308241,1.334866981,13.21,23.11216,2.374597532,37.97502264,62.02497736,23975.302,1661.686,0.612253712,0.0,0.0,15.92941336801962,1.9802765227927332e-57,,,no_sigma_E,0.388130774,0.386130774,monthly_compounded,0.13225010957222222,0.7460088294662403,1.5022488827507503,0.8909808343591739,36.0
HWC,2017,0.0,0.1640292435034938,0.1720292435034938,2.012342043,5.466784971,0.912562609,0.657783777,22.15799615,31.61565146,52.14939373,34.45514487,34.45514487,21.15270351,19.51383716,47.44027304,26.75736153,26.75736153,10.21596294,0.073507341,1.461862931,11.9,23.11216,2.382316467,33.49996723,66.50003277,27336.086,2009.403,0.503758657,0.0,0.0,17.899278177472812,5.973009319705753e-72,,,no_sigma_E,0.271624481,0.263624481,monthly_compounded,0.14865391702152725,0.6363848421895025,1.4831573796184878,1.3594996328649847,48.0
HWC,2018,0.0,-0.3029199886131766,-0.2848199886131766,2.059109201,7.430782642,1.189126679,0.809886248,57.52059938,47.44618911,54.81857573,46.49523475,46.49523475,22.15799615,31.61565146,52.14939373,34.45514487,34.45514487,10.24834974,0.064248724,0.963064754,11.99,23.76586,2.986799039,38.05150624,61.94849376,28235.907,1814.121,0.614244253,0.0,0.0,36.49740715035237,6.095517944402344e-292,19.0205919745749,5.75878804549192e-81,converged,-0.351665306,-0.369765306,monthly_compounded,0.15344644995564857,0.7217436632425058,1.3489420425975513,1.1306051616950437,60.0
HWC,2019,0.0,0.2802478431199623,0.3016478431199623,1.469326697,6.714253473,1.416170564,0.928604526,57.35760421,45.47800188,53.84212784,45.43543722,45.43543722,57.52059938,47.44618911,54.81857573,46.49523475,46.49523475,10.32878003,0.096348401,1.10741264,11.9,22.56295,1.820154355,40.40658372,59.59341628,30600.757,2948.334,0.678037714,0.0,0.0,5.3464132733958785,4.4857118628457406e-08,3.219236433348,0.0006426622963988,converged,0.100435355,0.079035355,monthly_compounded,0.1891708093328756,1.1316314986813265,1.0526670714430173,1.2286599883209115,60.0
HWC,2020,1.0,-0.19685943114794005,-0.19245943114794006,0.84206665,5.042934389,1.605911165,0.75486395,56.05603001,42.46077458,58.35973538,45.65598635,45.65598635,57.35760421,45.47800188,53.84212784,45.43543722,45.43543722,10.42342956,0.060818074,0.857942748,13.22,20.12968,1.181907287,58.53307705,41.46692295,33638.602,2045.835,1.411560658,0.0,0.0,8.78048069874017,8.138872424168639e-19,4.625931009889995,1.8645971270876323e-06,converged,-0.245801894,-0.250201894,monthly_compounded,0.19003984512617353,1.277990686347773,1.0695884757236263,1.3537316915187025,60.0
HWC,2021,1.0,0.5050363563227993,0.5054363563227993,1.396231765,1.491174158,1.601313257,1.35919056,52.66927329,40.60001398,35.98309278,36.68356301,36.68356301,56.05603001,42.46077458,58.35973538,45.65598635,45.65598635,10.50592211,0.052264386,1.182225841,12.84,18.38576,1.380796599,17.91622585,82.08377415,36531.205,1909.281,0.218267569,0.0,0.0,12.298518099357622,4.612553843660364e-35,6.889217978177004,2.804996124705181e-12,converged,0.328085687,0.327685687,monthly_compounded,0.1753860666357667,1.0234974096028064,1.2898830773594667,1.4985226057752512,60.0
HWC,2022,1.0,-0.026372350376174032,-0.012172350376174035,4.00203462,9.305813162,1.371478383,1.178595216,50.29852851,41.31731443,41.28776171,38.95045508,38.95045508,52.66927329,40.60001398,35.98309278,36.68356301,36.68356301,10.46834174,0.060065897,1.244136347,12.97,17.54897,4.816348653,16.56151233,83.43848767,35183.825,2113.348,0.198487686,0.0,0.0,11.777647509638076,2.5446852201459096e-32,3.923430921581328,4.364840196481413e-05,converged,0.037039918,0.022839918,monthly_compounded,0.18982154239190394,1.2175582007241235,0.9055483949498797,1.3140388371720935,60.0
HWC,2023,1.0,-0.017553497426911716,0.03194650257308829,4.082211792,8.042068989,1.400178025,1.169479177,46.38328594,38.02714733,43.35416577,37.95162812,37.95162812,50.29852851,41.31731443,41.28776171,38.95045508,38.95045508,10.47949885,0.039100669,1.103017212,13.93,17.54897,4.900306865,19.30620761,80.69379239,35578.573,1391.146,0.239252699,0.0,0.0,11.859965677982654,9.552671278479308e-33,9.047966097852289,7.282798991912749e-20,converged,0.051873022,0.002373022,monthly_compounded,0.2231621101347549,1.1482881815254302,1.1053236193158122,1.3096691597202923,60.0
BANC,2017,0.0,0.2127145191275912,0.2207145191275912,2.675408876,6.881219201,0.982098994,0.859575762,22.15799615,24.86655784,13.40768703,17.16058002,17.16058002,21.15270351,25.09794342,7.433162685,15.1245185,15.1245185,9.242599602,0.181616371,1.405626313,14.56,31.375235,3.621027403,14.15888639,68.16723594,10327.852,1875.707,0.20770809,0.0,0.0,11.32353540212975,5.0170970197519015e-30,,,no_sigma_E,0.279441182,0.271441182,monthly_compounded,0.12664513203674976,0.5978388046784255,1.318826711778446,0.9951693119169195,48.0
BANC,2018,0.0,-0.3546504071628511,-0.3365504071628511,3.252554141,9.576469558,1.226682951,1.082802554,21.58687943,26.90616123,71.25582945,38.99755457,38.99755457,22.15799615,24.86655784,13.40768703,17.16058002,17.16058002,9.271441774,0.15961922,0.943640874,13.71,28.26105,4.875486551,12.96251198,69.98288329,10630.067,1696.763,0.185224034,0.0,0.0,11.6766562659118,8.388296758605224e-32,,,no_sigma_E,-0.350183797,-0.368283797,monthly_compounded,0.14295675404747404,0.7378975277937847,1.2865598823365798,0.8817473546753228,60.0
BANC,2019,0.0,0.2964500466937635,0.3178500466937635,2.90117819,9.23060114,1.417062158,1.190484143,20.28455285,22.08563256,66.62527857,34.93957403,34.93957403,21.58687943,26.90616123,71.25582945,38.99755457,38.99755457,8.965514703,0.175594022,1.2186828,15.9,20.99961,3.631497038,16.01040103,66.45647384,7828.41,1374.622,0.240915596,0.0,0.0,,,3.493439566661771,0.0002384204492531,extreme_DD_a_y2019_small,0.048575203,0.027175203,monthly_compounded,0.1721537980344268,1.0549376153451913,1.2098561962177004,0.9049615649460528,60.0
BANC,2020,1.0,-0.13091220507887705,-0.12651220507887706,2.176342072,9.151999085,1.854563481,1.450775543,59.6320703,26.03722398,53.40078526,37.9013895,37.9013895,20.28455285,22.08563256,66.62527857,34.93957403,34.93957403,8.971744801,0.10176349,1.037583975,15.9,21.00652,2.793478037,20.53231301,58.27415807,7877.334,801.625,0.352339934,0.0,0.0,7.741561258238736,4.910168033142533e-15,6.26367219428545,1.8800775294294656e-10,converged,-0.05203583,-0.05643583,monthly_compounded,0.16603548656510617,1.1573987065956939,1.6685394133826925,0.743688071261069,60.0
BANC,2021,1.0,0.3504740043224474,0.3508740043224474,2.677855868,2.588304856,1.617301077,1.239771357,60.77547065,37.22857482,74.91793295,51.69597128,51.69597128,59.6320703,26.03722398,53.40078526,37.9013895,37.9013895,9.147799108,0.083037401,1.267087044,14.98,20.93924,3.277547515,25.91489044,67.28229768,9393.743,780.032,0.38516655,0.0,0.0,13.155094875719294,7.954184931855211e-40,21.721233495036312,6.463075580703107e-105,converged,0.128714233,0.128314233,monthly_compounded,0.17782859830783723,1.2809613944089229,1.4484686501450998,0.9763434972892143,60.0
BANC,2022,1.0,-0.1908854601871267,-0.17668546018712672,3.605307223,8.450735791,1.239085087,1.002579762,61.9919856,34.14939707,73.03272768,49.75201133,49.75201133,60.77547065,37.22857482,74.91793295,51.69597128,51.69597128,9.126634363,0.108989263,0.979783779,14.21,21.24215,4.672445064,23.0486046,76.9513954,9197.016,1002.376,0.299521594,0.0,0.0,26.226690299656532,6.593783936489295e-152,10.697666085107144,5.2187008294961414e-27,converged,-0.096957373,-0.111157373,monthly_compounded,0.18349430727458785,1.2444086852342888,1.6152285251624612,0.7782255451704676,60.0
BANC,2023,1.0,-0.18068932967188078,-0.1311893296718808,4.279569934,6.844454732,1.170415274,0.754068457,59.08980188,59.93591641,74.82969626,62.95244192,62.95244192,61.9919856,34.14939707,73.03272768,49.75201133,49.75201133,10.55929791,0.099857648,0.780552288,16.43,15.37586305,5.096179393,39.48396114,60.51603886,38534.064,3847.921,0.652454488,0.0,0.0,17.292110517289068,2.6970335609905896e-67,7.861005713326803,1.9053070211224042e-15,converged,-0.054577093,-0.104077093,monthly_compounded,0.20180198947116162,0.9996807285631897,1.5833359318400289,0.8737097705637342,60.0
FULT,2016,0.0,0.4832004872064892,0.48520048720648923,2.236377479,6.922749728,1.040357849,0.87662489,21.15270351,35.90554096,66.79607509,41.85573535,41.85573535,18.2821119,32.148766,69.23815359,40.87152323,40.87152323,9.849255576,0.077634123,1.516188149,13.2,25.03272,2.702458499,19.94518314,80.05481686,18944.247,1470.72,0.249144073,0.0,0.0,15.952524172019508,1.3680540189346797e-57,,,no_sigma_E,0.262842209,0.260842209,monthly_compounded,0.14283400049375533,1.158050802954103,0.8735020606613894,0.6280873687042653,36.0
FULT,2017,0.0,-0.031409499786114285,-0.023409499786114285,2.113890621,7.353114159,1.172262879,1.013551506,22.15799615,44.05406365,65.13498055,45.29940857,45.29940857,21.15270351,35.90554096,66.79607509,41.85573535,41.85573535,9.905331102,0.082641007,1.384032318,13.0,24.99097,2.661790725,17.27063706,82.72936294,20036.905,1655.87,0.208760668,0.0,0.0,16.38734444172658,1.1775535691365783e-60,,,no_sigma_E,0.14179635,0.13379635,monthly_compounded,0.15036788742485263,1.0153010302265477,0.7150741770633269,1.0187207342750697,48.0
FULT,2018,0.0,-0.12586926629515238,-0.10776926629515238,2.390020897,7.911036107,1.026571317,0.851801414,21.58687943,37.81899583,53.44326005,37.99779555,37.99779555,22.15799615,44.05406365,65.13498055,45.29940857,45.29940857,9.937026385,0.084471674,1.156288854,12.8,23.99202,3.360443903,21.25619374,78.74380626,20682.152,1747.056,0.269941152,0.0,0.0,32.44834298337772,2.8580508430240655e-231,18.16682556453552,4.72552310060609e-74,converged,-0.208504822,-0.226604822,monthly_compounded,0.1632864955243841,1.0133643344807766,0.7814271582788848,1.0575065434361062,60.0
FULT,2019,0.0,0.14356939531427212,0.16496939531427213,1.735493314,6.553977268,1.02117417,0.839818031,20.28455285,44.06941283,37.10601719,35.21659495,35.21659495,21.58687943,37.81899583,53.44326005,37.99779555,37.99779555,9.99360427,0.080645471,1.208144712,11.8,22.38858,2.186995174,21.76750369,78.23249631,21886.04,1765.01,0.2782412,0.0,0.0,10.420076708846125,1.003955929299571e-25,6.3990113988801145,7.819308451124076e-11,converged,0.048746117,0.027346117,monthly_compounded,0.16239490862230466,0.9708329235015206,0.7093320341578074,1.0763502900253816,60.0
FULT,2020,1.0,-0.23655373514719283,-0.23215373514719284,1.364483064,3.968839908,0.830601486,0.48153207,20.85479836,36.00543242,44.06825732,33.99063554,33.99063554,20.28455285,44.06941283,37.10601719,35.21659495,35.21659495,10.16225818,0.074356307,0.845252186,14.4,20.08966,1.868250163,47.56599782,52.43400218,25906.733,1926.329,0.907159397,0.0,0.0,14.242454721947093,2.497074224428587e-46,7.890516831267512,1.504688120768082e-15,converged,-0.244959355,-0.249359355,monthly_compounded,0.13801492925695916,0.9244443545866583,0.6081834368453647,1.0415000184117835,60.0
FULT,2021,1.0,0.3896459830739291,0.3900459830739291,1.749404822,1.796537782,0.8447721,0.613381557,23.38288696,55.05048202,39.94162479,42.54093008,42.54093008,20.85479836,36.00543242,44.06825732,33.99063554,33.99063554,10.15799015,0.040242401,1.079301833,14.1,14.26163,1.853437068,28.99624625,65.90253363,25796.398,1038.109,0.439986821,0.0,0.0,19.23454347903717,9.510534191831004e-83,8.484389501934604,1.0842711333384438e-17,converged,0.243235097,0.242835097,monthly_compounded,0.1016286387214122,0.435637824823399,0.7238161687215398,1.1842181490352452,60.0
FULT,2022,1.0,0.017121434243873683,0.03132143424387368,4.376507231,6.794906402,0.828655694,0.602323498,47.87003983,52.34937758,42.04261299,44.3444025,44.3444025,23.38288696,55.05048202,39.94162479,42.54093008,42.54093008,10.20105938,0.106610678,1.181755757,13.6,14.26163,5.027829507,29.00154297,66.17284342,26931.702,2871.207,0.43826956,0.0,0.0,11.158744472696434,3.24508262887749e-29,3.926462243815045,4.310220830198883e-05,converged,0.099328005,0.085128005,monthly_compounded,0.11685531537866392,0.5492293325019615,0.5568265022130933,1.0737042570888533,60.0
FULT,2023,1.0,-0.023877370209283502,0.0256226297907165,4.40987433,5.996857883,0.832128897,0.48721809,50.68429578,58.69105105,65.81569735,56.90642114,56.90642114,47.87003983,52.34937758,42.04261299,44.3444025,44.3444025,10.22455296,0.090219559,1.050213136,14.0,14.26163,5.111119106,42.94179703,52.00822594,27571.915,2487.526,0.825673175,0.0,0.0,10.550659210971869,2.5220967303896494e-26,14.004793387922474,7.285142046293841e-45,converged,0.053230271,0.003730271,monthly_compounded,0.1562153952651268,0.6771694045215517,0.5751419871563136,0.909633748450221,60.0
CBSH,2016,0.0,0.45097192829653365,0.45297192829653365,1.074864621,5.166022594,0.730360492,0.601935294,30.73447629,49.04051306,10.51353097,29.48874091,29.48874091,26.1134372,49.52661419,11.00556061,29.6549133,29.6549133,10.15196445,0.0712111,2.499261592,13.32,31.86374,1.370220189,23.30590549,74.42928304,25641.424,1825.954,0.313128174,0.0,0.0,18.79023761009269,4.538602462790592e-79,,,no_sigma_E,0.189774542,0.187774542,monthly_compounded,0.10586353868264803,0.6977680691162594,0.7614383573034833,0.7144136098393514,36.0
CBSH,2017,0.0,0.02263597428031284,0.03063597428031284,1.330998741,5.456801239,0.788015425,0.670086362,31.81773704,48.3433345,17.16628552,31.54915939,31.54915939,30.73447629,49.04051306,10.51353097,29.48874091,29.48874091,10.1199454,0.060760713,2.319021233,14.35,31.64375,1.753746496,20.08086204,77.99567361,24833.415,1508.896,0.25746123,0.0,0.0,20.022515026039297,1.7528523119404678e-89,,,no_sigma_E,0.169500943,0.161500943,monthly_compounded,0.11472559675777162,0.658496201400646,0.6729661080892598,0.9003914003964587,48.0
CBSH,2018,0.0,0.05714853650343743,0.07524853650343744,1.44761867,6.288771989,0.741054675,0.626528427,29.86282066,40.79493097,17.16367899,27.60494573,27.60494573,31.81773704,48.3433345,17.16628552,31.54915939,31.54915939,10.14501476,0.077171819,2.252200325,15.82,30.95996,2.301222281,20.5990211,77.80067462,25463.842,1965.091,0.264766613,0.0,0.0,100.71299098021194,0.0,35.0,1.124910706472406e-268,converged,-0.181420166,-0.199520166,monthly_compounded,0.12830105214896703,0.696806543152289,0.6054928445988341,0.9387610086757107,60.0
CBSH,2019,0.0,0.265931075436422,0.287331075436422,1.212867066,5.30523463,0.773121659,0.642688958,32.48947929,38.15179891,16.27022929,26.53808421,26.53808421,29.86282066,40.79493097,17.16367899,27.60494573,27.60494573,10.16837897,0.071096639,2.552953443,15.48,30.39641,1.661026634,22.1932432,76.1143887,26065.789,1853.19,0.2915775,0.0,0.0,16.216727934265425,1.920602921948751e-59,7.957412785117524,8.783693352080348e-16,converged,0.074536363,0.053136363,monthly_compounded,0.13101711165834246,0.7174219510386,0.6388805201530944,0.8688759581849135,60.0
CBSH,2020,1.0,0.02867166365299907,0.03307166365299907,0.331132977,5.398074649,0.966695858,0.811217685,33.89991115,47.59557136,33.4504536,37.79543135,37.79543135,32.48947929,38.15179891,16.27022929,26.53808421,26.53808421,10.40192599,0.063760491,2.270040949,14.82,27.24381,0.512251494,20.85026333,79.14973667,32922.974,2099.185,0.263428082,0.0,0.0,20.08136506026218,5.370127370788778e-90,10.569855782621486,2.0556318436872009e-26,converged,-0.052510211,-0.056910211,monthly_compounded,0.1127282182364852,0.6885338841650713,0.6608350568279284,0.884879287489472,60.0
CBSH,2021,1.0,0.11396327455084872,0.11436327455084871,0.68249935,1.343279454,0.910856532,0.745748045,31.61132708,44.69416846,27.97123715,34.27975439,34.27975439,33.89991115,47.59557136,33.4504536,37.79543135,37.79543135,10.51023466,0.082736507,2.433482935,15.12,20.51088,0.725796619,21.78508122,78.21491878,36689.088,3035.527,0.278528464,0.0,0.0,25.891005178498947,4.2046825086731224e-148,20.044314360535793,1.1313894205027152e-89,converged,0.134974257,0.134574257,monthly_compounded,0.10051191403487864,0.687789313034233,0.48586546368696376,0.7756534256445171,60.0
CBSH,2022,1.0,0.04143475133831775,0.055634751338317745,3.455862737,6.752071119,0.779362957,0.632001245,29.64458076,47.5852399,19.16490889,32.49384074,32.49384074,31.61132708,44.69416846,27.97123715,34.27975439,34.27975439,10.36960649,0.089453262,3.631501552,14.89,20.51088,4.377448246,22.68031618,77.31968382,31875.931,2851.406,0.293331724,0.0,0.0,39.60363663880284,0.0,13.937231886635036,1.881260346851983e-44,converged,-0.030693804,-0.044893804,monthly_compounded,0.10956292486770502,0.719737650703195,0.5230633274865346,0.5838433336680531,60.0
CBSH,2023,1.0,-0.20888644119870226,-0.15938644119870227,3.441230329,5.943130911,0.805577764,0.590084546,26.32386064,45.68936809,42.34841856,39.67668171,39.67668171,29.64458076,47.5852399,19.16490889,32.49384074,32.49384074,10.36410543,0.091801943,2.366583113,16.03,20.51088,4.293237469,31.47971729,68.52028271,31701.061,2910.219,0.459421883,0.0,0.0,31.14829230691234,2.6747127147361442e-213,14.956450507506055,7.068378943303454e-51,converged,0.041701003,-0.007798997,monthly_compounded,0.13824469563531155,0.6704542043319,0.5606765386072269,0.5071858629249364,60.0
TCBI,2016,0.0,0.5844022662198509,0.5864022662198509,2.791120207,8.735055943,1.382504579,1.233327657,21.15270351,27.20789586,25.01848692,22.50177164,22.50177164,18.2821119,9.603241023,3.723447712,6.103648724,6.103648724,9.984935457,0.1154081,2.087103058,12.48,35.76156,3.799451622,15.09156761,80.15048724,21697.134,2504.025,0.188290404,0.0,0.0,15.39972535015149,8.218298761590426e-54,,,no_sigma_E,0.437192298,0.435192298,monthly_compounded,0.154238346764559,1.0053204296543048,1.1072482497688063,1.0855061277382125,36.0
TCBI,2017,0.0,0.1259285714253573,0.1339285714253573,2.456817656,9.894977401,1.648884491,1.537753936,22.15799615,35.42944712,36.603752,30.75035649,30.75035649,21.15270351,27.20789586,25.01848692,22.50177164,22.50177164,10.12965234,0.141964524,2.149972296,11.5,35.68784,3.438914872,9.791660169,87.13703742,25075.645,3559.852,0.112370818,0.0,0.0,16.57143280564187,5.6061005754283675e-62,,,no_sigma_E,0.281369701,0.273369701,monthly_compounded,0.20757511937150147,1.4051319466611771,1.1021877108116727,1.4166300856663252,48.0
TCBI,2018,0.0,-0.4434093363752494,-0.42530933637524937,2.049812408,11.65736096,1.726430582,1.518255148,21.58687943,34.83662623,56.63224517,37.66657487,37.66657487,22.15799615,35.42944712,36.603752,30.75035649,30.75035649,10.24912364,0.174689918,1.091201847,11.31,35.54534,3.706331565,17.03326901,80.06959134,28257.767,4936.347,0.21273081,0.0,0.0,19.957725604283677,6.421281718992594e-89,10.965862053620892,2.788327554971712e-28,converged,-0.423495356,-0.441595356,monthly_compounded,0.22259811166076918,1.5007784039061198,0.9902283448872474,1.397559304091815,60.0
TCBI,2019,0.0,0.08977635545196114,0.11117635545196114,1.711598542,10.87405867,1.884660198,1.674312786,20.28455285,38.47005753,41.10474371,33.87885627,33.87885627,21.58687943,34.83662623,56.63224517,37.66657487,37.66657487,10.39047332,0.090245016,1.077830092,11.37,35.47562,2.632193563,15.58570001,80.04783199,32548.069,2937.301,0.194704836,0.0,0.0,4.672131578247128,1.4904494521101289e-06,,,extreme_DD_m_y2019_small,0.016480104,-0.004919896,monthly_compounded,0.24864236638578271,1.7119983857093244,1.0817092845685465,1.4749100167027318,60.0
TCBI,2020,1.0,0.04368877900251751,0.04808877900251751,1.080425451,9.756310009,2.041913211,1.629051554,18.99807322,40.58122955,58.9217759,41.34012918,41.34012918,20.28455285,38.47005753,41.10474371,33.87885627,33.87885627,10.53810734,0.092976676,1.103544499,12.09,34.09342,1.894882161,25.9817055,67.56576668,37726.096,3507.647,0.384539491,0.0,0.0,7.182240034139086,3.428918962984124e-13,4.163512500692695,1.56694429736284e-05,converged,-0.249277977,-0.253677977,monthly_compounded,0.23384399939269435,1.7586924179280725,1.0605548791208308,1.4450692959689997,60.0
TCBI,2021,1.0,0.012205042002032719,0.012605042002032718,2.757067455,2.255597538,1.826995145,1.496173708,17.43215031,43.47394488,49.37241313,39.33714539,39.33714539,18.99807322,40.58122955,58.9217759,41.34012918,41.34012918,10.45540919,0.090171963,1.048167271,15.32,27.90442,3.587623724,21.82145282,71.15094551,34731.738,3131.829,0.30669238,0.0,0.0,10.292839501279044,3.795217675450316e-25,7.288351309496027,1.5688546153074746e-13,converged,0.239700712,0.239300712,monthly_compounded,0.2177553148918707,1.3927860626892103,1.3777109236768301,1.7289561468101373,60.0
TCBI,2022,1.0,-0.013204149400847695,0.0009958505991523037,3.364012064,8.409114415,1.313859734,1.061491089,17.26625006,47.71936329,59.54655493,45.3031943,45.3031943,17.43215031,43.47394488,49.37241313,39.33714539,39.33714539,10.25465985,0.075153542,1.067794537,17.7,24.88234,4.461070872,22.31476755,70.50426276,28414.642,2135.461,0.316502388,0.0,0.0,12.156558908992569,2.647107725578701e-34,4.237833858610927,1.1284333662364464e-05,converged,0.018381887,0.004181887,monthly_compounded,0.21504886480772312,1.4112626499000054,1.4267692686315696,1.2815942805166192,60.0
TCBI,2023,1.0,0.022129911919651288,0.07162991191965129,3.857165272,7.352434991,1.235804323,1.001605805,20.22395825,49.87368316,61.16582137,47.64798105,47.64798105,17.26625006,47.71936329,59.54655493,45.3031943,45.3031943,10.25260331,0.083251335,1.053065442,17.07,22.99383,5.070856295,21.53867566,70.93445075,28356.266,2360.697,0.30364196,0.0,0.0,10.776473042187243,2.223038839732743e-27,9.474191359486346,1.3441740695242101e-21,converged,-0.067254974,-0.116754974,monthly_compounded,0.22561981155841057,1.053589754747532,1.7519579817032156,1.2484169659369044,60.0
UBSI,2016,0.0,0.2901443533807424,0.2921443533807424,1.422028659,6.678821394,0.994437159,0.868009576,21.15270351,18.39422486,34.37002275,21.49674372,21.49674372,18.2821119,19.34444463,48.40482026,27.02057983,27.02057983,9.582516982,0.095222778,1.676441385,14.9,32.00007,1.773296669,17.64089018,82.35910982,14508.892,1381.577,0.214194765,0.0,0.0,15.37987498952654,1.1168926220608075e-53,,,no_sigma_E,0.262494538,0.260494538,monthly_compounded,0.11575287482019796,0.8688721478597341,1.0725554325657025,0.4647495442336137,36.0
UBSI,2017,0.0,-0.2292682820666051,-0.2212682820666051,1.524180968,6.9458836,1.045262182,0.948886087,22.15799615,23.55578346,48.72454816,29.22450593,29.22450593,21.15270351,18.39422486,34.37002275,21.49674372,21.49674372,9.855292559,0.096624585,1.126409111,14.2,32.20321,1.97260789,13.02924777,86.97075223,19058.959,1841.564,0.149811833,0.0,0.0,14.691054242458527,3.678018055790157e-49,,,no_sigma_E,0.214803407,0.206803407,monthly_compounded,0.13647437631929887,0.8917404402584825,1.055412936226975,0.7740395712567725,48.0
UBSI,2018,0.0,-0.08855079170020463,-0.07045079170020463,1.494199429,9.277513794,1.165763444,1.08631985,21.58687943,15.41422575,59.66355763,29.12433672,29.12433672,22.15799615,23.55578346,48.72454816,29.22450593,29.22450593,9.86529221,0.096123747,0.978982721,14.4,33.35181,2.568027324,9.887732843,90.11226716,19250.498,1850.43,0.109726824,0.0,0.0,69.95157919600608,0.0,35.0,1.124910706472406e-268,converged,-0.241192801,-0.259292801,monthly_compounded,0.15102138171375018,0.8672866546806058,1.1443229252534632,0.8846278786204494,60.0
UBSI,2019,0.0,0.2667595412772946,0.2881595412772946,1.380123728,8.247913248,1.209610599,1.137499597,20.28455285,14.81578068,59.27305529,28.68692712,28.68692712,21.58687943,15.41422575,59.66355763,29.12433672,29.12433672,9.886459596,0.112534154,1.16714026,14.7,33.35181,1.929419735,8.685624882,91.31437512,19662.324,2212.683,0.095117826,0.0,0.0,7.797978584446437,3.145334082386701e-15,5.345817326511626,4.5004976217662093e-08,converged,0.103160535,0.081760535,monthly_compounded,0.16865613336254928,1.066432569645751,1.0075501826049242,0.8955369249568524,60.0
UBSI,2020,1.0,-0.1190301513277701,-0.1146301513277701,1.070177076,8.056533676,1.359859453,1.231645144,18.99807322,15.88152755,61.86147186,30.14736753,30.14736753,20.28455285,14.81578068,59.27305529,28.68692712,28.68692712,10.17291325,0.059491266,0.973959454,15.6,32.20321,1.734569696,13.31086919,86.68913081,26184.247,1557.734,0.153547152,0.0,0.0,12.502346332533271,3.623999344492672e-36,7.476250337400063,3.8236608769643485e-14,converged,-0.122051631,-0.126451631,monthly_compounded,0.14403261326346656,1.0552948356671934,0.9951060137974854,0.7440371196809374,60.0
UBSI,2021,1.0,0.16312850809428608,0.1635285080942861,1.656104683,1.54152864,1.270023352,1.189910734,19.0205481,29.61442572,54.52486712,34.5464366,34.5464366,18.99807322,15.88152755,61.86147186,30.14736753,30.14736753,10.28632873,0.032262988,1.048679671,15.4,21.68417,1.847021732,7.916258069,92.08374193,29328.902,946.238,0.085968032,0.0,0.0,19.39323332210125,4.40127507980988e-84,13.618361385006631,1.557390710040581e-42,converged,0.227612691,0.227212691,monthly_compounded,0.13358164819072454,0.8943795285954088,1.1434621115041845,0.8380249017535965,60.0
UBSI,2022,1.0,0.1462426283977465,0.16044262839774648,3.457470966,8.562050488,1.099945557,1.027193336,19.31996254,26.74027515,47.64777494,30.90974038,30.90974038,19.0205481,29.61442572,54.52486712,34.5464366,34.5464366,10.29178548,0.079972994,1.208059529,14.4,20.54972,4.360470096,8.184889039,91.81511096,29489.38,2358.354,0.089145337,0.0,0.0,16.975062406537216,6.281033473603427e-65,6.880702159426948,2.977912946315207e-12,converged,-0.007552934,-0.021752934,monthly_compounded,0.14760024535092187,0.9460618813522244,0.892150341675071,0.8602470880054658,60.0
UBSI,2023,1.0,-0.08077790898376803,-0.03127790898376803,3.508979231,7.264767228,1.07046047,0.973164335,16.18572488,24.7405265,58.4891563,33.6491254,33.6491254,19.31996254,26.74027515,47.64777494,30.90974038,30.90974038,10.30649905,0.066335829,1.062058776,15.4,20.21005,4.323255318,11.13503955,88.86496045,29926.482,1985.198,0.125302926,0.0,0.0,15.875774660261754,4.662621668621754e-57,10.700788505072886,5.0457891313812486e-27,converged,0.066905982,0.017405982,monthly_compounded,0.18011076787709462,0.9034908678841745,0.8942285333002686,0.8771741087890315,60.0
GBCI,2016,0.0,0.3803866424108857,0.3823866424108857,1.526157405,8.381381934,1.418163592,1.199003857,21.15270351,8.753509425,59.08134243,25.61102395,25.61102395,18.2821119,16.09201006,75.41666667,35.13163699,35.13163699,9.153833511,0.090558271,2.400865522,16.38,25.17584181,1.808509253,19.6326162,80.3673838,9450.6,855.83,0.244285869,0.0,0.0,17.332942291193994,1.3269834641819976e-67,,,no_sigma_E,0.215206185,0.213206185,monthly_compounded,0.18235318786549726,1.2345020671909863,1.3470516362417086,1.1839852323818156,36.0
GBCI,2017,0.0,0.09790818752690367,0.10590818752690367,1.72574947,8.361225593,1.426399068,1.238265822,22.15799615,23.81026891,77.61725006,39.7521034,39.7521034,21.15270351,8.753509425,59.08134243,25.61102395,25.61102395,9.180535486,0.087667052,2.521024276,15.64,23.88728,2.074086165,16.63996178,83.36003822,9706.349,850.927,0.199615573,0.0,0.0,18.645022254131188,6.929834411839379e-78,,,no_sigma_E,0.176470739,0.168470739,monthly_compounded,0.17814416485839032,1.2034510253354396,1.1830762058448605,1.0821643844141269,48.0
GBCI,2018,0.0,-0.012260954496083883,0.005839045503916118,1.871792183,9.882350541,1.318181954,1.182101483,21.58687943,24.57688876,82.2562736,41.80239532,41.80239532,22.15799615,23.81026891,77.61725006,39.7521034,39.7521034,9.402239583,0.081323701,2.173315734,14.7,24.15447,2.709095196,13.17777166,86.82222834,12115.484,985.276,0.151778777,0.0,0.0,98.11683919671414,0.0,35.0,1.124910706472406e-268,converged,-0.210701142,-0.228801142,monthly_compounded,0.19552538316283996,1.2215744671687092,1.2299098089727953,1.1957137995255351,60.0
GBCI,2019,0.0,0.14787332518228422,0.16927332518228422,1.462544163,7.56005599,1.174599239,1.025768871,20.28455285,20.88626907,82.76026743,40.15328573,40.15328573,21.58687943,24.57688876,82.2562736,41.80239532,41.80239532,9.523982473,0.056793997,2.14517669,14.95,24.15447,1.871461452,16.05799714,83.94200286,13683.999,777.169,0.191298713,0.0,0.0,14.492766019238358,6.730552563501321e-48,8.59796073900987,4.0572523664206314e-18,converged,0.05137393,0.02997393,monthly_compounded,0.20173520082549207,1.2551913155920815,1.0041844231974313,1.3045652744006324,60.0
GBCI,2020,1.0,0.0004249574767178502,0.0048249574767178505,0.807308762,5.446278658,1.029892278,0.799606188,45.28639759,32.44781507,77.96536797,46.1967591,46.1967591,20.28455285,20.88626907,82.76026743,40.15328573,40.15328573,9.825753337,0.063640126,1.894224872,14.63,22.64698,1.107714364,27.13060365,72.86939635,18504.206,1177.61,0.372318216,0.0,0.0,17.485319835536178,9.268502997976407e-69,11.263491047246308,9.93634894097809e-30,converged,-0.067987049,-0.072387049,monthly_compounded,0.15808142092420277,1.045649169491867,0.8982927035742175,1.1388152376720901,60.0
GBCI,2021,1.0,0.23564274340263486,0.23604274340263487,1.068068372,1.455294492,1.134362803,0.956912508,61.50119904,54.43950509,72.88478198,59.60516323,59.60516323,45.28639759,32.44781507,77.96536797,46.1967591,46.1967591,10.16356632,0.046163386,1.971734498,14.21,18.79039,1.192662335,18.58984086,81.41015914,25940.645,1197.508,0.228347924,0.0,0.0,28.104528844944426,4.312009599618005e-174,25.789831673520403,5.76544926796951e-147,converged,0.122235286,0.121835286,monthly_compounded,0.10679715234801976,0.6815287932337571,0.8615139684435575,0.7586547429506825,60.0
GBCI,2022,1.0,-0.11784443188179729,-0.10364443188179728,3.81945192,7.214194527,0.836748708,0.718931276,59.52437106,38.93179754,77.53072626,53.4073603,53.4073603,61.50119904,54.43950509,72.88478198,59.60516323,59.60516323,10.1899955,0.11097989,1.92544869,14.02,18.76972,4.731941724,16.78771776,83.21228224,26635.375,2955.991,0.201745671,0.0,0.0,30.76779068524492,3.5351899238252296e-208,12.000819754687276,1.7589732915799106e-33,converged,-0.02922356,-0.04342356,monthly_compounded,0.11435773053883339,0.6665380115775482,0.7194176460955641,0.70834325943838,60.0
UCB,2016,0.0,0.5393399791827935,0.5413399791827935,1.851158004,7.762322733,1.142675532,1.044101001,21.15270351,17.34999177,29.54493743,19.24177339,19.24177339,18.2821119,19.61262784,26.75449346,19.35948105,19.35948105,9.278807572,0.083043762,1.952183165,12.04,31.88739,2.300926398,12.17361814,87.82638186,10708.655,889.287,0.138610038,0.0,0.0,16.798891809255636,1.2432310803443136e-63,,,no_sigma_E,0.323293496,0.321293496,monthly_compounded,0.1192274507568789,0.6097499936127709,1.3195830411709768,0.9381310926715546,36.0
UCB,2017,0.0,-0.04474037280210041,-0.03674037280210041,1.799521178,6.574718697,0.887315541,0.843943722,22.15799615,30.83476459,35.53992221,28.08841523,28.08841523,21.15270351,17.34999177,29.54493743,19.24177339,19.24177339,9.385591996,0.056665542,1.675003373,13.06,31.375235,2.323587877,6.967067161,93.03293284,11915.46,675.196,0.074888182,0.0,0.0,19.51283583700729,4.270501675211357e-85,,,no_sigma_E,0.220313873,0.212313873,monthly_compounded,0.15009309538106422,0.6969416261553099,1.2846388849247685,1.36813347459457,48.0
UCB,2018,0.0,-0.23971739558604943,-0.22161739558604943,2.324137006,8.842941844,1.086755463,0.994586017,21.58687943,27.95819452,42.24183877,29.07432644,29.07432644,22.15799615,30.83476459,35.53992221,28.08841523,28.08841523,9.439322207,0.033976177,1.166586825,14.29,28.26105,3.621352066,11.44002787,88.55997213,12573.192,427.189,0.129178314,0.0,0.0,51.580267907382414,0.0,31.47382481984988,9.910790860546614e-218,converged,-0.309149761,-0.327249761,monthly_compounded,0.16221203676511428,0.7128558095285946,1.2560009219589352,1.397881279413687,60.0
UCB,2019,0.0,0.45283066212729894,0.4742306621272989,1.288543203,8.582025436,1.285863451,1.205369178,55.53099449,23.35572017,42.5124027,30.80937724,30.80937724,21.58687943,27.95819452,42.24183877,29.07432644,29.07432644,9.466223371,0.016465139,1.491689115,15.01,37.76584,2.022463327,9.690566837,90.30943316,12916.016,212.664,0.107304038,0.0,0.0,,,,,low_leverage_td_ta,0.033086399,0.011686399,monthly_compounded,0.19196918094373444,1.0460154624285243,1.0040574340146442,1.4852325451615571,60.0
UCB,2020,1.0,-0.05060697584135147,-0.04620697584135147,1.156241983,7.289698609,1.323016411,1.161906404,21.33203312,23.28503305,72.00140944,37.80597402,37.80597402,55.53099449,23.35572017,42.5124027,30.80937724,30.80937724,9.786637619,0.018374122,1.289851194,15.15,37.76584,2.072395661,17.29089414,77.60593081,17794.374,326.956,0.222803772,0.0,0.0,,,,,low_leverage_td_ta,-0.172017844,-0.176417844,monthly_compounded,0.17443867539960597,1.1606770577840366,0.9433900465886368,1.2765100879705937,60.0
UCB,2021,1.0,0.29373205006160025,0.29413205006160026,1.85193185,1.737559472,1.157409277,1.084789858,19.69459375,35.55464481,69.55529887,43.00080327,43.00080327,21.33203312,23.28503305,72.00140944,37.80597402,37.80597402,9.949739785,0.01180898,1.510583311,14.65,23.04888701,2.188489654,7.760889782,89.21117649,20946.771,247.36,0.086994591,0.0,0.0,,,,,low_leverage_td_ta,0.188165554,0.187765554,monthly_compounded,0.1469899108339277,0.7594301159938354,1.350847421484384,1.3201046456204721,60.0
UCB,2022,1.0,-0.04886394677791062,-0.034663946777910626,3.582457524,8.324885782,1.049162889,0.979009642,21.06625006,30.79915086,67.32681564,40.25886279,40.25886279,19.69459375,35.55464481,69.55529887,43.00080327,43.00080327,10.08617921,0.043050564,1.378641245,14.79,22.40626897,4.608291686,8.247038442,89.30254805,24008.884,1033.596,0.092349419,0.0,0.0,20.37959902626516,1.2686254890915714e-92,7.508557263843685,2.989126777743841e-14,converged,0.0075161,-0.0066839,monthly_compounded,0.15136568089055713,0.7745625133641778,1.29692951933685,1.0943067749720257,60.0
UCB,2023,1.0,-0.1541948676295709,-0.10469486762957092,3.713136349,7.179971005,1.027418435,0.93974834,46.36686394,45.88621982,67.73327033,51.16047231,51.16047231,21.06625006,30.79915086,67.32681564,40.25886279,40.25886279,10.21454128,0.011899477,1.097370852,14.49,22.19872,4.79876774,10.42868226,86.97136103,27297.251,324.823,0.119909383,0.0,0.0,,,,,low_leverage_td_ta,-0.023417337,-0.072917337,monthly_compounded,0.18631858575027924,0.8113118982178448,1.4761142257014195,0.9296466145649727,60.0
SFNC,2016,0.0,0.23134772319718167,0.23334772319718167,1.641254785,6.938335373,0.985563267,0.891004562,21.15270351,22.6571023,20.41382253,18.58689885,18.58689885,18.2821119,27.65241785,6.231617647,15.95898161,15.95898161,9.035993651,0.05340262,1.688725487,15.1,29.12093,1.969689224,13.02292075,86.97707925,8400.056,448.585,0.149728191,0.0,0.0,18.37560756926292,1.0299421564890323e-75,,,no_sigma_E,0.281864352,0.279864352,monthly_compounded,0.1280330553846739,0.8499109030916818,1.1670991302231013,0.7460450270582821,36.0
SFNC,2017,0.0,-0.07241508957927278,-0.06441508957927278,1.608283373,7.523407974,1.147840982,1.055933091,22.15799615,31.08576394,22.75337451,23.60975374,23.60975374,21.15270351,22.6571023,20.41382253,18.58689885,18.58689885,9.619518977,0.109129528,2.520844953,11.35,30.67199,2.061694893,11.15434006,88.84565994,15055.806,1643.033,0.125547383,0.0,0.0,17.846723814873208,1.532487547557342e-71,,,no_sigma_E,0.201418203,0.193418203,monthly_compounded,0.15235755894915215,0.9902679619077686,1.1483686857364097,0.9103934743379375,48.0
SFNC,2018,0.0,-0.1555484010784366,-0.1374484010784366,2.065719801,8.980929245,1.161419253,1.033967871,21.58687943,20.92211868,29.0395292,20.83160138,20.83160138,22.15799615,31.08576394,22.75337451,23.60975374,23.60975374,9.713738702,0.108514503,0.991949296,13.35,30.51531314,3.312831993,15.06694328,84.93305672,16543.337,1795.192,0.177397869,0.0,0.0,41.83727861534415,0.0,27.816576300989585,1.3670407548610832e-170,converged,-0.27809094,-0.29619094,monthly_compounded,0.1652334713789177,0.9491283779319065,1.198987493625493,1.0324634807716253,60.0
SFNC,2019,0.0,0.11749922686585199,0.138899226865852,1.608239933,7.250759905,1.103723029,0.966154607,20.28455285,22.73688398,22.02377162,19.20605224,19.20605224,21.58687943,20.92211868,29.0395292,20.83160138,20.83160138,9.964542341,0.08636303,1.018724994,13.73,27.23672237,2.184735968,16.36600614,83.63399386,21259.143,1836.004,0.195686053,0.0,0.0,7.461075248255522,4.290960943834123e-14,4.666886279030984,1.5289923304656204e-06,converged,0.02218528,0.00078528,monthly_compounded,0.18046287700071892,1.0731714073281822,1.0050626040570008,1.1610329176389502,60.0
SFNC,2020,1.0,-0.16676860607935032,-0.16236860607935033,1.342386298,5.475735312,1.012758753,0.774655506,18.99807322,24.83174198,30.98813149,23.47227136,23.47227136,20.28455285,22.73688398,22.02377162,19.20605224,19.20605224,10.01501784,0.090522113,0.784100725,16.78,27.23917654,1.961857445,29.68871853,70.28009687,22359.752,2024.052,0.422434229,0.0,0.0,9.583955484350302,4.669893335397569e-22,6.943103078037441,1.917896604414033e-12,converged,-0.121054662,-0.125454662,monthly_compounded,0.1505466791267797,0.9365499809223718,1.2452147031365222,1.0121482126522294,60.0
SFNC,2021,1.0,0.40298609232623267,0.4033860923262327,1.539999542,1.565760893,0.818333287,0.706460137,17.43215031,22.44354142,33.2863996,23.1151004,23.1151004,18.99807322,24.83174198,30.98813149,23.47227136,23.47227136,10.11556041,0.07714967,1.026249925,16.75,21.13924277,1.810901799,16.71923082,83.26050357,24724.759,1907.507,0.200806266,0.0,0.0,16.871306158558646,3.658029040943456e-64,15.65919768177653,1.4375061083480432e-55,converged,0.134407871,0.134007871,monthly_compounded,0.10831648974640345,0.5973031183285886,1.063537720521658,0.864326655115142,60.0
SFNC,2022,1.0,-0.2603456131161168,-0.24614561311611682,3.700910504,7.29370131,0.861029893,0.740913323,15.8938172,22.12085511,28.71801632,21.31043001,21.31043001,17.43215031,22.44354142,33.2863996,23.1151004,23.1151004,10.22052432,0.050460104,0.838593828,14.2,20.64281554,4.679892467,16.96359211,83.03640789,27461.061,1385.688,0.204291016,0.0,0.0,23.517423047641845,1.3529777003657636e-122,9.07096553558597,5.898348081995615e-20,converged,-0.015559914,-0.029759914,monthly_compounded,0.11630788752876045,0.49804187371788433,1.1668939915875027,0.8737220238295663,60.0
SFNC,2023,1.0,-0.08957560481189343,-0.04007560481189343,4.199609303,6.679162071,0.888633718,0.756790765,14.03688525,17.30551257,28.80656843,18.96619395,18.96619395,15.8938172,22.12085511,28.71801632,21.31043001,21.31043001,10.21631362,0.051433218,0.724839229,14.4,18.92653,5.216644792,17.68755612,82.31244388,27345.674,1406.476,0.214883137,0.0,0.0,21.106932353634285,3.434444694910769e-99,15.192557473711409,1.980784137048759e-52,converged,-0.03608889,-0.08558889,monthly_compounded,0.16008914884318062,0.6673492971226401,1.127729955413568,0.7595480926713363,60.0
ABCB,2016,0.0,0.2807302148090609,0.2827302148090609,1.954161782,8.819529648,1.360975371,1.246731645,21.15270351,39.29607554,55.73947668,39.55706507,39.55706507,18.2821119,40.15431986,66.39093137,43.81727795,43.81727795,8.838121096,0.091417755,2.355335889,10.106,31.68618,2.387100586,11.82728389,88.17271611,6892.031,630.054,0.134137684,0.0,0.0,17.191718038746547,1.5315954563773825e-66,,,no_sigma_E,0.36682797,0.36482797,monthly_compounded,0.11320645413101918,0.7976452036301823,0.733505442787364,0.7043347659395576,36.0
ABCB,2017,0.0,0.09750458712984322,0.10550458712984323,1.822848914,7.884872134,1.1911948,1.116321358,22.15799615,41.65562543,68.93388241,45.47738788,45.47738788,21.15270351,39.29607554,55.73947668,39.55706507,39.55706507,8.96905869,0.046681839,2.232416978,13.139,31.49383,2.336282666,8.91751312,91.08248688,7856.203,366.742,0.097905903,0.0,0.0,22.14095033550169,6.375976651614082e-109,,,no_sigma_E,0.244120629,0.236120629,monthly_compounded,0.1481860732591122,1.0501702215050068,0.8453999439680377,0.8376434704087538,48.0
ABCB,2018,0.0,-0.35627779705901574,-0.33817779705901574,2.026303985,10.82817279,1.392523336,1.317869321,21.58687943,37.66456892,55.87830335,38.79781539,38.79781539,22.15799615,41.65562543,68.93388241,45.47738788,45.47738788,9.345178473,0.022837826,1.032942789,12.229,31.10399,3.410669159,7.59749613,92.40250387,11443.515,261.345,0.082221756,0.0,0.0,46.87301717500705,0.0,28.963232439623223,9.560798671737068e-185,converged,-0.350110621,-0.368210621,monthly_compounded,0.16299495805932027,1.0547873865186252,0.9076528405507251,0.9099441143556256,60.0
ABCB,2019,0.0,0.33896140937557784,0.3603614093755778,1.604610381,9.426956555,1.47480426,1.350583811,20.28455285,37.26774721,52.9672079,37.55299746,37.55299746,21.58687943,37.66456892,55.87830335,38.79781539,38.79781539,9.811513646,0.084796344,1.197244334,12.94,29.85871,2.245540802,11.59273148,88.40726852,18242.579,1546.904,0.131128715,0.0,0.0,6.049042046593509,7.28548154649132e-10,3.748636202965692,8.88993857353242e-05,converged,0.033435141,0.012035141,monthly_compounded,0.18493651922689824,1.3209252971573577,0.8542304686556595,0.8514490411177129,60.0
ABCB,2020,1.0,-0.08837569058894827,-0.08397569058894827,1.690197883,7.940022067,1.467601924,1.191658665,54.42843622,49.6656972,74.30557249,56.3975123,56.3975123,20.28455285,37.26774721,52.9672079,37.55299746,37.55299746,9.925182408,0.027454912,1.000134556,15.27,28.0153,2.564961458,24.33887537,75.66112463,20438.638,561.141,0.321682707,0.0,0.0,12.09268693346367,5.77241107782369e-34,7.669009493177429,8.666480496754925e-15,converged,-0.206422953,-0.210822953,monthly_compounded,0.17752047466795534,1.3396304606194873,0.9758558328281305,0.9827427515298836,60.0
ABCB,2021,1.0,0.3197805441799994,0.3201805441799994,1.839579046,1.594365379,1.290137658,1.165590842,53.38414502,59.17687046,66.63859379,58.53741293,58.53741293,54.42843622,49.6656972,74.30557249,56.3975123,56.3975123,10.07988832,0.036551273,1.165765572,13.78,23.69886,2.159195174,12.28386328,87.71613672,23858.321,872.052,0.140041089,0.0,0.0,16.945176812192383,1.0445255472296224e-64,11.764904974741,2.959647806154739e-32,converged,0.218988798,0.218588798,monthly_compounded,0.15605108290057873,0.9188097170619103,1.3462678455709962,1.2227325077649673,60.0
ABCB,2022,1.0,-0.052381726093623134,-0.038181726093623136,3.471070286,8.601081296,1.170387689,1.041076266,54.52979497,48.36522527,63.11737065,52.17831348,52.17831348,53.38414502,59.17687046,66.63859379,58.53741293,58.53741293,10.12876028,0.079991822,1.022723781,12.9,23.69886,4.531524705,13.99982634,86.00017366,25053.286,2004.058,0.16278835,0.0,0.0,13.409921147430644,2.64475176425864e-41,5.1136716309324495,1.57978205302165e-07,converged,0.015657267,0.001457267,monthly_compounded,0.16700967548046639,0.908593786376923,1.1440039963756017,1.2712875179085623,60.0
ABCB,2023,1.0,0.09318068842769876,0.14268068842769877,3.825582127,7.47521268,1.13540901,1.01260711,17.41491575,36.17008205,59.58580095,39.87768543,39.87768543,54.52979497,48.36522527,63.11737065,52.17831348,52.17831348,10.13474605,0.02538917,1.069025446,14.45,23.51765,5.036362748,13.68620669,86.31379331,25203.699,639.901,0.158563379,0.0,0.0,17.757759381447098,7.505416293875597e-71,15.740221866934752,4.0081060112244496e-56,converged,-0.03052404,-0.08002404,monthly_compounded,0.2035810729633326,0.9449494289693326,1.292734400787487,1.159796196975931,60.0
EBC,2022,1.0,-0.1416318198495371,-0.1274318198495371,0.000411213,5.984648123,0.463951816,0.463951816,17.26625006,35.46263466,30.04447519,28.62244354,28.62244354,19.0205481,27.26962398,29.6034267,24.41169639,24.41169639,10.0277764,0.031089699,1.229460536,17.89,22.45779687,0.0,0.0,100.0,22646.858,704.084,0.0,0.0,0.0,19.58179143264031,1.105530436387664e-85,,,no_sigma_E,0.000411213,-0.013788787,monthly_compounded,,,,,
EBC,2023,1.0,-0.19969785123774453,-0.15019785123774454,0.034549818,6.170671611,0.654852764,0.654852764,15.2370401,31.58862997,25.54857275,25.03826895,25.03826895,17.26625006,35.46263466,30.04447519,28.62244354,28.62244354,9.958604233,0.00083934,0.842146357,19.55,22.17133369,0.0,0.0,100.0,21133.278,17.738,0.0,0.0,0.0,,,,,low_leverage_td_ta,0.034549818,-0.014950182,monthly_compounded,,,,,
AUB,2016,0.0,,,1.491839278,5.410668161,1.096554491,0.694260541,21.15270351,32.46773657,45.93714448,32.64136935,32.64136935,18.2821119,29.31857732,41.34191176,29.42510259,29.42510259,9.039171552,0.117492977,1.556990176,13.56,27.00616,1.804238285,44.25377204,55.74622796,8426.793,990.089,0.793843345,0.0,0.0,13.970511133913517,1.1796367496407845e-44,,,no_sigma_E,0.313665117,0.311665117,unavailable,,,,,
AUB,2017,0.0,,,2.032469539,7.265477598,1.251939168,1.017848911,22.15799615,38.02659317,48.27613818,36.24059996,36.24059996,21.15270351,32.46773657,45.93714448,32.64136935,32.64136935,9.139400499,0.130906126,1.512139883,12.43,25.78772,2.523713017,23.65840566,76.34159434,9315.179,1219.414,0.309901907,0.0,0.0,14.761843685776771,1.2906336313427806e-49,,,no_sigma_E,0.209013932,0.201013932,unavailable,,,,,
AUB,2018,0.0,,,2.418130227,9.698229379,1.357275064,1.146883846,21.58687943,36.96643062,56.48567622,38.67019303,38.67019303,22.15799615,38.02659317,48.27613818,36.24059996,36.24059996,9.529927933,0.127584568,0.967761251,12.88,25.7864,3.555411151,19.81952701,80.18047299,13765.599,1756.278,0.247186457,0.0,0.0,30.524700814305003,6.1270845562368185e-205,23.21272772200643,1.6934626033415322e-119,converged,-0.274965182,-0.293065182,unavailable,,,,,
AUB,2019,0.0,,,1.770958296,9.389811279,1.453559934,1.333665483,24.58568943,37.16460784,58.18893883,40.00102714,40.00102714,21.58687943,36.96643062,56.48567622,38.67019303,38.67019303,9.773549126,0.086189652,1.195353192,12.63,25.47476,2.284578519,10.76433607,89.23566393,17562.99,1513.748,0.120628184,0.0,0.0,7.63953045201729,1.0900767026022021e-14,5.568800049871702,1.2824981201623522e-08,converged,0.076618101,0.055218101,unavailable,,,,,
AUB,2020,1.0,,,1.631227443,7.542689553,1.399704118,1.09936138,46.90029505,47.58773776,66.23273531,51.47848382,51.47848382,24.58568943,37.16460784,58.18893883,40.00102714,40.00102714,9.884735272,0.043372658,0.957546788,14.0,25.23674,2.394830744,26.7602705,73.23219828,19628.449,851.338,0.365416731,0.0,0.0,12.887578100584008,2.643922585198933e-38,8.81047139771825,6.2310342196732e-19,converged,-0.217426346,-0.221826346,unavailable,,,,,
AUB,2021,1.0,,,1.940319051,1.954286097,1.295760005,1.158834543,41.22680564,37.46410325,58.60174607,41.59331874,41.59331874,46.90029505,47.58773776,66.23273531,51.47848382,51.47848382,9.906722116,0.025720222,1.041182153,14.18,16.72862,2.048626992,12.42559677,87.5689685,20064.796,516.071,0.141894977,0.0,0.0,18.596914488701422,1.7017086602274527e-77,12.69909709180716,2.9907911607773287e-37,converged,0.267673684,0.267273684,unavailable,,,,,
AUB,2022,1.0,,,4.116544673,8.159988885,1.030136869,0.824885703,18.32180562,37.28247265,78.92529456,47.27417816,47.27417816,41.22680564,37.46410325,58.60174607,41.59331874,41.59331874,9.926282659,0.08391459,1.106567215,13.7,16.72862,4.897355968,23.0051336,76.98899766,20461.138,1716.988,0.298810665,0.0,0.0,12.005304809819712,1.666169438182647e-33,5.238120671085266,8.110999367165425e-08,converged,0.04994061,0.03574061,unavailable,,,,,
AUB,2023,1.0,0.02190505584277723,0.07140505584277723,4.253533245,8.864742726,1.782137427,1.273958912,18.32471056,28.57049582,64.33315585,37.96064396,37.96064396,18.32180562,37.28247265,78.92529456,47.27417816,47.27417816,9.960160707,0.062312091,1.07245196,13.55,16.24051,5.03824835,32.25863537,67.7359361,21166.197,1318.91,0.47624108,0.0,0.0,12.172179056446703,2.1862573057753735e-34,13.1462019997407,8.946960894749306e-40,converged,0.049489421,-1.06e-05,monthly_compounded,,,,,
PFS,2016,0.0,0.45192838905291577,0.45392838905291577,0.30947415,7.735067845,0.995471141,0.995471141,21.15270351,35.32111422,43.97468714,33.35016002,33.35016002,18.2821119,34.20864123,57.58374183,37.69763311,37.69763311,9.159096024,0.169754323,1.475220063,12.56,30.15197,0.0,0.0,100.0,9500.465,1612.745,0.0,0.0,0.0,11.866904122414322,8.792773732152476e-33,,,no_sigma_E,0.30947415,0.30747415,monthly_compounded,0.10367587743587033,0.8752192848159372,0.6729254751380094,0.3567340428226411,36.0
PFS,2017,0.0,-0.020110592787272556,-0.012110592787272556,1.805546141,5.034264992,0.959723132,0.60038454,22.15799615,37.54551108,44.56417296,34.66567576,34.66567576,21.15270351,35.32111422,43.97468714,33.35016002,33.35016002,9.194746822,0.176989894,1.37177735,12.67,30.15197,2.438130003,46.14623486,53.85376514,9845.274,1742.514,0.856880382,0.0,0.0,12.834135739502946,5.278726328029538e-38,,,no_sigma_E,0.190442329,0.182442329,monthly_compounded,0.1296448638913914,0.8612888695477854,0.5319856728154123,0.9198723795786212,48.0
PFS,2018,0.0,-0.09434736871958938,-0.07624736871958937,2.305608498,5.102070964,0.618192245,0.375303287,21.58687943,33.7202484,46.341328,33.40812129,33.40812129,22.15799615,37.54551108,44.56417296,34.66567576,34.66567576,9.18253424,0.148294906,1.169156697,13.27,30.32631,3.517098608,48.15626946,51.84373054,9725.769,1442.282,0.928873539,0.0,0.0,27.043465338424856,2.2794737186105833e-161,20.096902353580976,3.927296331068574e-90,converged,-0.279462689,-0.297562689,monthly_compounded,0.14559531698276118,0.8365669423945052,0.6020082659520143,1.0728774478177265,60.0
PFS,2019,0.0,0.04599182393944354,0.06739182393944354,1.652552571,3.852613717,0.563227703,0.352552194,20.28455285,35.00457484,47.61965404,34.50534457,34.50534457,21.58687943,33.7202484,46.341328,33.40812129,33.40812129,9.191012588,0.11471041,1.146998058,13.47,30.15197,2.342317365,46.10711233,53.89288767,9808.578,1125.146,0.855532415,0.0,0.0,6.712969261318761,9.535164966834668e-12,5.397988654104821,3.369606408333666e-08,converged,0.030597795,0.009197795,monthly_compounded,0.13040334534398074,0.5931211337892067,0.8459877523139268,1.00059370992176,60.0
PFS,2020,1.0,-0.22910805886535282,-0.22470805886535283,1.698430639,4.321163543,1.020547164,0.496163232,18.99807322,31.36260157,29.27413672,26.0945396,26.0945396,20.28455285,35.00457484,47.61965404,34.50534457,34.50534457,9.466511731,0.092966802,0.860537142,11.94,29.63568,2.533708691,60.03210539,39.96789461,12919.741,1201.107,1.502008199,0.0,0.0,9.972492483398009,1.0055862488143325e-23,7.404804840704617,6.567174093515492e-14,converged,-0.211160114,-0.215560114,monthly_compounded,0.09487284864778975,0.45738299510157776,0.7908479369078883,0.8571563430154154,60.0
PFS,2021,1.0,0.40379035551977943,0.40419035551977944,1.081994943,1.490571731,0.968039128,0.914628446,17.81198457,35.63382359,23.94767595,26.35023598,26.35023598,18.99807322,31.36260157,29.27413672,26.0945396,26.0945396,9.531060769,0.046226519,1.098472553,12.25,23.99219,1.169153156,7.134745034,92.86525497,13781.202,637.057,0.076829004,0.0,0.0,18.390654573709092,7.804206877363873e-76,10.672201727207169,6.866651935510714e-27,converged,0.208201908,0.207801908,monthly_compounded,0.1231164213517092,0.5416310977295208,1.1504386482118756,1.280441297325094,60.0
PFS,2022,1.0,-0.09479811772845616,-0.08059811772845615,3.401848053,7.917154916,0.94036683,0.88668762,22.15316423,55.27794205,38.53645208,42.19232798,42.19232798,17.81198457,35.63382359,23.94767595,26.35023598,26.35023598,9.53122286,0.097788607,1.0049515,12.15,23.99219,4.417211165,7.377256556,92.62274344,13783.436,1347.863,0.079648435,0.0,0.0,12.58832374551905,1.2240852607841367e-36,4.801501650181634,7.874010553905976e-07,converged,0.047960773,0.033760773,monthly_compounded,0.138443926025564,0.6337287481788991,0.9905161876424958,1.2111146791932317,60.0
FHB,2017,0.0,-0.1442235436896726,-0.1362235436896726,1.568260388,9.72829745,1.448594969,1.448587711,22.15799615,34.29297785,18.73141158,23.75262518,23.75262518,21.15270351,34.10499091,13.53384528,21.78825979,21.78825979,9.930589991,1.65e-06,1.608339046,13.5,37.71469,2.174144111,0.000804372,99.99919563,20549.461,0.034,8.04e-06,0.0,0.0,,,,,debt_too_low,0.21408971,0.20608971,monthly_compounded,,,,,
FHB,2018,0.0,-0.21953890417708122,-0.2014389041770812,0.715085911,8.079969804,0.979389083,0.912657555,21.58687943,32.98028615,29.54807906,26.99553039,26.99553039,22.15799615,34.29297785,18.73141158,23.75262518,23.75262518,9.937680165,0.028992817,1.202461043,12.99,37.71469,1.579543263,10.50587249,89.49412751,20695.678,600.026,0.117391753,0.0,0.0,20.722092878131456,1.0947903221915656e-95,,,no_sigma_E,-0.300285074,-0.318385074,monthly_compounded,,,,,
FHB,2019,0.0,0.31136901578538356,0.33276901578538354,0.33516375,8.55076976,1.157591362,1.157587685,28.61622312,53.65548017,34.42792854,40.20693296,40.20693296,21.58687943,32.98028615,29.54807906,26.99553039,26.99553039,9.911789694,0.029752909,1.41972361,12.81,37.21274,0.46949676,0.000505783,99.99949422,20166.734,600.019,5.06e-06,0.0,0.0,9.72605605671628,1.16735019429339e-22,6.138994392013741,4.1522749316979484e-10,converged,0.040379803,0.018979803,monthly_compounded,,,,,
FHB,2020,1.0,-0.14233911926045187,-0.13793911926045188,1.121730686,8.826599681,1.326182384,1.326177955,28.89051265,56.30284059,68.810003,54.12232129,54.12232129,28.61622312,53.65548017,34.42792854,40.20693296,40.20693296,10.02848146,0.008825464,1.116332097,13.73,37.21274,2.090813874,0.000531962,99.99946804,22662.831,200.01,5.32e-06,0.0,0.0,,,,,low_leverage_td_ta,-0.191035073,-0.195435073,monthly_compounded,0.13404671213465597,0.8384666756497076,1.1216133196403566,0.8748660891799152,41.0
FHB,2021,,0.20288937481980102,0.20328937481980103,,,,,,,,,,,,,,,,,,,,,,,,,,,,,,,,debt_too_low,,,monthly_compounded,0.1402820038856577,0.8227229725742043,1.171166703870966,1.1229848222653183,53.0
FHB,2022,1.0,-0.0233129941145337,-0.009112994114533701,0.024109458,8.638382219,1.035694623,1.035694623,30.52696623,55.56543839,73.79893489,56.23524746,56.23524746,31.22895817,56.51522712,65.92341427,53.75072212,53.75072212,10.1095754,0.003051606,1.461671982,12.92,25.49293,0.0,0.0,100.0,24577.223,75.0,0.0,0.0,0.0,,,,,low_leverage_td_ta,0.024109458,0.009909458,monthly_compounded,0.15034876282474516,0.849553168011821,1.2708789337148083,0.9356286198769729,60.0
FHB,2023,1.0,-0.12489139980784116,-0.07539139980784115,-0.006949071,7.566902603,1.051580742,1.051580742,27.37701994,51.88390302,72.87143347,53.88911134,53.88911134,30.52696623,55.56543839,73.79893489,56.23524746,56.23524746,10.12368573,0.020058994,1.173486495,13.57,24.35174,0.0,0.0,100.0,24926.474,500.0,0.0,0.0,0.0,20.50522706319442,9.668252448138756e-94,17.33897170584273,1.1948696499268092e-67,converged,-0.006949071,-0.056449071,monthly_compounded,0.1803607698920201,0.8674407377195594,1.115362508084706,0.8495347733390859,60.0
BOH,2016,0.0,0.4457414836092022,0.4477414836092022,1.265469854,6.373341693,0.912418459,0.807923607,24.18016917,39.58828892,56.99232082,40.58898185,40.58898185,19.06124469,43.76052802,49.83047386,39.75638761,39.75638761,9.710652947,0.048563799,3.25550102,14.49,30.49195,1.433160727,15.68834428,84.31165572,16492.367,800.932,0.186075628,0.0,0.0,22.115215588711372,1.1281409337514898e-108,,,no_sigma_E,0.319419393,0.317419393,monthly_compounded,0.11956049339909619,0.9735132833082007,0.8819675377074873,0.43887509908999306,36.0
BOH,2017,0.0,-0.01733067901700335,-0.009330679017003352,1.400656109,6.512574684,0.950520346,0.862269646,29.75275646,42.17156853,60.50674903,43.79317313,43.79317313,24.18016917,39.58828892,56.99232082,40.58898185,40.58898185,9.746193304,0.044824546,2.949832015,14.46,30.49195,1.760081095,12.83464501,87.16535499,17089.052,766.009,0.147244797,0.0,0.0,23.488563861673963,2.6692795766233976e-122,,,no_sigma_E,0.203358389,0.195358389,monthly_compounded,0.11823727761389013,0.8785806350706413,0.6556591280563727,0.5595298906181377,48.0
BOH,2018,0.0,-0.21006065405970187,-0.19196065405970186,1.383466723,6.680355406,0.742426151,0.669658651,55.6867529,47.48032904,69.42681107,51.50705898,51.50705898,29.75275646,42.17156853,60.50674903,43.79317313,43.79317313,9.749402021,0.037338951,2.202943647,14.21,30.09815,2.34270536,13.45375538,86.54624462,17143.974,640.138,0.155451637,0.0,0.0,51.99756958866954,0.0,24.935483611598944,1.5344224048055877e-137,converged,-0.293632225,-0.311732225,monthly_compounded,0.13274671068829302,0.8514120073429243,0.7239702543938262,0.6842655498911774,60.0
BOH,2019,0.0,0.43693283567520147,0.45833283567520144,1.136491646,6.425365236,0.935453868,0.832906546,66.5241828,44.99435913,66.74136672,53.13387964,53.13387964,55.6867529,47.48032904,69.42681107,51.50705898,51.50705898,9.803418347,0.038123907,2.960897286,13.28,30.09815,1.585522167,14.97556253,85.02443747,18095.496,689.871,0.176132451,0.0,0.0,12.321748974621611,3.458875351851421e-35,6.179397220187651,3.2173404524996464e-10,converged,0.033146139,0.011746139,monthly_compounded,0.12732551786677376,0.719959974973643,0.7028048177038867,0.7469981555190903,60.0
BOH,2020,1.0,-0.16693802555242557,-0.16253802555242558,0.599011505,6.727538206,1.261001763,1.039921978,62.36912126,40.69599706,60.28542334,48.04474599,48.04474599,66.5241828,44.99435913,66.74136672,53.13387964,53.13387964,9.933223572,0.032085139,2.236395803,13.31,29.76603,1.075557809,23.23588863,76.76411137,20603.651,661.071,0.302692081,0.0,0.0,16.876213487889046,3.366355059397711e-64,8.996586561327886,1.1642222644067983e-19,converged,-0.203735106,-0.208135106,monthly_compounded,0.11617342285985191,0.8287912748815228,0.7121156756084905,0.6666674631904926,60.0
BOH,2021,1.0,0.1282283063578204,0.1286283063578204,0.977346819,1.413826051,1.225727918,1.104731027,64.31027812,36.77278918,66.17945431,48.83306156,48.83306156,62.36912126,40.69599706,60.28542334,48.04474599,48.04474599,10.03385511,0.020227439,2.355114235,14.81,20.96135,1.015677153,11.61850712,83.84403762,22784.941,460.881,0.138572848,0.0,0.0,26.927827417406935,5.1872154150555786e-160,14.302116535919849,1.061272961936259e-46,converged,0.208207183,0.207807183,monthly_compounded,0.1327782639678844,0.8546312209617156,0.8155256697943792,1.0516193564822436,60.0
BOH,2022,1.0,-0.05568068450268283,-0.04148068450268283,3.655240645,7.824117364,1.003998236,0.901986017,58.16328628,36.05468222,63.60619746,46.77148453,46.77148453,64.31027812,36.77278918,66.17945431,48.83306156,48.83306156,10.06929335,0.048112421,2.717391695,13.17,20.96135,4.58607136,11.90252912,83.18142912,23606.877,1135.784,0.143091183,0.0,0.0,20.45771415763683,2.5643512688938027e-93,6.086742400343743,5.761557221710372e-10,converged,0.036632881,0.022432881,monthly_compounded,0.14768842261410992,0.9419687470606469,0.8599763086782867,0.8855077840902701,60.0
CATY,2016,0.0,0.24139214564148292,0.24339214564148293,2.072880529,7.794082909,1.19372151,1.057775652,21.15270351,12.34368913,55.38538111,26.06120701,26.06120701,18.2821119,13.35311779,39.58129085,20.87241113,20.87241113,9.583335248,0.057627664,1.655736538,14.97,35.90576,2.820957427,16.70262491,83.29737509,14520.769,836.798,0.200518022,0.0,0.0,17.890169218115194,7.034024975189407e-72,,,no_sigma_E,0.317908343,0.315908343,monthly_compounded,0.13042597696039485,1.0597809528237374,1.198886435180511,0.37577944314256323,36.0
CATY,2017,0.0,0.12619653059922875,0.13419653059922876,2.114649142,8.731155081,1.334601081,1.275050711,22.15799615,18.92275381,40.37634409,23.92116976,23.92116976,21.15270351,12.34368913,55.38538111,26.06120701,26.06120701,9.657598907,0.047417403,1.728711741,14.11,35.90576,2.948554291,6.79190549,93.20809451,15640.186,741.617,0.072868194,0.0,0.0,20.546802997885763,4.1100832849461183e-94,,,no_sigma_E,0.241176133,0.233176133,monthly_compounded,0.15216167405929318,1.099756841026131,1.1131077390535813,0.7077075595996152,48.0
CATY,2018,0.0,-0.2028875887877738,-0.1847875887877738,2.742142509,10.51556764,1.3056801,1.253066463,21.58687943,12.83079232,44.18720853,22.27146806,22.27146806,22.15799615,18.92275381,40.37634409,23.92116976,23.92116976,9.728225241,0.043893807,1.272102157,14.15,33.14203,4.512477559,5.909065632,94.09093437,16784.737,736.746,0.062801647,0.0,0.0,65.89908655117236,0.0,34.85248400413666,1.9521466207277718e-266,converged,-0.292066802,-0.310166802,monthly_compounded,0.17218715848111618,1.157715127229326,1.1175617368957211,0.8252735042247363,60.0
CATY,2019,0.0,0.15371181400357944,0.17511181400357945,2.367463467,8.916655849,1.290980799,1.229501964,54.47154472,15.52302205,35.30192083,25.46231604,25.46231604,21.58687943,12.83079232,44.18720853,22.27146806,22.27146806,9.803343629,0.046636138,1.32228866,14.11,27.47571155,3.135910326,6.449958345,93.55004165,18094.144,843.841,0.068946611,0.0,0.0,9.191208019727869,1.9422703559162432e-20,4.865433448001073,5.710311854288262e-07,converged,0.099590353,0.078190353,monthly_compounded,0.1835715265382835,1.2495518190419355,0.9214506421577248,0.9276425641684116,60.0
CATY,2020,1.0,-0.11956444084137101,-0.11516444084137101,1.753629929,9.450281504,1.525753226,1.438936337,54.53495251,22.28932169,28.1576563,26.22091857,26.22091857,54.47154472,15.52302205,35.30192083,25.46231604,25.46231604,9.854461896,0.015378246,1.058403077,15.47,27.13165,2.62387488,7.646733694,92.35326631,19043.134,292.85,0.082798736,0.0,0.0,,,,,low_leverage_td_ta,-0.171455119,-0.175855119,monthly_compounded,0.1618167986580098,1.1424598644754593,1.0294350782591497,0.9749854072417261,60.0
CATY,2021,1.0,0.37740911385747017,0.3778091138574702,3.424840729,1.618977234,1.363455071,1.317246762,61.31882512,48.47428161,35.81576668,43.27530503,43.27530503,54.53495251,22.28932169,28.1576563,26.22091857,26.22091857,9.946868973,0.007769577,1.331232796,14.41,20.26840847,3.976214469,4.214278977,95.78572102,20886.723,162.281,0.043996944,0.0,0.0,,,,,low_leverage_td_ta,0.265740704,0.265340704,monthly_compounded,0.15233217588161407,1.1072235878431758,0.9282052916552965,0.9628584171860196,60.0
CATY,2022,1.0,-0.035134081994356865,-0.020934081994356868,4.543991416,9.079181202,1.166768095,1.12249533,60.19661961,49.12357113,38.3603352,44.43860767,44.43860767,61.31882512,48.47428161,35.81576668,43.27530503,43.27530503,9.996430205,0.028555526,1.199314619,13.73,20.32829508,5.69413675,4.716974564,95.28302544,21947.976,626.736,0.049504878,0.0,0.0,18.240007293271088,1.2421260433851225e-74,6.743758078580733,7.717072367363596e-12,converged,0.007740714,-0.006459286,monthly_compounded,0.16130316134949949,1.0589017709680197,0.9042420514453309,0.955391131186237,60.0
CATY,2023,1.0,0.08505284741432316,0.13455284741432316,4.021805258,7.78676718,1.158988799,1.109265882,59.18040323,54.66516954,24.86452967,42.36373809,42.36373809,60.19661961,49.12357113,38.3603352,44.43860767,44.43860767,10.04678818,0.029240821,1.18354296,14.31,20.1031,4.967989242,5.312323037,94.68767696,23081.534,674.923,0.056103637,0.0,0.0,16.965823373390865,7.351215836976823e-65,11.739319364999393,4.006435318784434e-32,converged,0.055483315,0.005983315,monthly_compounded,0.19139578761725376,0.9978531387909274,0.9432851221013163,0.934294910549547,60.0
HOMB,2016,0.0,0.36868114503016547,0.37068114503016547,1.310619981,7.694368132,1.053786545,1.016045176,21.15270351,23.28879886,55.73805461,31.61694389,31.61694389,18.2821119,13.4215901,50.76184641,24.9313734,24.9313734,9.191001067,0.151635755,2.938563102,12.97,36.18497,1.657622561,5.500607695,94.4993923,9808.465,1487.314,0.058207863,0.0,0.0,15.526441532587556,1.1489088629707468e-54,,,no_sigma_E,0.267523039,0.265523039,monthly_compounded,0.13435443319494622,1.117000541490846,1.1530635529580038,0.3775158077659727,36.0
HOMB,2017,0.0,-0.17076557431970385,-0.16276557431970384,1.711428129,7.670372174,1.165238864,1.083751034,22.15799615,25.44176468,66.69068863,36.62776319,36.62776319,21.15270351,23.28879886,55.73805461,31.61694389,31.61694389,9.578433084,0.125608176,1.831412846,15.05,36.32805,2.364068099,10.56180413,89.43819587,14449.76,1815.008,0.118090532,0.0,0.0,15.566521790164094,6.1455828796538055e-55,,,no_sigma_E,0.230527761,0.222527761,monthly_compounded,0.15140546394803306,1.0283580064969227,0.889667235138686,0.9352320900129532,48.0
HOMB,2018,0.0,-0.3153043010763311,-0.2972043010763311,1.392622789,9.306248029,1.197069754,1.103583892,21.58687943,20.95429095,61.34687986,32.47820506,32.47820506,22.15799615,25.44176468,66.69068863,36.62776319,36.62776319,9.635767441,0.129708874,1.187106939,15.31,36.55707,2.535013529,11.77950028,88.22049972,15302.438,1984.862,0.133523391,0.0,0.0,66.20210834915935,0.0,35.0,1.124910706472406e-268,converged,-0.244460268,-0.262560268,monthly_compounded,0.167242476372584,1.009321466701751,0.9583915744929291,1.0750338038111673,60.0
HOMB,2019,0.0,0.18178237452860788,0.20318237452860788,1.272293126,7.754689599,1.207862317,1.082138721,20.28455285,20.11125041,65.30934946,33.48654601,33.48654601,21.58687943,20.95429095,61.34687986,32.47820506,32.47820506,9.617939668,0.075819547,1.30235302,16.35,36.55707,1.834150253,15.47816716,84.52183284,15032.047,1139.723,0.18312626,0.0,0.0,9.22205057416638,1.457359620463551e-20,5.61745390641752,9.689592416216563e-09,converged,0.128551951,0.107151951,monthly_compounded,0.18301870415199617,1.1697657660311405,0.7360396752957137,1.1584736217952403,60.0
HOMB,2020,1.0,-0.013555646115875161,-0.00915564611587516,0.974232545,8.363950498,1.48497481,1.309621262,22.47551683,34.6601962,50.91009765,36.01984435,36.01984435,20.28455285,20.11125041,65.30934946,33.48654601,33.48654601,9.704963684,0.057275945,1.234211124,17.75,36.55707,1.689575444,17.42703442,82.57296558,16398.804,939.257,0.211050122,0.0,0.0,12.965080008519124,9.651444561184487e-39,7.584960214911358,1.6629455159288553e-14,converged,-0.118299762,-0.122699762,monthly_compounded,0.16209182677933281,1.1137316254172072,0.6866718207365621,1.199307452301285,60.0
HOMB,2021,1.0,0.2496000001248206,0.2500000001248206,1.581875831,1.549243586,1.134362803,1.031660417,23.59114564,33.22962129,64.046429,40.42550193,40.42550193,22.47551683,34.6601962,50.91009765,36.01984435,36.01984435,9.801019405,0.050519168,1.441243537,19.77,24.91617,1.805512051,11.70647643,88.29352357,18052.138,911.979,0.132585902,0.0,0.0,17.161191822476418,2.5919422984749113e-66,11.764026226954364,2.990623600506878e-32,converged,0.256222906,0.255822906,monthly_compounded,0.1528443079078383,1.1058987873891597,0.5700084319946717,1.1462912937266354,60.0
HOMB,2022,1.0,-0.05213248408807348,-0.03793248408807348,3.151660882,8.763152967,1.183690241,1.083098249,22.02378034,32.61447171,48.06988461,34.38398647,34.38398647,23.59114564,33.22962129,64.046429,40.42550193,40.42550193,10.03817525,0.053381751,1.31474131,16.54,24.04859,4.165976457,10.89577245,89.10422755,22883.588,1221.566,0.122281207,0.0,0.0,18.38299594259833,8.988041245427494e-76,7.405605109587959,6.527689271718431e-14,converged,-0.013980232,-0.028180232,monthly_compounded,0.16342206993612837,1.0572026536059052,0.8377326133574173,1.0398734415035191,60.0
HOMB,2023,1.0,0.09846381803509173,0.14796381803509173,3.79360294,7.481983214,1.133224816,1.022503499,19.75553826,26.48716249,41.75905033,29.00667183,29.00667183,22.02378034,32.61447171,48.06988461,34.38398647,34.38398647,10.02820904,0.083119893,1.346495676,17.79,23.45486,4.850555438,12.39327942,87.60672058,22656.658,1883.219,0.141464939,0.0,0.0,14.585596732917056,1.7343779236305028e-48,9.458850454897451,1.5567354796080358e-21,converged,0.092160155,0.042660155,monthly_compounded,0.19124580057513718,1.008786326836761,0.9656362036520124,0.8987975130375291,60.0
CUBI,2017,0.0,-0.28242769397839007,-0.27442769397839006,2.299060956,5.127116583,0.639780113,0.49573721,22.15799615,37.95794495,39.2736216,32.96564447,32.96564447,21.15270351,35.27384441,23.83816837,26.07756744,26.07756744,9.194165765,0.209586409,1.159402088,13.047,34.11847,3.209501889,26.6009528,60.31433194,9839.555,2062.237,0.441038671,0.0,0.0,9.841211753232477,3.7402181435071844e-23,,,no_sigma_E,0.306049989,0.298049989,monthly_compounded,0.11540629392990939,0.5237284240059074,0.6658291208544963,1.1840228518838418,44.0
CUBI,2018,0.0,-0.31783066565440277,-0.29973066565440276,2.81185066,6.749098664,0.757788744,0.627959426,21.58687943,41.33667469,45.50632911,36.88526913,36.88526913,22.15799615,37.95794495,39.2736216,32.96564447,32.96564447,9.193542576,0.169617198,0.763182424,13.005,33.80078,4.594576062,19.46905701,62.33853586,9833.425,1667.918,0.312311746,0.0,0.0,10.765301416540964,2.5098512201759007e-27,,,no_sigma_E,-0.368508583,-0.386608583,monthly_compounded,0.13215030152873336,0.4636788263940596,0.8695633997552094,1.3619458883165565,56.0
CUBI,2019,0.0,0.28684175817992996,0.30824175817992994,1.300506828,5.327152482,1.090643881,0.666573162,20.28455285,36.00686126,55.60967845,37.87888742,37.87888742,21.58687943,41.33667469,45.50632911,36.88526913,36.88526913,9.351902172,0.146930525,0.893221066,12.205,31.91986,1.81327205,41.16535931,44.05162041,11520.717,1692.745,0.934480024,0.0,0.0,,,2.4234310919422053,0.0076873348885945,extreme_DD_a_y2019_small,0.149889328,0.128489328,monthly_compounded,0.15063925240585135,0.6907465592419819,0.9433749671910776,1.2389465977096195,60.0
CUBI,2020,1.0,-0.24085527079898664,-0.23645527079898665,1.54004586,2.868035635,1.555638415,0.127872195,40.93186965,39.5659396,49.99447398,38.25137542,38.25137542,20.28455285,36.00686126,55.60967845,37.87888742,37.87888742,9.822236715,0.315655335,0.640716862,11.855,31.91986,2.283290077,91.03385634,5.55063151,18439.248,5820.447,16.40063048,0.0,0.0,,,2.8358510760976836,0.0022851876044853,extreme_DD_a_y2020_small,-0.259812257,-0.264212257,monthly_compounded,0.15889771364297145,0.9794294867451531,0.8420165962576083,1.3143738648127987,60.0
CUBI,2021,1.0,2.5953095713151835,2.5957095713151834,1.902704766,2.21481657,1.607299376,1.31857019,46.85631707,49.00967119,44.88616859,43.81602172,43.81602172,40.93186965,39.5659396,49.99447398,38.25137542,38.25137542,9.882009951,0.060268573,1.751465305,12.888,24.65361,2.142851332,20.91454115,71.96533581,19575.028,1179.759,0.290619656,0.0,0.0,11.375531525922064,2.7682266140890036e-30,5.454955246705482,2.4492590567148977e-08,converged,0.400392274,0.399992274,monthly_compounded,0.175622505074348,1.0057231830322473,0.9304028610455657,1.7083354108648252,60.0
CUBI,2022,1.0,-0.580667798690383,-0.566467798690383,4.430798936,8.82930449,1.608527833,1.05216888,52.11168017,52.1544648,35.60442228,43.80490635,43.80490635,46.85631707,49.00967119,44.88616859,43.81602172,43.81602172,9.947318392,0.05290611,0.725177445,12.2,24.48714,5.842027466,37.97059624,54.22489339,20896.112,1105.532,0.700242893,0.0,0.0,9.364937803159751,3.804754818328005e-21,,,extreme_DD_m_y2022_small,0.035623703,0.021423703,monthly_compounded,0.20518530388423734,1.1204544951517799,1.1288711303941885,1.760363668041624,60.0
WSFS,2016,0.0,0.44119667880213864,0.44319667880213864,1.615237207,7.422722721,1.240057076,1.036022514,21.15270351,33.36156572,56.66808874,36.94784854,36.94784854,18.2821119,30.23154141,48.52736928,32.46469748,32.46469748,8.819557451,0.187346107,2.116766661,11.93,35.16586,2.104635425,23.29877518,76.70122482,6765.27,1267.447,0.303760145,0.0,0.0,12.900317992904178,2.241218349262375e-38,,,no_sigma_E,0.326872133,0.324872133,monthly_compounded,0.10781680833937134,0.9743774307765164,0.8014708750714254,0.19905810415524447,36.0
WSFS,2017,0.0,0.03112746746686313,0.03912746746686313,1.558453639,7.494346862,1.218721626,1.079167116,22.15799615,33.06238382,54.30221917,35.94774127,35.94774127,21.15270351,33.36156572,56.66808874,36.94784854,36.94784854,8.853599712,0.13398109,2.075488308,11.41,35.16586,2.115692351,16.62900946,83.37099054,6999.54,937.806,0.199457981,0.0,0.0,16.117101227516894,9.673708486316584e-59,,,no_sigma_E,0.224014009,0.216014009,monthly_compounded,0.14720509598855974,1.0954836585541023,0.923382189630562,0.6889800879178015,48.0
WSFS,2018,0.0,-0.21887126501767185,-0.20077126501767184,1.491625132,8.732159472,1.093369611,1.004188053,21.58687943,26.0021204,62.01088163,35.2209691,35.2209691,22.15799615,33.06238382,54.30221917,35.94774127,35.94774127,8.888600874,0.096537529,1.448852251,12.71,35.61226,2.737473097,12.12108533,87.87891467,7248.87,699.788,0.137929393,0.0,0.0,40.03940159814303,0.0,25.7074245171282,4.827651313263227e-146,converged,-0.308346921,-0.326446921,monthly_compounded,0.1567993128244137,1.0590447755948387,0.9869962051638212,0.7185666478020902,60.0
WSFS,2019,0.0,0.1518815764981579,0.1732815764981579,1.510777189,7.805578983,1.106920758,1.04979933,22.06022092,28.06476893,45.70625066,30.63007183,30.63007183,21.58687943,26.0021204,62.01088163,35.2209691,35.2209691,9.413795533,0.03992134,1.225974144,13.78,32.76434107,2.185000239,7.486809053,92.51319095,12256.302,489.288,0.080926936,0.0,0.0,9.135141042927676,3.2660785933214654e-20,5.62604208259296,9.219569011358352e-09,converged,0.045050743,0.023650743,monthly_compounded,0.16308992282603674,1.0272913065361682,0.9020605718892434,0.8911567908942543,60.0
WSFS,2020,1.0,0.031780576700604926,0.03618057670060493,1.345818072,8.263210932,1.370413006,1.254625332,20.85479836,37.85710092,29.38387194,29.62268438,29.62268438,22.06022092,28.06476893,45.70625066,30.63007183,30.63007183,9.570383617,0.023764688,1.196218775,13.76,32.7650184,2.23892287,12.06957943,87.93042057,14333.914,340.641,0.137262842,0.0,0.0,14.650156100062286,6.720328075406827e-49,9.60076391582051,3.9677040636451023e-22,converged,-0.181417655,-0.185817655,monthly_compounded,0.14379514175157548,0.9896206723144434,0.7759802166847951,0.9704966851718781,60.0
WSFS,2021,1.0,0.12817501419611615,0.12857501419611617,3.100939822,1.717579575,1.146013083,1.067175795,19.0205481,32.60584191,39.95283473,30.78424737,30.78424737,20.85479836,37.85710092,29.38387194,29.62268438,29.62268438,9.666329188,0.015178553,1.230545758,15.59,23.60865439,3.809636406,8.817825356,91.18217464,15777.327,239.477,0.096705583,0.0,0.0,,,,,low_leverage_td_ta,0.20914977,0.20874977,monthly_compounded,0.14655817297328982,0.8934611744607831,1.1042758104813137,1.1633275684216842,60.0
WSFS,2022,1.0,-0.09854221371956874,-0.08434221371956874,3.475017346,8.10027512,1.01966961,0.927541391,17.26625006,31.91278572,25.72532588,25.28748937,25.28748937,19.0205481,32.60584191,39.95283473,30.78424737,30.78424737,9.899216193,0.036500273,1.266821288,13.84,23.63834608,4.535118626,11.5100686,88.4899314,19914.755,726.894,0.130072071,0.0,0.0,19.2955614507443,2.926289306088602e-83,7.119012405659893,5.435156350259429e-13,converged,0.013476964,-0.000723036,monthly_compounded,0.15066129954605917,0.8338236549023813,0.9463060820948832,1.1267710220728544,60.0
WSFS,2023,1.0,-0.020828609777526666,0.028671390222473336,3.793549705,6.832638185,1.058344767,0.805791647,15.2370401,32.03978015,35.2556764,28.75659676,28.75659676,17.26625006,31.91278572,25.72532588,25.28748937,25.28748937,9.932787681,0.043461532,1.122240143,15.23,23.89875,4.991989796,29.17090392,70.82909608,20594.672,895.076,0.411849163,0.0,0.0,16.924713583844305,1.4789116879529967e-64,13.639612550367074,1.1639705343686129e-42,converged,-0.007647888,-0.057147888,monthly_compounded,0.18000916683434615,0.8524740769882375,1.0418927375313518,0.9052398414887605,60.0
INDB,2016,0.0,0.5459890139218935,0.5479890139218935,1.988769547,6.802084301,0.963951517,0.855490676,21.15270351,35.8926492,48.45420933,35.24626936,35.24626936,18.2821119,33.59239047,27.31821895,26.49638449,26.49638449,8.9501924,0.043515071,2.200279321,13.6,27.39997,2.421089046,14.86686838,85.13313162,7709.375,335.474,0.174630818,0.0,0.0,20.733034155695,8.721894675197109e-96,,,no_sigma_E,0.271408051,0.269408051,monthly_compounded,0.12661572113217726,0.8154375233801039,1.4075329266000889,0.6670253588251425,36.0
INDB,2017,0.0,0.0025014923353159427,0.010501492335315943,1.856607437,6.703036499,0.969635239,0.881263111,22.15799615,42.6177896,52.42393045,40.0110386,40.0110386,21.15270351,35.8926492,48.45420933,35.24626936,35.24626936,8.997398234,0.040051576,2.031550633,13.82,28.53816,2.38537695,12.30571412,87.69428588,8082.029,323.698,0.140325153,0.0,0.0,21.962727319344555,3.272523708122605e-107,,,no_sigma_E,0.173298838,0.165298838,monthly_compounded,0.13373017990829522,0.7814830352752256,1.2044024748473598,0.8555273777157609,48.0
INDB,2018,0.0,0.009153922344071534,0.027253922344071535,1.953524338,8.589918526,1.035396058,0.961250315,21.58687943,39.31178924,59.37930269,40.87519643,40.87519643,22.15799615,42.6177896,52.42393045,40.0110386,40.0110386,9.088352609,0.029227172,1.839172686,14.45,29.52765,3.063023781,9.865559941,90.13444006,8851.592,258.707,0.109453833,0.0,0.0,62.00433044041539,0.0,35.0,1.124910706472406e-268,converged,-0.227505159,-0.245605159,monthly_compounded,0.14587694411162058,0.7633701450375365,1.2116589742840185,0.935738288363287,60.0
INDB,2019,0.0,0.18987780441435995,0.21127780441435995,1.73099782,8.284312382,1.200530024,1.131502312,22.06022092,36.65480469,57.20365064,39.02979356,39.02979356,21.58687943,39.31178924,59.37930269,40.87519643,40.87519643,9.340944422,0.026599264,1.675455481,14.83,29.52765,2.363253612,7.96696688,92.03303312,11395.165,303.103,0.086566384,0.0,0.0,14.775825157950084,1.0488612351606232e-49,10.113049475755725,2.4177630983021953e-24,converged,0.071232536,0.049832536,monthly_compounded,0.16235244017571565,0.9136785635898961,1.1137935080539285,0.9968282274430083,60.0
INDB,2020,1.0,-0.10024794382758344,-0.09584794382758344,1.461491981,6.625776219,1.019144865,0.960340116,20.85479836,27.73776473,61.91784959,36.31572558,36.31572558,22.06022092,36.65480469,57.20365064,39.02979356,39.02979356,9.488297889,0.013712199,1.414127771,15.13,29.52765,2.346727141,7.994348562,92.00565144,13204.301,181.06,0.086889756,0.0,0.0,,,,,low_leverage_td_ta,-0.209010838,-0.213410838,monthly_compounded,0.15257262349021838,1.031831980825136,1.0527303136508857,0.9636385342142184,60.0
INDB,2021,1.0,0.143025991665844,0.14342599166584402,1.866826096,1.546942158,0.968809695,0.931968774,20.07635504,39.65177093,72.59239633,46.18130654,46.18130654,20.85479836,27.73776473,61.91784959,36.31572558,36.31572558,9.924436826,0.007460754,1.278944054,16.04,24.26917,2.153784805,4.960880974,95.03911903,20423.405,152.374,0.052198306,0.0,0.0,,,,,low_leverage_td_ta,0.24805258,0.24765258,monthly_compounded,0.10517414263352151,0.6115957604439245,0.9816006172738027,0.8010457751007697,60.0
INDB,2022,1.0,0.04801626101706135,0.06221626101706135,3.503926022,7.775114856,0.872936219,0.851453206,28.70658708,49.25513725,77.5791956,54.2234327,54.2234327,20.07635504,39.65177093,72.59239633,46.18130654,46.18130654,9.867558464,0.00587623,1.334911279,16.11,23.86741,4.52151452,3.207777713,96.79222229,19294.174,113.377,0.033140862,0.0,0.0,,,,,low_leverage_td_ta,0.063620722,0.049420722,monthly_compounded,0.11728439869104103,0.7047009593490499,0.9209354191043555,0.6073424935078541,60.0
INDB,2023,1.0,-0.23859059123333948,-0.1890905912333395,3.874339885,6.970715323,0.911138568,0.876396633,26.69165003,51.42283745,67.71592879,51.70574787,51.70574787,28.70658708,49.25513725,77.5791956,54.2234327,54.2234327,9.870311927,0.062973872,0.974521531,15.91,23.86741,5.013331052,4.949237529,95.05076247,19347.373,1218.379,0.052069414,0.0,0.0,12.519248193259765,2.9293724176531675e-36,13.299481616463575,1.1653932577611816e-40,converged,0.060558283,0.011058283,monthly_compounded,0.15395868919941694,0.7167934998944093,0.7640858742852317,0.6898489153975971,60.0
MBIN,2019,0.0,-0.01826476001033331,0.003135239989666694,1.49150222,4.877907938,0.67531713,0.66209755,20.28455285,23.12881357,34.56118009,23.91391636,23.91391636,21.58687943,25.99890317,37.45169887,26.37806756,26.37806756,8.759657372,0.028474741,0.855176099,11.6,20.99961,1.778313789,1.715527059,67.87832839,6371.928,181.439,0.025273561,0.0,0.0,18.251548542239295,1.005632400361979e-74,,,no_sigma_E,0.127621575,0.106221575,monthly_compounded,,,,,
MBIN,2022,1.0,-0.2348497721868008,-0.22064977218680082,3.113298111,7.430343266,1.09683609,1.080332034,15.8938172,23.48768095,31.22439479,22.89067187,22.89067187,20.28455285,23.12881357,34.56118009,23.91391636,23.91391636,9.442659855,0.073751507,1.092050198,11.7,25.52258,4.318945586,1.347016588,65.66956547,12615.227,930.392,0.020512037,0.0,0.0,15.13919047860437,4.465310951247189e-52,,,no_sigma_E,-0.157365336,-0.171565336,monthly_compounded,0.12983604582897101,0.7355275569277623,1.0226711577530703,0.7940007018673332,51.0
MBIN,2023,1.0,0.720395838497114,0.769895838497114,3.26489158,6.813108169,1.165706924,0.851666521,14.03688525,21.59639702,30.43789353,21.66945459,21.66945459,15.8938172,23.48768095,31.22439479,22.89067187,22.89067187,9.738171538,0.056872207,1.532518231,11.5,25.17405,4.339541238,25.80549653,52.36589247,16952.516,964.127,0.49279207,0.0,0.0,15.666134459872906,1.288942296817945e-55,8.251102867161796,7.846969304026934e-17,converged,0.033969866,-0.015530134,monthly_compounded,0.17082829339467237,0.9161445441668729,1.0831778550877413,0.5451203592739255,60.0
WSBC,2016,0.0,0.4741875383855072,0.4761875383855072,1.91091277,6.267400333,0.877052675,0.759115484,21.15270351,36.52434575,49.92463026,36.08894239,36.08894239,18.2821119,28.8449772,41.64419935,29.29902045,29.29902045,9.189206313,0.136036843,1.410234357,14.18,24.51705,2.201914849,17.06909421,82.93090579,9790.877,1331.92,0.205823077,0.0,0.0,12.792081074858777,9.077321539616076e-38,,,no_sigma_E,0.300060012,0.298060012,monthly_compounded,0.13728759146781655,0.9571227012387126,1.0534570679574817,0.8069090762285973,36.0
WSBC,2017,0.0,-0.03814083844385718,-0.030140838443857176,1.809000624,6.703588813,1.011361395,0.889975754,22.15799615,42.86289057,52.28208648,40.08154486,40.08154486,21.15270351,36.52434575,49.92463026,36.08894239,36.08894239,9.19178712,0.132162946,1.283115404,15.16,25.31646,2.234899716,15.44246302,84.55753698,9816.178,1297.335,0.182626689,0.0,0.0,13.934791704179288,1.946672883200639e-44,,,no_sigma_E,0.165447582,0.157447582,monthly_compounded,0.14927186515789195,0.869638700860483,0.9588367225891337,1.1637167577881802,48.0
WSBC,2018,0.0,-0.09170497935281685,-0.07360497935281685,1.822276078,8.34229357,1.107590051,0.944887022,21.58687943,41.92542727,44.6913169,36.88388601,36.88388601,22.15799615,42.86289057,52.28208648,40.08154486,40.08154486,9.430168995,0.123170666,1.012319691,15.99,26.02654,2.731637108,18.88231968,81.11768032,12458.632,1534.538,0.232776869,0.0,0.0,24.477370001074288,1.2866751567075682e-132,18.027402112230032,5.937054484316961e-73,converged,-0.244595758,-0.262695758,monthly_compounded,0.15764194574471074,0.8324115666094247,1.0160848408333523,1.1690734224755632,60.0
WSBC,2019,0.0,0.04393174845249201,0.06533174845249201,1.451809035,7.148908301,1.128695448,0.96107386,20.28455285,41.89169879,37.66422583,34.3374039,34.3374039,21.58687943,41.92542727,44.6913169,36.88388601,36.88388601,9.662696191,0.121083488,0.988112257,15.12,26.02654,1.90530136,19.07910255,80.92089745,15720.112,1903.446,0.235774727,0.0,0.0,6.904934008068724,2.511338550775775e-12,5.541298205068823,1.5011871272602957e-08,converged,0.052386585,0.030986585,monthly_compounded,0.1809761449824491,1.01726702521982,1.0310267916214408,1.2704861877718419,60.0
WSBC,2020,1.0,-0.1666608679442553,-0.16226086794425532,1.024194063,5.294533035,1.068859592,0.824881845,18.99807322,33.07144025,50.01610792,34.40923322,34.40923322,20.28455285,41.89169879,37.66422583,34.3374039,34.3374039,9.706596981,0.060177004,0.771346034,17.58,26.02654,1.627467103,26.64685203,66.64435518,16425.61,988.444,0.399836595,0.0,0.0,12.781105314498433,1.0453845850905796e-37,8.648521834794202,2.608538564970241e-18,converged,-0.269639736,-0.274039736,monthly_compounded,0.15674305638000266,0.9699288111718815,1.0399621112602595,1.1890751142761353,60.0
WSBC,2021,1.0,0.21271217598539555,0.21311217598539556,1.624365249,1.843574671,1.049809532,0.936737583,17.43215031,27.78601977,46.32495909,30.45885108,30.45885108,18.99807322,33.07144025,50.01610792,34.40923322,34.40923322,9.736672644,0.034934048,0.85539526,15.91,17.99867,1.70912395,12.12929872,82.3985661,16927.125,591.333,0.147202789,0.0,0.0,16.612479220699754,2.8302324872109104e-62,8.535455358624688,6.98022511318028e-18,converged,0.270466937,0.270066937,monthly_compounded,0.1217364062917953,0.5829610238915344,1.02957397738041,1.223913662472493,60.0
WSBC,2022,1.0,0.084777728780679,0.09897772878067901,3.769891831,7.502790619,0.93258821,0.797397416,23.31785617,27.26166683,43.91620112,30.40068076,30.40068076,17.43215031,27.78601977,46.32495909,30.45885108,30.45885108,9.736954991,0.066476454,0.959249301,15.11,17.99867,4.500034714,16.15557012,78.13954675,16931.905,1125.573,0.2067528,0.0,0.0,11.13995540716014,4.0079737455395627e-29,4.172029640934611,1.509491758590991e-05,converged,0.102129483,0.087929483,monthly_compounded,0.136218142002315,0.7142138048539333,0.7257990655297193,1.1257151159711913,60.0
WSBC,2023,1.0,-0.15792209688846115,-0.10842209688846116,4.292179621,6.698286992,0.910938947,0.74670544,20.53144691,28.31502412,36.56267888,28.14203324,28.14203324,23.31785617,27.26166683,43.91620112,30.40068076,30.40068076,9.78201877,0.099589756,0.779810735,14.91,17.99867,5.190499356,19.60814562,73.10464412,17712.374,1763.971,0.268220246,0.0,0.0,8.390311805484535,2.424272496155778e-17,11.891804020298348,6.527788080077422e-33,converged,0.049109213,-0.000390787,monthly_compounded,0.17167144193041847,0.7444523335345637,0.8108023468321307,1.029966810191462,60.0
FFBC,2016,0.0,0.6217405913206113,0.6237405913206113,1.649682721,7.904999675,1.18820475,1.081423256,21.15270351,32.38608872,76.15898749,43.4807355,43.4807355,18.2821119,30.30571974,74.47712418,41.8434017,41.8434017,9.040496682,0.109919961,2.037990456,13.1,32.33483,2.032926577,12.73439238,87.26560762,8437.967,927.501,0.145926817,0.0,0.0,15.54396879612142,8.740689424145768e-55,,,no_sigma_E,0.314097963,0.312097963,monthly_compounded,0.11130526654502788,0.8733483478362772,0.9172657523556199,0.4246020116922586,36.0
FFBC,2017,0.0,-0.05746260959751558,-0.04946260959751558,1.667992002,7.645194586,1.146171008,1.072383526,22.15799615,27.4881066,77.83230382,41.65373025,41.65373025,21.15270351,32.38608872,76.15898749,43.4807355,43.4807355,9.093460766,0.10500473,1.757369408,13.07,32.28385,2.178444789,9.223846594,90.77615341,8896.923,934.219,0.101610899,0.0,0.0,16.547744451851,8.310709891105372e-62,,,no_sigma_E,0.212427002,0.204427002,monthly_compounded,0.14938284248277306,0.9882266140077335,1.146402916261949,0.8453968479010517,48.0
FFBC,2018,0.0,-0.09371601021573106,-0.07561601021573106,2.042433526,8.83604598,1.188396949,1.021715413,21.58687943,41.28519906,62.53497668,42.99005034,42.99005034,22.15799615,27.4881066,77.83230382,41.65373025,41.65373025,9.545859297,0.115211923,1.11731196,14.1,31.59911,3.302201414,19.2574313,80.7425687,13986.66,1611.43,0.238504071,0.0,0.0,34.548133666819574,7.601885419632936e-262,20.98398642457975,4.5930283006927087e-98,converged,-0.267890451,-0.285990451,monthly_compounded,0.1637061506440553,0.9727113992556728,1.2379857919220618,0.931939476243736,60.0
FFBC,2019,0.0,0.09152607036017799,0.11292607036017799,1.531459175,7.707831372,1.242831034,1.068573249,20.28455285,37.09129802,57.19728324,38.98830578,38.98830578,21.58687943,41.28519906,62.53497668,42.99005034,42.99005034,9.582705331,0.11925315,1.114741921,13.39,31.59911,2.123112727,19.25135787,80.74864213,14511.625,1730.557,0.238410918,0.0,0.0,6.572061677948351,2.4811648868702935e-11,4.348306524890361,6.8596385242188275e-06,converged,0.09812075,0.07672075,monthly_compounded,0.1814722763497853,1.1115721687861484,1.2423884432279544,0.9976229162554429,60.0
FFBC,2020,1.0,-0.2733652370849669,-0.2689652370849669,1.782269106,5.028971247,1.21787421,0.62771817,18.99807322,38.46674139,73.42696064,45.51320956,45.51320956,20.28455285,37.09129802,57.19728324,38.98830578,38.98830578,9.678663465,0.059023858,0.752967444,15.55,23.73906,2.471859065,55.21360526,44.78639474,15973.134,942.796,1.23282094,0.0,0.0,10.964165537013937,2.8411149112529208e-28,6.0943708796072045,5.493433549258007e-10,converged,-0.229520267,-0.233920267,monthly_compounded,0.1625106451437876,1.0703304451852294,1.252359935915149,1.0276836487527317,60.0
FFBC,2021,1.0,0.4454926657069584,0.4458926657069584,1.886646952,1.593030929,1.103853524,0.964040401,17.43215031,52.93922874,82.01735979,55.78410698,55.78410698,18.99807322,38.46674139,73.42696064,45.51320956,45.51320956,9.700706582,0.043237731,1.01612103,14.1,19.43620673,2.025018232,15.25543661,84.74456339,16329.141,706.035,0.1800167,0.0,0.0,14.76897253879218,1.1611308301103912e-49,8.08021211228465,3.232710816618335e-16,converged,0.301158492,0.300758492,monthly_compounded,0.13762558671923855,0.6930857008688023,1.3209827873179976,1.2441486730706854,60.0
FFBC,2022,1.0,0.019672516045947212,0.03387251604594721,3.964996131,7.923367042,1.064294457,0.87118162,21.57114738,54.25952279,85.68813415,58.57798714,58.57798714,17.43215031,52.93922874,82.01735979,55.78410698,55.78410698,9.741163663,0.096088786,1.126306329,13.64,18.44134,4.804183197,21.37062335,78.62937665,17003.316,1633.828,0.271789301,0.0,0.0,10.674014468472093,6.733951209260905e-27,3.90854398669417,4.642702145260858e-05,converged,0.059479922,0.045279922,monthly_compounded,0.1497577915182372,0.7503013068028188,1.0028358670249706,1.2426730960674006,60.0
FFBC,2023,1.0,-0.02555410204743981,0.02394589795256019,4.501627535,7.105354105,1.078275353,0.859995432,14.10463592,57.86784009,80.70200015,57.76492484,57.76492484,21.57114738,54.25952279,85.68813415,58.57798714,58.57798714,9.771834395,0.073115628,0.996309722,13.61,15.50938,5.256203588,23.10096146,76.89903854,17532.9,1281.929,0.300406376,0.0,0.0,10.360861144905712,1.867916520462181e-25,9.388641802330415,3.0389457764976228e-21,converged,0.078841733,0.029341733,monthly_compounded,0.18942692576630468,0.8785352871242121,1.0052834052393622,1.0927687225231313,60.0
FRME,2016,0.0,0.5085479103766679,0.5105479103766679,1.6994992,6.824106329,1.096406459,0.898302705,21.15270351,14.01102426,60.28583618,28.65236906,28.65236906,18.2821119,19.31591451,42.85334967,25.00789948,25.00789948,8.883447645,0.096261016,1.708606064,14.21,26.01617,1.966582327,22.96113388,77.03004352,7211.611,694.197,0.29808024,0.0,0.0,15.412355501271977,6.759639461057995e-54,,,no_sigma_E,0.317468695,0.315468695,monthly_compounded,0.09471286047638511,0.6024275881617477,0.9950531673520432,0.5291629875558604,36.0
FRME,2017,0.0,0.12816536767212128,0.13616536767212128,1.760400864,6.263330923,0.911334077,0.803682807,22.15799615,18.07911711,63.43056509,31.80224552,31.80224552,21.15270351,14.01102426,60.28583618,28.65236906,28.65236906,9.144999182,0.089072747,1.586384722,13.69,26.01617,2.116928839,15.32878465,84.66619666,9367.478,834.387,0.181049643,0.0,0.0,16.931525472166193,1.317313415778572e-64,,,no_sigma_E,0.22939005,0.22139005,monthly_compounded,0.13255431526431025,0.7214215698339969,0.9737281663654661,1.0543645137443773,48.0
FRME,2018,0.0,-0.187378358574678,-0.169278358574678,1.810516113,8.094605821,0.992587589,0.889287938,21.58687943,13.29085581,30.58072396,17.60132511,17.60132511,22.15799615,18.07911711,63.43056509,31.80224552,31.80224552,9.198745005,0.067878632,1.20103374,14.61,25.40861,2.758973447,13.4738253,86.52132426,9884.716,670.961,0.155728376,0.0,0.0,49.452154123525986,0.0,29.74805843448855,9.186854339205937e-195,converged,-0.285987915,-0.304087915,monthly_compounded,0.13998938103576422,0.761686037434491,0.9193575788097763,0.9383872522182555,60.0
FRME,2019,0.0,0.22466746660869993,0.24606746660869994,1.565253807,7.346524679,1.093677887,0.979404991,20.28455285,14.24998759,41.24482649,21.91613138,21.91613138,21.58687943,13.29085581,30.58072396,17.60132511,17.60132511,9.430058383,0.058817377,1.289122598,14.29,25.40861,1.991803942,13.52553331,86.469347,12457.254,732.703,0.156419977,0.0,0.0,8.637154059112527,2.8815322604278754e-18,5.112142371495966,1.5926280745652278e-07,converged,0.091985847,0.070585847,monthly_compounded,0.15609949571099935,0.9000638721999266,1.0239400280096238,0.9188815922156215,60.0
FRME,2020,1.0,-0.07352479480558287,-0.06912479480558287,0.879229947,7.099320832,1.334666338,1.081331649,18.99807322,11.68891147,49.80871841,23.72883872,23.72883872,20.28455285,14.24998759,41.24482649,21.91613138,21.91613138,9.551601836,0.048688546,1.075560618,14.36,24.25558,1.353694387,23.62171862,76.37063289,14067.21,684.912,0.309303691,0.0,0.0,12.112104133319232,4.556305102608594e-34,6.944826544771301,1.8946280563318346e-12,converged,-0.19132749,-0.19572749,monthly_compounded,0.13963916205567886,0.94932853143991,0.9827956933520384,0.8543527426921015,60.0
FRME,2021,1.0,0.14928834994077084,0.14968834994077085,1.578953164,1.523586372,1.217614355,1.092861416,19.0205481,15.08951085,43.09196318,23.22623341,23.22623341,18.99807322,11.68891147,49.80871841,23.72883872,23.72883872,9.64556808,0.041043415,1.169895577,13.92,15.41369,1.585870101,11.8901137,88.10496729,15453.149,634.25,0.134953954,0.0,0.0,16.218865162745782,1.8549304879648333e-59,9.598467605631066,4.0570884244850034e-22,converged,0.269592252,0.269192252,monthly_compounded,0.13628924873673023,0.855521064239046,1.1926275250146854,0.9547009493195705,60.0
FRME,2022,1.0,-0.0032054431556409833,0.010994556844359016,4.225742035,8.155755427,1.102156124,0.920840927,17.26625006,15.75208013,34.68449677,20.49708092,20.49708092,19.0205481,15.08951085,43.09196318,23.22623341,23.22623341,9.798249196,0.072988028,1.210414112,13.08,15.13275,4.955320093,18.66553592,80.45091734,18002.199,1313.945,0.232011474,0.0,0.0,13.518360739601858,6.093050461593333e-42,4.863993682115869,5.752029348280505e-07,converged,0.025230469,0.011030469,monthly_compounded,0.14472209632331995,0.8977258752566355,0.9997345100624865,0.8366757671908043,60.0
FRME,2023,1.0,-0.10795906374612498,-0.05845906374612497,4.511233736,7.378158382,1.111835094,0.958589464,16.18572488,24.81612737,36.5550897,25.77806438,25.77806438,17.26625006,15.75208013,34.68449677,20.49708092,20.49708092,9.820425838,0.055893856,0.991387717,13.67,14.64305,5.231661046,15.57626457,83.16618038,18405.887,1028.776,0.187290849,0.0,0.0,12.85974091072838,3.7915205651533356e-38,9.793815408176556,5.984606542162874e-23,converged,0.054887014,0.005387014,monthly_compounded,0.18361357017915964,0.8913605301324098,1.0964323913306029,0.8880135861178519,60.0
TRMK,2016,0.0,0.5993165535370311,0.6013165535370311,1.744005118,5.806078961,1.024189042,0.719243437,21.15270351,32.59548986,54.33304892,35.72726058,35.72726058,18.2821119,24.38857123,41.17851307,26.92099604,26.92099604,9.499446405,0.121514345,1.585941024,13.59,23.98553,2.073334854,35.8054088,64.1945912,13352.333,1622.5,0.557763639,0.0,0.0,13.881769278451968,4.085100512122937e-44,,,no_sigma_E,0.26165852,0.25965852,monthly_compounded,0.1562667973640486,1.0598882549024613,1.1023063272470541,1.028514705484556,36.0
TRMK,2017,0.0,-0.08824610266165944,-0.08024610266165944,1.80309207,5.403405009,1.128793637,0.681794738,22.15799615,37.61979305,49.25417525,36.39092044,36.39092044,21.15270351,32.59548986,54.33304892,35.72726058,35.72726058,9.532275527,0.108978339,1.373283185,13.1,23.76998,2.253040866,46.23818036,53.76181964,13797.953,1503.678,0.86005609,0.0,0.0,14.96869406765761,5.880400582912386e-51,,,no_sigma_E,0.159218136,0.151218136,monthly_compounded,0.16416638869469496,0.9706157525004796,1.0849852545280623,1.256385459658527,48.0
TRMK,2018,0.0,-0.1002900556886207,-0.0821900556886207,2.12989597,7.567832292,1.012511771,0.810825053,21.58687943,37.85885211,59.15944926,40.07539238,40.07539238,22.15799615,37.61979305,49.25417525,36.39092044,36.39092044,9.494500751,0.014466758,1.176077364,13.07,23.38299,2.999058918,24.50876678,75.49123322,13286.46,192.212,0.324657126,0.0,0.0,,,,,low_leverage_td_ta,-0.222401058,-0.240501058,monthly_compounded,0.1761310417046345,0.9585113250642071,1.1669743986139733,1.2853165113676008,60.0
TRMK,2019,0.0,0.22587896935976434,0.24727896935976434,1.482371337,6.958591198,1.088647477,0.920687983,20.28455285,42.40150194,43.21553645,36.58873808,36.58873808,21.58687943,37.85885211,59.15944926,40.07539238,40.07539238,9.510287693,0.029876698,1.334101983,13.25,22.26596,1.857546773,19.00752304,80.99247696,13497.877,403.272,0.234682575,0.0,0.0,14.042103355478153,4.3059095171459655e-45,7.988430666307797,6.83336465084577e-16,converged,0.047442907,0.026042907,monthly_compounded,0.17972582952284777,0.9716410163729353,1.119399708432221,1.2889189634257097,60.0
TRMK,2020,1.0,-0.18346491712338112,-0.17906491712338113,0.791757034,5.724686663,1.025949932,0.833970817,18.99807322,36.73263734,32.28027786,29.84028815,29.84028815,20.28455285,42.40150194,43.21553645,36.58873808,36.58873808,9.714252553,0.031268306,0.994834813,14.12,20.56821,1.192588318,22.46901699,77.53098301,16551.84,517.548,0.289806941,0.0,0.0,18.06450720876672,3.033061589933702e-73,9.803526735650893,5.436095430348653e-23,converged,-0.200612978,-0.205012978,monthly_compounded,0.1515546861205022,0.9314910400905495,1.1234040370955878,1.1031652832686918,60.0
TRMK,2021,1.0,0.22334775993073158,0.2237477599307316,1.573627945,1.540239586,0.941157747,0.798603188,18.48795725,37.7513373,30.11935701,29.71966802,29.71966802,18.99807322,36.73263734,32.28027786,29.84028815,29.84028815,9.775406196,0.029240205,1.149200872,13.55,15.67957,1.658207434,17.47120175,82.52879825,17595.636,514.5,0.211698245,0.0,0.0,23.302127734941404,2.1092157767873875e-120,11.306167998856852,6.1157836008198296e-30,converged,0.212556477,0.212156477,monthly_compounded,0.1107875490826776,0.6346643695990112,0.9345389364976615,0.9099405273766265,60.0
TRMK,2022,1.0,0.0925760130685953,0.1067760130685953,4.183948776,6.834917017,0.858289017,0.60017991,18.32180562,37.06334308,22.7150838,26.91047867,26.91047867,18.48795725,37.7513373,30.11935701,29.71966802,29.71966802,9.798986556,0.093552167,1.426507181,11.91,15.67957,4.913353068,33.77580704,66.22419296,18015.478,1685.387,0.510022177,0.0,0.0,14.383639081759435,3.277747297622894e-47,4.943966310070215,3.8274468960378283e-07,converged,0.061893305,0.047693305,monthly_compounded,0.12032556901180069,0.6806291638840519,0.6586356458404505,0.8496390775391611,60.0
RNST,2016,0.0,,,2.005399287,6.515249674,1.020379605,0.82098897,21.15270351,16.74407875,28.30346985,18.49431221,18.49431221,18.2821119,20.8108932,30.36356209,21.25308538,21.25308538,9.071061178,0.035878201,1.518155872,15.03,26.79797,2.438629381,24.91226926,75.08773074,8699.851,312.135,0.331775498,0.0,0.0,19.89062677605315,2.4529036358292728e-88,,,no_sigma_E,0.293354285,0.291354285,unavailable,,,,,
RNST,2017,0.0,,,1.552372481,6.311459981,1.012384301,0.847822922,22.15799615,18.46607444,38.98878975,23.19513723,23.19513723,21.15270351,16.74407875,28.30346985,18.49431221,18.49431221,9.19319228,0.030250313,1.331199846,14.46,30.62745,1.974672585,21.86229521,78.13770479,9829.981,297.36,0.279791879,0.0,0.0,21.426668270738016,3.769270961438182e-102,,,no_sigma_E,0.233551465,0.225551465,unavailable,,,,,
RNST,2018,0.0,,,2.010024274,8.935091169,1.126956902,1.023328435,21.58687943,25.36189219,34.49033977,24.99602084,24.99602084,22.15799615,18.46607444,38.98878975,23.19513723,23.19513723,9.467682663,0.050354089,0.864485311,14.12,31.82511,3.314462058,12.93284155,87.06715845,12934.878,651.324,0.148538689,0.0,0.0,71.14137527412063,0.0,35.0,1.124910706472406e-268,converged,-0.286682824,-0.304782824,unavailable,,,,,
RNST,2019,0.0,,,1.602115018,8.194858957,1.215606201,1.12657284,20.28455285,28.00877899,30.30775761,24.80314712,24.80314712,21.58687943,25.36189219,34.49033977,24.99602084,24.99602084,9.503056104,0.064593887,0.947365715,13.78,31.82511,2.256302793,10.38807019,89.61192981,13400.618,865.598,0.115922849,0.0,0.0,7.693835446547085,7.139433666488931e-15,5.310523794265124,5.46553055570119e-08,converged,0.071288578,0.049888578,unavailable,,,,,
RNST,2020,1.0,,,1.546975134,7.349656135,1.296547674,1.099561662,23.1918911,47.34982921,23.82636177,32.6669153,32.6669153,20.28455285,28.00877899,30.30775761,24.80314712,24.80314712,9.611101902,0.033243329,0.887514941,15.07,31.82511,2.40085769,20.80960594,79.19039406,14929.612,496.31,0.262779422,0.0,0.0,12.763248047642415,1.3150076836283802e-37,9.065031375079467,6.228419841652891e-20,converged,-0.113406375,-0.117806375,unavailable,,,,,
RNST,2021,1.0,,,1.84733695,1.607197151,1.18516224,1.051167223,42.36545244,40.78689525,24.93101847,30.4907974,30.4907974,23.1918911,47.34982921,23.82636177,32.6669153,32.6669153,9.729747727,0.02886062,0.957506695,16.14,22.29666,2.167580921,14.09306279,85.90693721,16810.311,485.156,0.164050346,0.0,0.0,19.119248257431572,8.730296765829646e-82,18.46619464189033,1.93189842810152e-76,converged,0.189803271,0.189403271,unavailable,,,,,
RNST,2022,1.0,,,3.576454803,8.320259509,1.167305034,0.976298911,41.77970536,40.92261606,21.7207226,29.72620442,29.72620442,42.36545244,40.78689525,24.93101847,30.4907974,30.4907974,9.740272852,0.067126983,0.984672952,14.63,22.11909,4.622168299,20.07723739,79.92276261,16988.176,1140.365,0.251208001,0.0,0.0,19.309135455138694,2.2502144071467922e-83,8.684778068766686,1.8974127397472506e-18,converged,-0.029193098,-0.043393098,unavailable,,,,,
PPBI,2017,0.0,0.12354172563801336,0.13154172563801336,1.518435505,5.499557974,0.814480839,0.685818337,22.15799615,31.95031725,83.72569206,45.9886065,45.9886065,21.15270351,28.94828433,49.42974972,32.15305893,32.15305893,8.990254765,0.07993145,1.489378388,12.57,38.60345,2.143120868,23.40461635,76.59538365,8024.501,641.41,0.305561709,0.0,0.0,15.721325093617471,5.402011678584984e-56,,,no_sigma_E,0.264550186,0.256550186,monthly_compounded,0.1190001757456871,0.6484799057325591,1.134847615514352,0.8028570165526558,48.0
PPBI,2018,0.0,-0.38010000001561084,-0.36200000001561083,1.57587977,9.549728532,1.141727374,1.108554866,21.58687943,28.55338155,67.28514324,38.38512881,38.38512881,22.15799615,31.95031725,83.72569206,45.9886065,45.9886065,9.34900493,0.067725933,0.809519874,12.39,38.31962,3.097672485,4.627000155,95.37299984,11487.387,777.994,0.048514781,0.0,0.0,14.950945666490556,7.677652236196591e-51,,,no_sigma_E,-0.351017992,-0.369117992,monthly_compounded,0.13020527057860862,0.6798564831351274,1.0189132122813713,0.8219404679098938,60.0
PPBI,2019,0.0,0.2935737494778633,0.3149737494778633,1.31880715,8.169657632,1.216994639,1.133450786,22.06022092,38.57025006,55.77523082,39.46562332,39.46562332,21.58687943,28.55338155,67.28514324,38.38512881,38.38512881,9.37381986,0.062174784,0.964027016,13.81,37.34653,2.036089913,10.52600416,89.47399584,11776.012,732.171,0.117643166,0.0,0.0,5.521945302941827,1.6763343410087163e-08,4.582000962930465,2.3027388693540283e-06,converged,0.048199666,0.026799666,monthly_compounded,0.16718213374906538,1.071504207039584,1.0438400521395277,0.8338417709219158,60.0
PPBI,2020,1.0,-0.0009130566607272036,0.0034869433392727966,1.380172769,7.516805649,1.33665541,1.142793448,34.24138984,50.82907389,77.77582317,55.40555458,55.40555458,22.06022092,38.57025006,55.77523082,39.46562332,39.46562332,9.890227222,0.026980965,1.077733868,16.31,35.69835,2.315401463,20.87461905,79.12538095,19736.544,532.511,0.26381698,0.0,0.0,11.982179058698168,2.202942053770359e-33,7.81396274183377,2.7708741283352783e-15,converged,-0.137337192,-0.141737192,monthly_compounded,0.15503880704921696,1.1126352343140282,0.8457046857024234,0.9607213418513564,60.0
PPBI,2021,1.0,0.3184309243803329,0.3188309243803329,1.740203301,1.561661478,1.255772471,1.181665051,31.02280013,46.70294477,81.67259569,54.52384863,54.52384863,34.24138984,50.82907389,77.77582317,55.40555458,55.40555458,9.956764256,0.042123302,1.309080486,14.62,25.78395966,2.110704187,7.791820972,92.20817903,21094.429,888.567,0.084502493,0.0,0.0,16.63788213134841,1.852458662105814e-62,15.564682113943585,6.324851101628139e-55,converged,0.188402192,0.188002192,monthly_compounded,0.14375903589171324,0.8872918280318431,1.1195215705307373,1.1024421138359517,60.0
PPBI,2022,1.0,-0.19545941580444315,-0.18125941580444316,3.215772508,8.954992398,1.214538848,1.121228298,27.05316423,36.2268187,81.35513149,48.86329538,48.86329538,31.02280013,46.70294477,81.67259569,54.52384863,54.52384863,9.984515175,0.061379701,1.071647561,15.53,26.04783912,4.392018835,10.11515005,89.88484995,21688.017,1331.204,0.112534538,0.0,0.0,19.03933304759562,4.027338245632437e-81,7.343390177024485,1.0412514257744773e-13,converged,-0.035846226,-0.050046226,monthly_compounded,0.15996086108121343,0.9466269634995181,1.1173546728018753,1.0435715495025486,60.0
SFBS,2016,0.0,,,1.253755905,7.069431185,1.176393484,0.98312897,21.15270351,30.64570025,31.78469852,26.64275879,26.64275879,18.2821119,23.65147596,29.15645425,22.2274556,22.2274556,8.759425076,0.064548992,3.771636606,11.84,32.84873,1.503008123,22.64513959,77.35486041,6370.448,411.206,0.292743591,0.0,0.0,21.342559941131267,2.2860759635750963e-101,,,no_sigma_E,0.31603297,0.31403297,unavailable,,,,,
SFBS,2017,0.0,,,1.515115158,8.487569375,1.39965744,1.264734807,22.15799615,28.67686741,28.207504,24.37842768,24.37842768,21.15270351,30.64570025,31.78469852,26.64275879,26.64275879,8.865365853,0.051766326,3.622442883,11.52,29.19922,1.893449756,13.09464771,86.90535229,7082.384,366.629,0.150677114,0.0,0.0,,,,,extreme_DD_a_y2017_small,0.200836839,0.192836839,unavailable,,,,,
SFBS,2018,0.0,,,1.784321229,10.42606194,1.41076564,1.275897053,21.58687943,27.23431841,37.87141905,27.14193279,27.14193279,22.15799615,28.67686741,28.207504,24.37842768,24.37842768,8.988119145,0.044133151,2.380110654,12.05,29.19922,2.880302585,12.99044631,87.00955369,8007.382,353.391,0.14929908,0.0,0.0,51.194649112893984,0.0,26.38574048087098,9.9867624676149e-154,converged,-0.293020084,-0.311120084,unavailable,,,,,
SFBS,2019,0.0,,,1.244171417,7.948247613,1.318873365,1.122626303,20.28455285,24.731894,42.69022604,27.6355008,27.6355008,21.58687943,27.23431841,37.87141905,27.14193279,27.14193279,9.099146542,0.059842732,2.399181319,12.31,28.61075,1.713040632,19.67031067,80.32968933,8947.653,535.452,0.244869747,0.0,0.0,10.396024477277326,1.292469946363928e-25,5.590075107337977,1.1348570832967138e-08,converged,0.026446707,0.005046707,unavailable,,,,,
SFBS,2020,1.0,,,0.563111648,6.282970948,1.256896921,0.971199058,18.99807322,29.5138229,38.17678446,28.38249856,28.38249856,20.28455285,24.731894,42.69022604,27.6355008,27.6355008,9.387033955,0.076788701,2.190143949,12.2,26.47494,0.95692866,28.57628589,71.42371411,11932.654,916.293,0.40009521,0.0,0.0,13.464630465728874,1.2628934084810328e-41,7.605566721391983,1.4182905740350076e-14,converged,-0.196672387,-0.201072387,unavailable,,,,,
SFBS,2021,1.0,,,0.769967609,1.338303562,1.169100973,0.932539464,19.0205481,29.37077558,54.76465492,34.51190974,34.51190974,18.99807322,29.5138229,38.17678446,28.38249856,28.38249856,9.645286998,0.114991605,3.999988256,11.58,20.83909,0.786079904,24.26848771,75.73151229,15448.806,1776.483,0.320454286,0.0,0.0,20.109574158683188,3.042196113952261e-90,11.199831742188325,2.042543154619909e-29,converged,0.195030574,0.194630574,unavailable,,,,,
SFBS,2022,1.0,-0.1929248000513305,-0.1787248000513305,3.726921744,6.095455881,0.598577019,0.467137574,17.26625006,25.39782616,38.62290503,26.69919792,26.69919792,19.0205481,29.37077558,54.76465492,34.51190974,34.51190974,9.588485875,0.115343415,2.885503713,11.03,20.13154,4.63629873,26.05159934,73.94840066,14595.753,1683.524,0.35229429,0.0,0.0,17.255190479426712,5.114192861190651e-67,6.063878795611507,6.643865308056639e-10,converged,0.03242984,0.01822984,monthly_compounded,,,,,
TOWN,2016,0.0,0.6265740096124681,0.6285740096124681,1.321641298,7.683322349,1.010688252,0.995408925,21.15270351,15.23574208,6.443401593,9.876552643,9.876552643,18.2821119,13.8894842,6.962826797,9.395801809,9.395801809,8.983930868,0.090201363,1.932713906,12.44,27.94896,1.448946414,2.085966678,97.91403332,7973.915,719.258,0.021304062,0.0,0.0,16.32337943843949,3.3652157127603863e-60,,,no_sigma_E,0.283575631,0.281575631,monthly_compounded,0.09422592665091334,0.6355893885763549,0.6110291953914859,0.6336567820514154,36.0
TOWN,2017,0.0,-0.06710249050196693,-0.05910249050196692,2.179961108,6.899802224,0.993167163,0.909000398,22.15799615,18.5671714,15.61313201,14.83004453,14.83004453,21.15270351,15.23574208,6.443401593,9.876552643,9.876552643,9.050426986,0.09375176,1.702416623,16.48,28.43836,2.819220591,11.45652339,88.54347661,8522.176,798.969,0.129388678,0.0,0.0,16.814755466412787,9.513803949557946e-64,,,no_sigma_E,0.18350377,0.17550377,monthly_compounded,0.14858478277896509,0.8411463887118098,0.8461349966537557,1.2565460121082437,48.0
TOWN,2018,0.0,-0.2221018741684091,-0.2040018741684091,2.24918238,8.966985132,1.114888235,1.019132784,21.58687943,13.89569452,19.11170331,13.77247767,13.77247767,22.15799615,18.5671714,15.61313201,14.83004453,14.83004453,9.320362704,0.098031807,1.137678975,14.83,28.80572,3.456943537,11.65873062,88.34126938,11163.03,1094.332,0.131973773,0.0,0.0,37.17408485261035,8.95057811796162e-303,22.20278948668206,1.613926152390914e-109,converged,-0.239937328,-0.258037328,monthly_compounded,0.1581903930666406,0.8061530609200767,0.9345922389919512,1.2718586836857873,60.0
TOWN,2019,0.0,0.17065844802221827,0.19205844802221828,1.68177517,7.431992749,1.092287585,0.990566912,20.28455285,11.00257099,11.76483073,9.692614273,9.692614273,21.58687943,13.89569452,19.11170331,13.77247767,13.77247767,9.388290973,0.064660009,1.231819591,14.58,28.80572,2.269803716,12.6056098,87.3943902,11947.663,772.536,0.144238203,0.0,0.0,9.865529905123395,2.936177507302971e-23,5.924639822676316,1.5649130520099516e-09,converged,0.075296317,0.053896317,monthly_compounded,0.1817632610902462,1.0229204917078847,0.9922366992153401,1.2961822120612174,60.0
TOWN,2020,1.0,-0.1268326825982661,-0.12243268259826612,1.470016468,6.804678889,1.181921634,0.997946351,20.0319078,22.09353575,11.2141347,15.14435441,15.14435441,20.28455285,11.00257099,11.76483073,9.692614273,9.692614273,9.590586402,0.065342677,0.965694179,15.42,28.43836,2.291826911,20.48444097,79.51555903,14626.444,955.731,0.257615506,0.0,0.0,12.949566210429497,1.181427254382889e-38,7.176800982399988,3.568072422270493e-13,converged,-0.213860605,-0.218260605,monthly_compounded,0.15221160984746593,0.947876870061564,0.9531441855902847,1.166709474043203,60.0
TOWN,2021,1.0,0.37938334510609634,0.37978334510609635,1.811754466,1.573586875,1.059579642,0.947560925,18.48795725,21.98896535,10.28684185,14.76182608,14.76182608,20.0319078,22.09353575,11.2141347,15.14435441,15.14435441,9.702679387,0.029448359,1.208903365,15.56,19.49465,1.970746716,12.8042469,87.1957531,16361.387,481.816,0.146844846,0.0,0.0,20.12429909559057,2.260600857813912e-90,10.2828640342184,4.209399567894308e-25,converged,0.258267079,0.257867079,monthly_compounded,0.1284211960747016,0.6797991229999214,1.238828888688798,1.0925514280723727,60.0
HOPE,2017,0.0,-0.1519878267070892,-0.1439878267070892,1.703112652,8.924484722,1.343326673,1.310083791,22.15799615,46.21303466,55.25394647,42.81308592,42.81308592,21.15270351,46.81510826,32.54124005,34.93514011,34.93514011,9.56147016,0.093508303,1.28255444,13.82,39.53267,2.440026679,4.027411568,95.97258843,14206.717,1328.446,0.041964186,0.0,0.0,14.246268298514837,2.3644197047727433e-46,,,no_sigma_E,0.237248648,0.229248648,monthly_compounded,0.16363055369132823,1.1927104692354875,0.8727314876509809,0.9083047160441429,48.0
HOPE,2018,0.0,-0.34667599041151054,-0.32857599041151053,2.246789676,10.79483411,1.437537773,1.325059282,21.58687943,40.4615889,33.67532756,32.19206602,32.19206602,22.15799615,46.21303466,55.25394647,42.81308592,42.81308592,9.635997051,0.073027277,0.789165971,12.94,39.52103,4.197560452,12.30805654,87.69194346,15305.952,1117.752,0.140355614,0.0,0.0,14.334274052972733,6.681831004615457e-47,,,no_sigma_E,-0.332814668,-0.350914668,monthly_compounded,0.18419017522252368,1.2162605297996676,0.8555893135200585,1.116074824734458,60.0
HOPE,2019,0.0,0.2821609495109306,0.3035609495109306,1.27660397,9.436261679,1.526245718,1.387262659,20.28455285,34.12088428,16.81205561,22.97629862,22.97629862,21.58687943,40.4615889,33.67532756,32.19206602,32.19206602,9.659339953,0.059198759,0.917844859,13.23,39.52103,2.02813081,14.21116138,85.78883862,15667.44,927.493,0.165652801,0.0,0.0,6.044728188917409,7.48310485092225e-10,4.004699929116647,3.1048127105394736e-05,converged,0.058295865,0.036895865,monthly_compounded,0.2042933948059505,1.3989057210513811,0.888848533362673,1.137240119255397,60.0
HOPE,2020,1.0,-0.22556833520337685,-0.22116833520337686,1.222257973,8.643756653,1.64811014,1.367418621,18.99807322,31.44082306,27.6432095,25.54620366,25.54620366,20.28455285,34.12088428,16.81205561,22.97629862,22.97629862,9.747223374,0.0326623,0.654813361,12.87,37.51943,2.249827231,24.7291693,75.2708307,17106.664,558.743,0.328535889,0.0,0.0,10.708533654687164,4.6410166038743894e-27,6.251146240549433,2.037255628990024e-10,converged,-0.243715797,-0.248115797,monthly_compounded,0.1907833633925311,1.3966899874579446,1.0005838106918794,1.1709686579026521,60.0
HOPE,2021,1.0,0.40337837253272796,0.40377837253272797,1.817597797,1.608554294,1.493463892,1.315691509,17.43215031,33.34952573,25.58979743,25.75369184,25.75369184,18.99807322,31.44082306,27.6432095,25.54620366,25.54620366,9.791944688,0.034745423,0.843434901,12.42,25.30769549,2.12424914,15.31869904,84.68130096,17889.061,621.563,0.180898249,0.0,0.0,14.605925234408415,1.2873152726947328e-48,8.440894763944259,1.5745879140099464e-17,converged,0.272725097,0.272325097,monthly_compounded,0.16740852655808341,1.1421593807616262,1.1604482438541577,1.1393062511409,60.0
HOPE,2022,1.0,-0.1096388899442511,-0.09543888994425109,3.324678894,8.551589434,1.207590985,1.041772954,15.8938172,31.0697752,31.28133104,26.67188767,26.67188767,17.43215031,33.34952573,25.58979743,25.75369184,25.75369184,9.860814419,0.06202685,0.758041104,11.97,25.61834,4.417526787,17.6269762,82.3730238,19164.491,1188.713,0.21398967,0.0,0.0,11.154904573241032,3.38827435665313e-29,3.9364558093853166,4.134691966988471e-05,converged,0.047162453,0.032962453,monthly_compounded,0.17868487751525516,1.1337987540397907,0.9249869515197601,1.2073365890527548,60.0
HOPE,2023,1.0,-0.05092007913529763,-0.001420079135297625,3.655212985,7.762892737,1.19000058,1.106364752,15.2370401,27.08799477,42.62549611,28.97331844,28.97331844,15.8938172,31.0697752,31.28133104,26.67188767,26.67188767,9.85909262,0.099521355,0.684094927,13.92,25.61834,4.898032311,9.225540811,90.77445919,19131.522,1903.995,0.10163146,0.0,0.0,8.336857828528533,3.8145349056946715e-17,8.258078222596154,7.401826603069198e-17,converged,0.013192306,-0.036307694,monthly_compounded,0.20170589136462147,1.023085199976554,0.968354021827733,1.1153605696198199,60.0
CBU,2016,0.0,0.5883897535086324,0.5903897535086324,2.349914811,7.655777241,1.021593708,0.98810136,21.15270351,28.51426153,66.57423208,38.10979727,38.10979727,18.2821119,29.64382078,44.16053922,30.60112922,30.60112922,9.067213028,0.028658836,2.291785221,19.1,29.34983,3.102248965,4.57803647,95.42196353,8666.437,248.37,0.047976758,0.0,0.0,23.10777007480289,1.9339228749407037e-118,,,no_sigma_E,0.165759158,0.163759158,monthly_compounded,0.1265020419840172,0.9155425390513778,0.832371454319963,0.7390951875634806,36.0
CBU,2017,0.0,-0.11685178515994721,-0.1088517851599472,1.737232598,7.144441189,1.087679007,0.979669259,22.15799615,33.30641096,47.78883551,33.72396062,33.72396062,21.15270351,28.51426153,66.57423208,38.10979727,38.10979727,9.282307297,0.04521562,1.666293123,17.45,29.56049,2.283915171,13.53363196,86.46636804,10746.198,485.896,0.156519029,0.0,0.0,19.804176690278513,1.370027585574664e-87,,,no_sigma_E,0.148559429,0.140559429,monthly_compounded,0.13922434195826278,0.8895318193862959,0.9314293450920731,0.9014391536592129,48.0
CBU,2018,0.0,0.09280869017068438,0.11090869017068439,1.914136105,8.501468192,1.031685645,0.951284577,21.58687943,27.13136714,63.75638463,36.40945657,36.40945657,22.15799615,33.30641096,47.78883551,33.72396062,33.72396062,9.269297251,0.038999764,1.743704506,19.06,29.56049,2.916838721,10.71326782,89.28673218,10607.295,413.682,0.119987232,0.0,0.0,114.22609607705348,0.0,35.0,1.124910706472406e-268,converged,-0.1573255,-0.1754255,monthly_compounded,0.15314446569242413,0.8873159962734946,0.9252798724505299,0.9984806891297737,60.0
CBU,2019,0.0,0.2251415697616884,0.2465415697616884,1.314337011,7.186696395,1.015673822,0.94762808,20.28455285,32.56459212,61.82638226,38.40953531,38.40953531,21.58687943,27.13136714,63.75638463,36.40945657,36.40945657,9.342271297,0.030224722,1.980483808,17.99,29.56049,1.78320398,9.250997565,90.74900243,11410.295,344.873,0.101940488,0.0,0.0,,,12.468365012680872,5.554091803867515e-36,extreme_DD_a_y2019_small,0.064195598,0.042795598,monthly_compounded,0.1629175086530955,0.9288709149946175,0.8933826171390564,1.084186654506778,60.0
CBU,2020,1.0,-0.10108445147660598,-0.09668445147660598,0.542623828,4.78487287,0.732511715,0.672107583,23.13132301,28.42021858,66.10993658,38.49119355,38.49119355,20.28455285,32.56459212,61.82638226,38.40953531,38.40953531,9.541878599,0.026651819,1.587080763,19.87,29.53646,0.823870366,11.31174256,88.68825744,13931.094,371.289,0.127544986,0.0,0.0,26.327704954566727,4.620473901851757e-153,16.214459088402748,1.9928558567069184e-59,converged,-0.042738912,-0.047138912,monthly_compounded,0.1330427453984831,0.8710760757294234,0.8506823264702368,0.9149954547016166,60.0
CBU,2021,1.0,0.22232088529694954,0.22272088529694956,0.684648662,1.452946571,0.706341592,0.660940582,21.4921009,35.48350782,71.072288,43.77047644,43.77047644,23.13132301,28.42021858,66.10993658,38.49119355,38.49119355,9.651986771,0.021210845,1.910140694,19.28,20.82136,0.734609287,7.982949271,92.01705073,15552.657,329.885,0.086755109,0.0,0.0,40.22616139879765,0.0,35.0,1.124910706472406e-268,converged,0.111930364,0.111530364,monthly_compounded,0.07785276474810468,0.42999672296154823,0.6770413254008363,0.6584288254875232,60.0
CBU,2022,1.0,-0.14576487491193457,-0.13156487491193458,3.428011906,6.728575629,0.680501411,0.625853957,19.99044701,37.78452035,64.16480447,42.4303664,42.4303664,21.4921009,35.48350782,71.072288,43.77047644,43.77047644,9.67001907,0.071848957,2.180027663,16.4,20.82136,4.360164952,9.932467656,90.06753234,15835.651,1137.775,0.110278004,0.0,0.0,44.14004106246573,0.0,16.885277134179454,2.8872262074951577e-64,converged,-0.026987977,-0.041187977,monthly_compounded,0.08906956037169282,0.5163702933693587,0.3599896547514807,0.5777427484147377,60.0
CBU,2023,1.0,-0.19178297240054187,-0.14228297240054188,3.41885275,5.992286042,0.675430381,0.605367807,17.78270514,36.37623512,63.82465178,41.55888533,41.55888533,19.99044701,37.78452035,64.16480447,42.4303664,42.4303664,9.652185817,0.049190676,1.636617317,15.46,20.82136,4.276438346,12.75291979,87.24708021,15555.753,765.198,0.146170161,0.0,0.0,40.792116106604,0.0,20.157103831406364,1.1656739391517108e-90,converged,0.037625359,-0.011874641,monthly_compounded,0.12023371752652554,0.5818909951134476,0.36204260464659443,0.3510750689877193,60.0
HTH,2016,0.0,0.5519960625935176,0.5539960625935176,1.640256862,3.932546374,0.433559354,0.327943409,21.15270351,37.18925597,37.86547213,32.07744093,32.07744093,18.2821119,38.11949221,43.64174837,34.61829755,34.61829755,9.452349798,0.153563548,1.569949391,19.34,35.80877,2.320407585,33.40935583,66.59064417,12738.062,1956.102,0.501712459,0.0,0.0,12.64301374287956,6.113783365940654e-37,,,no_sigma_E,0.226396207,0.224396207,monthly_compounded,0.1457713662545831,0.6943021275266262,2.215069415451594,0.9743043301022855,36.0
HTH,2017,0.0,-0.14990389414180516,-0.14190389414180515,1.398096576,5.590988878,1.023945593,0.758577203,22.15799615,36.67505939,33.38480897,30.20936069,30.20936069,21.15270351,37.18925597,37.86547213,32.07744093,32.07744093,9.500453437,0.128317631,1.271509272,18.78,35.93792,1.942610164,35.31987812,64.68012188,13365.786,1715.066,0.546070061,0.0,0.0,13.634675108890695,1.2454885963471125e-42,,,no_sigma_E,0.237507435,0.229507435,monthly_compounded,0.14302735470186,0.7736657980720278,1.7453469513923667,0.8344880740444927,48.0
HTH,2018,0.0,-0.30506050741320234,-0.28696050741320234,1.722813647,5.717552507,0.798641076,0.549200455,21.58687943,36.0346843,34.95780591,30.45801354,30.45801354,22.15799615,36.67505939,33.38480897,30.20936069,30.20936069,9.523951268,0.105481083,0.856166122,17.47,32.49233983,2.759454201,40.21983838,59.78016162,13683.572,1443.358,0.672795745,0.0,0.0,63.74938623725742,0.0,35.0,1.124910706472406e-268,converged,-0.234240447,-0.252340447,monthly_compounded,0.1573347644090438,0.78363635073874,1.7362941468750184,0.9181052374031013,60.0
HTH,2019,0.0,0.3979409696926609,0.4193409696926609,1.399421899,5.043579958,0.842732175,0.609348455,20.28455285,31.99916018,24.3117903,24.62382796,24.62382796,21.58687943,36.0346843,34.95780591,30.45801354,30.45801354,9.62723643,0.11986253,1.074482563,17.55,27.71407549,1.829669562,34.63401882,65.36598118,15172.448,1818.608,0.529847762,0.0,0.0,7.610820416888449,1.361807262215298e-14,3.9816510463800063,3.421910364846655e-05,converged,0.117535665,0.096135665,monthly_compounded,0.14940663145911964,0.7329421830983277,1.1393432234741614,1.0348819700113707,60.0
HTH,2020,1.0,0.11979543308250414,0.12419543308250414,1.127206737,5.310613921,1.187564838,0.771047421,21.58265968,41.59931644,36.20759086,34.04017411,34.04017411,20.28455285,31.99916018,24.3117903,24.62382796,24.62382796,9.737684648,0.072558183,0.97287683,22.34,22.79264609,1.465570142,41.16505842,58.83494158,16944.264,1229.445,0.699670252,0.0,0.0,11.426737114731877,1.5372274186851681e-30,6.004850559322139,9.575410563602363e-10,converged,-0.007344596,-0.011744596,monthly_compounded,0.12292225921825141,0.7348097827056814,0.8378810323500162,0.9503340518371785,60.0
HTH,2021,1.0,0.29486769244549244,0.29526769244549245,1.172738353,1.46660781,1.089336855,0.795818401,24.13149672,41.60008132,39.90551072,35.96433008,35.96433008,21.58265968,41.59931644,36.20759086,34.04017411,34.04017411,9.835694675,0.072133246,1.09995819,23.75,22.13793352,1.363886525,32.14318859,67.85681141,18689.08,1348.104,0.473691409,0.0,0.0,15.599175657294438,3.687005954435423e-55,18.78163167193122,5.337435393413668e-79,converged,0.1632675,0.1628675,monthly_compounded,0.12211138591208215,0.8843544606908208,0.5499927681765435,0.8677209311506405,60.0
HTH,2022,1.0,-0.14276699838725493,-0.12856699838725494,3.484292082,6.805739242,1.077497724,0.635421014,22.70416476,47.47168535,37.63049305,38.09295882,38.09295882,24.13149672,41.60008132,39.90551072,35.96433008,35.96433008,9.696419225,0.084452622,0.952998539,20.98,22.22393647,4.540087155,47.21618415,52.78381585,16259.282,1373.139,0.894520099,0.0,0.0,29.777488104895763,3.8223995895345954e-195,12.479515581942472,4.828619508964211e-36,converged,-0.088680569,-0.102880569,monthly_compounded,0.1320158223791244,0.8503333981371757,0.7554603526776422,0.7460366928325772,60.0
HTH,2023,1.0,0.14819350492878847,0.19769350492878845,3.498754579,6.455729837,1.117469162,0.728991394,23.09321384,49.43480201,44.6172835,41.88599518,41.88599518,22.70416476,47.47168535,37.63049305,38.09295882,38.09295882,9.709113414,0.078010828,1.080582208,22.34,23.40459,4.525300888,41.02836394,58.97163606,16466.996,1284.604,0.695730468,0.0,0.0,20.174354614586232,8.224837870628443e-91,9.032568927504247,8.384406768955561e-20,converged,0.055249967,0.005749967,monthly_compounded,0.17031471260438838,0.958234903723256,0.559165856545117,0.6974475739765899,60.0
BANR,2016,0.0,0.23398650823945655,0.23598650823945655,1.527523883,8.2611278,1.255529529,1.149897266,21.15270351,27.65481043,37.73748578,27.30228085,27.30228085,18.2821119,23.76090842,34.38112745,24.16261646,24.16261646,9.189491333,0.026047544,1.358165746,13.4,31.88739,1.888614485,11.88405187,88.11594813,9793.668,255.101,0.134868342,0.0,0.0,20.975912768147772,5.442875850863483e-98,,,no_sigma_E,0.273661317,0.271661317,monthly_compounded,0.1250503477361384,0.9032785201898247,1.0058849240756595,0.6472528099357955,36.0
BANR,2017,0.0,0.01451525997516235,0.02251525997516235,1.571641895,7.204809401,1.049713213,0.983216058,22.15799615,31.16594429,57.29924502,36.08603658,36.08603658,21.15270351,27.65481043,37.73748578,27.30228085,27.30228085,9.186376416,0.019949281,1.380906517,13.81,31.375235,2.044033137,8.971228445,91.02877156,9763.209,194.769,0.098553768,0.0,0.0,,,,,low_leverage_td_ta,0.185577543,0.177577543,monthly_compounded,0.13459178541722627,0.9028872410037734,0.7842238064347137,0.8357231849823892,48.0
BANR,2018,0.0,-0.017565278916829016,0.0005347210831709859,1.485651221,7.894237981,0.917943584,0.857752395,21.58687943,27.64934071,55.92271819,33.84625154,33.84625154,22.15799615,31.16594429,57.29924502,36.08603658,36.08603658,9.381880433,0.065138097,1.249781585,13.12,33.3473,2.54786528,9.525334225,90.47466577,11871.317,773.275,0.105281784,0.0,0.0,50.02927159084796,0.0,27.785595723371017,3.2383164302687753e-170,converged,-0.234949506,-0.253049506,monthly_compounded,0.1468270471820558,0.9081543516421191,0.8333046176893546,0.8524590783386234,60.0
BANR,2019,0.0,0.06882634953978281,0.09022634953978281,1.285807353,6.043018305,0.809516123,0.748819911,20.28455285,30.48412377,59.84081503,36.6628188,36.6628188,21.58687943,27.64934071,55.92271819,33.84625154,33.84625154,9.441771962,0.054568098,1.246519872,12.93,33.3473,1.823803646,10.8423868,89.1576132,12604.031,687.778,0.121609209,0.0,0.0,10.74614002530489,3.0896876756617936e-27,6.017074812073765,8.87985087279706e-10,converged,0.078729093,0.057329093,monthly_compounded,0.1490648658196261,0.8656814279461256,0.758461411077003,0.9460452475007071,60.0
BANR,2020,1.0,-0.12979007418658653,-0.12539007418658654,1.086553589,6.051228145,1.102514299,0.894948867,18.99807322,45.57936492,63.03030303,45.29827409,45.29827409,20.28455285,30.48412377,59.84081503,36.6628188,36.6628188,9.617911461,0.036586868,0.983077788,14.73,31.65856,1.799242525,25.33799856,74.66200144,15031.623,549.96,0.339369399,0.0,0.0,15.617263888232502,2.7769135676437996e-55,8.20380981489723,1.1644321297784235e-16,converged,-0.191629824,-0.196029824,monthly_compounded,0.11679242829212505,0.7099436770315234,0.8817748071251837,0.8343174147150714,60.0
BANR,2021,1.0,0.3423158058671589,0.3427158058671589,1.476710763,1.532577802,1.099396639,0.91707277,17.53574147,31.44788252,70.68341515,41.05909631,41.05909631,18.99807322,45.57936492,63.03030303,45.29827409,45.29827409,9.729424123,0.031709197,1.229411341,14.71,20.12428,1.602131037,19.92953975,80.07046025,16804.872,532.869,0.248900027,0.0,0.0,20.515361366753982,7.849879961016141e-94,10.369684532610176,1.7032373077779375e-25,converged,0.246029636,0.245629636,monthly_compounded,0.12280332802906908,0.7147961081013742,1.0016563959961404,1.003632865161278,60.0
BANR,2022,1.0,0.05754391527517643,0.07174391527517643,3.56840971,7.787657948,0.999193048,0.86037899,20.47425428,34.5319134,68.4273743,42.44060208,42.44060208,17.53574147,31.44788252,70.68341515,41.05909631,41.05909631,9.66987887,0.028837906,1.483805586,14.04,19.86252,4.403643259,16.75890873,83.24109127,15833.431,456.603,0.201329758,0.0,0.0,19.002109873505074,8.191226217223805e-81,6.735751548305817,8.154237612170448e-12,converged,0.047381615,0.033181615,monthly_compounded,0.1388141788417714,0.8542162416907039,0.7286308975551166,0.910873053592703,60.0
BANR,2023,1.0,-0.1690387090968687,-0.1195387090968687,4.053211335,6.945536043,1.011457464,0.847321044,22.19748002,52.96715923,72.87715757,53.68261335,53.68261335,20.47425428,34.5319134,68.4273743,42.44060208,42.44060208,9.659528287,0.042445718,1.113153423,14.58,18.85453,4.934168059,19.27164505,80.72835495,15670.391,665.141,0.238722133,0.0,0.0,15.30414086034884,3.5871546570678155e-53,12.985970904682109,7.348129582796954e-39,converged,0.061140194,0.011640194,monthly_compounded,0.17747210065266944,0.8630239981946904,0.8268724518278457,0.9262403259320122,60.0
IBOC,2016,0.0,0.6209740820094163,0.6229740820094163,1.203334211,7.603519819,1.48932241,1.142732059,21.15270351,25.37296777,74.21359499,39.30188621,39.30188621,18.2821119,24.28015675,66.07230392,35.82898716,35.82898716,9.376197209,0.118499758,1.560764539,19.47,33.39465,1.536709365,31.28887758,68.71112242,11804.041,1398.776,0.455368454,0.0,0.0,13.937978571802557,1.8616848496758005e-44,,,no_sigma_E,0.261680429,0.259680429,monthly_compounded,0.2091374426634698,1.2830840839530007,1.5635182102392657,1.6163231213071603,36.0
IBOC,2017,0.0,-0.017977230341941423,-0.009977230341941423,1.680294597,8.660355719,1.496687787,1.314972092,22.15799615,23.86256044,70.33516358,37.15648887,37.15648887,21.15270351,25.37296777,74.21359499,39.30188621,39.30188621,9.407936181,0.140294491,1.426527464,19.51,32.01525,2.210962166,16.8928456,83.1071544,12184.698,1709.446,0.203265841,0.0,0.0,13.880106435773795,4.1809844366115577e-44,,,no_sigma_E,0.213191628,0.205191628,monthly_compounded,0.20834674596547753,1.2745922899407738,1.3678911477983668,1.565534846171794,48.0
IBOC,2018,0.0,-0.1358634607353102,-0.11776346073531019,1.738069509,10.34572664,1.416423988,1.272738312,21.58687943,24.89861147,80.45858317,41.31480123,41.31480123,22.15799615,23.86256044,70.33516358,37.15648887,37.15648887,9.381933922,0.092324329,1.163642516,19.74,32.01525,2.863745454,14.24105834,85.75894166,11871.952,1096.07,0.166059166,0.0,0.0,75.42916245183909,0.0,35.0,1.124910706472406e-268,converged,-0.243520587,-0.261620587,monthly_compounded,0.21777475681590197,1.2672873926464094,1.3445451854530903,1.57506434912092,60.0
IBOC,2019,0.0,0.2650819249420656,0.2864819249420656,1.277570807,8.512359049,1.347890567,1.210312454,20.28455285,27.9793106,76.97442428,41.5885308,41.5885308,21.58687943,24.89861147,80.45858317,41.31480123,41.31480123,9.402025784,0.082365866,1.32582138,20.46,32.01525,1.760092699,14.32499504,85.67500496,12112.894,997.689,0.167201567,0.0,0.0,9.225925068539109,1.4056183659002727e-20,5.457368325481161,2.4162163157107248e-08,converged,0.094515531,0.073115531,monthly_compounded,0.21578780558387695,1.3084348592934338,1.3427907744337932,1.370925728154104,60.0
IBOC,2020,1.0,-0.1002985525297521,-0.0958985525297521,0.73083793,7.028468954,1.32842319,1.092898542,18.99807322,29.64248224,79.88825128,43.46244165,43.46244165,20.28455285,27.9793106,76.97442428,41.5885308,41.5885308,9.548915182,0.071215606,1.087784065,21.4,30.39767,1.177749671,23.64212756,76.35787244,14029.467,999.117,0.30962266,0.0,0.0,12.201535962938618,1.5250773814846131e-34,7.116781533247013,5.523819297077784e-13,converged,-0.116429754,-0.120829754,monthly_compounded,0.1743350189956558,1.1671228091137769,1.2203920284486518,1.1308996588675286,60.0
IBOC,2021,1.0,0.1642673733564159,0.1646673733564159,1.186288854,1.474901973,1.207377589,1.03494667,17.43215031,31.18150357,73.40552507,41.8920148,41.8920148,18.99807322,29.64248224,79.88825128,43.46244165,43.46244165,9.683229584,0.071362156,1.163677125,22.73,21.35606,1.284372322,17.48165079,82.51834921,16046.236,1145.094,0.211851679,0.0,0.0,15.980558750432852,8.728703251174488e-58,11.497431682247138,6.794960328196299e-31,converged,0.213537786,0.213137786,monthly_compounded,0.13253324688347304,0.8498798636412184,1.1991756173546382,0.8743857675484313,60.0
IBOC,2022,1.0,0.09518738547765325,0.10938738547765325,3.404526827,7.868451308,1.054580566,0.885364383,15.8938172,29.06949559,64.81191806,37.75076032,37.75076032,17.43215031,31.18150357,73.40552507,41.8920148,41.8920148,9.648690524,0.04589363,1.390682497,22.22,21.22224,4.333663677,19.52449941,80.47550059,15501.476,711.419,0.242614203,0.0,0.0,21.86239967194337,2.962317767508872e-106,8.563408937272799,5.478921058714329e-18,converged,-0.011725734,-0.025925734,monthly_compounded,0.1387125973262767,0.8991786042241183,1.0296016498813845,0.6784888240834221,60.0
IBOC,2023,1.0,0.1701936939351153,0.2196936939351153,3.399902308,6.723761874,0.97170022,0.823742384,14.03688525,31.62829152,75.04960885,42.70549178,42.70549178,15.8938172,29.06949559,64.81191806,37.75076032,37.75076032,9.620208373,0.043144886,1.377558914,23.65,21.22224,4.258843172,18.56705674,81.43294326,15066.189,650.029,0.228004245,0.0,0.0,20.615259728085736,1.0012232435861048e-94,13.783246139885662,1.6074247201549717e-43,converged,0.055114126,0.005614126,monthly_compounded,0.1696762647067771,0.8703402353352738,0.9348985696127611,0.677733033786626,60.0
EFSC,2017,0.0,0.05304751601654801,0.06104751601654801,1.395764547,5.597920449,0.880679563,0.719395493,22.15799615,32.1908583,57.18943034,36.55486064,36.55486064,21.15270351,30.16440763,57.72895336,35.74396939,35.74396939,8.573427011,0.102949298,1.900363618,12.21,33.93416,1.880108793,25.33687137,74.66312863,5289.225,544.522,0.339349179,0.0,0.0,15.5597555384925,6.830985473562194e-55,,,no_sigma_E,0.205797537,0.197797537,monthly_compounded,0.11696161732995233,0.7240311273839313,0.5387207586119079,0.8877066751326781,48.0
EFSC,2018,0.0,-0.17656944838044997,-0.15846944838044996,1.691649027,8.298242923,1.089846013,0.94713964,21.58687943,35.03931154,72.25738397,43.39215675,43.39215675,22.15799615,32.1908583,57.18943034,36.55486064,36.55486064,8.638642742,0.072906596,1.421672236,13.02,33.89776,2.864143979,18.56253986,81.43746014,5645.662,411.606,0.227936134,0.0,0.0,16.832623203135615,7.036337946601537e-64,,,no_sigma_E,-0.247569484,-0.265669484,monthly_compounded,0.13408417513453616,0.746188473985525,0.5611547174868197,0.9987637855640297,60.0
EFSC,2019,0.0,0.2784158716516266,0.2998158716516266,1.29696836,6.981563318,1.165130512,0.962898197,20.28455285,34.67452887,70.27804309,42.49866183,42.49866183,21.58687943,35.03931154,72.25738397,43.39215675,43.39215675,8.900247851,0.085745012,1.475636504,12.9,32.49429091,1.798852277,23.72940343,76.27059657,7333.791,628.836,0.311121251,0.0,0.0,8.156786057828011,1.7202851855856042e-16,5.586014962819174,1.1616961324158468e-08,converged,0.108351552,0.086951552,monthly_compounded,0.15412230123703613,1.0110700638557104,0.7021788713803091,0.8063578135374241,60.0
EFSC,2020,1.0,-0.2626595996628324,-0.2582595996628324,1.097801318,5.993112975,1.292647077,0.899296767,18.99807322,55.77975413,61.05256318,49.6456808,49.6456808,20.28455285,34.67452887,70.27804309,42.49866183,42.49866183,9.185183679,0.056884988,1.010956643,14.9,29.36780772,1.740061349,38.24343593,61.75656407,9751.571,554.718,0.61926107,0.0,0.0,12.786384545143994,9.76762688384885e-38,6.7491388970029496,7.436258187155938e-12,converged,-0.21251532,-0.21691532,monthly_compounded,0.13813242453646313,1.0490872759012047,0.6615647173998268,0.77469324130477,60.0
EFSC,2021,1.0,0.3684466291900334,0.3688466291900334,1.49699722,1.527940379,1.321752247,1.09739477,22.38150575,61.61489867,53.34511555,50.47793852,50.47793852,18.99807322,55.77975413,61.05256318,49.6456808,49.6456808,9.513208402,0.041275558,1.222213348,14.7,20.16502756,1.577433198,20.38756607,79.61243393,13537.358,558.762,0.2560852,0.0,0.0,16.331207608332942,2.9600415833421357e-60,8.206621468550246,1.1374968824919432e-16,converged,0.298513498,0.298113498,monthly_compounded,0.13213984354508868,0.8774971883384375,0.8131966328295682,0.992871646006211,60.0
EFSC,2022,1.0,0.04602388871424678,0.060223888714246776,3.786844014,8.263636029,1.158286889,0.988328575,20.16909367,64.98864805,49.19473886,50.56011523,50.56011523,22.38150575,61.61489867,53.34511555,50.47793852,50.47793852,9.476863055,0.044395922,1.257638156,14.2,20.07739,4.683976585,17.08907343,79.42315094,13054.172,579.552,0.215164889,0.0,0.0,14.22458798901375,3.2241502329293904e-46,5.0711701992146825,1.976884853960672e-07,converged,0.054502591,0.040302591,monthly_compounded,0.15551048290956276,0.9997619296681424,0.8081438640794206,0.9804772444318621,60.0
EFSC,2023,1.0,-0.11621342845755313,-0.06671342845755313,3.958397502,6.984912558,1.057640907,0.886674908,17.76317251,58.81700507,60.60202731,51.52654971,51.52654971,20.16909367,64.98864805,49.19473886,50.56011523,50.56011523,9.583185176,0.031257374,1.016146203,14.2,20.07739,4.862114107,18.66422303,77.36316749,14518.59,453.813,0.241254639,0.0,0.0,13.946688297065688,1.6477810896199774e-44,11.475755941580651,8.732232881071381e-31,converged,0.093673784,0.044173784,monthly_compounded,0.1901656184265066,0.9638932887742558,0.888099445010256,0.9979754729819783,60.0
SBCF,2017,0.0,0.13479238449348596,0.14279238449348597,1.5238065,5.534677154,0.764057322,0.669951537,22.15799615,37.46881684,16.37725921,24.48034647,24.48034647,21.15270351,36.73061402,14.48094425,23.43152448,23.43152448,8.667358053,0.085646119,1.715032392,14.24,31.375235,1.940095725,16.99094506,83.00905494,5810.129,497.615,0.204687851,0.0,0.0,16.028834122765563,4.018830406373579e-58,,,no_sigma_E,0.23180648,0.22380648,monthly_compounded,0.12247654995462767,0.6128990705594463,0.7463271406117636,1.1374321760133799,48.0
SBCF,2018,0.0,0.014030107061194345,0.032130107061194346,1.887211169,6.633945749,0.737551128,0.649642502,21.58687943,34.34117324,14.24716855,22.16220261,22.16220261,22.15799615,37.46881684,16.37725921,24.48034647,24.48034647,8.816950909,0.098571519,1.54629909,14.43,28.26105,2.975475577,15.8692624,84.1307376,6747.659,665.127,0.188626213,0.0,0.0,15.841370161462928,8.063410889499266e-57,,,no_sigma_E,-0.294023059,-0.312123059,monthly_compounded,0.13006965422249744,0.6407492913051663,0.7054441555844627,1.0431571919820888,60.0
SBCF,2019,0.0,0.15346548801500245,0.17486548801500246,1.285906265,7.090304877,1.002085134,0.934134175,22.06022092,26.98033217,27.6504298,23.59209569,23.59209569,21.58687943,34.34117324,14.24716855,22.16220261,22.16220261,8.869048078,0.066428258,1.59771967,15.71,32.98087828,1.844708066,9.791211871,90.20878813,7108.511,472.206,0.108539446,0.0,0.0,7.721041770112188,5.769136531078244e-15,5.850990943549662,2.4432641742081e-09,converged,0.054982582,0.033582582,monthly_compounded,0.12873877688246277,0.6387280056009553,1.1051755199819564,0.7498947305930368,60.0
SBCF,2020,1.0,-0.041037225988367385,-0.03663722598836738,0.972844318,7.847034388,1.331034726,1.202303727,20.85479836,29.2341287,28.27242525,24.94556935,24.94556935,22.06022092,26.98033217,27.6504298,23.59209569,23.59209569,9.029105265,0.022891995,1.439234012,18.51,33.7688,1.608643235,13.91639561,86.08360439,8342.392,190.974,0.161661395,0.0,0.0,15.6657169868356,1.2974340345012827e-55,11.479868232732445,8.326706208941991e-31,converged,-0.107545915,-0.111945915,monthly_compounded,0.13964763463677932,0.8701332588610559,1.0489736921381752,0.9786608850180976,60.0
SBCF,2021,1.0,0.2156516822875147,0.2160516822875147,1.269341353,1.510195758,1.285843061,1.202925996,19.0205481,21.50408422,14.89074983,16.25542499,16.25542499,20.85479836,29.2341287,28.27242525,24.94556935,24.94556935,9.177965207,0.01995686,1.579620463,18.21,23.22723,1.45372405,8.238676886,91.76132311,9681.433,193.211,0.089783763,0.0,0.0,,,,,low_leverage_td_ta,0.167038929,0.166638929,monthly_compounded,0.14040464963199517,0.8680564992044528,1.1028745978840482,1.0691548732064924,60.0
SBCF,2022,1.0,-0.11518686365028998,-0.10098686365028997,3.454731654,8.583632166,1.1021235,1.031059662,20.8198309,22.68122934,15.49441341,17.5565599,17.5565599,19.0205481,21.50408422,14.89074983,16.25542499,16.25542499,9.404735581,0.033473569,1.389349134,15.79,22.86083,4.520035058,8.202058153,91.79794185,12145.762,406.562,0.089349042,0.0,0.0,28.327488913141348,7.926676647862819e-177,11.355762636606112,3.4715685891424954e-30,converged,-0.034843781,-0.049043781,monthly_compounded,0.1587267371033827,0.9440788440256371,1.330780800582262,0.9189831293184331,60.0
CVBF,2016,0.0,0.38266270838915006,0.38466270838915007,1.328505708,8.169312291,1.460485444,1.206831308,23.24383959,6.314639686,75.30858931,30.54427703,30.54427703,18.2821119,5.279091622,76.34599673,30.10298827,30.10298827,8.996368011,0.084447206,2.505109616,18.19,33.73211,1.727320295,24.07966127,75.92033873,8073.707,681.802,0.317170098,0.0,0.0,17.905074404511595,5.382559546942339e-72,,,no_sigma_E,0.242157765,0.240157765,monthly_compounded,0.15222718855205014,1.215365324177979,1.3217386822707395,0.525275221808745,36.0
CVBF,2017,0.0,0.04293489059880385,0.05093489059880385,1.351796588,8.496153436,1.469495538,1.296081905,24.17324669,25.34566631,79.64195836,41.53275158,41.53275158,23.24383959,6.314639686,75.30858931,30.54427703,30.54427703,9.020460644,0.070073269,2.427793236,18.01,34.49982,1.947116702,16.96226322,83.03773678,8270.586,579.547,0.204271743,0.0,0.0,19.78005711132574,2.2109469397058052e-87,,,no_sigma_E,0.092044469,0.084044469,monthly_compounded,0.17626833878903309,1.2595371486247162,1.25513491758994,0.894133181988725,48.0
CVBF,2018,0.0,-0.13793692764747645,-0.11983692764747644,1.422912759,9.040128088,1.203899492,1.076684126,23.52538211,21.30385933,61.29136131,32.91074868,32.91074868,24.17324669,25.34566631,79.64195836,41.53275158,41.53275158,9.35263415,0.064881523,1.529934984,14.13,36.10386,2.47968327,15.60589711,84.39410289,11529.153,748.029,0.184916915,0.0,0.0,30.74752800770531,6.5972767956480034e-208,18.617412731688972,1.1608161337527296e-77,converged,-0.191374906,-0.209474906,monthly_compounded,0.19496061203545986,1.2749992167634197,1.325999559160756,1.0323955527556121,60.0
CVBF,2019,0.0,0.0807172434260762,0.1021172434260762,0.919579219,7.084970181,1.047066586,0.956468091,22.06022092,19.22860196,60.62506633,31.61810665,31.61810665,23.52538211,21.30385933,61.29136131,32.91074868,32.91074868,9.3310037,0.040277865,1.516180006,16.01,36.10386,1.469470252,12.91046399,87.08953601,11282.45,454.433,0.148243573,0.0,0.0,15.661504716976715,1.3862948631913711e-55,11.610906198685866,1.813753079744481e-31,converged,-0.022224886,-0.043624886,monthly_compounded,0.19220079142541868,1.1437531408087234,1.0761313005001076,1.2650582729877085,60.0
CVBF,2020,1.0,-0.05665257808486872,-0.05225257808486872,0.314262145,3.872261874,0.611123809,0.532337306,20.85479836,29.94175503,50.72989026,33.38123941,33.38123941,22.06022092,19.22860196,60.62506633,31.61810665,31.61810665,9.576323837,0.032607654,1.316844093,16.24,34.49982,0.797773003,18.43095391,81.56904609,14419.314,470.18,0.225955246,0.0,0.0,25.914472522228987,2.287425644503807e-148,18.68145943780158,3.503837111877871e-78,converged,-0.255342704,-0.259742704,monthly_compounded,0.14681815564756906,0.9317624447166819,0.9506707229731822,1.072691480884436,60.0
CVBF,2021,1.0,0.1353697488062559,0.13576974880625592,0.760364798,1.394060037,0.462664055,0.395559289,19.0205481,27.35634102,78.5378766,42.07111,42.07111,20.85479836,29.94175503,50.72989026,33.38123941,33.38123941,9.673048516,0.040586836,1.393998565,15.63,29.00008,0.886789001,19.28566415,80.71433585,15883.697,644.669,0.238937284,0.0,0.0,27.35598108649042,4.583597535997633e-165,12.574929250786075,1.4502992755477306e-36,converged,0.161985247,0.161585247,monthly_compounded,0.06930021635791929,0.3552467511803611,0.7093358763679769,0.5887457113762233,60.0
CVBF,2022,1.0,0.22598151384714082,0.24018151384714082,3.062708691,5.598081501,0.422170899,0.385767841,18.32180562,29.95337879,78.88919926,43.62595329,43.62595329,19.0205481,27.35634102,78.5378766,42.07111,42.07111,9.70969283,0.094706231,1.84772912,14.37,28.59994,4.140489479,11.67357622,88.32642378,16476.54,1560.431,0.132164031,0.0,0.0,15.081489531934398,1.0718869372372381e-51,5.729984228038554,5.021998644142639e-09,converged,0.120458537,0.106258537,monthly_compounded,0.0721941873920631,0.3236374178407285,0.38971876381222287,0.5449797977260462,60.0
CVBF,2023,1.0,-0.23356920834312733,-0.18406920834312734,2.870223026,5.38780708,0.477194057,0.440478125,51.15840248,30.90904191,73.46881698,46.92307411,46.92307411,18.32180562,29.95337879,78.88919926,43.62595329,43.62595329,9.681655204,0.146160853,1.353904271,15.5,28.59989,4.037676221,10.45389279,89.54610721,16020.993,2341.642,0.11674313,0.0,0.0,10.56732779447912,2.1117893833661955e-26,35.0,1.124910706472406e-268,converged,-0.014162801,-0.063662801,monthly_compounded,0.10688168272858084,0.36616565617157326,0.2858931243520328,0.49611458105167194,60.0
NWBI,2016,0.0,0.4038778367025524,0.4058778367025524,2.007228341,5.229910897,0.602430565,0.54280615,21.15270351,21.28000917,42.13452787,25.72331458,25.72331458,18.2821119,22.0081406,31.64419935,22.3079495,22.3079495,9.17197785,0.026404978,1.566326338,16.63,29.27861,2.582745163,13.4439264,86.5560736,9623.64,254.112,0.155320428,0.0,0.0,21.61775166108937,6.114569611787525e-104,,,no_sigma_E,0.20873759,0.20673759,monthly_compounded,0.06908881714412174,0.35316229918508063,0.5806471039798291,0.6108962839359174,36.0
NWBI,2017,0.0,-0.04334152856230577,-0.03534152856230577,2.126618244,5.196627308,0.610854755,0.560142123,22.15799615,21.70466326,30.56851979,21.7701801,21.7701801,21.15270351,21.28000917,42.13452787,25.72331458,25.72331458,9.14462078,0.02343577,1.418424634,15.831,29.27861,2.853806814,11.34884177,88.65115823,9363.934,219.451,0.128016847,0.0,0.0,22.597250651052644,2.3060391262744188e-113,,,no_sigma_E,0.122239122,0.114239122,monthly_compounded,0.08988651719614285,0.44963905213495065,0.6933205491979284,0.7164636481588711,48.0
NWBI,2018,0.0,0.03587081967335792,0.05397081967335793,2.300371436,6.467491827,0.677548722,0.608668448,21.58687943,34.04518834,38.00910504,30.56969123,30.56969123,22.15799615,21.70466326,30.56851979,21.7701801,21.7701801,9.170327737,0.035971083,1.392147238,15.833,30.35547,3.515626624,13.97776632,86.02223368,9607.773,345.602,0.162490158,0.0,0.0,61.465314108949805,0.0,35.0,1.124910706472406e-268,converged,-0.172130153,-0.190230153,monthly_compounded,0.11036452281756157,0.5082440082708076,0.6559268422565462,0.8631191200230858,60.0
NWBI,2019,0.0,0.0020736947935505456,0.023473694793550548,1.604455053,4.974257083,0.635514733,0.552519359,20.28455285,38.35807765,55.46322827,38.99236869,38.99236869,21.58687943,34.04518834,38.00910504,30.56969123,30.56969123,9.258550177,0.035080925,1.313150322,15.701,30.35547,2.263282864,17.74183007,82.25816993,10493.908,368.136,0.215684717,0.0,0.0,17.375589345128155,6.315100632952782e-68,10.760970602747491,2.6306535791817148e-27,converged,0.034285154,0.012885154,monthly_compounded,0.1246938871168725,0.6560328492215245,0.6611208535147818,0.8301354720681534,60.0
NWBI,2020,1.0,-0.18429806662001838,-0.1798980666200184,1.500382066,4.042601532,0.652760865,0.497483571,18.99807322,34.47280109,40.81647035,31.79243867,31.79243867,20.28455285,38.35807765,55.46322827,38.99236869,38.99236869,9.532877971,0.029829785,1.05168302,16.642,30.35547,2.31916076,30.94730486,69.05269514,13806.268,411.838,0.448169399,0.0,0.0,24.006451648200855,1.1906002370169783e-127,13.693704066362352,5.5359059404254465e-43,converged,-0.166230362,-0.170630362,monthly_compounded,0.099972153496004,0.557220043325844,0.7037341604252416,0.8223045059533298,60.0
NWBI,2021,1.0,0.17779079924711189,0.1781907992471119,1.876289218,1.646011664,0.592425978,0.503543671,24.86519365,35.69190831,50.06737896,36.79780119,36.79780119,18.99807322,34.47280109,40.81647035,31.79243867,31.79243867,9.582007923,0.027012501,1.132142803,17.056,21.74104,2.225684822,18.40402596,81.59597404,14501.508,391.722,0.225550662,0.0,0.0,30.527696795928097,5.591039173345144e-205,14.71316593037143,2.6532762288838573e-49,converged,0.164826052,0.164426052,monthly_compounded,0.08334458513718078,0.31293421353155276,0.9041005581683208,0.9100731550502305,60.0
NWBI,2022,1.0,0.031710782270208064,0.04591078227020806,3.68511629,6.19227006,0.584955649,0.495985316,26.80095254,52.26653965,26.75512104,37.14601008,37.14601008,24.86519365,35.69190831,50.06737896,36.79780119,36.79780119,9.554874595,0.065492722,1.19066709,16.363,21.74104,4.647799634,18.64724188,81.35275812,14113.324,924.32,0.229214624,0.0,0.0,18.70669038863878,2.1833214974677743e-78,6.9125828091985815,2.379540077199837e-12,converged,0.058752321,0.044552321,monthly_compounded,0.0940790274782889,0.37478539439293596,0.6831499738689514,0.8208480556938885,60.0
DCOM,2017,0.0,-0.06954539029550355,-0.061545390295503544,1.547104314,5.287169705,0.693258369,0.614560016,22.15799615,32.73120412,39.09059712,30.30729221,30.30729221,21.15270351,36.51145399,55.44510808,38.06992009,38.06992009,8.396155315,0.14241348,1.607240447,13.3,33.79849,2.052807255,16.20820567,83.79179433,4430.002,630.892,0.193434283,0.0,0.0,13.130627567017957,1.0991357982314456e-39,,,no_sigma_E,0.224502787,0.216502787,monthly_compounded,0.11549377783563154,0.5131815166042055,1.098142527281333,1.0030376732473716,48.0
DCOM,2018,0.0,-0.2774148220053696,-0.2593148220053696,2.111578545,7.770632291,0.891826186,0.823350479,21.58687943,28.75928409,67.3895181,38.52483142,38.52483142,22.15799615,32.73120412,39.09059712,30.30729221,30.30729221,8.455476073,0.068021785,1.111582824,13.6,31.33654205,3.45738988,10.80370961,89.19629039,4700.744,319.753,0.121122858,0.0,0.0,16.14070189331156,6.6015647935006665e-59,,,no_sigma_E,-0.294165711,-0.312265711,monthly_compounded,0.12766200037297085,0.5285520171129062,1.0847982283472444,1.0278030505571594,60.0
DCOM,2019,0.0,0.3182959197052412,0.33969591970524116,2.046017371,7.522186569,1.096525249,0.990885018,20.28455285,28.82800024,54.78828399,34.02247035,34.02247035,21.58687943,28.75928409,67.3895181,38.52483142,38.52483142,8.501372705,0.10462601,1.337870767,13.1,21.67368484,2.536053528,11.98055671,88.01944329,4921.52,514.919,0.136112616,0.0,0.0,6.2141212160372215,2.580633755897706e-10,4.861443082358028,5.826654436544985e-07,converged,0.067735139,0.046335139,monthly_compounded,0.1547879009032283,0.8006006993212639,1.2140606526401336,0.9934960923126164,60.0
DCOM,2020,1.0,-0.2555301767729787,-0.25113017677297866,2.039495092,6.687395581,1.119734478,0.94652354,18.99807322,22.9494,50.46712977,29.55106912,29.55106912,20.28455285,28.82800024,54.78828399,34.02247035,34.02247035,8.769397712,0.045891889,0.921928019,13.0,21.64673379,2.793607336,18.93340494,81.06659506,6434.296,295.282,0.233553721,0.0,0.0,11.74944258785858,3.5543102329514413e-32,7.522296014770848,2.6911276189971757e-14,converged,-0.184277508,-0.188677508,monthly_compounded,0.1511175446496239,0.8992057244029271,1.3581630418168,1.0455703398216953,60.0
DCOM,2021,1.0,0.4986397136273541,0.4990397136273541,1.950905326,1.82497746,1.087697092,0.973011462,17.43215031,25.45131972,55.3190875,32.53872608,32.53872608,18.99807322,22.9494,50.46712977,29.55106912,29.55106912,9.398177026,0.018560521,1.303009438,13.4,21.04958005,2.228778006,12.07467757,80.87958961,12066.364,223.958,0.149292023,0.0,0.0,,,,,low_leverage_td_ta,0.236494437,0.236094437,monthly_compounded,0.1205843949811725,0.580405140249608,1.5674003487237653,0.9484004559325152,60.0
DCOM,2022,1.0,-0.08239596053006538,-0.06819596053006538,3.682351528,8.090124812,1.090696037,0.95602431,26.01833011,33.97398833,35.00651769,30.93070979,30.93070979,17.43215031,25.45131972,55.3190875,32.53872608,32.53872608,9.487208256,0.101034949,1.165966065,12.9,21.40806295,4.666420657,13.97617608,77.97562495,13189.921,1332.643,0.179237756,0.0,0.0,13.09383060920086,1.785661526593316e-39,4.5190602022845425,3.1057366178486507e-06,converged,0.01913565,0.00493565,monthly_compounded,0.13762244939726653,0.7703404887011991,1.1686126598334383,0.8399952558383744,60.0
FFIN,2016,0.0,0.526532679957495,0.528532679957495,1.434239705,7.987641566,1.294847437,1.1153151,21.15270351,32.94473193,46.96387941,33.24758363,33.24758363,18.2821119,31.03609101,46.97099673,32.30345997,32.30345997,8.826137267,0.065458813,3.538129131,18.45,24.57731,1.697764752,17.58857008,82.41142992,6809.931,445.77,0.213423916,0.0,0.0,20.94932270722833,9.515933421091042e-98,,,no_sigma_E,0.186551622,0.184551622,monthly_compounded,0.17216072045469158,1.092708013486308,1.3940058966477553,1.2003120393874074,36.0
FFIN,2017,0.0,0.006497384578491257,0.014497384578491257,1.839838387,8.302772379,1.308221728,1.201597426,22.15799615,30.14451638,53.1308625,34.07879063,34.07879063,21.15270351,32.94473193,46.96387941,33.24758363,33.24758363,8.889406881,0.0456255,3.210655142,19.85,24.48142,2.205010378,10.51466114,89.48533886,7254.715,331.0,0.117501496,0.0,0.0,23.12056048079303,1.438153003900712e-118,,,no_sigma_E,0.19516701,0.18716701,monthly_compounded,0.1767782249055034,1.1680659519795962,1.280442857633601,1.0735594671102386,48.0
FFIN,2018,0.0,0.2815187989309451,0.2996187989309451,1.756861766,8.777713181,1.0635676,0.991670086,21.58687943,29.3641228,65.72507217,38.22563089,38.22563089,22.15799615,30.14451638,53.1308625,34.07879063,34.07879063,8.953103958,0.060620131,3.685283065,20.61,23.84879,2.537673583,8.693077671,91.30692233,7731.854,468.706,0.095207214,0.0,0.0,,,35.0,1.124910706472406e-268,extreme_DD_a_y2018_small,-0.192326462,-0.210426462,monthly_compounded,0.195442204415836,1.1739021274460926,1.338833362971885,1.2359105432150876,60.0
FFIN,2019,0.0,0.21321716131748966,0.23461716131748966,1.404917266,8.069023735,1.162839477,1.095179711,21.29806636,27.42825171,54.55269023,33.38932727,33.38932727,21.58687943,29.3641228,65.72507217,38.22563089,38.22563089,9.019449443,0.046156563,3.860218514,21.13,23.41699,1.723898106,7.464823252,92.53517675,8262.227,381.356,0.080670114,0.0,0.0,18.991876858732923,9.954212634736406e-81,10.344499716661687,2.2161256978067488e-25,converged,0.091537306,0.070137306,monthly_compounded,0.1889573826518063,1.0829396404522966,1.1469957943404026,1.274671871741946,60.0
FFIN,2020,1.0,0.04378194474649351,0.04818194474649351,0.655851472,6.058970889,0.96584823,0.884519143,20.0319078,41.05400564,60.17618041,42.17508392,42.17508392,21.29806636,27.42825171,54.55269023,33.38932727,33.38932727,9.296930827,0.03944179,3.044202871,22.03,22.91892,0.852028051,10.65736027,89.34263973,10904.5,430.093,0.119286382,0.0,0.0,22.03501235930914,6.650452893923961e-108,13.778459790491606,1.7176156459560273e-43,converged,-0.001008422,-0.005408422,monthly_compounded,0.16527787290541474,1.0078671249272204,1.0377860224605107,1.316332686557558,60.0
FFIN,2021,1.0,0.4217575118128613,0.4221575118128613,0.740374644,1.446935007,0.874763356,0.808119946,20.07635504,28.72426739,53.13527822,33.75670227,33.75670227,20.0319078,41.05400564,60.17618041,42.17508392,42.17508392,9.480555354,0.051223354,4.091975174,20.34,16.77507,0.757346863,9.01560472,90.98439528,13102.461,671.152,0.099089571,0.0,0.0,30.06660458025781,6.62348227564418e-199,35.0,1.124910706472406e-268,converged,0.120980359,0.120580359,monthly_compounded,0.10186984357884893,0.639337391160372,0.6881278157012053,0.8072696792336759,60.0
FFIN,2022,1.0,-0.32629442413379417,-0.3120944241337942,3.964287649,7.069286057,0.760197049,0.685918789,20.35513895,35.18732036,43.02900329,33.60511776,33.60511776,20.07635504,28.72426739,53.13527822,33.75670227,33.75670227,9.470707721,0.049522409,3.851879133,19.29,16.6406,4.834011606,11.4971851,88.5028149,12974.066,642.507,0.129907564,0.0,0.0,69.64556870110864,0.0,,,extreme_DD_m_y2022_small,-0.073800389,-0.088000389,monthly_compounded,0.10885799141621624,0.6658408700292672,0.4644329101655202,0.7005882637727513,60.0
FFIN,2023,1.0,-0.14758080060116585,-0.09808080060116586,3.975903701,6.42869085,0.829879683,0.706296958,18.158558,33.81959242,49.2759445,35.10737874,35.10737874,20.35513895,35.18732036,43.02900329,33.60511776,33.60511776,9.480794441,0.030832712,2.884997833,19.62,16.51951,4.72082171,17.32784993,82.67215007,13105.594,404.081,0.209597185,0.0,0.0,45.229256793605074,0.0,19.705742196384985,9.624942237987434e-87,converged,0.042261639,-0.007238361,monthly_compounded,0.12652743434591382,0.6632020517623347,0.5569841059757882,0.24771213693742497,60.0
NBTB,2016,0.0,0.5442110729609244,0.5462110729609244,1.55897808,5.220946394,0.856976156,0.617362027,21.15270351,33.32718767,23.0503413,24.82840795,24.82840795,18.2821119,23.70955419,12.67769608,16.32390947,16.32390947,9.090122023,0.100116293,1.983579145,12.39,31.34874,2.079111737,36.11687407,63.88312593,8867.268,887.758,0.565358591,0.0,0.0,15.904340076305278,2.956150910114633e-57,,,no_sigma_E,0.206066427,0.204066427,monthly_compounded,0.11013956368261832,0.7164635747594772,1.3561458033856886,0.4980191772474693,36.0
NBTB,2017,0.0,-0.10710754281413803,-0.09910754281413803,1.475885344,5.146347776,0.869129752,0.636782672,22.15799615,37.82439925,55.36147335,38.69103243,38.69103243,21.15270351,33.32718767,23.0503413,24.82840795,24.82840795,9.120066807,0.099508231,1.672316671,12.42,33.15049,2.11444705,35.3093261,64.6906739,9136.812,909.188,0.545817874,0.0,0.0,16.012178039100654,5.253326688440316e-58,,,no_sigma_E,0.096440257,0.088440257,monthly_compounded,0.11832762403455852,0.6556105165461158,1.2044168828262163,0.7402812605434971,48.0
NBTB,2018,0.0,-0.05327076263303998,-0.035170762633039976,1.463258586,6.002739491,0.870910077,0.624902194,21.58687943,34.64680983,43.10570731,32.7028723,32.7028723,22.15799615,37.82439925,55.36147335,38.69103243,38.69103243,9.164962494,0.109564591,1.48406969,12.78,33.15049,2.336649589,37.06322636,62.93677364,9556.363,1047.039,0.588896192,0.0,0.0,34.63351949618129,3.9548814646067566e-263,20.519858159394033,7.156468729662195e-94,converged,-0.156951506,-0.175051506,monthly_compounded,0.1390210273804706,0.6847888450854149,1.229135041607607,0.9204333826939344,60.0
NBTB,2019,0.0,0.18445160311632955,0.20585160311632955,1.151805792,5.385532385,0.857555075,0.679315809,21.29806636,29.21108932,47.77353285,31.83311807,31.83311807,21.58687943,34.64680983,43.10570731,32.7028723,32.7028723,9.181521571,0.084491801,1.585500981,13.52,33.15049,1.701719967,28.1864243,71.8135757,9715.925,820.916,0.392494372,0.0,0.0,15.044090288525078,1.8874354555462764e-51,9.88142300608135,2.505805351614804e-23,converged,0.019793377,-0.001606623,monthly_compounded,0.1562521222599296,0.8075895251472822,1.0451525267637933,1.0938068911787378,60.0
NBTB,2020,1.0,-0.18565945436853873,-0.18125945436853874,1.097456275,4.24349724,0.710417019,0.56473931,20.0319078,33.0687362,72.04973321,42.48886929,42.48886929,21.29806636,29.21108932,47.77353285,31.83311807,31.83311807,9.29953242,0.03720246,1.179246119,15.62,32.46151,1.847926608,27.63789354,72.36210646,10932.906,406.731,0.381938764,0.0,0.0,26.95450437949819,2.525656627470538e-160,16.226664335050778,1.6336976067538809e-59,converged,-0.208127513,-0.212527513,monthly_compounded,0.124336895759185,0.72644498027219,0.9061067459370814,0.9678394963460786,60.0
NBTB,2021,1.0,0.2359324453499833,0.23633244534998332,1.561749378,1.565942916,0.652066335,0.564145762,46.70356047,55.17170231,78.62377567,58.99593075,58.99593075,20.0319078,33.0687362,72.04973321,42.48886929,42.48886929,9.39367067,0.025930163,1.329783544,15.73,22.13894,1.819124033,16.67782672,83.32217328,12012.111,311.476,0.200160726,0.0,0.0,31.27516750432158,5.07822140902869e-215,13.538237588738134,4.6496653379514474e-42,converged,0.174455511,0.174055511,monthly_compounded,0.0795994818892177,0.4200268686247595,0.6953367564374123,0.7104168820457462,60.0
NBTB,2022,1.0,0.14617226307206255,0.16037226307206254,3.660015971,6.353796133,0.608257889,0.536813968,48.74321799,52.12522789,82.9395308,59.69651677,59.69651677,46.70356047,55.17170231,78.62377567,58.99593075,58.99593075,9.370697126,0.06712072,1.585684745,15.38,22.13894,4.594923602,14.59788075,85.40211925,11739.296,787.95,0.17093113,0.0,0.0,17.487021928243696,8.995838494201901e-69,6.309675699930666,1.398103818478421e-10,converged,0.096437593,0.082237593,monthly_compounded,0.09188425817528748,0.4398479895064293,0.5098047441976798,0.7233615343249985,60.0
NBTB,2023,1.0,-0.0504092224051428,-0.0009092224051427955,3.640901465,5.366542626,0.527713898,0.380625629,53.29738815,52.87544189,83.27784446,61.65767233,61.65767233,48.74321799,52.12522789,82.9395308,59.69651677,59.69651677,9.496198783,0.047891283,1.384855391,14.75,22.13894,4.647888376,33.16926943,66.83073057,13309.04,637.387,0.496317624,0.0,0.0,17.259480894716102,4.748037999082891e-67,34.29187183955512,5.1863044262196755e-258,converged,0.032928427,-0.016571573,monthly_compounded,0.12902229767535955,0.49869241231662137,0.5046303179581155,0.6536177181592576,60.0
BANF,2016,0.0,0.6204098281798864,0.6224098281798864,1.76629918,6.141909336,0.719346171,0.704718339,21.15270351,21.28198054,22.69482366,18.72599887,18.72599887,18.2821119,19.10479156,21.51552288,17.22156485,17.22156485,8.856369198,0.00462448,2.068935333,15.33,34.30712,2.279187388,3.062922487,96.93707751,7018.952,32.459,0.031597017,0.0,0.0,,,,,low_leverage_td_ta,0.277536059,0.275536059,monthly_compounded,0.0709823997965399,0.34644983572363697,0.9062223346806517,0.5151468420339627,36.0
BANF,2017,0.0,0.10904977139696781,0.11704977139696782,1.695404776,5.198330442,0.562811844,0.555926617,22.15799615,19.90234849,24.78723404,18.79496911,18.79496911,21.15270351,21.28198054,22.69482366,18.72599887,18.72599887,8.889191963,0.004530304,2.103334065,15.62,34.30712,2.252894559,1.850422566,98.14957743,7253.156,32.859,0.018853087,0.0,0.0,,,,,low_leverage_td_ta,0.219474666,0.211474666,monthly_compounded,0.08977251099812328,0.35555698411830683,1.0132405208130773,0.7475111120852468,48.0
BANF,2018,0.0,-0.02437157952547386,-0.006271579525473858,1.622667877,7.529413924,0.783379486,0.774406871,21.58687943,14.98633453,21.24472574,15.0813232,15.0813232,22.15799615,19.90234849,24.78723404,18.79496911,18.79496911,8.932510672,0.003759972,1.802121988,16.29,33.42944,2.790869349,1.710699938,98.28930006,7574.258,28.479,0.017404742,0.0,0.0,,,,,low_leverage_td_ta,-0.239323586,-0.257423586,monthly_compounded,0.10479805836706735,0.4112460281403665,1.0264601463497258,0.747863928721778,60.0
BANF,2019,0.0,0.25768829480656386,0.27908829480656383,1.560036488,6.839547693,0.871376818,0.862676141,20.28455285,11.1469661,20.53804521,12.92259146,12.92259146,21.58687943,14.98633453,21.24472574,15.0813232,15.0813232,9.055527907,0.003257622,2.031295958,14.42,33.42944,2.148710387,1.492425587,98.50757441,8565.758,27.904,0.015150364,0.0,0.0,,,,,low_leverage_td_ta,0.131591861,0.110191861,monthly_compounded,0.13337482915431076,0.7101411989456885,0.7982542544941763,0.8634718845258839,60.0
BANF,2020,1.0,-0.033972074013057615,-0.029572074013057614,1.300648758,9.160356382,1.405930314,1.387176471,20.0319078,35.38460418,12.084477,22.05004758,22.05004758,20.28455285,11.1469661,20.53804521,12.92259146,12.92259146,9.128301014,0.003028975,1.798560063,15.64,33.42944,2.200405797,1.990420718,98.00957928,9212.357,27.904,0.02030843,0.0,0.0,,,,,low_leverage_td_ta,-0.167507814,-0.171907814,monthly_compounded,0.1216217166435581,0.7317490865823681,0.973973134615444,0.8616323114244546,60.0
BANF,2021,1.0,0.2273226806908259,0.2277226806908259,2.006201047,1.544777472,1.363029479,1.315685953,18.48795725,38.53599035,22.15250799,27.24079029,27.24079029,20.0319078,35.38460418,12.084477,22.05004758,22.05004758,9.149061811,0.009142095,1.963309084,17.3,21.24418,2.190677304,4.369407545,95.63059245,9405.612,85.987,0.045690479,0.0,0.0,,,,,low_leverage_td_ta,0.293750321,0.293350321,monthly_compounded,0.14481962088319367,0.9815648951948429,0.780535451842548,1.1022558164558311,60.0
BANF,2022,1.0,0.25696099440759124,0.2711609944075912,3.490277906,8.970059868,1.137779202,1.110544264,16.94937276,44.86363711,22.60256009,30.54128564,30.54128564,18.48795725,38.53599035,22.15250799,27.24079029,27.24079029,9.424472482,0.006970048,2.317623478,16.61,20.45447,4.35943006,2.990801928,97.00919807,12387.863,86.344,0.030830086,0.0,0.0,,,,,low_leverage_td_ta,0.023241259,0.009041259,monthly_compounded,0.160895534093098,1.0543505020984758,0.6213753187496461,1.088031746869399,60.0
BANF,2023,1.0,0.07483447155364119,0.12433447155364119,0.110421671,7.792237282,1.115607807,1.115607807,14.98557002,40.31887931,25.31391435,29.260079,29.260079,16.94937276,44.86363711,22.60256009,30.54128564,30.54128564,9.423194529,0.007230173,2.235435359,16.9,19.56257,0.0,0.0,100.0,12372.042,89.452,0.0,0.0,0.0,,,,,low_leverage_td_ta,0.110421671,0.060921671,monthly_compounded,0.18540150392104665,0.9768627567061692,0.6937406903296311,0.9521442843453749,60.0
OCFC,2017,0.0,-0.1147718250341433,-0.10677182503414329,1.616979873,4.910282351,0.57353902,0.523132797,24.17324669,31.11365276,59.28277282,37.06436606,37.06436606,23.24383959,33.40256689,37.55546075,30.38876265,30.38876265,8.597113922,0.078448584,1.421515466,13.96,34.75484,2.216860725,12.86775565,87.13224435,5416.006,424.878,0.147680755,0.0,0.0,15.59888546806548,3.703801994175723e-55,,,no_sigma_E,0.195777748,0.187777748,monthly_compounded,0.10343277479115554,0.3820023555821045,1.1525281142702524,0.9511245430073625,48.0
OCFC,2018,0.0,-0.14057915808983756,-0.12247915808983756,1.695647184,6.630193403,0.697691691,0.646065623,23.52538211,35.60554353,59.07506107,39.20651596,39.20651596,24.17324669,31.11365276,59.28277282,37.06436606,37.06436606,8.92480985,0.081248069,1.038507224,14.31,34.53073,2.996827002,10.87779441,89.12220559,7516.154,610.673,0.122054816,0.0,0.0,14.809457748856708,6.363140147984703e-50,,,no_sigma_E,-0.298863314,-0.316963314,monthly_compounded,0.11896901500728102,0.4244793237440087,1.1048828231886307,1.0180717036133866,60.0
OCFC,2019,0.0,0.14537383757827724,0.16677383757827724,1.242601677,5.947902995,0.798855203,0.734334472,22.06022092,30.71397722,39.41526053,29.67932269,29.67932269,23.52538211,35.60554353,59.07506107,39.20651596,39.20651596,9.017501097,0.083408672,1.116402493,14.07,34.45763836,1.866620353,11.82086159,88.17913841,8246.145,687.8,0.134055082,0.0,0.0,6.683862419659789,1.1636265372011307e-11,4.725722828566734,1.1464911797205892e-06,converged,0.021745069,0.000345069,monthly_compounded,0.13911366498666713,0.6147631325265885,1.1687202654114641,1.0108225964064792,60.0
OCFC,2020,1.0,-0.2445017319670542,-0.2401017319670542,2.481411484,5.830773021,0.967176609,0.725178755,20.85479836,40.84982887,53.00412766,39.6103695,39.6103695,22.06022092,30.71397722,39.41526053,29.67932269,29.67932269,9.345597662,0.031788526,0.758090275,15.6,29.23023495,3.732428648,32.04396232,67.95595547,11448.313,363.925,0.471540163,0.0,0.0,12.94358661567186,1.2771040310983743e-38,8.069822861635368,3.5200115923600087e-16,converged,-0.235475317,-0.239875317,monthly_compounded,0.13610158733859756,0.6510275288395145,1.0839933318683455,1.3084484987745788,60.0
OCFC,2021,1.0,0.23009675961507553,0.23049675961507554,1.529455771,1.810869297,0.942577287,0.767209815,21.40314479,44.98667301,58.99339739,44.12283608,44.12283608,20.85479836,40.84982887,53.00412766,39.6103695,39.6103695,9.370724384,0.029635552,0.866232098,14.06,21.8709835,1.742208142,22.63444447,77.36549471,11739.616,347.91,0.29256511,0.0,0.0,18.72690209517389,1.494026995526333e-78,10.80280831740931,1.6691698268235337e-27,converged,0.217520336,0.217120336,monthly_compounded,0.11472033144172575,0.4960412430746846,1.135594417944072,1.1794693516643664,60.0
OCFC,2022,1.0,-0.023247387912267332,-0.009047387912267335,3.642278864,7.490487407,0.874215076,0.724669134,23.49558129,43.8950359,59.40609826,44.27212256,44.27212256,21.40314479,44.98667301,58.99339739,44.12283608,44.12283608,9.48066487,0.112612768,0.79311141,12.98,21.88125,4.603309587,20.89655081,79.10337743,13103.896,1475.666,0.264167618,0.0,0.0,10.334602666510929,2.457222450370435e-25,4.119795801599871,1.896041576118067e-05,converged,0.058443719,0.044243719,monthly_compounded,0.12719343380103787,0.6270068206959716,0.9961462085473205,0.9571803385593307,60.0
OCFC,2023,1.0,-0.19316902809797798,-0.143669028097978,3.6952929,7.15650816,1.02474683,0.817422924,40.45738303,50.04459842,65.8441486,51.16328614,51.16328614,23.49558129,43.8950359,59.40609826,44.27212256,44.27212256,9.513274513,0.082598545,0.621258971,14.1,21.88125,4.74480368,24.50969727,75.49021493,13538.253,1118.24,0.324673831,0.0,0.0,9.809001192258808,5.1491408370811426e-23,12.213596987433805,1.3149967997250886e-34,converged,-0.014953493,-0.064453493,monthly_compounded,0.16829854684322582,0.6945909585183798,0.982688311871208,0.967455186443642,60.0
FBK,2017,0.0,0.6101117534571898,0.6181117534571898,2.452321516,7.868642107,1.269010134,1.099265043,22.15799615,33.36218859,50.48615877,34.7226627,34.7226627,21.15270351,28.58301762,7.226962457,16.77888322,16.77888322,8.461196855,0.073522864,2.148691213,12.01,15.77563189,2.673097968,15.49342838,84.50657162,4727.713,347.595,0.183339924,0.0,0.0,17.890208677370506,7.029045765211198e-72,,,no_sigma_E,0.237758603,0.229758603,monthly_compounded,,,,,
FBK,2018,0.0,-0.17984917536425615,-0.16174917536425615,2.778298593,6.59111552,0.705019604,0.614280569,21.58687943,23.06479198,44.85343105,27.587372,27.587372,22.15799615,33.36218859,50.48615877,34.7226627,34.7226627,8.544178588,0.044342314,1.601491256,13.0,15.8208943,3.578911718,14.92823642,85.07176358,5136.764,227.776,0.175478159,0.0,0.0,20.091844510940895,4.348521421803325e-90,,,no_sigma_E,-0.27552889,-0.29362889,monthly_compounded,,,,,
FBK,2019,0.0,0.11910567867612207,0.14050567867612207,2.068330618,6.071529484,0.885733141,0.735616832,20.28455285,27.51371004,44.44550568,29.64718222,29.64718222,21.58687943,23.06479198,44.85343105,27.587372,27.587372,8.720121137,0.049743499,1.61170378,12.2,22.83640493,2.587641036,20.91500061,79.08499939,6124.921,304.675,0.264462297,0.0,0.0,8.765692516503037,9.281601265292581e-19,6.425791686807665,6.559247545469218e-11,converged,0.090552909,0.069152909,monthly_compounded,,,,,
FBK,2020,1.0,-0.11580652162023446,-0.11140652162023446,2.062030326,7.489721093,1.261098067,1.091426609,18.99807322,28.12653967,37.82039666,27.56610647,27.56610647,20.28455285,27.51371004,44.44550568,29.64718222,29.64718222,9.324323308,0.021265011,1.270030492,15.0,22.83935064,2.778433841,16.76888199,83.23111801,11207.33,238.324,0.201473708,0.0,0.0,15.818416069602456,1.1613127897433805e-56,9.387510261964644,3.071762791653686e-21,converged,-0.098313311,-0.102713311,monthly_compounded,0.1163354357457834,0.8393704209695522,0.2914542962388726,0.847963384081795,40.0
FBK,2021,1.0,0.2747013907461077,0.27510139074610773,1.597677937,1.542566649,1.134803491,1.066084823,18.48795725,41.2023804,43.15429781,36.12396409,36.12396409,18.99807322,28.12653967,37.82039666,27.56610647,27.56610647,9.441268425,0.013635679,1.454421912,14.5,24.20126,1.863601357,7.837461346,92.16253865,12597.686,171.778,0.085039556,0.0,0.0,,,,,low_leverage_td_ta,0.200831697,0.200431697,monthly_compounded,0.13595644069817656,0.8636469764572665,0.5497108128702967,1.2339113068211138,52.0
FBK,2022,1.0,-0.17921044147973308,-0.1650104414797331,4.157646291,7.763884324,1.046853903,0.799870133,22.8731221,38.94426413,61.90223464,42.62551473,42.62551473,18.48795725,41.2023804,43.15429781,36.12396409,36.12396409,9.460924445,0.032354055,1.274389829,13.1,23.48479,5.468542059,28.75227263,71.24772737,12847.756,415.677,0.403553541,0.0,0.0,25.765785238166817,1.0726073291378293e-146,9.916648969468136,1.76194401324685e-23,converged,-0.037362804,-0.051562804,monthly_compounded,0.14653081817149324,0.8498689703684159,0.744769093290441,1.0931856919004461,60.0
FBK,2023,1.0,0.07408126308175432,0.12358126308175432,3.635417507,7.345683,1.118364709,0.988123354,20.23783143,36.73967439,56.0408319,39.29051423,39.29051423,22.8731221,38.94426413,61.90223464,42.62551473,42.62551473,9.441801476,0.03101805,1.283295106,14.5,22.83746,4.674656771,14.58955977,85.41044023,12604.403,390.964,0.170817054,0.0,0.0,23.43886815259444,8.584557725787872e-122,13.241893590238272,2.513265378646142e-40,converged,0.033173469,-0.016326531,monthly_compounded,0.1826687618011945,0.8874693010874161,0.9032074374880292,0.9644898021781535,60.0
LOB,2017,0.0,,,2.138283973,8.47378761,1.23124252,1.208722429,22.15799615,31.40997143,25.30199039,24.68806237,24.68806237,21.15270351,24.52640844,21.79180887,20.01014978,20.01014978,7.922432907,0.009629962,2.177701512,18.91,28.77428853,2.486219642,2.549132788,97.45086721,2758.474,26.564,0.026158133,0.0,0.0,,,,,low_leverage_td_ta,0.377068316,0.369068316,unavailable,,,,,
LOB,2018,0.0,,,3.445947118,8.812659699,0.975373907,0.974369,21.58687943,25.8251729,33.26671108,24.78530175,24.78530175,22.15799615,31.40997143,25.30199039,24.68806237,24.68806237,8.208069277,0.000396954,1.20493411,18.28,26.37274429,5.110121035,0.139880048,99.86011995,3670.449,1.457,0.00140076,0.0,0.0,,,,,low_leverage_td_ta,-0.316938097,-0.335038097,unavailable,,,,,
LOB,2019,0.0,,,1.616441566,7.971218617,1.058416302,1.056898598,20.28455285,31.27977031,25.05995967,24.53635156,24.53635156,21.58687943,25.8251729,33.26671108,24.78530175,24.78530175,8.479040132,2.91e-06,1.439605241,15.74,20.99961,1.779593545,0.181441074,99.81855893,4812.828,0.014,0.001817709,0.0,0.0,,,,,debt_too_low,0.210938455,0.189538455,unavailable,,,,,
LOB,2020,1.0,,,2.308047782,4.985955665,1.293894556,0.552293392,18.99807322,35.52445128,34.68539213,30.106869,30.106869,20.28455285,31.27977031,25.05995967,24.53635156,24.53635156,8.971105929,0.19588842,3.548107928,13.39,21.00652,2.839678751,62.96083593,37.03916407,7872.303,1542.093,1.699844948,0.0,0.0,8.316948740110115,4.512838232266932e-17,,,extreme_DD_m_y2020_small,0.175184072,0.170784072,unavailable,,,,,
VBTX,2017,0.0,0.024946461997832133,0.03294646199783213,1.852677684,6.416108964,0.815314368,0.800514062,22.15799615,44.94650578,27.3678792,32.14590338,32.14590338,21.15270351,44.21213582,31.92974972,33.42392926,33.42392926,7.988062039,0.034917706,1.36048694,13.16,33.28016147,2.328936695,2.696347608,97.30365239,2945.583,102.853,0.027710652,0.0,0.0,19.48934809664141,6.759615929710034e-85,,,no_sigma_E,0.307095237,0.299095237,monthly_compounded,,,,,
VBTX,2018,0.0,-0.24318155136709774,-0.22508155136709773,1.835755593,12.42368732,1.584833272,1.5597653,21.58687943,40.39277757,40.93826338,34.77259249,34.77259249,22.15799615,44.94650578,27.3678792,32.14590338,32.14590338,8.073574401,0.013934643,0.977216584,12.98,34.19722,3.321696697,2.384163217,97.61583678,3208.55,44.71,0.024423939,0.0,0.0,,,,,low_leverage_td_ta,-0.358561878,-0.376661878,monthly_compounded,0.18234175345286802,1.6703459315243456,-0.4942724655065192,0.8183128348428061,39.0
FFWM,2019,0.0,,,1.093348241,6.752084135,0.868153651,0.852949897,20.28455285,12.55260831,61.25756129,28.27881579,28.27881579,21.58687943,19.86365094,57.27181879,30.47022563,30.47022563,8.75059372,0.117666883,1.266183711,11.15,39.21062,1.975511387,2.848709708,97.15129029,6314.436,743.0,0.029322407,0.0,0.0,13.046548607144846,3.3246023290400074e-39,,,no_sigma_E,-0.110706592,-0.132106592,unavailable,,,,,
FFWM,2020,1.0,,,1.247547824,9.989046674,1.541564401,1.526213769,18.99807322,21.25995414,71.45575355,36.26900853,36.26900853,20.28455285,12.55260831,61.25756129,28.27881579,28.27881579,8.847526624,0.038665202,1.284086352,12.17,34.81689,2.170595608,1.519587342,98.48041266,6957.16,269.0,0.015430351,0.0,0.0,17.863058912214292,1.1437606459610157e-71,,,no_sigma_E,-0.169895611,-0.174295611,unavailable,,,,,
BHLB,2017,0.0,,,1.729215296,4.263874467,0.665168241,0.431783674,26.14350339,48.82305129,58.04964539,45.68801882,45.68801882,25.0228658,27.79232261,69.2278157,39.26430904,39.26430904,9.356235727,0.099250083,1.138770642,12.43,26.41581073,2.212229874,42.34816192,57.65183808,11570.751,1148.398,0.734550074,0.0,0.0,13.419749678680985,2.3163770407553493e-41,,,no_sigma_E,0.175820722,0.167820722,unavailable,,,,,
BHLB,2018,0.0,,,2.520337848,7.249521724,1.139485457,0.754302282,22.59698044,50.09271751,52.17299578,43.77372091,43.77372091,26.14350339,48.82305129,58.04964539,45.68801882,45.68801882,9.410193269,0.125186135,0.809961468,12.99,26.09628102,3.647418958,40.33784484,58.37905994,12212.231,1528.802,0.690964275,0.0,0.0,11.602121564673594,2.009936701112057e-31,,,no_sigma_E,-0.300176825,-0.318276825,unavailable,,,,,
BHLB,2019,0.0,,,1.937751135,7.668491048,1.093833091,1.036862936,25.88453574,50.21615788,47.56553115,42.83720306,42.83720306,22.59698044,50.09271751,52.17299578,43.77372091,43.77372091,9.489181226,0.063440898,0.94902502,13.73,24.20068607,2.541890577,6.591303497,90.93069912,13215.97,838.433,0.072487109,0.0,0.0,7.293086828759478,1.514663578591646e-13,4.688049715533722,1.3791051031927343e-06,converged,0.012114189,-0.009285811,unavailable,,,,,
BHLB,2020,1.0,,,3.038672061,7.328425208,1.217585862,1.043174608,56.88309768,53.87239087,52.94798902,49.48701709,49.48701709,25.88453574,50.21615788,47.56553115,42.83720306,42.83720306,9.460165814,0.045335676,0.732684149,16.1,20.95940016,4.173222739,16.9028164,79.90828378,12838.013,582.02,0.211527712,0.0,0.0,11.904910129213755,5.5791728065031674e-33,6.693962109364665,1.0860384073112828e-11,converged,-0.325208116,-0.329608116,unavailable,,,,,
BHLB,2021,1.0,,,1.952463052,1.566888321,1.161517268,1.092682838,54.71779847,54.16284912,70.59630985,56.16647501,56.16647501,56.88309768,53.87239087,52.94798902,49.48701709,49.48701709,9.354865993,0.010446292,1.170132766,17.32,22.60535,2.201103846,7.526898816,92.47310118,11554.913,120.706,0.081395549,0.0,0.0,,,,,low_leverage_td_ta,0.269187938,0.268787938,unavailable,,,,,
BHLB,2022,1.0,,,3.849627425,8.12302114,1.002633907,0.924796036,53.50642741,54.81503696,65.51529786,54.82917591,54.82917591,54.71779847,54.16284912,70.59630985,56.16647501,56.16647501,9.364165056,0.011559339,1.390266605,14.6,20.66492,4.711710401,9.591549078,90.40845092,11662.864,134.815,0.106091289,0.0,0.0,,,,,low_leverage_td_ta,0.123426745,0.109226745,unavailable,,,,,
BHLB,2023,1.0,,,4.261325867,6.813127232,0.900868564,0.805306088,50.39215776,52.71336556,60.39353456,51.94744266,51.94744266,53.50642741,54.81503696,65.51529786,54.82917591,54.82917591,9.427934232,0.041450762,1.067085796,14.36,19.53593,5.29855901,12.85228689,87.14771311,12430.821,515.267,0.147477041,0.0,0.0,10.978835665013293,2.415551111864981e-28,16.384835202195447,1.2271662829958011e-60,converged,-0.002421594,-0.051921594,unavailable,,,,,
FBNC,2017,0.0,0.3059580051273896,0.3139580051273896,4.01795877,7.307539939,1.09497318,0.839275078,22.15799615,40.22283747,34.30221917,32.29932629,32.29932629,21.15270351,36.14618727,46.21302617,34.56519831,34.56519831,8.62101919,0.073470395,1.51024244,12.5,34.91835,5.952115192,31.88604828,68.11395172,5547.037,407.543,0.468128004,0.0,0.0,16.213849455710957,2.0127273852793825e-59,,,no_sigma_E,0.211739283,0.203739283,monthly_compounded,0.16095698435418165,0.8305493615001912,1.3606667779214408,1.3256881660094042,48.0
FBNC,2018,0.0,-0.08312456529180412,-0.06502456529180412,3.71036033,9.095436895,1.185494355,0.971220632,21.58687943,32.17597935,43.45214302,31.60205724,31.60205724,22.15799615,40.22283747,34.30221917,32.29932629,32.29932629,8.676607025,0.069338499,1.270317031,13.97,34.70914,6.011102268,25.25645174,74.74354826,5864.116,406.609,0.337908118,0.0,0.0,16.592396777507506,3.954987196073293e-62,,,no_sigma_E,-0.286767275,-0.304867275,monthly_compounded,0.1693422320906739,0.8821367872986493,1.3077480954594827,1.2091591020740375,60.0
FBNC,2019,0.0,0.21851212699125763,0.23991212699125763,3.143779852,7.590432187,1.131817164,0.954474883,23.06233062,36.13616102,49.73363048,36.22764284,36.22764284,21.58687943,32.17597935,43.45214302,31.60205724,31.60205724,8.723172517,0.048940213,1.385951502,14.89,34.31973,4.717639085,22.05080662,77.94919338,6143.639,300.671,0.282886912,0.0,0.0,8.652562420591167,2.517789924270115e-18,6.165454363784084,3.5140518954293784e-10,converged,0.058014409,0.036614409,monthly_compounded,0.18723361038157807,1.0685142483997798,1.2789799634545818,1.2002423301507446,60.0
FBNC,2020,1.0,-0.13156591009738408,-0.1271659100973841,2.119568114,7.995986495,1.264715279,1.18425578,22.30216678,33.95816376,31.16883117,28.53981792,28.53981792,23.06233062,36.13616102,49.73363048,36.22764284,36.22764284,8.894224668,0.008481634,1.082176156,15.37,34.007,3.484329431,9.334206583,90.66579342,7289.751,61.829,0.102951799,0.0,0.0,,,,,low_leverage_td_ta,-0.198360816,-0.202760816,monthly_compounded,0.15317559702589073,0.9763072364167316,1.0703052271123428,1.0784094117045264,60.0
FBNC,2021,1.0,0.37615889693073784,0.37655889693073785,3.310025371,1.628936589,1.244731046,1.198041743,20.59743576,30.90623251,40.85186255,30.49196295,30.49196295,22.30216678,33.95816376,31.16883117,28.53981792,28.53981792,9.259977891,0.006412279,1.323743756,14.67,21.31603,3.923969584,4.719160535,95.28083946,10508.901,67.386,0.049528956,0.0,0.0,,,,,low_leverage_td_ta,0.233510034,0.233110034,monthly_compounded,0.14069040163683444,0.6702062148506674,1.5460984286713764,1.254973653666616,60.0
FBNC,2022,1.0,-0.05581528482141707,-0.041615284821417076,4.489114769,8.667271593,1.154754552,1.015645544,19.0731221,25.63172149,39.95158287,27.5537236,27.5537236,20.59743576,30.90623251,40.85186255,30.49196295,30.49196295,9.270969606,0.027059358,1.482717999,15.09,20.9966,5.646372998,14.77519785,85.22480215,10625.049,287.507,0.173367347,0.0,0.0,19.54822462591768,2.1356411418661865e-85,7.074017059894014,7.525588517284748e-13,converged,0.033192361,0.018992361,monthly_compounded,0.15701560820410626,0.8723290762227508,1.235092820308536,1.064546748453384,60.0
FBNC,2023,1.0,-0.16193784225185637,-0.11243784225185638,3.904882081,6.860317405,1.042607154,0.817769327,16.669483,28.49750754,56.43197863,34.82937013,34.82937013,19.0731221,25.63172149,39.95158287,27.5537236,27.5537236,9.402194846,0.052014942,1.10864383,15.54,20.90113,4.918367737,25.793498,74.206502,12114.942,630.158,0.347590808,0.0,0.0,14.538291418854952,3.465042023716873e-48,12.383115325498771,1.612869552661969e-35,converged,0.019551897,-0.029948103,monthly_compounded,0.1924337749239237,0.9270601651990106,1.2867875503206345,0.9356412162833425,60.0
BUSE,2017,0.0,-0.011690914177993054,-0.0036909141779930543,1.32927247,5.567447166,0.963724692,0.740660383,22.15799615,24.95022429,47.73164036,29.55870178,29.55870178,21.15270351,24.07519661,48.34328783,29.34488114,29.34488114,8.969623307,0.095373023,1.558954563,14.15,34.66551,1.854352565,31.55211622,68.44788378,7860.64,749.693,0.460965547,0.0,0.0,15.036549726923798,2.1151558211142343e-51,,,no_sigma_E,0.172015075,0.164015075,monthly_compounded,0.11414814785710328,0.7646562563365911,1.1706773586506165,0.4441061235253589,48.0
BUSE,2018,0.0,-0.1769729710493878,-0.1588729710493878,1.654552962,7.495845367,1.101778419,0.853125609,21.58687943,41.05874359,46.52120808,37.11277173,37.11277173,22.15799615,24.95022429,47.73164036,29.55870178,29.55870178,8.949281665,0.052664009,1.205459168,14.83,34.66551,2.752631921,30.84876728,69.15123272,7702.357,405.637,0.446105819,0.0,0.0,17.506362446477308,6.406215631210227e-69,,,no_sigma_E,-0.208044108,-0.226144108,monthly_compounded,0.13006131963672726,0.7989360663124908,1.1314146024121214,0.5320374082990481,60.0
BUSE,2019,0.0,0.1364493935631311,0.1578493935631311,1.246570381,5.959849856,0.958305386,0.780223399,20.28455285,45.30083039,47.58887828,39.60120805,39.60120805,21.58687943,41.05874359,46.52120808,37.11277173,37.11277173,9.179440758,0.048255474,1.234553634,14.03,34.66551,1.812346575,25.89014484,74.10985516,9695.729,467.872,0.349348205,0.0,0.0,11.379727022264504,2.638231591146336e-30,8.061302915650884,3.7742759045891262e-16,converged,0.084311309,0.062911309,monthly_compounded,0.15296421740070645,1.015002590536616,0.9272031417282717,0.6653833929269604,60.0
BUSE,2020,1.0,-0.18411882405403426,-0.17971882405403428,1.06209384,5.436927987,1.110251297,0.805832883,18.99807322,39.56530774,74.46592168,46.43212444,46.43212444,20.28455285,45.30083039,47.58887828,39.60120805,39.60120805,9.263316714,0.045384092,0.923110766,17.04,34.48955,1.789361431,36.5745456,63.4254544,10544.047,478.532,0.576654057,0.0,0.0,15.874259634324623,4.7765743879397913e-57,9.683244690180246,1.7762921060450836e-22,converged,-0.173628848,-0.178028848,monthly_compounded,0.128637581742006,0.845052231499768,0.9335591965015073,0.8234199579290837,60.0
BUSE,2021,1.0,0.3071931340447919,0.30759313404479194,1.339520104,1.538134564,0.986974355,0.746983512,17.43215031,38.84128492,54.19289633,38.77472,38.77472,18.99807322,39.56530774,74.46592168,46.43212444,46.43212444,9.461852814,0.04885227,1.139702132,15.7,26.13289,1.59071284,30.31083053,69.68916947,12859.689,628.225,0.434943202,0.0,0.0,18.866598108726784,1.0734080938763346e-79,9.434288639441146,1.9682812720512904e-21,converged,0.236057486,0.235657486,monthly_compounded,0.11858177565110697,0.7311551016001165,0.9031395312926253,0.9187445064033191,60.0
BUSE,2022,1.0,-0.06834188461463299,-0.054141884614632985,3.477641874,6.871756193,0.897964834,0.658215864,22.85316423,35.33617607,67.75046555,42.94126218,42.94126218,17.43215031,38.84128492,54.19289633,38.77472,38.77472,9.420331974,0.073334821,1.192432261,16.12,23.41972,4.501531645,32.23244615,67.76755385,12336.677,904.708,0.475632428,0.0,0.0,14.921382251031895,1.1963253954773786e-50,5.212544155869572,9.31341060488946e-08,converged,0.044794795,0.030594795,monthly_compounded,0.12895181239034742,0.7381029205122837,0.6053494343045623,0.9648236937220483,60.0
BUSE,2023,1.0,0.001372013791873225,0.05087201379187323,3.865318735,6.175447727,0.833984544,0.605807354,50.18702759,66.91662779,73.39676361,63.64388444,63.64388444,22.85316423,35.33617607,67.75046555,42.94126218,42.94126218,9.416005258,0.041704282,1.077971317,17.44,21.73221,4.875338791,32.488637,67.511363,12283.415,512.271,0.48123213,0.0,0.0,16.29026693049964,5.786152007030949e-60,13.36381951851415,4.91917155309423e-41,converged,0.073319226,0.023819226,monthly_compounded,0.16545797831116468,0.7701125001863178,0.6998060231430553,0.8858971888806897,60.0
BRKL,2017,0.0,-0.027143775440279898,-0.019143775440279898,1.796439504,6.827788792,0.954392781,0.899248265,22.15799615,21.25495609,39.93250972,24.91816172,24.91816172,21.15270351,22.17580969,39.85637088,25.34749512,25.34749512,8.821769106,0.150557745,1.508906076,14.75,35.74108,2.59302799,8.711727553,91.28827245,6780.249,1020.819,0.095430961,0.0,0.0,12.572415094683809,1.4971744139705404e-36,,,no_sigma_E,0.142611662,0.134611662,monthly_compounded,0.12870520609476283,0.8322615943123558,0.7200846312878019,0.8660642569613751,48.0
BRKL,2018,0.0,-0.11671836869805985,-0.09861836869805984,1.874902781,7.952405017,0.906428461,0.855808285,21.58687943,21.98702088,63.09127249,33.61842045,33.61842045,22.15799615,21.25495609,39.93250972,24.91816172,24.91816172,8.908262509,0.124518637,1.230666087,14.42,35.64958,3.248382174,8.417946455,91.58205355,7392.805,920.542,0.091916987,0.0,0.0,13.18075157568522,5.6628435987142085e-40,,,no_sigma_E,-0.235247827,-0.253347827,monthly_compounded,0.1426935213651953,0.8342407678035263,0.7243059553502328,0.9515956199639599,60.0
BRKL,2019,0.0,0.20445501532844843,0.22585501532844843,1.366382572,6.542271718,0.894410312,0.834076324,20.28455285,18.54058521,51.99830203,27.91551899,27.91551899,21.58687943,21.98702088,63.09127249,33.61842045,33.61842045,8.969141424,0.114899566,1.395575727,13.59,35.64958,2.091236783,10.10508525,89.89491475,7856.853,902.749,0.112409976,0.0,0.0,8.63360659994104,2.972360170678827e-18,5.783800171274242,3.6515845242928054e-09,converged,0.022985638,0.001585638,monthly_compounded,0.14906077575413895,0.8616952335057915,0.819801703077487,0.9248596960279483,60.0
BRKL,2020,1.0,-0.24094326697405025,-0.23654326697405026,1.274267869,4.800494377,0.749448704,0.649599739,18.99807322,24.66951934,53.63132991,31.54336036,31.54336036,20.28455285,18.54058521,51.99830203,27.91551899,27.91551899,9.098561972,0.091725353,1.00550525,13.51,35.49804,2.322614312,19.24415268,80.75584732,8942.424,820.247,0.238300424,0.0,0.0,13.010192175052724,5.353624126038525e-39,8.039041179895973,4.52720753942056e-16,converged,-0.277210743,-0.281610743,monthly_compounded,0.12020989841270371,0.7704540734678061,0.8148293921348799,0.8275429640573765,60.0
BRKL,2021,1.0,0.38690444789219963,0.38730444789219964,1.838551045,1.587764213,0.736349943,0.671031395,17.43215031,20.08984757,48.63220714,27.47215897,27.47215897,18.99807322,24.66951934,53.63132991,31.54336036,31.54336036,9.059822319,0.04153629,1.271002201,14.3,24.36374,2.151095234,11.40215154,88.59784846,8602.622,357.321,0.12869558,0.0,0.0,19.489337379197917,6.761031696893614e-85,9.059378739717534,6.559782343752795e-20,converged,0.238767718,0.238367718,monthly_compounded,0.09294330345473677,0.3257382468240479,1.1473572348318195,0.9959679875002475,60.0
BRKL,2022,1.0,-0.10841901364460328,-0.09421901364460328,3.49097248,6.673486626,0.716997617,0.61366106,18.93489145,20.22532835,42.39385475,25.73146527,25.73146527,17.43215031,20.08984757,48.63220714,27.47215897,27.47215897,9.125418011,0.155963159,1.104555411,14.44,24.36374,4.492037481,18.20950746,81.79049254,9185.836,1432.652,0.222635992,0.0,0.0,9.029350903936312,8.634653400779636e-20,3.517391055728064,0.0002179056039858,converged,0.114149369,0.099949369,monthly_compounded,0.11054460823213644,0.45291083331160414,0.9132691307592044,0.9462620334215454,60.0
FCF,2017,0.0,0.02604719989981353,0.03404719989981353,1.434480702,5.132756609,0.960460813,0.655891978,22.15799615,35.51659968,45.52619538,34.00566378,34.00566378,21.15270351,26.62346911,70.61717861,38.62742498,38.62742498,8.89679867,0.108829412,1.571370722,12.34,28.45509,1.851298644,39.35881868,60.64118132,7308.539,795.384,0.649044392,0.0,0.0,14.401590663780036,2.528308911346212e-47,,,no_sigma_E,0.181346654,0.173346654,monthly_compounded,0.1470357823102564,0.7397410882124931,1.1211890476888657,1.2893642282419255,48.0
FCF,2018,0.0,-0.15447379947486162,-0.1363737994748616,1.944934307,7.587793347,1.132821001,0.843898568,21.58687943,32.02476968,53.73639796,35.22938902,35.22938902,22.15799615,35.51659968,45.52619538,34.00566378,34.00566378,8.965494903,0.115846891,1.220134233,14.65,28.26105,2.938106237,32.30615039,67.69384961,7828.255,906.879,0.477239078,0.0,0.0,13.710648713524709,4.3835236169550374e-43,,,no_sigma_E,-0.240542174,-0.258642174,monthly_compounded,0.15922084918731438,0.7848435331608193,1.044435923462143,1.2861046881109148,60.0
FCF,2019,0.0,0.21516558833286123,0.23656558833286123,1.909812112,7.516201107,1.15758278,0.999677936,20.28455285,29.1492057,50.204818,32.5317405,32.5317405,21.58687943,32.02476968,53.73639796,35.22938902,35.22938902,9.025067224,0.052478868,1.351285492,14.26,20.99961,2.341923583,16.66270519,83.33729481,8308.773,436.035,0.199942957,0.0,0.0,10.126407220927636,2.1093306146823145e-24,6.402532376600227,7.64103538231432e-11,converged,0.071616613,0.050216613,monthly_compounded,0.1878683014936767,1.0738059578675254,1.1067324253145185,1.2859551342010165,60.0
FCF,2020,1.0,-0.2132748610878106,-0.20887486108781061,1.324658809,5.925119776,1.110520624,0.844321318,18.99807322,19.7469014,53.93738045,29.21192006,29.21192006,20.28455285,29.1492057,50.204818,32.5317405,32.5317405,9.11251848,0.038666076,0.984141574,14.88,21.00652,1.8742574,28.5267102,71.4732898,9068.104,350.628,0.399124068,0.0,0.0,15.32634141469316,2.549545230270889e-53,8.517294604967715,8.166182847639423e-18,converged,-0.218098728,-0.222498728,monthly_compounded,0.1637759612223368,1.002972549586543,1.1019367644379607,1.2603950962997859,60.0
FCF,2021,1.0,0.5189350311096848,0.5193350311096847,1.567999273,1.55285363,1.089388474,0.923652196,17.43215031,40.02488175,57.0468765,40.38921689,40.38921689,18.99807322,19.7469014,53.93738045,29.21192006,29.21192006,9.163782479,0.033586263,1.366729479,14.64,20.93924,1.71846754,18.49770912,81.50229088,9545.093,320.584,0.226959376,0.0,0.0,20.127235893108825,2.1305499304979232e-90,10.23947454327573,6.597552163584858e-25,converged,0.256883301,0.256483301,monthly_compounded,0.12694966538622804,0.667526262644744,0.9856161774089985,1.2013503343632723,60.0
FCF,2022,1.0,-0.11727730883612476,-0.10307730883612476,3.703859707,7.701736033,0.98505936,0.834629282,15.8938172,50.50693108,52.93668529,44.12797987,44.12797987,17.43215031,40.02488175,57.0468765,40.38921689,40.38921689,9.190715661,0.056489585,1.239900527,14.36,21.24215,4.635843545,18.62297367,81.37702633,9805.666,553.918,0.228848049,0.0,0.0,14.168611183723142,7.16533273510015e-46,5.036594038066644,2.3694417427017066e-07,converged,0.064845085,0.050645085,monthly_compounded,0.14086414308944353,0.7850079484813051,0.8021154183956989,1.060143326261794,60.0
FCF,2023,1.0,0.09751813532091345,0.14701813532091346,3.848633796,6.208338975,0.908836401,0.619143168,14.03688525,48.09790236,54.82636901,43.59405241,43.59405241,15.8938172,50.50693108,52.93668529,44.12797987,44.12797987,9.346573312,0.068466584,1.199636006,13.93,19.50034,4.735283926,36.75837164,63.24162836,11459.488,784.592,0.581236957,0.0,0.0,12.485110329499888,4.500923437111402e-36,12.271962558617064,6.405498265719983e-35,converged,0.058104664,0.008604664,monthly_compounded,0.17253783363981606,0.8250962425063526,0.8409405425894882,0.8779952311625769,60.0
EGBN,2020,1.0,-0.1321060890330427,-0.1277060890330427,1.215582828,6.305157666,1.140023313,0.941614504,46.62813102,40.704295,66.50760093,46.97077633,46.97077633,48.65853659,46.61548174,69.73681418,51.15737317,51.15737317,9.316302886,0.053500053,1.057706941,17.04,37.75367,2.132456739,25.29017252,74.70982748,11117.802,594.803,0.338511992,0.0,0.0,16.130947997854275,7.73142962711115e-59,,,no_sigma_E,-0.14963658,-0.15403658,monthly_compounded,0.12388444049716568,0.7371534314760299,1.1529797569082563,0.8198691429474375,60.0
EGBN,2021,1.0,0.44469247904805215,0.44509247904805216,1.399441469,1.525834904,1.041609322,1.002355155,45.26791928,39.16809937,30.26181538,33.44110566,33.44110566,46.62813102,40.704295,66.50760093,46.97077633,46.97077633,9.379856117,0.033221719,1.37992513,16.15,27.36304,1.721865334,5.11565271,94.88434729,11847.31,393.588,0.053914611,0.0,0.0,18.78344716330314,5.158003664214372e-79,,,no_sigma_E,0.1567496,0.1563496,monthly_compounded,0.12283442527023561,0.6773126415601347,1.226143278088796,0.9720784120750485,60.0
EGBN,2022,1.0,-0.23328563380691414,-0.21908563380691415,3.25367598,7.74342195,0.888705337,0.84867716,45.18963716,34.61718774,50.90968343,38.95073281,38.95073281,45.26791928,39.16809937,30.26181538,33.44110566,33.44110566,9.319271366,0.096844152,1.12467182,14.94,25.65825,4.390667955,5.965899027,94.03410097,11150.854,1079.895,0.063443995,0.0,0.0,12.45647830023562,6.446994417001986e-36,6.737556983991746,8.053589016469266e-12,converged,-0.011084718,-0.025284718,monthly_compounded,0.13647036523259257,0.7235525284324343,1.054438773517229,0.9584636649488126,60.0
EGBN,2023,1.0,-0.31983150490723744,-0.27033150490723745,3.322332524,7.232350325,1.071108179,0.964298981,42.79851551,31.92670445,52.83629078,38.35979787,38.35979787,45.18963716,34.61718774,50.90968343,38.95073281,38.95073281,9.364308578,0.120065192,0.707816039,14.79,25.65825,4.525659061,12.96722379,87.03277621,11664.538,1400.505,0.148992418,0.0,0.0,12.603944131896002,1.0042213119902953e-36,10.766503904748811,2.4772962917584014e-27,converged,-0.048397424,-0.097897424,monthly_compounded,0.16383897642476283,0.7214639305335325,1.0418750776211605,0.7820386714584675,60.0
STEL,2019,0.0,0.05139459869918492,0.07279459869918492,1.137243102,5.036059555,0.54527598,0.544646666,20.28455285,26.89487384,32.98631009,25.21492906,25.21492906,21.58687943,22.44708436,31.83433267,22.5941136,22.5941136,8.154369094,0.014513256,1.451069356,16.41,30.62434,1.561659288,0.166273412,99.83372659,3478.544,50.485,0.001665503,0.0,0.0,,,,,low_leverage_td_ta,0.053921321,0.032521321,monthly_compounded,,,,,
STEL,2020,1.0,-0.16779580796676621,-0.16339580796676623,0.487606923,6.99662252,1.024486749,1.020638986,18.99807322,24.78419396,38.04792107,25.99021179,25.99021179,20.28455285,26.89487384,32.98631009,25.21492906,25.21492906,8.28127261,0.012660738,1.149001909,16.71,28.61167,0.789102328,0.525317109,99.47468289,3949.217,50.0,0.005280913,0.0,0.0,,,,,low_leverage_td_ta,-0.076119922,-0.080519922,monthly_compounded,,,,,
STEL,2021,1.0,0.15747406523709978,0.1578740652370998,0.13579233,1.515266,0.993505518,0.993505518,17.43215031,21.53186387,33.85407643,22.86727199,22.86727199,18.99807322,24.78419396,38.04792107,25.99021179,25.99021179,8.408716938,0.011145784,1.263320738,16.42,19.37497,0.0,0.0,100.0,4486.001,50.0,0.0,0.0,0.0,,,,,low_leverage_td_ta,0.13579233,0.13539233,monthly_compounded,0.11601775539417813,0.4690473677913199,1.723116938795394,0.9860362414697058,38.0
STEL,2022,1.0,0.019851528514532195,0.03405152851453219,-0.036334604,8.283294635,0.959191565,0.959191565,17.26625006,21.03177997,16.22998138,16.47218649,16.47218649,17.43215031,21.53186387,33.85407643,22.86727199,22.86727199,9.296558159,0.015897711,1.127878056,12.39,19.37497,0.0,0.0,100.0,10900.437,173.292,0.0,0.0,0.0,,,,,low_leverage_td_ta,-0.036334604,-0.050534604,monthly_compounded,0.12659892018166546,0.6613679921568274,1.2405396401560798,0.7606583173344812,50.0
CLBK,2019,0.0,0.08651366911986366,0.10791366911986366,1.417446215,3.485519915,0.417163121,0.294475479,22.06022092,25.15623882,69.4205667,37.72459467,37.72459467,21.58687943,30.78613721,44.26715523,31.20609994,31.20609994,9.010509701,0.171824958,1.961478179,17.25,33.26732,2.168654611,38.43609599,61.56390401,8188.694,1407.022,0.624328437,0.0,0.0,13.027852157653264,4.24829238859403e-39,,,no_sigma_E,-0.048332098,-0.069732098,monthly_compounded,,,,,
CLBK,2020,1.0,-0.0858639906049176,-0.0814639906049176,1.504647095,3.505614386,0.580429905,0.378311774,20.85479836,27.81328216,68.16571026,38.60241207,38.60241207,22.06022092,25.15623882,69.4205667,37.72459467,37.72459467,9.082340623,0.090851933,1.706956143,18.54,33.16476,2.406632061,44.4251103,55.5748897,8798.536,799.364,0.799373792,0.0,0.0,15.203331502419084,1.6804251063885338e-52,,,no_sigma_E,-0.186831174,-0.191231174,monthly_compounded,,,,,
CLBK,2021,1.0,0.3402169666569303,0.3406169666569303,1.348729464,1.627263408,0.371137197,0.295140764,19.0205481,29.06772487,66.75425931,38.67785417,38.67785417,20.85479836,27.81328216,68.16571026,38.60241207,38.60241207,9.129574578,0.040904709,2.076998455,17.13,32.45194,1.921066826,27.59910799,72.40089201,9224.097,377.309,0.381198452,0.0,0.0,38.11149341638887,0.0,22.910696823937357,1.8174196641133168e-116,converged,0.07056003,0.07016003,monthly_compounded,,,,,
CLBK,2022,1.0,0.02223336535331088,0.036433365353310876,3.884550955,5.089701567,0.263381267,0.217360954,17.26625006,34.81510584,65.55400372,41.08469952,41.08469952,19.0205481,29.06772487,66.75425931,38.67785417,38.67785417,9.250346258,0.108284848,2.236098018,15.39,27.05003,5.213734356,22.49446371,77.50553629,10408.169,1127.047,0.290230412,0.0,0.0,23.95659112240102,3.9442578080899945e-127,9.044499837895517,7.517594399698604e-20,converged,0.10468066,0.09048066,monthly_compounded,0.058774465074272114,0.16014945403457742,0.6393289449679583,0.4324846714555144,45.0
CLBK,2023,1.0,-0.15773311742251261,-0.10823311742251263,3.363959668,4.602572986,0.213485783,0.133091815,15.2370401,50.60291535,60.46540408,47.03941378,47.03941378,17.26625006,34.81510584,65.55400372,41.08469952,41.08469952,9.272898934,0.143599195,1.944408761,14.08,26.26972,4.58454881,45.03285088,54.96714912,10645.568,1528.695,0.819268447,0.0,0.0,17.07002472649731,1.2404739512884116e-65,35.0,1.124910706472406e-268,converged,-0.02954675,-0.07904675,monthly_compounded,0.08825684797694947,0.15869927823319893,0.545622836886654,0.3427331721150772,57.0
AMTB,2020,1.0,,,1.429964123,4.075076424,0.61578078,0.499788631,18.99807322,42.41611639,68.6590154,45.75563928,45.75563928,20.28455285,26.65912672,48.70741802,30.75759734,30.75759734,8.958140366,0.150916375,0.734227164,13.96,30.219,2.512704254,24.95798495,75.04201505,7770.893,1172.755,0.332586817,0.0,0.0,9.622756047534168,3.2045238540523104e-22,,,no_sigma_E,-0.430993268,-0.435393268,unavailable,,,,,
AMTB,2021,1.0,,,2.024546522,1.587478602,1.448600892,1.316364471,17.43215031,38.46229689,64.55770527,42.31807315,42.31807315,18.99807322,42.41611639,68.6590154,45.75563928,45.75563928,8.940943305,0.122100063,1.485672813,14.56,25.30041,2.12445634,11.85386528,88.14613472,7638.399,932.649,0.134479695,0.0,0.0,10.969336696880765,2.68323117178059e-28,,,no_sigma_E,0.496432825,0.496032825,unavailable,,,,,
AMTB,2022,1.0,,,3.806654738,8.905050483,1.260289589,1.103554235,22.70569188,37.63834853,43.71801632,35.3880167,35.3880167,17.43215031,38.46229689,64.55770527,42.31807315,42.31807315,9.119080419,0.116036453,1.282252621,12.39,21.8938,4.638727218,15.3861282,84.6138718,9127.804,1059.158,0.181839312,0.0,0.0,,,1.9469316340654232,0.0257714657415614,extreme_DD_a_y2022_small,0.216892544,0.202692544,unavailable,,,,,
AMTB,2023,1.0,,,4.064090686,8.983340129,1.754215972,1.454168362,42.5731461,37.10406492,65.5896251,44.94988446,44.94988446,22.70569188,37.63834853,43.71801632,35.3880167,35.3880167,9.181562945,0.082146062,1.121678508,12.12,20.76622,4.92675644,20.66101847,79.33898153,9716.327,798.158,0.260414466,0.0,0.0,,,7.477119979440804,3.798452649693821e-14,extreme_DD_a_y2023_small,0.202215007,0.152715007,unavailable,,,,,
CNOB,2017,0.0,-0.00328919767280466,0.00471080232719534,1.937270648,6.870865716,0.943976043,0.900531159,22.15799615,23.08167358,58.36078701,32.45839342,32.45839342,21.15270351,22.45083404,60.81200228,33.0279345,33.0279345,8.538649744,0.141878091,1.460552449,11.04,30.48364,2.426552661,6.489528219,93.51047178,5108.442,724.776,0.069398946,0.0,0.0,12.732332857781612,1.9549000074100303e-37,,,no_sigma_E,0.267798419,0.259798419,monthly_compounded,0.14997725382874905,0.7975057932409874,1.0856044528801863,1.2620061962692468,48.0
CNOB,2018,0.0,-0.292429237391569,-0.274329237391569,1.893226807,7.284292271,0.845040526,0.754621196,21.58687943,22.01597592,51.7377304,29.545507,29.545507,22.15799615,23.08167358,58.36078701,32.45839342,32.45839342,8.605587146,0.133384242,0.972604513,13.15,28.71092,3.030886603,14.38923359,85.61076641,5462.092,728.557,0.168077383,0.0,0.0,12.562685036346014,1.693211999667025e-36,,,no_sigma_E,-0.312419079,-0.330519079,monthly_compounded,0.15952699726592415,0.8456811417918514,0.8958956255990824,1.2440023152348298,60.0
CNOB,2019,0.0,0.3938285190865386,0.41522851908653857,1.750606095,6.761549936,0.972655227,0.870778347,20.28455285,20.85974752,46.11800913,26.94891806,26.94891806,21.58687943,22.01597592,51.7377304,29.545507,29.545507,8.728107388,0.101907149,1.233678712,12.63,28.71092,2.316726858,14.09774274,85.90225726,6174.032,629.178,0.164113764,0.0,0.0,5.369161898692065,3.955169218376053e-08,3.930153102973709,4.2445894590744464e-05,converged,0.115285483,0.093885483,monthly_compounded,0.15260433228249232,0.8558805029574781,0.6921869463889441,1.0796964079834341,60.0
CNOB,2020,1.0,-0.21847129878359686,-0.21407129878359688,1.784303132,7.461273194,1.391800056,1.102305659,18.99807322,27.02174757,49.0778214,31.0708025,31.0708025,20.28455285,20.85974752,46.11800913,26.94891806,26.94891806,8.92895033,0.083287898,0.860203676,14.0,27.47678,2.611447291,26.58541284,73.41458716,7547.339,628.602,0.362127118,0.0,0.0,8.532182958136136,7.180584819886759e-18,5.03093616516002,2.440453257334549e-07,converged,-0.149292581,-0.153692581,monthly_compounded,0.14123867486014208,0.8810337085726228,0.8851367566871111,1.0718927002989107,60.0
CNOB,2021,1.0,0.6781180351441163,0.6785180351441162,1.833795802,1.457275313,1.299112127,1.180572795,17.43215031,27.51206455,50.10780633,31.6847943,31.6847943,18.99807322,27.02174757,49.0778214,31.0708025,31.0708025,9.00325224,0.076406363,1.27730325,13.44,21.9418,2.063858808,10.52666739,81.83512079,8129.48,621.144,0.128632637,0.0,0.0,12.57433552147935,1.461235772312783e-36,8.845888971309241,4.540125385601782e-19,converged,0.27223613,0.27183613,monthly_compounded,0.15161518623570866,0.9567170396632647,0.880051882684132,1.263825660230601,60.0
CNOB,2022,1.0,-0.2580274212372946,-0.24382742123729462,3.604789649,8.409231619,1.197359685,1.057618638,15.8938172,28.07787684,51.47951583,32.4713372,32.4713372,17.43215031,27.51206455,50.10780633,31.6847943,31.6847943,9.174189534,0.104808963,0.889730899,13.02,21.9418,4.635876498,13.10283421,77.40854077,9644.948,1010.877,0.169268586,0.0,0.0,12.00278199316246,1.7177556533820298e-33,4.52972138193577,2.9530759983252887e-06,converged,-0.017946468,-0.032146468,monthly_compounded,0.15681823025340064,1.0450120326237655,0.58908521346032,1.025715903004624,60.0
CNOB,2023,1.0,-0.06846919585664903,-0.018969195856649024,3.834603932,7.719026739,1.291176933,1.18546469,14.03688525,14.69776534,35.78610952,20.18538612,20.18538612,15.8938172,28.07787684,51.47951583,32.4713372,32.4713372,9.195795405,0.102938805,0.798131064,13.28,21.9418,4.853658876,8.966920547,78.49196267,9855.603,1014.524,0.114239984,0.0,0.0,10.094816868838036,2.9119838558955574e-24,6.576440577597212,2.4092171666451504e-11,converged,0.058509403,0.009009403,monthly_compounded,0.18735114493197316,1.0616597413749709,0.7661052828522527,0.7975938121077393,60.0
NBHC,2017,0.0,0.01972445838332649,0.02772445838332649,1.532407612,5.328109805,0.641390109,0.601334297,22.15799615,30.47220998,43.65248227,30.82910976,30.82910976,21.15270351,24.47913863,36.61120592,25.32168689,25.32168689,8.485385653,0.05359345,1.637046886,13.8,31.375235,2.003723045,8.847810298,91.1521897,4843.465,259.578,0.097066349,0.0,0.0,18.206683444936075,2.283967916670861e-74,,,no_sigma_E,0.172631488,0.164631488,monthly_compounded,0.09779792107636609,0.5608538048184466,0.381907374447097,0.8311031803830456,48.0
NBHC,2018,0.0,-0.05242867716112698,-0.034328677161126975,1.582605172,8.967267792,1.049168332,1.013436211,21.58687943,27.83272266,48.63424384,31.31335822,31.31335822,22.15799615,30.47220998,43.65248227,30.82910976,30.82910976,8.644119368,0.064775169,1.366665863,13.8,26.74312471,2.441222368,4.591968828,95.40803117,5676.666,367.707,0.048129793,0.0,0.0,17.06454231836446,1.362583314611093e-65,,,no_sigma_E,-0.215661147,-0.233761147,monthly_compounded,0.11150949207242959,0.5440771932948184,0.5388930497690299,0.8749189656155095,60.0
NBHC,2019,0.0,0.14414582992811628,0.16554582992811628,1.553880524,7.6534925,1.060921354,1.012319154,20.28455285,25.36251755,50.88612968,30.89881539,30.89881539,21.58687943,27.83272266,48.63424384,31.31335822,31.31335822,8.681946662,0.044883294,1.431754033,14.1,18.44478436,1.821285367,5.559612161,94.44038784,5895.512,264.61,0.05886901,0.0,0.0,11.85773820330475,9.810187377763583e-33,7.799050065115416,3.118745832598759e-15,converged,0.072561451,0.051161451,monthly_compounded,0.1571654693179399,0.9991364522086842,0.6723537021137207,0.9153482744850828,60.0
NBHC,2020,1.0,-0.04902937888667973,-0.04462937888667973,0.573118827,6.941305937,1.039871438,1.015203585,18.99807322,27.69301365,53.70280882,33.06874595,33.06874595,20.28455285,25.36251755,50.88612968,30.89881539,30.89881539,8.803867256,0.003438014,1.222846812,15.8,18.36450231,0.902371035,2.890421834,97.10957817,6659.95,22.897,0.029764539,0.0,0.0,,,,,low_leverage_td_ta,-0.16840384,-0.17280384,monthly_compounded,0.13579400907062056,0.9397938879053701,0.7920845364800608,0.8725329454556008,60.0
NBHC,2021,1.0,0.37006789792156586,0.37046789792156587,0.85075013,1.502510179,0.961943022,0.948327523,17.43215031,33.81551933,49.79616955,34.69911863,34.69911863,18.99807322,27.69301365,53.70280882,33.06874595,33.06874595,8.883780386,0.008628487,1.566930947,15.9,16.45529,0.760256861,1.689492234,98.31050777,7214.011,62.246,0.017185266,0.0,0.0,,,,,low_leverage_td_ta,0.219300811,0.218900811,monthly_compounded,0.11305229076239513,0.6575736497500475,0.8495836938785096,0.9582884784728481,60.0
NBHC,2022,1.0,-0.03572520479825048,-0.021525204798250486,3.854880738,8.06613203,0.948896011,0.911969354,17.26625006,32.72654656,55.08300701,36.2792153,36.2792153,17.43215031,33.81551933,49.79616955,34.69911863,34.69911863,9.166727299,0.047956998,1.448624334,12.2,16.59858,4.577417022,4.630173888,95.36982611,9573.243,459.104,0.048549673,0.0,0.0,18.66967075887533,4.369491291034142e-78,6.944656213517668,1.8969153196403152e-12,converged,0.039058415,0.024858415,monthly_compounded,0.12500757388585126,0.6971522827016108,0.908956401731597,0.8093363726675976,60.0
NBHC,2023,1.0,-0.1377415495478973,-0.08824154954789731,3.760955298,6.721104747,0.853380344,0.809038062,15.2370401,26.63341447,62.63980636,35.93332617,35.93332617,17.26625006,32.72654656,55.08300701,36.2792153,36.2792153,9.205434759,0.041586206,1.158649817,13.8,17.30019,4.484064302,6.215494362,93.78450564,9951.064,413.827,0.066274214,0.0,0.0,17.539696021983485,3.5653898891404516e-69,15.209644096227814,1.5259891311079093e-52,converged,0.05613149,0.00663149,monthly_compounded,0.16794544366209688,0.8092991272890405,0.7472467043594615,0.8451720711896353,60.0
PRK,2016,0.0,0.3743432166962877,0.3763432166962877,2.090438318,5.14531731,0.809040311,0.546029027,21.15270351,23.99784601,64.15102389,34.99730022,34.99730022,18.2821119,21.60973678,62.55106209,33.2368118,33.2368118,8.918327067,0.15186648,2.43577643,14.32,29.52683,2.809518443,40.59973657,59.40026343,7467.586,1134.076,0.683494218,0.0,0.0,14.654428546486924,6.310701899346453e-49,,,no_sigma_E,0.185995151,0.183995151,monthly_compounded,0.09828617268811343,0.6933048421132654,1.1284338669276883,0.3721036725410214,36.0
PRK,2017,0.0,-0.10651359506273861,-0.0985135950627386,1.983088174,4.755417265,0.725352905,0.500361519,22.15799615,25.81477761,54.13978495,32.29445227,32.29445227,21.15270351,23.99784601,64.15102389,34.99730022,34.99730022,8.927661761,0.120235432,2.07107967,14.14,29.71784,2.692998409,39.01655071,60.98344929,7537.62,906.289,0.639789175,0.0,0.0,15.910206288234088,2.6917908121445276e-57,,,no_sigma_E,0.14822173,0.14022173,monthly_compounded,0.10926958158925969,0.6131465449174387,0.9480310906175187,0.7314433296157231,48.0
PRK,2018,0.0,-0.16931648385236397,-0.15121648385236397,2.993832878,6.733113343,0.775768991,0.619393418,21.58687943,38.28227654,44.00954919,34.83144687,34.83144687,22.15799615,25.81477761,54.13978495,32.29445227,32.29445227,8.962431168,0.08161723,1.581117213,14.19,29.71784,4.419832291,26.42824585,73.57175415,7804.308,636.966,0.359217286,0.0,0.0,87.60897835569463,0.0,35.0,1.124910706472406e-268,converged,-0.152940114,-0.171040114,monthly_compounded,0.12247641127236619,0.5861015368478071,1.0346872864384145,0.816671708206861,60.0
PRK,2019,0.0,0.2376382187150979,0.2590382187150979,1.267355533,5.938026621,0.798507742,0.730894307,20.28455285,36.37190814,60.9795182,39.99309299,39.99309299,21.58687943,38.28227654,44.00954919,34.83144687,34.83144687,9.054665848,0.051196272,1.708102646,13.19,28.67343,1.658779506,11.48062242,88.51937758,8558.377,438.157,0.129696149,0.0,0.0,18.12124652527846,1.0831548454258502e-73,9.2364390349836,1.27418570183126e-20,converged,0.095126073,0.073726073,monthly_compounded,0.13604395167510747,0.7121527898214295,1.0789792938211844,0.7899809641936096,60.0
PRK,2020,1.0,0.0722937009304427,0.0766937009304427,0.920601115,4.713149989,0.847833124,0.66533817,18.99807322,38.43327097,63.52058794,41.93031406,41.93031406,20.28455285,36.37190814,60.9795182,39.99309299,39.99309299,9.135511325,0.06062105,1.632025321,15.43,27.87818,1.389812099,27.55269008,72.44730992,9279.021,562.504,0.380313501,0.0,0.0,21.204394567731537,4.3491307030265926e-100,10.480583393838293,5.304364257227748e-26,converged,-0.112849829,-0.117249829,monthly_compounded,0.10900415240386824,0.6393326075533756,1.109411455851045,0.6824309291960061,60.0
PRK,2021,1.0,0.355226128637589,0.355626128637589,1.488584291,1.532069097,0.788520142,0.670156953,17.43215031,34.25999371,52.87226875,36.02697363,36.02697363,18.99807322,38.43327097,63.52058794,41.93031406,41.93031406,9.165369575,0.044663667,1.993144252,16.05,17.68921,1.610377067,17.66681551,82.33318449,9560.254,426.996,0.214577095,0.0,0.0,27.678941366551346,6.259320743451264e-169,14.719878476180916,2.40261530553431e-49,converged,0.198061336,0.197661336,monthly_compounded,0.08917891981037829,0.5509207931772571,0.7438375526965499,0.656071713063091,60.0
PRK,2022,1.0,0.04729155284066277,0.061491552840662766,3.994990861,7.077842975,0.789940987,0.684645335,15.8938172,33.31128489,50.99441341,34.89972148,34.89972148,17.43215031,34.25999371,52.87226875,36.02697363,36.02697363,9.195733509,0.042213018,2.13537671,16.07,17.68921,4.830676695,15.74319899,84.25680101,9854.993,416.009,0.186847813,0.0,0.0,26.030940499429505,1.1057816504568917e-149,10.005234916156764,7.227410684691304e-24,converged,0.022339693,0.008139693,monthly_compounded,0.10383697902166324,0.5714266998547827,0.686764845535647,0.6629265952380999,60.0
PRK,2023,1.0,-0.06946599943126776,-0.019965999431267756,4.118526875,6.041212272,0.730946022,0.565708416,14.03688525,30.6392315,35.1106659,27.83689855,27.83689855,15.8938172,33.31128489,50.99441341,34.89972148,34.89972148,9.193850458,0.052593043,1.864778215,16.19,17.68921,4.92173659,26.19174452,73.80825548,9836.453,517.329,0.354861991,0.0,0.0,23.084523007495005,3.311730910968573e-118,16.5358474802542,1.0125493491344781e-61,converged,0.091326648,0.041826648,monthly_compounded,0.14270361013413496,0.6780560655097113,0.6062895103536973,0.5755991958656305,60.0
OBK,2019,0.0,0.09723335606426406,0.11863335606426406,2.226323484,6.425909094,0.794840397,0.78701715,20.28455285,26.22594138,40.76727157,27.68428469,27.68428469,21.58687943,24.04604627,37.2673773,25.34309478,25.34309478,8.580097753,0.080213897,1.482688638,12.76,18.53285,2.647490113,1.205461313,98.79453869,5324.626,427.109,0.0122017,0.0,0.0,15.682483895518406,9.96527143397783e-56,,,no_sigma_E,0.070336624,0.048936624,monthly_compounded,,,,,
OBK,2020,1.0,-0.2588829099349363,-0.2544829099349363,2.243201578,6.712201867,1.070739964,0.949928629,18.99807322,33.37639982,44.2414175,32.48160461,32.48160461,20.28455285,26.22594138,40.76727157,27.68428469,27.68428469,8.9396161,0.150091344,1.00868467,13.79,18.75305,2.925575112,13.53477695,86.46522305,7628.268,1144.937,0.156534344,0.0,0.0,11.043723035948906,1.175431240075002e-28,,,no_sigma_E,-0.154673712,-0.159073712,monthly_compounded,,,,,
TCBK,2017,0.0,0.11977643821439732,0.12777643821439733,1.336964269,6.286851844,0.905698935,0.823666339,24.17324669,20.01041765,60.4975978,31.99449844,31.99449844,21.15270351,17.96020205,60.42662116,30.66184384,30.66184384,8.46827917,0.037599697,1.718266139,14.07,40.18208,2.088016877,14.2731744,85.7268256,4761.315,179.024,0.16649601,0.0,0.0,20.261978235427858,1.3927172198436417e-91,,,no_sigma_E,0.102600327,0.094600327,monthly_compounded,0.1225568334384855,0.7078168151439108,0.8706804985633472,0.8945941698901342,48.0
TCBK,2018,0.0,-0.10903442249405337,-0.09093442249405337,1.280878505,6.83188947,0.862366774,0.734328979,23.52538211,27.70081635,51.53786365,32.57238021,32.57238021,24.17324669,20.01041765,60.4975978,31.99449844,31.99449844,8.756594427,0.011472913,1.242242574,14.4,39.73925,2.421435301,22.44111935,77.55888065,6352.441,72.881,0.289343002,0.0,0.0,,,,,low_leverage_td_ta,-0.229885432,-0.247985432,monthly_compounded,0.13352338966572216,0.7362285200617308,0.9096556718759059,0.8408846876330215,60.0
TCBK,2019,0.0,0.21215654611386045,0.23355654611386045,0.894220632,6.644582544,0.884556117,0.849665498,22.06022092,20.70945873,46.36421522,27.21870521,27.21870521,23.52538211,27.70081635,51.53786365,32.57238021,32.57238021,8.775113906,0.011695856,1.374055238,15.07,38.21133,1.505165606,6.231718235,93.76828177,6471.181,75.686,0.066458701,0.0,0.0,,,,,low_leverage_td_ta,-0.038180477,-0.059580477,monthly_compounded,0.13728842942371391,0.7713015625178717,0.8136435302576899,0.8282859483547559,60.0
TCBK,2020,1.0,-0.11272019942746463,-0.10832019942746463,0.726606422,4.875575826,0.726324738,0.677668628,23.01854105,44.60323216,76.50860767,50.24524928,50.24524928,22.06022092,20.70945873,46.36421522,27.21870521,27.21870521,8.941091231,0.011067305,1.133672293,15.22,38.11281,1.62046081,10.39557897,89.60442103,7639.529,84.549,0.116016362,0.0,0.0,,,,,low_leverage_td_ta,-0.308300902,-0.312700902,monthly_compounded,0.11406413451127483,0.7570079829837648,0.817011684653616,0.7084142906020334,60.0
TCBK,2021,1.0,0.24501594574893976,0.24541594574893977,1.163086144,1.504112096,0.601766082,0.568611384,21.40314479,36.45327009,76.26143036,46.1067601,46.1067601,23.01854105,44.60323216,76.50860767,50.24524928,50.24524928,9.061235424,0.012555853,1.27698405,15.42,27.40061,1.365235083,7.434403932,92.56559607,8614.787,108.166,0.080314979,0.0,0.0,,,,,low_leverage_td_ta,0.185742662,0.185342662,monthly_compounded,0.08421782870675518,0.30245856812843763,1.1646707007459953,0.828351093631886,60.0
TCBK,2022,1.0,0.20139914377621326,0.21559914377621325,3.023907292,6.381769795,0.600911184,0.560425875,20.8198309,32.95311991,74.45437616,43.87700421,43.87700421,21.40314479,36.45327009,76.26143036,46.1067601,46.1067601,9.203415047,0.0368186,1.624185647,14.19,27.40061,3.984181361,9.050008029,90.94999197,9930.986,365.645,0.09950532,0.0,0.0,16.08261043522117,1.6891906623111586e-58,5.903659918971919,1.777623323945226e-09,converged,0.144492511,0.130292511,monthly_compounded,0.09996651612805035,0.28317613149557774,1.0434413322259657,0.9690975300930119,60.0
STBA,2017,0.0,0.03418671540401875,0.04218671540401875,1.85934476,5.108186418,0.847907669,0.591094192,22.15799615,24.47262831,67.38389385,36.39662543,36.39662543,21.15270351,26.21093259,56.02246871,33.1687113,33.1687113,8.862236449,0.096750188,1.574868408,12.55,23.22174,2.305772605,36.13806668,63.86193332,7060.255,683.081,0.565878056,0.0,0.0,15.010329203142671,3.141753583928896e-51,,,no_sigma_E,0.139382993,0.131382993,monthly_compounded,0.12275825606526333,0.7242809324012014,0.9640209573475956,0.8230586218786647,48.0
STBA,2018,0.0,-0.044840761880001634,-0.02674076188000163,2.014341248,6.040707753,0.751715507,0.566698539,21.58687943,20.5457031,70.43859649,35.54856347,35.54856347,22.15799615,24.47262831,67.38389385,36.39662543,36.39662543,8.889063046,0.083605422,1.402535254,13.21,26.16937,2.937411043,30.66169275,69.33830725,7252.221,606.325,0.44220423,0.0,0.0,15.724857570954187,5.1090172525786195e-56,,,no_sigma_E,-0.222629939,-0.240729939,monthly_compounded,0.13666237934202266,0.6980291394674454,1.0386212812805524,0.9288038769882374,60.0
STBA,2019,0.0,0.07345636638595007,0.09485636638595007,1.79219882,5.416439747,0.665040591,0.618091758,20.28455285,29.29065397,63.28876154,37.31211852,37.31211852,21.58687943,20.5457031,70.43859649,35.54856347,35.54856347,9.078481751,0.047503557,1.337153794,12.81,26.16937,2.386382689,9.32838806,90.67161194,8764.649,416.352,0.102881022,0.0,0.0,12.242458241658635,9.218141269679159e-35,7.632771609028329,1.1487985762382636e-14,converged,0.033436536,0.012036536,monthly_compounded,0.13755738051511898,0.6862886772893891,0.968710344825833,0.9282369728401298,60.0
STBA,2020,1.0,-0.35837711814828715,-0.35397711814828714,1.259841311,4.581743092,0.710560214,0.609549639,18.99807322,24.40101291,60.22853116,33.78517362,33.78517362,20.28455285,29.29065397,63.28876154,37.31211852,37.31211852,9.101406479,0.025415881,0.845373859,13.44,26.16937,2.008491305,18.33073351,81.66926649,8967.897,227.927,0.224450816,0.0,0.0,19.21957652157558,1.2691657808237908e-82,11.196686362053784,2.1163544886524096e-29,converged,-0.273102089,-0.277502089,monthly_compounded,0.10798496531515689,0.5438794391827777,0.9324725545529026,0.9290286800227241,60.0
STBA,2021,1.0,0.31632076210856613,0.31672076210856615,1.646708264,1.542430417,0.692813179,0.622528637,18.48795725,27.52469167,61.84363653,36.06799242,36.06799242,18.99807322,24.40101291,60.22853116,33.78517362,33.78517362,9.157838874,0.017000949,1.028095257,13.79,17.82969542,1.740134118,12.08015489,87.91984511,9488.529,161.314,0.137399638,0.0,0.0,,,,,low_leverage_td_ta,0.246627776,0.246227776,monthly_compounded,0.09343654971489922,0.2930585670000006,1.0100030445029757,1.1363711732487485,60.0
STBA,2022,1.0,0.11192545526609375,0.12612545526609376,4.108980259,7.192692023,0.754389662,0.718765585,21.59984669,37.45316863,59.09196122,40.69088128,40.69088128,18.48795725,27.52469167,61.84363653,36.06799242,36.06799242,9.117190228,0.048321142,1.125227491,14.73,17.92971118,4.874154453,5.695140749,94.30485925,9110.567,440.233,0.060390745,0.0,0.0,13.165370895501264,6.942703914671271e-40,4.925483027921162,4.2076107547928713e-07,converged,0.115314972,0.101114972,monthly_compounded,0.11051370308946125,0.3813458012047797,0.7798287170859892,1.148750415066334,60.0
STBA,2023,1.0,-0.028667812041811028,0.020832187958188975,4.589685281,6.52032317,0.779621252,0.727758949,18.97318133,42.36017219,59.13567445,43.01031484,43.01031484,21.59984669,37.45316863,59.09196122,40.69088128,40.69088128,9.164456211,0.052829883,0.995555226,15.27,16.83549002,5.476382982,7.892610621,92.10738938,9551.526,504.606,0.085689223,0.0,0.0,11.51001855313599,5.872656542831202e-31,19.194200890841135,2.0689905692056232e-82,converged,0.038301172,-0.011198828,monthly_compounded,0.1580180917689718,0.5850103320262572,0.8585549346446263,0.9991693685351221,60.0
BY,2018,0.0,-0.29280613845910075,-0.27470613845910075,2.079770895,7.093393918,0.745262424,0.707564026,21.58687943,23.47659706,68.64645792,36.35711699,36.35711699,22.15799615,25.10361278,41.84969115,27.51728075,27.51728075,8.505641527,0.100339216,0.945714163,13.99,28.26105,3.26601667,6.832617107,91.99938929,4942.574,495.934,0.07426807,0.0,0.0,12.555283772602047,1.859228741443427e-36,,,no_sigma_E,-0.286127085,-0.304227085,monthly_compounded,,,,,
BY,2019,0.0,0.15508918105422995,0.17648918105422995,1.822617429,6.44337685,0.8624106,0.798197187,20.28455285,20.10535673,66.81417807,34.02536105,34.02536105,21.58687943,23.47659706,68.64645792,36.35711699,36.35711699,8.616460803,0.10448967,1.01217113,14.43,20.99961,2.200731822,9.115568419,89.51533215,5521.809,576.972,0.101832482,0.0,0.0,10.830757961739682,1.2305480350239042e-27,,,no_sigma_E,0.093872976,0.072472976,monthly_compounded,,,,,
BY,2020,1.0,-0.20669267626393997,-0.20229267626393999,1.118609225,4.772916059,1.403065356,0.668494015,18.99807322,22.02640914,72.74237391,37.11235354,37.11235354,20.28455285,20.10535673,66.81417807,34.02536105,34.02536105,8.762591577,0.118562863,0.75047726,16.18,21.00652,1.482483335,57.59954558,41.40700764,6390.652,757.694,1.391057912,0.0,0.0,7.927811148193801,1.115210740226246e-15,5.020790626544493,2.572961358683028e-07,converged,-0.126683753,-0.131083753,monthly_compounded,,,,,
BY,2021,1.0,0.79262518044275,0.7930251804427499,1.324512095,1.552745201,1.351796037,1.080446108,21.19032025,27.71662378,57.62056021,35.03202354,35.03202354,18.99807322,22.02640914,72.74237391,37.11235354,37.11235354,8.809291299,0.094105408,1.248844046,14.7,20.93924,1.459809197,23.90369219,75.24876396,6696.172,630.146,0.317662257,0.0,0.0,13.192793719532505,4.827004891688222e-40,10.493232121486136,4.6399274994941576e-26,converged,0.226416808,0.226016808,monthly_compounded,0.14925426994280744,0.9329194613027381,0.8613949601586319,1.2637849752966368,42.0
PEBO,2017,0.0,0.022980407328767168,0.030980407328767168,1.518946834,4.454298119,0.705055189,0.490752276,24.17324669,36.04300109,46.48021048,34.90040039,34.90040039,21.15270351,35.05038712,58.84385666,38.56878041,38.56878041,8.183588918,0.098699328,1.298131918,14.6,31.19341,2.062279976,38.82490322,61.17509678,3581.686,353.51,0.634652093,0.0,0.0,14.03133647829119,5.012222753887942e-45,,,no_sigma_E,0.163403593,0.155403593,monthly_compounded,0.1284991328711099,0.4745200747571154,1.35903230803815,1.261621073216551,48.0
PEBO,2018,0.0,-0.06579818577688112,-0.04769818577688112,1.44330677,5.854170673,0.754350998,0.577684303,23.52538211,33.36957064,23.50099933,25.29081118,25.29081118,24.17324669,36.04300109,46.48021048,34.90040039,34.90040039,8.291910855,0.116709851,1.129782326,14.6,31.17319,2.308654808,30.76378634,69.23621366,3991.454,465.842,0.44433086,0.0,0.0,13.24427732047018,2.4347325396968547e-40,,,no_sigma_E,-0.210390894,-0.228490894,monthly_compounded,0.13863219093322465,0.5290401059511465,1.2855942108418843,1.1900963115615222,60.0
PEBO,2019,0.0,0.17799844483794844,0.19939844483794844,1.175586503,5.887537839,0.756379453,0.714106083,22.06022092,27.6315836,43.43521172,29.59763789,29.59763789,23.52538211,33.36957064,23.50099933,25.29081118,25.29081118,8.378888137,0.09188903,1.204248651,15.58,30.99512,1.643703388,7.900953012,92.09904699,4354.165,400.1,0.085787565,0.0,0.0,9.156502128188151,2.6803370295965096e-20,6.996217378804857,1.3148271669490248e-12,converged,0.044898351,0.023498351,monthly_compounded,0.15543255565738937,0.7028415574336271,1.1559343169798,1.2277379592708113,60.0
PEBO,2020,1.0,-0.1770937668059828,-0.1726937668059828,0.664767495,6.102021895,0.992024996,0.89600786,20.85479836,22.23897673,37.93516561,24.9545605,24.9545605,22.06022092,27.6315836,43.43521172,29.59763789,29.59763789,8.468163439,0.03861334,0.91797648,14.5,26.15416,1.043920274,12.67249036,87.32750964,4760.764,183.829,0.145114528,0.0,0.0,17.098797720712003,7.57486957575536e-66,12.027579767094222,1.2725625530207605e-33,converged,-0.121524364,-0.125924364,monthly_compounded,0.12651677670301742,0.6175318504116645,1.1739032549241117,1.106453743966129,60.0
PEBO,2021,1.0,0.22796358010853884,0.22836358010853886,1.065785862,1.467322897,0.872334021,0.777993515,19.0205481,21.26164365,63.76263355,33.72905261,33.72905261,20.85479836,22.23897673,37.93516561,24.9545605,24.9545605,8.862698931,0.037652185,1.062951162,14.06,18.47536,1.144998782,12.94824395,87.05175605,7063.521,265.957,0.148741904,0.0,0.0,25.082338502597832,3.875946206253822e-139,16.217729813109237,1.8895338199241925e-59,converged,0.152012703,0.151612703,monthly_compounded,0.11407685385306876,0.5660774449640686,0.9084015938720584,1.1340709602326688,60.0
PEBO,2022,1.0,-0.08066080532060639,-0.06646080532060639,3.71727006,7.171993029,0.833944343,0.716547704,17.26625006,27.52237543,57.08659218,34.39990173,34.39990173,19.0205481,21.26164365,63.76263355,33.72905261,33.72905261,8.882850235,0.083419681,1.014937029,13.06,17.84479,4.514483115,16.62658437,83.37341563,7207.304,601.231,0.199423092,0.0,0.0,19.78799895665161,1.8887208689865311e-87,7.626605179327787,1.2050814859560915e-14,converged,0.010059533,-0.004140467,monthly_compounded,0.11730470416242564,0.6010653817337981,0.8147310703110201,0.8610873584788536,60.0
FFIC,2017,0.0,-0.04748582492540165,-0.03948582492540165,1.657792552,7.24452288,1.077980731,0.999555939,22.15799615,30.6848622,47.65843057,32.37672666,32.37672666,21.15270351,33.46469985,21.88139932,24.47579488,24.47579488,8.748189668,0.207905387,1.476089948,14.31,38.76947,2.470823943,11.3583695,88.6416305,6299.274,1309.653,0.128138093,0.0,0.0,10.837300106702422,1.145667989134977e-27,,,no_sigma_E,0.163460391,0.155460391,monthly_compounded,0.13275070572053108,0.8101410809731704,1.5682166090190854,0.6048637438194817,48.0
FFIC,2018,0.0,-0.21031735811308916,-0.19221735811308915,2.467542558,7.720016608,0.890132009,0.80719686,21.58687943,30.06547832,61.341328,36.99535533,36.99535533,22.15799615,30.6848622,47.65843057,32.37672666,32.37672666,8.829691186,0.183027625,1.09650078,13.7,37.8138,4.316051245,14.17936751,85.82063249,6834.176,1250.843,0.165220963,0.0,0.0,10.95777468660213,3.049019915811108e-28,,,no_sigma_E,-0.252207069,-0.270307069,monthly_compounded,0.1423379872827209,0.8038982272550483,1.5374014074493962,0.6195744117015112,60.0
FFIC,2019,0.0,0.022258349436395347,0.04365834943639535,1.469893662,6.024865994,0.854696264,0.751401941,20.28455285,24.68474457,80.8033535,41.33284057,41.33284057,21.58687943,30.06547832,61.341328,36.99535533,36.99535533,8.856201638,0.176299586,1.049449405,13.43,33.80260803,2.219895117,17.1955783,82.8044217,7017.776,1237.231,0.207664977,0.0,0.0,5.614674862870998,9.846609461109953e-09,4.212093155852342,1.2650757609595656e-05,converged,0.000460108,-0.020939892,monthly_compounded,0.13701333409643884,0.7283370520022074,1.296018745033095,0.6787545608657116,60.0
FFIC,2020,1.0,-0.18286818430343446,-0.17846818430343447,1.641058217,5.086315618,0.862142459,0.681027909,18.99807322,24.18844532,77.329105,39.83594668,39.83594668,20.28455285,24.68474457,80.8033535,41.33284057,41.33284057,8.984241709,0.12798954,0.827322605,12.3,30.04417799,2.51899932,27.54454744,72.45545256,7976.394,1020.895,0.38015838,0.0,0.0,9.696527671665534,1.5596703316469236e-22,6.8872622987143135,2.843814804414357e-12,converged,-0.167176465,-0.171576465,monthly_compounded,0.11126559011501604,0.6680020409268955,1.173934054366934,0.6489662178848973,60.0
FFIC,2021,1.0,0.5129678303743062,0.5133678303743061,1.807365331,1.630628072,0.818521562,0.706971734,17.43215031,20.01661031,75.71181057,37.18449052,37.18449052,18.99807322,24.18844532,77.329105,39.83594668,39.83594668,8.992919291,0.1013613,1.091465299,14.13,22.82392479,2.194887579,16.97445694,83.02554306,8045.911,815.544,0.204448611,0.0,0.0,17.65599908464784,4.575005901186883e-70,11.429651193985118,1.4865032141620775e-30,converged,0.136629329,0.136229329,monthly_compounded,0.09975778979541366,0.35449271437885016,1.386017939197245,0.9873030823806961,60.0
FFIC,2022,1.0,-0.1835129699533916,-0.16931296995339162,3.519183942,6.424484054,0.723314355,0.550431902,17.26625006,18.61973436,72.55865922,35.55413589,35.55413589,17.43215031,20.01661031,75.71181057,37.18449052,37.18449052,9.038714927,0.125012436,0.843604153,14.37,23.25705,4.557763801,29.04122526,70.95877474,8422.946,1052.973,0.409268979,0.0,0.0,14.407300109379069,2.3277837443157113e-47,5.711639891231843,5.594633188501381e-09,converged,0.030188723,0.015988723,monthly_compounded,0.11403582745910537,0.4991790579519911,0.9422874612440689,0.9239268679214961,60.0
FFIC,2023,1.0,-0.14494079642375757,-0.09544079642375758,3.639145609,5.946434322,0.798063403,0.540759021,16.18572488,33.94944374,79.78631364,45.87142991,45.87142991,17.26625006,18.61973436,72.55865922,35.55413589,35.55413589,9.052192581,0.098542549,0.710185536,12.81,23.25705,4.771876631,38.27232459,61.72767541,8537.236,841.281,0.620018887,0.0,0.0,13.989428483971931,9.042973005582253e-45,16.61030882577591,2.934514056885197e-62,converged,-0.03715236,-0.08665236,monthly_compounded,0.1458687994532657,0.5448365676377122,0.89789903440174,0.7738157512715664,60.0
QCRH,2017,0.0,-0.013910890300228733,-0.005910890300228733,2.129369472,4.82157999,0.571653236,0.492012281,22.15799615,23.08167358,51.26630062,29.90437832,29.90437832,21.15270351,22.45083404,37.59812287,24.67093791,24.67093791,8.289706415,0.077706668,1.68812688,11.15,23.6137,2.570860434,17.48540901,82.51459099,3982.664773,309.479609,0.211906874,0.0,0.0,16.452786761085463,4.004827354588033e-61,,,no_sigma_E,0.200672761,0.192672761,monthly_compounded,0.09072823291444945,0.5272712150049027,0.4079114505005389,0.7185161275421633,48.0
QCRH,2018,0.0,-0.2648285514057508,-0.24672855140575078,2.999178343,6.513327207,0.687339042,0.594106091,21.58687943,22.01597592,40.18765268,25.38747902,25.38747902,22.15799615,23.08167358,51.26630062,29.90437832,29.90437832,8.507084307,0.08181662,1.06606712,10.69,19.34683,3.967716032,16.28812374,83.71187626,4949.710195,404.968557,0.194573631,0.0,0.0,14.919087936861994,1.2381753644263582e-50,,,no_sigma_E,-0.240002282,-0.258102282,monthly_compounded,0.1009572730179357,0.48118224477367805,0.5020472910598541,0.7675651559033247,60.0
QCRH,2019,0.0,0.3542291401636558,0.3756291401636558,2.150694037,5.90941031,0.818557979,0.69912653,20.28455285,20.85974752,44.89546853,26.50880344,26.50880344,21.58687943,22.01597592,40.18765268,25.38747902,25.38747902,8.498835719,0.05682464,1.296757414,13.33,17.81434,2.548852401,17.20881522,82.79118478,4909.05,278.955,0.207858062,0.0,0.0,9.321259308275248,5.7483769559597815e-21,5.651900959762681,7.934150984123114e-09,converged,0.06752273,0.04612273,monthly_compounded,0.11974156204477937,0.6221019395749423,0.8019245583702763,0.7139056140130304,60.0
QCRH,2020,1.0,-0.09483157977544625,-0.09043157977544625,1.862970706,6.089688673,1.134712603,0.841554929,20.85479836,45.30815443,42.63666566,38.08941266,38.08941266,20.28455285,20.85974752,44.89546853,26.50880344,26.50880344,8.6491058,0.031045165,1.053815216,14.95,19.34683,2.393717761,30.16340732,69.83659268,5705.043,177.114,0.431914075,0.0,0.0,16.027444925405096,4.1096718199035595e-58,9.026765775271867,8.841017551938307e-20,converged,-0.09685259,-0.10125259,monthly_compounded,0.11579483920559452,0.6839197204208696,0.9752474078768248,0.8178499626736394,60.0
QCRH,2021,1.0,0.420895602987944,0.421295602987944,1.848182723,1.611164971,1.127476655,0.978171475,19.0205481,44.30359934,42.64606796,37.55589902,37.55589902,20.85479836,45.30815443,42.63666566,38.08941266,38.08941266,8.715409751,0.028018586,1.291493124,14.77,19.34683,2.117893675,15.91346944,84.08653056,6096.132,170.805,0.189251112,0.0,0.0,24.37331968224273,1.6408051965176982e-131,18.582544381813506,2.224512615606505e-77,converged,0.166535991,0.166135991,monthly_compounded,0.12215520371404565,0.6719611466474736,1.1708061353949588,0.9926829699724338,60.0
QCRH,2022,1.0,-0.12370052235577957,-0.10950052235577956,3.900725648,7.249788661,0.960551267,0.713137415,17.26625006,42.23341723,64.36778399,44.33714286,44.33714286,19.0205481,44.30359934,42.64606796,37.55589902,37.55589902,8.980780908,0.103901237,1.078975884,14.28,18.57459,4.809360198,29.87769152,70.12230848,7948.837,825.894,0.426079691,0.0,0.0,19.42931941739114,2.180529707026224e-84,7.435610357445522,5.2043113945067134e-14,converged,-0.021841283,-0.036041283,monthly_compounded,0.13275029980561823,0.8620065550111077,0.7744113870285775,0.7314813924774864,60.0
SRCE,2017,0.0,0.11693439182722276,0.12493439182722277,1.320258949,6.204117313,1.044467958,0.854976081,22.15799615,29.38454613,50.2688172,32.67150907,32.67150907,21.15270351,32.17982046,47.76877133,33.15794863,33.15794863,8.68055005,0.058332331,1.784978338,14.7,34.52938,1.823903805,25.2908739,74.7091261,5887.284,343.419,0.338524558,0.0,0.0,18.191009893782383,3.0404663666425084e-74,,,no_sigma_E,0.16883857,0.16083857,monthly_compounded,0.14277675838914283,0.8637368269424234,0.9420099641029169,1.0305404732390315,48.0
SRCE,2018,0.0,-0.18705338382834935,-0.16895338382834935,1.610011606,7.987766008,1.101202711,0.917883041,21.58687943,30.30355313,54.81123695,34.76260766,34.76260766,22.15799615,29.38454613,50.2688172,32.67150907,32.67150907,8.747311562,0.052310826,1.364834214,14.68,35.09027,2.721284195,23.52921618,76.47078382,6293.745,329.231,0.307688963,0.0,0.0,18.114164660425303,1.2319196123520966e-73,,,no_sigma_E,-0.204478899,-0.222578899,monthly_compounded,0.15099313015815605,0.8766800267540731,0.9446419549396854,0.9596417981637044,60.0
SRCE,2019,0.0,0.2945253873236694,0.31592538732366937,1.188982532,6.717139027,1.082173309,0.915536839,20.28455285,27.55496578,65.43669744,37.22447411,37.22447411,21.58687943,30.30355313,54.81123695,34.76260766,34.76260766,8.798269896,0.041719062,1.597812702,14.9,35.09027,1.71907731,21.89965933,78.10034067,6622.776,276.296,0.280404146,0.0,0.0,13.041360092648434,3.5587951286000865e-39,7.893288768427377,1.4716276281987665e-15,converged,0.093641195,0.072241195,monthly_compounded,0.16764820313834827,1.022816913053227,0.9680953796332591,0.9759627416575343,60.0
SRCE,2020,1.0,-0.20292263708388972,-0.19852263708388973,0.749759037,5.949767753,1.141099881,0.911396614,18.99807322,22.45713821,65.19983892,34.61068256,34.61068256,20.28455285,27.55496578,65.43669744,37.22447411,37.22447411,8.897875186,0.039810366,1.153731954,15.99,35.09027,1.380147202,27.96865043,72.03134957,7316.411,291.269,0.388284415,0.0,0.0,17.708527631603562,1.801883307175848e-70,9.0246708877543,9.011815659431448e-20,converged,-0.20281556,-0.20721556,monthly_compounded,0.1330300383547917,0.9396321652990453,0.89021810510801,0.7616337275712936,60.0
SRCE,2021,1.0,0.26364672365353686,0.2640467236535369,1.139164645,1.446427225,1.113666796,0.903544521,38.01846042,28.25706422,53.52295697,33.94313222,33.94313222,18.99807322,22.45713821,65.19983892,34.61068256,34.61068256,8.999161088,0.040764602,1.339233942,16.76,23.41911,1.219737933,23.29348126,76.70651874,8096.289,330.042,0.303670166,0.0,0.0,19.291599601705503,3.1593859279953842e-83,9.309685473681444,6.410572642047917e-21,converged,0.267354696,0.266954696,monthly_compounded,0.11642700106216795,0.7685416892519427,0.8450534935241518,0.8221535577861706,60.0
SRCE,2022,1.0,0.08384969778019123,0.09804969778019124,3.273445392,7.198629588,0.977325655,0.751948479,34.73936834,28.47744803,31.93482309,26.21666873,26.21666873,38.01846042,28.25706422,53.52295697,33.94313222,33.94313222,9.028748469,0.038473677,1.515298291,16.1,23.41911,4.212205806,28.1290388,71.8709612,8339.416,320.848,0.391382532,0.0,0.0,16.635833325618375,1.9169238258293456e-62,5.979188876115755,1.1212571206217275e-09,converged,0.066369918,0.052169918,monthly_compounded,0.1319607733390683,0.8660052317273929,0.6354686370985797,0.7705564783546618,60.0
SYBT,2017,0.0,-0.18767336907624022,-0.1796733690762402,1.368139655,5.053185184,0.699698784,0.58692447,22.15799615,20.01738986,59.52985587,31.35937348,31.35937348,21.15270351,19.84239996,57.98634812,30.7169157,30.7169157,8.083219344,0.086825227,2.562647455,13.52,29.24111,1.767748121,21.3557156,78.6442844,3239.646,281.283,0.271548222,0.0,0.0,17.868119305476238,1.0445991657464231e-71,,,no_sigma_E,0.149153505,0.141153505,monthly_compounded,0.12351491620691818,0.514273674828266,1.0240251498811828,1.224373859259326,48.0
SYBT,2018,0.0,-0.12402179003824398,-0.10592179003824398,1.540526872,4.731501997,0.455336196,0.365902738,21.58687943,10.3181379,51.23362203,23.56190033,23.56190033,22.15799615,20.01738986,59.52985587,31.35937348,31.35937348,8.102563416,0.028616462,2.035939316,13.91,29.24111,2.357979157,25.67402531,74.32597469,3302.924,94.518,0.34542467,0.0,0.0,23.067543672166657,4.903845809234985e-118,,,no_sigma_E,-0.172151131,-0.190251131,monthly_compounded,0.14055643124635525,0.4908803866091826,1.106979370715483,1.394326998215147,60.0
SYBT,2019,0.0,0.2654978595295031,0.2868978595295031,1.044222153,4.739596881,0.523100898,0.504088553,20.28455285,13.31289278,54.66518094,26.28265996,26.28265996,21.58687943,10.3181379,51.23362203,23.56190033,23.56190033,8.222606537,0.032956098,2.284339387,12.85,27.09033,1.353337629,4.91857611,95.08142389,3724.197,122.735,0.051730148,0.0,0.0,17.843445985237953,1.62509773393182e-71,11.530324422497523,4.639668754768876e-31,converged,0.060483059,0.039083059,monthly_compounded,0.1279154151432873,0.3647083024878775,1.2062248632803558,1.2202492518716004,60.0
SYBT,2020,1.0,0.013184243165622347,0.01758424316562235,0.61647174,5.492674335,0.816274658,0.776559502,18.99807322,21.28801645,55.91764824,30.68920953,30.68920953,20.28455285,13.31289278,54.66518094,26.28265996,26.28265996,8.435685695,0.019763361,2.084343262,13.36,20.40440206,0.879822677,6.037368137,93.96263186,4608.629,91.082,0.064252863,0.0,0.0,,,,,low_leverage_td_ta,-0.089214594,-0.093614594,monthly_compounded,0.0978141723540524,0.3650213262404619,1.155021961224706,0.9357968332603283,60.0
SYBT,2021,1.0,0.609700023106269,0.610100023106269,0.749696521,1.475460066,0.721782174,0.690721759,18.48795725,30.90875793,61.50736356,37.62543101,37.62543101,18.99807322,21.28801645,55.91764824,30.68920953,30.68920953,8.801774211,0.012915991,2.513730442,12.79,17.81104,0.747919536,5.187478691,94.81252131,6646.025,85.84,0.054713013,0.0,0.0,,,,,low_leverage_td_ta,0.1423749,0.1419749,monthly_compounded,0.090937567914616,0.404192094352475,1.0736647658975544,0.8297056964781885,60.0
SYBT,2022,1.0,0.02219162817794173,0.036391628177941726,3.933528482,6.959544698,0.71163173,0.667551529,16.94937276,30.51915936,46.5009311,32.02983824,32.02983824,18.48795725,30.90875793,61.50736356,37.62543101,37.62543101,8.922159642,0.029144396,2.50022332,12.54,17.81104,4.785037121,7.436761094,92.56323891,7496.261,218.474,0.08034249,0.0,0.0,39.06257129259547,0.0,15.461537825580796,3.1537266476557025e-54,converged,0.000816995,-0.013383005,monthly_compounded,0.10331674050566446,0.42697719076819135,1.1158130006823668,0.731765285355147,60.0
NIC,2017,0.0,0.13982973364265305,0.14782973364265306,1.619517662,6.159681914,0.873008216,0.78433196,22.15799615,24.82821072,11.53626173,16.46784674,16.46784674,21.15270351,27.34540804,11.67662116,17.766906,17.766906,7.983587733,0.026962253,1.475791621,12.8,33.08092,2.24654508,14.45312114,85.54687886,2932.433,79.065,0.168949719,0.0,0.0,21.21314315235705,3.611122237443534e-100,,,no_sigma_E,0.135773934,0.127773934,monthly_compounded,0.0698982392906527,0.5055671399342925,0.08568003695243785,0.4232788684724958,44.0
NIC,2018,0.0,-0.12661297041237285,-0.10851297041237284,1.854887512,4.861563447,0.370223857,0.35102954,21.58687943,28.65633282,11.4978903,18.35278158,18.35278158,22.15799615,24.82821072,11.53626173,16.46784674,16.46784674,8.038039023,0.024965001,1.198546676,12.9,31.42994,2.915286272,7.385398551,92.61460145,3096.535,77.305,0.07974335,0.0,0.0,21.05103612568395,1.1186759693508866e-98,,,no_sigma_E,-0.155619126,-0.173719126,monthly_compounded,0.0792476063605392,0.43781406427491487,0.23628181900572406,0.46752199777114584,56.0
NIC,2019,0.0,0.49191967215669086,0.5133196721566908,1.30407994,6.492800012,0.854512533,0.816328826,20.28455285,30.00673585,27.4487955,24.76490736,24.76490736,21.58687943,28.65633282,11.4978903,18.35278158,18.35278158,8.182352423,0.021717739,1.514549689,13.4,31.42994,1.78454884,6.385866595,93.61413341,3577.26,77.69,0.06821477,0.0,0.0,19.853735539004575,5.115263778490034e-88,,,extreme_DD_m_y2019_small,0.085899134,0.064499134,monthly_compounded,0.10311810341407736,0.5871959251398918,0.31672330047155883,0.6202358790409106,60.0
NIC,2020,1.0,-0.1059572105889927,-0.1015572105889927,1.487019133,4.254348216,0.776010051,0.532481513,18.99807322,29.25930118,29.58924796,25.16474265,25.16474265,20.28455285,30.00673585,27.4487955,24.76490736,24.76490736,8.423275621,0.012713463,1.231947502,12.9,30.9497,2.299372918,39.84376692,60.15623308,4551.789,57.869,0.66233813,0.0,0.0,,,,,low_leverage_td_ta,-0.167405371,-0.171805371,monthly_compounded,0.0826085125027643,0.6410997563005285,0.21157626457815967,0.4815858244030966,60.0
NIC,2021,1.0,0.2919888469952607,0.2923888469952607,1.785079137,1.590148862,0.690140103,0.624745823,17.43215031,36.72480615,35.00529406,30.81740971,30.81740971,18.99807322,29.25930118,29.58924796,25.16474265,25.16474265,8.948330855,0.029488487,1.345447229,13.8,25.29619,2.124576356,12.28977344,87.71022656,7695.037,226.915,0.140117908,0.0,0.0,25.655726935367277,1.8247761300479635e-145,12.40687913828446,1.19909787300166e-35,converged,0.225674543,0.225274543,monthly_compounded,0.08309522429314206,0.5042748678922454,0.3421194024753139,0.7938377430482644,60.0
NIC,2022,1.0,-0.08370437311919977,-0.06950437311919977,3.114197354,6.320866366,0.754132378,0.562112988,15.8938172,33.27230233,38.95623836,30.54664311,30.54664311,17.43215031,36.72480615,35.00529406,30.81740971,30.81740971,9.078404164,0.061883149,1.205274178,12.3,25.2336,4.108863675,31.36080378,68.63919622,8763.969,542.342,0.456893517,0.0,0.0,16.308916373020462,4.264621661326543e-60,6.029153963591157,8.241010674712517e-10,converged,0.061405006,0.047205006,monthly_compounded,0.0940339236851778,0.48597813067737317,0.196707698179804,0.830979872988211,60.0
TBBK,2017,0.0,0.2489974554809402,0.2569974554809402,2.174993666,7.913040977,1.212872082,1.11962373,22.15799615,32.50460748,39.39945093,30.30608765,30.30608765,21.15270351,29.92376133,23.31769056,23.23655422,23.23655422,8.457049691,0.011881745,1.699589269,17.09,31.375235,2.7667444,10.82285338,89.17714662,4708.147,55.941,0.121363531,0.0,0.0,,,,,low_leverage_td_ta,0.309857215,0.301857215,monthly_compounded,0.17304469410616377,1.0857796146884588,1.7485950873670957,0.9265404835809937,48.0
TBBK,2018,0.0,-0.21243198376194783,-0.19433198376194782,2.290138098,8.978425272,1.088265395,1.013830325,21.58687943,34.75297832,55.88385521,37.35566512,37.35566512,22.15799615,32.50460748,39.39945093,30.30608765,30.30608765,8.397939049,0.012431074,1.102608955,21.07,28.26105,3.618820776,9.284117706,90.71588229,4437.911,55.168,0.102342803,0.0,0.0,,,,,low_leverage_td_ta,-0.337279339,-0.355379339,monthly_compounded,0.17497352819086665,0.9787627869278612,1.887354577191231,0.8789242861986976,60.0
TBBK,2019,0.0,0.6079969849456753,0.6293969849456753,2.156216801,8.939414068,1.333557897,1.238415672,22.06022092,30.75228612,65.59800488,39.12411188,39.12411188,21.58687943,34.75297832,55.88385521,37.35566512,37.35566512,8.640642455,0.009629549,1.521622543,19.11,20.99961,2.565983787,8.862843876,91.13715612,5656.963,54.474,0.097247317,0.0,0.0,,,,,low_leverage_td_ta,0.141632247,0.120232247,monthly_compounded,0.18555118712469265,0.9993216337442689,1.3763353835839212,1.2504967049357711,60.0
TBBK,2020,1.0,0.048028681535712894,0.052428681535712895,2.005621401,8.870989698,1.648670868,1.338167769,20.85479836,30.82279176,66.13812544,39.36519829,39.36519829,22.06022092,30.75228612,65.59800488,39.12411188,39.12411188,8.744622107,0.02422142,1.351711541,14.68,24.10442,2.732439491,23.41452283,76.58547717,6276.841,152.034,0.305730586,0.0,0.0,12.350768085623786,2.4124283135900327e-35,5.895974269866862,1.862385081941315e-09,converged,-0.089023927,-0.093423927,monthly_compounded,0.18593484148182832,1.2278750792524589,0.8405813244762653,1.4634257876846282,60.0
TBBK,2021,1.0,0.8538124540106604,0.8542124540106604,1.147587839,1.459745798,1.411751735,1.148142431,21.40868284,36.47478932,55.49812301,38.64344047,38.64344047,20.85479836,30.82279176,66.13812544,39.36519829,39.36519829,8.831016437,0.022159974,2.22551927,15.88,26.24321,1.281389654,23.73912651,76.26087349,6843.239,151.646,0.311288416,0.0,0.0,18.806591509409312,3.3345130335979845e-79,15.898907373183754,3.2239775106711825e-57,converged,0.265504384,0.265104384,monthly_compounded,0.17388444063289143,1.0688527543252384,1.4825035623844887,1.2835162268097253,60.0
TBBK,2023,1.0,0.30920331229012266,0.35870331229012264,2.964504013,8.726216196,1.466888379,1.401660645,21.18607797,30.08149089,76.05900117,43.33114365,30.34820656,21.40868284,36.47478932,55.49812301,38.64344047,38.64344047,8.949714945,0.019188795,2.541238321,16.23,26.81127,3.971751868,5.978242962,94.02175704,7705.695,147.863,0.063583612,0.0,0.0,,,,,low_leverage_td_ta,0.061293539,0.011793539,monthly_compounded,0.2306515439734847,1.2312900063868855,1.406689918673716,1.180946619285986,60.0
SBSI,2017,0.0,-0.0910362159665864,-0.08303621596658639,2.250807832,5.641935947,0.730207994,0.649681716,24.17324669,26.71070584,13.69137497,18.46760116,18.46760116,23.24383959,17.55626004,13.38594994,13.82797055,13.82797055,8.779264644,0.182414636,1.553488692,19.22,20.84898293,2.720277347,13.53938134,86.46061866,6498.097,1185.348,0.156595934,0.0,0.0,11.717309763135876,5.195992782889294e-32,,,no_sigma_E,0.112977037,0.104977037,monthly_compounded,0.11445619487444365,0.6124979442597678,0.9528481079250668,0.8523655495325514,48.0
SBSI,2018,0.0,-0.05003115894331245,-0.03193115894331244,3.011171401,7.335706951,0.812911448,0.732738571,23.52538211,16.36652499,11.44681324,12.51779355,12.51779355,24.17324669,26.71070584,13.69137497,18.46760116,18.46760116,8.719888128,0.149347415,1.456052243,19.59,20.27434216,3.97169303,12.0678034,87.9321966,6123.494,914.528,0.137239872,0.0,0.0,12.83545001433879,5.18990402792729e-38,,,no_sigma_E,-0.176598561,-0.194698561,monthly_compounded,0.1307040294821169,0.606193256066419,1.0460306364562613,0.965332692820423,60.0
SBSI,2019,0.0,0.19185034650469288,0.21325034650469288,2.204264763,5.489520236,0.695979562,0.62074714,22.06022092,16.42475479,36.01931444,21.36932778,21.36932778,23.52538211,16.36652499,11.44681324,12.51779355,12.51779355,8.817136734,0.171868862,1.553926208,18.43,17.13616418,2.645574288,12.75975042,87.24024958,6748.913,1159.928,0.146259903,0.0,0.0,10.09278833716885,2.972809271251554e-24,6.694964822899998,1.0786175941921555e-11,converged,0.01380146,-0.00759854,monthly_compounded,0.1483891639921846,0.7889122017296082,0.9122838008137018,1.0082119292256917,60.0
SBSI,2020,1.0,-0.1325648771247914,-0.1281648771247914,1.92633872,4.075221507,0.596923193,0.492893594,21.88863295,27.11805309,27.03614215,23.59980611,23.59980611,22.06022092,16.42475479,36.01931444,21.36932778,21.36932778,8.854840024,0.1588426,1.164495997,21.78,15.06238,2.436734379,19.90305027,80.09694973,7008.227,1113.205,0.248486994,0.0,0.0,14.22536100597462,3.18871960146631e-46,9.897918895445615,2.12513590498604e-23,converged,-0.178989921,-0.183389921,monthly_compounded,0.11299935036099915,0.5759675005040488,0.9706501125426471,0.965987979368361,60.0
SBSI,2021,1.0,0.39516518687561114,0.39556518687561115,1.893923197,1.585616366,0.574665889,0.512212791,23.43731268,41.79357911,58.96717682,42.82254228,42.82254228,21.88863295,27.11805309,27.03614215,23.59980611,23.59980611,8.890080285,0.072462788,1.480566407,18.15,15.06238,2.075691742,12.5530219,87.4469781,7259.602,526.051,0.143550094,0.0,0.0,25.771588123678143,9.234258119545504e-147,12.915624170761436,1.8372611451350782e-38,converged,0.149667874,0.149267874,monthly_compounded,0.07336265411409015,0.2997898983953132,0.7290573029349672,0.7836926453988914,60.0
SBSI,2022,1.0,-0.12260447609891102,-0.10840447609891102,4.179799922,6.065224526,0.53927767,0.457689774,21.22464922,39.18877652,55.39944134,40.16840719,40.16840719,23.43731268,41.79357911,58.96717682,42.82254228,42.82254228,8.93044603,0.070574903,1.520893628,16.11,13.31988,4.756966295,17.05739469,82.94260531,7558.636,533.45,0.205652989,0.0,0.0,19.689376554835352,1.3297122954818265e-86,7.161079522506404,4.0022098228519553e-13,converged,0.068066138,0.053866138,monthly_compounded,0.08832686806004383,0.3734725130834566,0.3432814689427755,0.848367478038578,60.0
SBSI,2023,1.0,-0.13861637182688313,-0.08911637182688315,4.487991942,5.579747987,0.563694308,0.364707509,20.28948021,39.48089543,55.18698722,40.3502132,40.3502132,21.22464922,39.18877652,55.39944134,40.16840719,40.16840719,9.02219155,0.105808582,1.225173736,15.73,12.96545,5.148881642,38.53284004,61.46715996,8284.914,876.615,0.626884991,0.0,0.0,15.12613415320237,5.445400091438034e-52,24.71373974969635,3.8060535048396185e-135,converged,0.010877312,-0.038622688,monthly_compounded,0.11672857345673604,0.4758972026967355,0.2098416528914798,0.5482477865932059,60.0
UVSP,2017,0.0,-0.0742656449293182,-0.06626564492931819,2.226661702,4.723144985,0.615717517,0.471037751,22.15799615,33.41796623,42.52688172,31.88498867,31.88498867,21.15270351,35.59613857,19.85637088,24.80397825,24.80397825,8.423950513,0.078068227,1.363735917,14.0,21.18654,2.675601351,28.0430124,71.9569876,4554.862,355.59,0.389719099,0.0,0.0,15.430712029842184,5.087076057865369e-54,,,no_sigma_E,0.163886379,0.155886379,monthly_compounded,0.11334475591694711,0.4807760233098615,0.8829730586974823,1.117461740926479,48.0
UVSP,2018,0.0,-0.22576473399904706,-0.20766473399904706,2.466758751,6.246094143,0.747250762,0.568397762,21.58687943,31.95077345,56.75660671,36.27996205,36.27996205,22.15799615,33.41796623,42.52688172,31.88498867,31.88498867,8.514057681,0.086204271,1.011598934,13.7,25.09519,3.535051377,29.58153551,70.41846449,4984.347,429.672,0.420082087,0.0,0.0,14.23244307085308,2.8816312083533772e-46,,,no_sigma_E,-0.25726884,-0.27536884,monthly_compounded,0.12236990603102176,0.3935610738106376,1.0850890706131855,1.1679709977722583,60.0
UVSP,2019,0.0,0.25950053810579055,0.2809005381057905,1.858039082,5.486524486,0.816688946,0.640879267,47.63989599,44.79986775,50.01633223,42.32244629,42.32244629,21.58687943,31.95077345,56.75660671,36.27996205,36.27996205,8.590615386,0.05967897,1.163613931,13.78,25.09519,2.453767476,26.80601449,73.19398551,5380.924,321.128,0.366232475,0.0,0.0,9.21941969959574,1.4935620290862576e-20,5.756933337085753,4.2827858116512126e-09,converged,0.02739189,0.00599189,monthly_compounded,0.14749466275777806,0.6363230591008423,1.068502025005362,1.2127822429036081,60.0
UVSP,2020,1.0,-0.20867677687380973,-0.20427677687380974,2.235740491,5.194717544,1.100843801,0.607212656,45.76363235,49.37770506,49.89782644,44.55839139,44.55839139,47.63989599,44.79986775,50.01633223,42.32244629,42.32244629,8.754081213,0.050455173,0.870637614,15.31,17.90564,2.882640506,49.75526113,50.24473887,6336.496,319.709,0.990258129,0.0,0.0,13.724186362299758,3.637056225927013e-43,7.970170621810957,7.922772285306384e-16,converged,-0.260215869,-0.264615869,monthly_compounded,0.12124213931706826,0.6403876795874431,1.203404891396984,0.9237437205455444,60.0
UVSP,2021,1.0,0.49553911920641974,0.49593911920641975,2.004819828,1.597010489,1.077764948,0.966211322,43.77253391,48.81905492,54.10899517,46.00440171,46.00440171,45.76363235,49.37770506,49.89782644,44.55839139,44.55839139,8.871002975,0.030043155,1.140686302,13.77,17.54223,2.180829856,12.28199039,87.71800961,7122.421,213.98,0.140016747,0.0,0.0,20.57852781753818,2.1373373328666095e-94,9.90252943160977,2.029386976088536e-23,converged,0.235477483,0.235077483,monthly_compounded,0.1222103276157775,0.5899423989562373,1.2675119997262165,1.109238371893836,60.0
UVSP,2022,1.0,-0.11368865336052149,-0.09948865336052148,4.046057348,7.545624488,0.928219163,0.786664424,43.08091398,55.56543839,49.12947493,47.80120483,47.80120483,43.77253391,48.81905492,54.10899517,46.00440171,46.00440171,8.884889417,0.060980341,0.985029155,13.67,17.90564,4.83605226,17.97835857,82.02164143,7222.016,440.401,0.219190427,0.0,0.0,12.433215394402938,8.627572904919415e-36,4.431467756923666,4.679690494686144e-06,converged,0.092574588,0.078374588,monthly_compounded,0.1413369617863767,0.7027469741392064,1.0080669537840588,1.1355114766495669,60.0
HMST,2017,0.0,,,2.997293949,3.608172257,0.222993846,0.199439475,22.15799615,30.29441877,20.9940517,22.58389032,22.58389032,21.15270351,26.86411542,20.1350967,20.57323606,20.57323606,8.816117977,0.163819087,1.10510795,14.69,31.57154,4.01889515,14.71893076,85.28106924,6742.041,1104.475,0.172593178,0.0,0.0,10.849572146110496,1.0018051468248923e-27,,,no_sigma_E,0.289895391,0.281895391,unavailable,,,,,
HMST,2018,0.0,,,2.307853007,6.099855178,0.634813403,0.541355688,21.58687943,34.07861018,22.248501,24.91245101,24.91245101,22.15799615,30.29441877,20.9940517,22.58389032,22.58389032,8.859678882,0.15294209,0.774977334,13.27,31.57154,3.805425763,20.1461309,79.8538691,7042.221,1077.052,0.252287474,0.0,0.0,11.180930913409288,2.52784263164625e-29,,,no_sigma_E,-0.370853964,-0.388953964,unavailable,,,,,
HMST,2019,0.0,,,1.364637381,5.429816968,0.727719296,0.644099358,20.28455285,42.49580079,22.84516608,29.30217698,29.30217698,21.58687943,34.07861018,22.248501,24.91245101,24.91245101,8.826504898,0.08891872,1.195029549,13.4,31.07465,1.938821127,15.85008749,84.14991251,6812.435,605.753,0.188355365,0.0,0.0,5.0271111682575125,2.489618654335172e-07,2.8974072131347666,0.0018813050999995,converged,0.033628239,0.012228239,unavailable,,,,,
HMST,2020,1.0,,,1.438717842,6.242812574,1.052530338,0.901618168,18.99807322,38.09195116,44.75888453,35.0068062,35.0068062,20.28455285,42.49580079,22.84516608,29.30217698,29.30217698,8.886974609,0.062143063,1.02493279,14.0,24.61131846,1.947512841,18.1683939,81.8316061,7237.091,449.735,0.22202172,0.0,0.0,8.671509193617489,2.1321509394799866e-18,5.187654340829498,1.0647970534018541e-07,converged,-0.036033037,-0.040433037,unavailable,,,,,
TMP,2017,0.0,-0.12870768133281785,-0.12070768133281784,1.693438994,4.567130895,0.737862105,0.496553109,22.15799615,30.62559847,62.30954015,37.62173129,37.62173129,21.15270351,27.7450528,65.83617747,37.46257008,37.46257008,8.802114958,0.175023954,2.148563782,12.3,31.26011,2.344976329,41.41654992,58.58345008,6648.29,1163.61,0.706966726,0.0,0.0,13.3300550771498,7.73916756333451e-41,,,no_sigma_E,0.139126058,0.131126058,monthly_compounded,0.0986779076500265,0.5181725862616701,1.1754506892129506,0.561533784114436,48.0
TMP,2018,0.0,-0.07344832302485638,-0.05534832302485637,2.269182541,6.089951234,0.902684464,0.569011767,21.58687943,21.21166913,69.47812569,35.53311314,35.53311314,22.15799615,30.62559847,62.30954015,37.62173129,37.62173129,8.818546781,0.17382424,1.84371647,13.1,31.26011,3.427466845,46.03583659,53.96416341,6758.436,1174.78,0.853081632,0.0,0.0,13.216081814535308,3.543007651134357e-40,,,no_sigma_E,-0.16094829,-0.17904829,monthly_compounded,0.12159237523622904,0.5382967626399735,1.2208517804238928,0.8019036212455587,60.0
TMP,2019,0.0,0.2288334426245829,0.2502334426245829,1.251720927,5.890756362,0.733863804,0.70685621,22.8865219,32.5704858,63.40761965,39.35638758,39.35638758,21.58687943,21.21166913,69.47812569,35.53311314,35.53311314,8.81367984,0.109355074,2.059247576,13.5,31.26011,1.720087584,5.265666954,94.73433305,6725.623,735.481,0.055583512,0.0,0.0,13.081833475465949,2.09114482865914e-39,7.518227945741752,2.7761818782385163e-14,converged,0.073188476,0.051788476,monthly_compounded,0.1458297077226332,0.7794956807302988,1.2210869325403682,0.8209921674421293,60.0
TMP,2020,1.0,-0.20822301143542002,-0.20382301143542003,0.670009155,4.85664408,0.719492095,0.673996821,21.86357029,23.41648932,69.6234773,37.09166211,37.09166211,22.8865219,32.5704858,63.40761965,39.35638758,39.35638758,8.938816516,0.045140026,1.462662523,14.4,29.10481,1.118925985,8.693476369,91.30652363,7622.171,344.065,0.095211996,0.0,0.0,22.65965759094977,5.602408953247468e-114,11.075334301244409,8.26311091085897e-29,converged,-0.134990954,-0.139390954,monthly_compounded,0.10202785610345735,0.5789221158384583,1.0656121773596081,0.6575403681813059,60.0
TMP,2021,1.0,0.21703261609103758,0.2174326160910376,0.746482431,1.469182905,0.666706002,0.635792988,20.26364203,19.12008529,61.86447204,32.16250705,32.16250705,21.86357029,23.41648932,69.6234773,37.09166211,37.09166211,8.964437532,0.024397371,1.674300532,14.2,20.91807,0.719645563,5.792095389,94.20790461,7819.982,190.787,0.061482053,0.0,0.0,31.9251909031671,5.970562024839434e-224,15.647997082637705,1.714204657699854e-55,converged,0.188278077,0.187878077,monthly_compounded,0.07654623136415699,0.43544162687004,0.7433314129350949,0.5858010262376362,60.0
BFST,2021,1.0,0.41650577277064776,0.4169057727706478,1.444016853,1.542927489,0.884384102,0.726882632,17.43215031,32.21945226,50.08566753,34.01168863,34.01168863,20.28455285,23.97750321,44.5006898,27.91308992,27.91308992,8.460914438,0.039690012,1.33266388,11.94,20.36714,1.644586892,21.38980709,78.61019291,4726.378,187.59,0.272099664,0.0,0.0,18.7371461844617,1.2324928501938354e-78,,,no_sigma_E,0.170951464,0.170551464,monthly_compounded,,,,,
BFST,2022,1.0,-0.21641102725093164,-0.20221102725093165,3.86779372,6.376712024,0.853088321,0.689499124,15.8938172,27.93656508,57.06052142,34.41765933,34.41765933,17.43215031,32.21945226,50.08566753,34.01168863,34.01168863,8.697923483,0.093502502,1.093188942,12.75,19.24161,4.774826872,20.37719166,69.3603186,5990.46,560.123,0.293787458,0.0,0.0,14.219275838223282,3.4784555286813702e-46,,,no_sigma_E,0.016897866,0.002697866,monthly_compounded,0.11693334722173121,0.656619062366638,0.3447641929753396,0.9648892569895396,45.0
BFST,2023,1.0,0.09400923627007472,0.14350923627007472,4.26169377,6.32184791,0.914189132,0.529200899,14.03688525,24.62306942,59.86929975,33.77828542,33.77828542,15.8938172,27.93656508,57.06052142,34.41765933,34.41765933,8.792481275,0.09644896,1.09189311,12.85,19.24161,5.27716271,43.89740781,48.73036292,6584.55,635.073,0.900822509,0.0,0.0,22.898752984277166,2.3905120218605345e-116,13.268942919101194,1.752449731927211e-40,converged,-0.000118761,-0.049618761,monthly_compounded,0.15218494294321236,0.7218820661139146,0.6178387154064934,0.7070931605345839,57.0
HBNC,2017,0.0,0.0025852162473023535,0.010585216247302354,2.028885097,5.344919433,1.000335964,0.639132048,22.15799615,47.43665649,46.74559597,40.35699617,40.35699617,21.15270351,37.49865837,65.30858931,42.1104267,42.1104267,8.28508533,0.151807266,1.552745427,12.91,26.17739,2.576867527,43.36036363,56.63963637,3964.303,601.81,0.765548058,0.0,0.0,12.654070570044404,5.3112620910442625e-37,,,no_sigma_E,0.22347289,0.21547289,monthly_compounded,0.13401552777639453,0.8220521327579146,1.0280352248544842,0.8657939108437555,48.0
HBNC,2018,0.0,-0.14965907092229436,-0.13155907092229435,2.136859987,6.92625798,1.083842783,0.720988272,21.58687943,44.08740393,49.76571175,39.78300858,39.78300858,22.15799615,47.43665649,46.74559597,40.35699617,40.35699617,8.353894664,0.138512883,1.230840994,13.39,26.03218,3.144774413,40.49020425,59.50979575,4246.688,588.221,0.680395618,0.0,0.0,13.10703388563743,1.5005382658520038e-39,,,no_sigma_E,-0.318033506,-0.336133506,monthly_compounded,0.14219528147623098,0.7681761485352818,1.1215231365192344,0.8822458574966549,60.0
HBNC,2019,0.0,0.21543966359506714,0.23683966359506714,1.792473897,5.443409882,1.003927188,0.650259213,20.28455285,42.41034245,65.35392126,44.56294151,44.56294151,21.58687943,44.08740393,49.76571175,39.78300858,39.78300858,8.565379173,0.115508243,1.302606233,13.95,25.87951,2.408741001,42.32284032,57.67715968,5246.829,606.052,0.733788566,0.0,0.0,5.569691330041699,1.2759551058048194e-08,3.815963662577907,6.782623403910052e-05,converged,0.012315559,-0.009084441,monthly_compounded,0.15865742010846776,0.9641480810970722,0.989962590627184,0.8693582961643579,60.0
HBNC,2020,1.0,-0.1330887645867538,-0.12868876458675382,1.926960717,4.964065084,1.289191321,0.592389986,18.99807322,32.08691666,63.5286419,38.78542175,38.78542175,20.28455285,42.41034245,65.35392126,44.56294151,44.56294151,8.680436239,0.100253049,1.005388077,14.91,25.87951,2.668962476,61.34442614,38.65557386,5886.614,590.151,1.586949048,0.0,0.0,8.870242495642254,3.6493394974585176e-19,6.1128225526606865,4.894209694011342e-10,converged,-0.132677756,-0.137077756,monthly_compounded,0.1284360948507647,0.8387686570653123,1.0219612487337446,0.7893466325114131,60.0
HBNC,2021,1.0,0.35366082913752267,0.3540608291375227,2.04409728,1.939357678,1.195058873,0.656465403,37.96102992,45.13567295,57.86827798,44.11265285,44.11265285,18.99807322,32.08691666,63.5286419,38.78542175,38.78542175,8.910840612,0.11174938,1.263076272,15.71,16.66187,2.370136417,49.6088845,50.3911155,7411.889,828.274,0.984476807,0.0,0.0,14.202010549029945,4.4510608266808495e-46,13.77886704357477,1.7079544395243113e-43,converged,0.136670742,0.136270742,monthly_compounded,0.14032677525426882,0.7700746969185225,1.321113624519987,1.1566147782438214,60.0
HBNC,2022,1.0,-0.2668917081490202,-0.2526917081490202,4.982386087,6.84650459,0.929616478,0.414470642,36.31866942,40.34762337,65.65155154,44.69631537,44.69631537,37.96102992,45.13567295,57.86827798,44.11265285,44.11265285,8.971133239,0.159907161,0.978163301,14.37,16.43014,5.972737894,59.79510746,40.20489254,7872.518,1258.872,1.487259477,0.0,0.0,15.364476879697891,1.4165809992643552e-53,6.420225643484046,6.803624943470516e-11,converged,-0.022441571,-0.036641571,monthly_compounded,0.15205592527687264,0.8759422146268793,1.0663629844085771,1.0203879299140652,60.0
HBNC,2023,1.0,-0.04491046493127605,0.004589535068723949,4.47914232,5.813238509,1.021652092,0.279323716,32.79168491,39.7226788,55.82905358,40.74682762,23.21772519,36.31866942,40.34762337,65.65155154,44.69631537,44.69631537,8.979729635,0.184604719,0.878059006,14.11,14.98921,5.285970922,75.76451781,24.23548219,7940.485,1465.851,3.126181573,0.0,0.0,12.452299315980264,6.793675357640956e-36,10.632246669581775,1.0548401885223892e-26,converged,-0.059843333,-0.109343333,monthly_compounded,0.16581917682506503,0.7758080631480437,1.0356424281202263,0.7249599268656638,60.0
HAFC,2017,0.0,-0.11533094332680449,-0.10733094332680448,2.06007304,5.977330196,0.780203446,0.722312617,22.15799615,33.86418729,77.19171814,44.58565543,44.58565543,21.15270351,33.80848029,64.86774744,40.1213953,40.1213953,8.558428221,0.051294649,1.749938005,15.5,31.375235,2.769202103,10.45760872,89.54239128,5210.485,267.27,0.116789473,0.0,0.0,18.75545001216727,8.736625272869879e-79,,,no_sigma_E,0.178367589,0.170367589,monthly_compounded,0.12270323781551526,0.5488860872948448,1.221429907783274,1.0443972623618463,48.0
HAFC,2018,0.0,-0.3445663669997938,-0.3264663669997938,1.742442877,7.78622126,0.917489479,0.840305015,21.58687943,31.09499102,59.6835443,36.9091915,36.9091915,22.15799615,33.86418729,77.19171814,44.58565543,44.58565543,8.612906744,0.031406965,1.102651997,14.54,36.80472,3.190071192,12.69027195,87.30972805,5502.219,172.808,0.145347743,0.0,0.0,19.7044685665498,9.870190901280442e-87,,,no_sigma_E,-0.313288738,-0.331388738,monthly_compounded,0.1465446588421886,0.583974014419098,1.2491960495713614,1.2855244899650868,60.0
HAFC,2019,0.0,0.040077648999767485,0.06147764899976749,1.340828649,7.641937386,1.193617207,1.058523885,20.28455285,26.38212385,56.38437865,33.38390974,33.38390974,21.58687943,31.09499102,59.6835443,36.9091915,36.9091915,8.619421928,0.03762551,1.093333147,15.11,36.80472,2.119220853,16.80201548,83.19798452,5538.184,208.377,0.201952194,0.0,0.0,8.798662293396362,6.922832866113435e-19,5.167004855006201,1.1893754324150194e-07,converged,0.001900403,-0.019499597,monthly_compounded,0.16242162784319267,0.8261964503628461,1.3591516752931447,1.054376543000229,60.0
HAFC,2020,1.0,-0.4129225408782456,-0.4085225408782456,1.209802524,6.712016433,1.322069268,1.01875706,23.18875826,36.59847701,71.8015816,44.60487262,44.60487262,20.28455285,26.38212385,56.38437865,33.38390974,33.38390974,8.732609041,0.043369374,0.603663237,15.21,36.80472,2.275562816,32.02473407,67.97526593,6201.888,268.972,0.471123336,0.0,0.0,10.999670661292344,1.9176503214534383e-28,6.523681798968095,3.43010849443944e-11,converged,-0.335777677,-0.340177677,monthly_compounded,0.16555990688472438,1.0163930640369268,1.4399651019384123,1.1167211273187898,60.0
MSBI,2017,0.0,-0.08801843279946842,-0.08001843279946841,1.74010136,7.359838083,1.400786312,1.083529542,22.15799615,40.7631833,36.42530313,33.33164804,33.33164804,21.15270351,33.39594376,29.68287827,27.25022428,27.25022428,8.392242253,0.179462193,1.390772326,13.26,30.07047,2.349311081,29.40993055,70.23999408,4412.701,791.913,0.418706336,0.0,0.0,11.339796012852569,4.16692450244442e-30,,,no_sigma_E,0.138438456,0.130438456,monthly_compounded,,,,,
MSBI,2018,0.0,-0.31020513427426577,-0.29210513427426577,2.688665308,7.725241377,1.021720037,0.808140127,21.58687943,41.21638773,32.59937819,32.17910446,32.17910446,22.15799615,40.7631833,36.42530313,33.33164804,33.33164804,8.637226671,0.160845441,0.875972634,12.79,30.07047,4.089911533,27.35355756,72.37702011,5637.673,906.794,0.377931525,0.0,0.0,10.548916879417368,2.5693016505034047e-26,,,no_sigma_E,-0.236802516,-0.254902516,monthly_compounded,,,,,
MSBI,2019,0.0,0.32378412260357614,0.3451841226035761,1.479239262,6.952944617,1.36568057,0.975114881,50.64802607,34.62737944,39.84612119,34.73711144,34.73711144,21.58687943,41.21638773,32.59937819,32.17910446,32.17910446,8.713913421,0.131473429,1.068441514,14.72,30.07047,2.081235724,36.41777543,63.58222457,6087.017,800.281,0.572766613,0.0,0.0,7.370725012758862,8.485128490313616e-14,4.919819769942113,4.33119698193538e-07,converged,0.037496174,0.016096174,monthly_compounded,,,,,
MSBI,2020,1.0,-0.3476231788071609,-0.3432231788071609,1.691819684,4.829322438,1.039503971,0.599438259,48.96209092,26.84274328,49.47447901,34.29961301,34.29961301,50.64802607,34.62737944,39.84612119,34.73711144,34.73711144,8.834706844,0.155307678,0.642037247,13.24,23.02576,2.428717584,48.81598255,51.18401745,6868.54,1066.737,0.953734876,0.0,0.0,8.819702101963468,5.7382316219514245e-19,5.967379168955759,1.205473518791607e-09,converged,-0.34711464,-0.35151464,monthly_compounded,0.1523478672071202,1.1097502012274088,1.0479986962356254,0.8077944878469105,44.0
MSBI,2021,1.0,0.4512278321463467,0.4516278321463467,1.646175625,1.627759618,1.023942004,0.752695706,47.53036272,24.80481154,59.04418135,37.0043585,37.0043585,48.96209092,26.84274328,49.47447901,34.29961301,34.29961301,8.915137422,0.077304416,0.823444328,12.19,23.02576,1.868045864,31.88776606,68.11223394,7443.805,575.439,0.46816503,0.0,0.0,10.676123788827876,6.582737329534004e-27,,,extreme_DD_m_y2021_small,0.305762278,0.305362278,monthly_compounded,0.11804569519296097,0.5946342930002955,1.0832790768063951,1.088958920862968,56.0
MSBI,2022,1.0,0.10531121004528952,0.11951121004528953,3.65196479,5.994537216,0.885319302,0.646495112,46.32831541,23.25378562,56.05865922,35.33208632,35.33208632,47.53036272,24.80481154,59.04418135,37.0043585,37.0043585,8.96896933,0.083006545,0.912557496,12.38,22.40724,4.582571948,28.19517651,59.22198385,7855.501,652.058,0.476093077,0.0,0.0,8.576935281062093,4.871720248721883e-18,2.815843363234461,0.0024324689749204,converged,0.162474694,0.148274694,monthly_compounded,0.13604915941785833,0.7294669158443262,0.790718074553549,1.0612405332377115,60.0
MSBI,2023,1.0,0.042226933201445646,0.09172693320144565,3.875444687,6.65298962,0.804272016,0.629117734,43.89460904,19.93061172,60.87483305,35.46144856,35.46144856,46.32831541,23.25378562,56.05865922,35.33208632,35.33208632,8.970415295,0.083264013,0.871792573,13.2,23.02576,4.989188114,22.48482207,62.16501359,7866.868,655.027,0.361695764,0.0,0.0,7.636079891004775,1.1196769915802416e-14,13.50847033232815,6.969379016875055e-42,converged,0.056390327,0.006890327,monthly_compounded,0.1777416750805998,0.7163579155460725,0.878616014750841,1.1957922680696706,60.0
FMBH,2017,0.0,0.14603856659445547,0.15403856659445547,1.230481197,2.362669994,0.032878265,0.026874921,22.15799615,25.05132125,4.89704873,14.18839288,14.18839288,21.15270351,30.57694416,4.395620023,16.74858751,16.74858751,7.952101086,0.087888641,1.571641405,12.7,37.44285,1.762660245,26.31253352,73.68746648,2841.539,249.739,0.35708289,0.0,0.0,15.4895946100861,2.039270303926733e-54,,,no_sigma_E,0.17345037,0.16545037,monthly_compounded,0.0209606285461897,-0.1163551227985226,0.4342707826803247,0.32817823169476934,48.0
FMBH,2018,0.0,-0.17398664218486093,-0.15588664218486092,1.607949977,5.148615665,0.48903082,0.420225463,21.58687943,27.44022095,4.116144792,15.09216171,15.09216171,22.15799615,25.05132125,4.89704873,14.18839288,14.18839288,8.253158372,0.090839365,1.116488638,13.63,35.82588,2.740522137,20.32766574,79.67233426,3839.734,348.799,0.255140833,0.0,0.0,14.466974357338662,9.795095196589896e-48,,,no_sigma_E,-0.189219996,-0.207319996,monthly_compounded,0.04051208044165858,-0.05464475662209687,0.45996279079585145,0.417235545173664,60.0
FMBH,2019,0.0,0.10765286326129883,0.12905286326129883,1.069768238,4.021964133,0.519710519,0.423141824,20.28455285,21.90292854,4.500689802,12.48410088,12.48410088,21.58687943,27.44022095,4.116144792,15.09216171,15.09216171,8.253078155,0.090081695,1.116084485,15.74,35.34636,1.547714516,26.08940282,73.91059718,3839.426,345.862,0.352985956,0.0,0.0,9.345546394975674,4.5708116321620125e-21,6.745857556174743,7.606290505815624e-12,converged,0.093510903,0.072110903,monthly_compounded,0.07999847363529933,0.36039354300079607,0.5112160071179576,0.42985490178938485,60.0
FMBH,2020,1.0,-0.021264963045512772,-0.01686496304551277,0.522747859,4.532642423,0.882375917,0.676018514,18.99807322,36.36073694,5.377026075,19.97065491,19.97065491,20.28455285,21.90292854,4.500689802,12.48410088,12.48410088,8.46090809,0.087633412,0.991695284,18.82,32.69424,0.894116706,31.2021291,68.7978709,4726.348,414.186,0.453533353,0.0,0.0,13.73143702812843,3.2907520947541655e-43,8.129228812170112,2.1601506675187312e-16,converged,-0.11489336,-0.11929336,monthly_compounded,0.07285524796078481,0.37670497053566504,0.7117857678726187,0.5350538712096045,60.0
FMBH,2021,1.0,0.29788800933993936,0.2982880093399394,1.09345264,1.445937434,0.90671924,0.71525407,22.45895173,37.85619547,9.479098165,22.9130077,22.9130077,18.99807322,36.36073694,5.377026075,19.97065491,19.97065491,8.697275911,0.057847533,1.220481919,15.79,24.54386,1.250513676,26.18619741,73.81380259,5986.582,346.309,0.354760174,0.0,0.0,20.274940811873073,1.0702462363694826e-91,11.480400757779382,8.275578247690415e-31,converged,0.203028817,0.202628817,monthly_compounded,0.09358821914317506,0.5446952915035925,0.8859617802563555,0.7049530291351338,60.0
FMBH,2022,1.0,-0.24629425608883393,-0.23209425608883394,3.364005836,6.641073449,0.852572199,0.611841547,20.8198309,32.53163378,18.36233662,23.47481286,23.47481286,22.45895173,37.85619547,9.479098165,22.9130077,22.9130077,8.816440379,0.118679787,1.036258455,15.2,24.22416,4.431370061,34.17727985,65.82272015,6744.215,800.402,0.519232262,0.0,0.0,15.353492897965074,1.6780933571907263e-53,5.878035319266236,2.075821756048045e-09,converged,0.0092642,-0.0049358,monthly_compounded,0.11509224420329625,0.6794326243854207,0.5217559143182218,0.793470141636338,60.0
CPF,2017,0.0,-0.03692227288149962,-0.028922272881499622,2.101968663,7.859622573,1.174109494,1.10244617,22.15799615,43.21739915,24.5790437,30.28428571,30.28428571,21.15270351,39.67423403,20.9798066,27.23115045,27.23115045,8.634746512,0.022189097,1.791205678,15.9,31.375235,2.769202103,8.652750093,91.34724991,5623.708,124.785,0.094723707,0.0,0.0,23.188885801161508,2.947481152558683e-119,,,no_sigma_E,0.220707495,0.212707495,monthly_compounded,0.14257172681174246,1.072181109474962,0.5578355243650651,0.7980189013775922,48.0
CPF,2018,0.0,-0.17802350698673153,-0.15992350698673152,2.053120816,7.503556486,0.942405831,0.796990359,21.58687943,38.95145979,34.29935598,31.66769221,31.66769221,22.15799615,43.21739915,24.5790437,30.28428571,30.28428571,8.666823843,0.054962041,1.434468169,14.7,28.26105,3.150168078,20.2763474,79.7236526,5807.026,319.166,0.254332895,0.0,0.0,18.378764926529755,9.717161864212451e-76,,,no_sigma_E,-0.259366799,-0.277466799,monthly_compounded,0.15497218284682254,1.0494789844700438,0.6952900262404372,0.8318379042635082,60.0
CPF,2019,0.0,0.23218961517473344,0.25358961517473344,1.481542106,7.239688762,1.040412337,0.96273977,20.28455285,35.19317253,31.57911493,28.82429495,28.82429495,21.58687943,38.95145979,34.29935598,31.66769221,31.66769221,8.701624521,0.041836142,1.583282037,13.6,35.82586,2.152046414,11.16783377,88.83216623,6012.672,251.547,0.125718355,0.0,0.0,9.889503168646687,2.3115830324154378e-23,5.439512271929276,2.6713314631484635e-08,converged,0.113117614,0.091717614,monthly_compounded,0.15171309321889953,0.9098307784895588,0.7421656925229724,0.9294027848445262,60.0
CPF,2020,1.0,-0.32843539945762695,-0.32403539945762694,1.223994704,7.287571,1.297314225,1.108236806,33.04569227,66.62780711,37.57371991,48.59678864,48.59678864,20.28455285,35.19317253,31.57911493,28.82429495,28.82429495,8.794003833,0.019316612,0.980025597,15.2,35.75228,2.139447149,20.98308898,79.01691102,6594.583,127.385,0.265551876,0.0,0.0,,,,,low_leverage_td_ta,-0.190530493,-0.194930493,monthly_compounded,0.1276829459800528,0.9263283568803622,0.6927514611026296,0.7550826787505103,60.0
CPF,2021,1.0,0.5377385479069423,0.5381385479069423,1.813114149,1.590904239,1.267168307,1.142915083,32.34761076,77.60964619,30.27081913,51.5397057,51.5397057,33.04569227,66.62780711,37.57371991,48.59678864,48.59678864,8.911811552,0.01423571,1.398564685,14.0,25.94448,2.106138989,12.80109949,87.19890051,7419.089,105.616,0.146803451,0.0,0.0,,,,,low_leverage_td_ta,0.290602253,0.290202253,monthly_compounded,0.13769326278745908,0.9013489944237966,0.7970363640723993,1.0842585513048826,60.0
CPF,2022,1.0,-0.26198046300132216,-0.24778046300132217,3.354774144,8.206191289,1.094576629,0.959838101,28.76230062,60.85902251,36.84242677,45.30241042,45.30241042,32.34761076,77.60964619,30.27081913,51.5397057,51.5397057,8.913652939,0.014914911,1.21020869,13.5,25.15816,4.444856878,15.79400797,84.20599203,7432.763,110.859,0.187563944,0.0,0.0,,,,,low_leverage_td_ta,0.033443548,0.019243548,monthly_compounded,0.1557938666265842,0.9555616329960691,0.6652947830577505,1.1411275298588746,60.0
CPF,2023,1.0,-0.02028561093714777,0.02921438906285223,3.754830525,7.255172273,1.191682756,0.94657431,25.72914216,58.13634869,34.48064524,42.93234623,42.93234623,28.76230062,60.85902251,36.84242677,45.30241042,45.30241042,8.941518784,0.020424724,1.056431923,14.6,25.1506,4.92883299,25.70311883,74.29688117,7642.796,156.102,0.345951518,0.0,0.0,16.580123371292707,4.851471016134501e-62,10.63718534114268,1.0004114701522588e-26,converged,0.088332921,0.038832921,monthly_compounded,0.18004513269864397,0.9498419092905672,0.6799124180597733,0.8857353194022206,60.0
MCB,2019,0.0,0.541971150727275,0.563371150727275,1.349407294,5.415502323,0.690624563,0.635838997,20.28455285,34.95742541,59.76758994,38.85521538,38.85521538,21.58687943,31.97007681,53.7386187,35.20306083,35.20306083,8.118973373,0.069155032,1.340367394,12.5,37.63328,2.091435525,12.13839434,87.86080014,3357.572,232.193,0.138154835,0.0,0.0,15.959786333942391,1.2178189312832113e-57,,,no_sigma_E,0.051271508,0.029871508,monthly_compounded,,,,,
MCB,2020,1.0,-0.2523784366987298,-0.24797843669872977,1.322298301,7.2471477,1.341027464,1.109455437,18.99807322,39.86530528,43.3192389,35.36811742,35.36811742,20.28455285,34.95742541,59.76758994,38.85521538,38.85521538,8.37351241,0.018989702,0.882874535,12.7,37.47803,2.25131798,25.02847168,74.97055932,4330.821,82.241,0.333844004,0.0,0.0,,,,,low_leverage_td_ta,-0.113738048,-0.118138048,monthly_compounded,,,,,
MCB,2021,1.0,1.9367381308387936,1.9371381308387936,1.39234542,1.538939975,1.276730176,1.202853549,17.43215031,34.82568837,51.90008663,35.95757262,35.95757262,18.99807322,39.86530528,43.3192389,35.36811742,35.36811742,8.870151357,0.010931575,2.088673592,16.1,31.85883,1.801652535,8.268063929,91.73162938,7116.358,77.793,0.090133185,0.0,0.0,,,,,low_leverage_td_ta,0.179521835,0.179121835,monthly_compounded,0.13865848058305838,0.8509222401527039,0.9067097299410584,1.1541474877325775,38.0
MCB,2022,1.0,-0.46346311836629106,-0.44926311836629107,2.697796125,8.732002571,1.124058717,1.074589543,15.8938172,32.76552911,54.62011173,35.93427801,35.93427801,17.43215031,34.82568837,51.90008663,35.95757262,35.95757262,8.743106823,0.044412005,1.115537061,13.4,31.85883,4.046904086,6.328352009,93.67164799,6267.337,278.345,0.067558884,0.0,0.0,23.42988891651238,1.0599105125619952e-121,8.167643717524351,1.5723550470235288e-16,converged,-0.063852478,-0.078052478,monthly_compounded,0.15595525973205254,1.0001888354774213,0.44728704916726447,1.1601453607274248,50.0
MCB,2023,1.0,-0.10557635925528565,-0.056076359255285646,2.843726352,8.09596288,1.279062356,1.220541245,15.2370401,30.2029544,53.02804808,34.24358499,34.24358499,15.8938172,32.76552911,54.62011173,35.93427801,35.93427801,8.863286426,0.080253441,0.929642503,12.8,31.85883,4.237017951,6.573838415,93.42616159,7067.672,567.205,0.070364,0.0,0.0,15.753717893977772,3.2379713388528773e-56,8.174741939585402,1.4824989705143861e-16,converged,-0.046482968,-0.095982968,monthly_compounded,0.17460922598413073,0.972315012427321,0.7950405094860434,0.6596343026442567,60.0
HFWA,2017,0.0,0.21481988789193163,0.22281988789193163,1.644973533,4.617586168,0.464039121,0.446096272,22.15799615,40.48429513,76.14161519,47.49119185,47.49119185,21.15270351,43.11203841,50.85466439,39.69125023,39.69125023,8.321973612,0.035088871,1.801677972,12.8,26.932,2.122847963,5.217514698,94.7824853,4113.27,144.33,0.055047245,0.0,0.0,20.852983179162056,7.16048810304843e-97,,,no_sigma_E,0.099017222,0.091017222,monthly_compounded,0.10083122532330299,0.2645742331081651,1.1584636807563833,1.1174393165071284,48.0
HFWA,2018,0.0,-0.03150506468127501,-0.013405064681275003,1.788403381,7.085931488,0.727789036,0.706690129,21.58687943,40.90753392,79.37264046,48.86428739,48.86428739,22.15799615,40.48429513,76.14161519,47.49119185,47.49119185,8.578650784,0.009740401,1.435607484,12.9,26.24902,2.719069159,3.890706849,96.10929315,5316.927,51.789,0.040482109,0.0,0.0,,,,,low_leverage_td_ta,-0.225718828,-0.243818828,monthly_compounded,0.11507701416905515,0.2934551957052598,1.2264741696626038,1.1262111261910124,60.0
HFWA,2019,0.0,-0.04149215236439632,-0.02009215236439632,1.423242489,5.92804765,0.732238638,0.707682991,20.28455285,36.41905757,59.92889738,39.63825561,39.63825561,21.58687943,40.90753392,79.37264046,48.86428739,48.86428739,8.622088199,0.007340936,1.280484302,12.8,26.18122,1.987718895,4.489489069,95.51051093,5552.97,40.764,0.047005183,0.0,0.0,,,,,low_leverage_td_ta,-0.046138743,-0.067538743,monthly_compounded,0.14638203993430018,0.645257661818325,1.2353466749327684,1.0904843856679467,60.0
HFWA,2020,1.0,-0.14469453170657434,-0.14029453170657435,1.02487359,5.262108072,0.772292381,0.731524235,24.95880839,52.98846431,66.24383369,50.98840429,50.98840429,20.28455285,36.41905757,59.92889738,39.63825561,39.63825561,8.797143148,0.008551365,1.023826712,14.0,26.18122,1.752684948,7.0196665,92.9803335,6615.318,56.57,0.07549625,0.0,0.0,,,,,low_leverage_td_ta,-0.289240795,-0.293640795,monthly_compounded,0.12477905095013031,0.567877141396989,1.2978015040771398,1.1045880665640315,60.0
HFWA,2021,1.0,0.07826123710902229,0.07866123710902229,1.353445688,1.511383355,0.711256654,0.671845951,23.43731268,52.18665281,58.25800418,47.72220468,47.72220468,24.95880839,52.98846431,66.24383369,50.98840429,50.98840429,8.913605715,0.009689856,1.004158597,14.8,17.47881,1.45676373,6.63674278,93.36325722,7432.412,72.019,0.071085168,0.0,0.0,,,,,low_leverage_td_ta,0.162062601,0.161662601,monthly_compounded,0.09455411183582818,0.32808883700934355,1.221089231299823,0.9944781110335486,60.0
HFWA,2022,1.0,0.2789397329929162,0.2931397329929162,3.868428311,6.587787952,0.62331398,0.590860414,21.22464922,53.60656499,62.3083329,49.78749589,49.78749589,23.43731268,52.18665281,58.25800418,47.72220468,47.72220468,8.850818522,0.009752009,1.348137151,14.0,17.47881,4.536447433,6.240606974,93.75939303,6980.1,68.07,0.066559806,0.0,0.0,,,,,low_leverage_td_ta,0.133211086,0.119011086,monthly_compounded,0.10471459002520159,0.4442439815187917,0.9128302744633389,0.8264190502978057,60.0
HFWA,2023,1.0,-0.31832545843561033,-0.26882545843561034,4.115427857,5.835684667,0.577457747,0.542343174,18.71185729,50.61473327,67.81629939,50.19197146,50.19197146,21.22464922,53.60656499,62.3083329,49.78749589,49.78749589,8.878352048,0.072720296,0.875047991,14.1,17.47881,5.037754159,7.275179696,92.7248203,7174.957,521.765,0.078459895,0.0,0.0,10.78950935751243,1.9292196922015294e-27,35.0,1.124910706472406e-268,converged,-0.045065414,-0.094565414,monthly_compounded,0.14446089491899403,0.4698645931222989,0.910906256635072,0.8816041630089015,60.0
PGC,2017,0.0,0.13313752881887475,0.14113752881887476,1.522355457,6.990659924,0.998863715,0.942524114,22.15799615,41.16059893,59.90391215,41.98106544,41.98106544,21.15270351,41.28140758,70.94283276,46.01499795,46.01499795,8.357152835,0.030511106,1.615296307,14.34,38.05246,2.16235384,8.800173648,91.19982635,4260.547,129.994,0.096493316,0.0,0.0,21.028809846267137,1.7875334154181135e-98,,,no_sigma_E,0.200472363,0.192472363,monthly_compounded,0.15945922872935786,0.7263663058393007,1.4743187131542452,1.4412169582272647,48.0
PGC,2018,0.0,-0.29458361802884225,-0.27648361802884225,1.699310149,8.396696839,1.039064162,0.947171741,21.58687943,36.54175664,65.05996003,41.5462969,41.5462969,22.15799615,41.16059893,59.90391215,41.98106544,41.98106544,8.43768624,0.043213758,1.038185144,15.03,37.85937,3.136832903,13.50423958,86.49576042,4617.858,199.555,0.156126029,0.0,0.0,17.935009071732768,3.142671752566068e-72,,,no_sigma_E,-0.288959341,-0.307059341,monthly_compounded,0.16662305814230594,0.790609570299714,1.326861530125725,1.3157096754435407,60.0
PGC,2019,0.0,0.2145722576978378,0.2359722576978378,1.340436864,6.849942772,0.999800809,0.905727717,20.28455285,34.59201737,70.48922848,42.53376287,42.53376287,21.58687943,36.54175664,65.05996003,41.5462969,41.5462969,8.553115972,0.062535707,1.161195486,14.2,37.85937,2.083853714,14.32080663,85.67919337,5182.879,324.115,0.167144508,0.0,0.0,7.6719761076580335,8.468325295827518e-15,4.467959609254447,3.948460570260659e-06,converged,0.053124961,0.031724961,monthly_compounded,0.17977236401833874,0.954319161489391,1.2470958913324321,1.2638039198071023,60.0
PGC,2020,1.0,-0.2604876686420548,-0.2560876686420548,1.507717021,5.475644107,1.267974836,0.758691613,18.99807322,33.67846956,70.38961039,42.04478064,42.04478064,20.28455285,34.59201737,70.48922848,42.53376287,42.53376287,8.681086316,0.06461875,0.819287073,17.67,29.84882,2.336032189,48.89833984,51.10166016,5890.442,380.633,0.956883586,0.0,0.0,10.72811441318056,3.755660528743189e-27,5.750433786390611,4.450738042620855e-09,converged,-0.2564244,-0.2608244,monthly_compounded,0.13408561601842411,0.8312892533688339,1.2104322385188324,0.8479998755568114,60.0
PGC,2021,1.0,0.5648797985772245,0.5652797985772244,1.670135311,1.63678473,1.23109539,1.012340323,17.43215031,35.34845084,65.33256329,41.0525544,41.0525544,18.99807322,33.67846956,70.38961039,42.04478064,42.04478064,8.712429822,0.022790582,1.191723894,14.64,28.26291,2.04020284,23.1492097,76.8507903,6077.993,138.521,0.301222793,0.0,0.0,19.669261215225433,1.9775045605304043e-86,9.55466363595321,6.199301012090798e-22,converged,0.268771685,0.268371685,monthly_compounded,0.13889093515471343,0.7288647081604442,1.3738890199259224,1.1788020235119618,60.0
PGC,2022,1.0,0.04323536071479483,0.057435360714794825,3.126077363,7.992705965,1.080181763,0.927741346,18.62880931,30.65559831,62.07914339,37.94750724,37.94750724,17.43215031,35.34845084,65.33256329,41.0525544,41.0525544,8.756775759,0.081404805,1.243980349,14.73,28.15674,4.266771211,18.61390171,81.38609829,6353.593,517.213,0.228711071,0.0,0.0,11.59550786441126,2.1714091623832284e-31,3.8631462533599743,5.596797225378615e-05,converged,0.074570264,0.060370264,monthly_compounded,0.15311919060528908,0.9030395668539729,0.9408296829930832,1.0514026544494763,60.0
PGC,2023,1.0,-0.24265158149842803,-0.19315158149842804,3.487597183,6.885070036,1.036626536,0.852109192,18.27614192,32.90737666,64.3083381,40.0835135,40.0835135,18.62880931,30.65559831,62.07914339,37.94750724,37.94750724,8.775990641,0.083453749,0.906312126,14.95,27.45447,4.777123151,22.9875312,77.0124688,6476.857,540.518,0.298491031,0.0,0.0,9.671285315841196,1.9966541949407631e-22,10.123480319028134,2.1733919669022123e-24,converged,0.028577028,-0.020922972,monthly_compounded,0.18963172371675366,0.8939929926455151,1.0035429525086863,1.0680918806402249,60.0
WASH,2017,0.0,-0.03018612746969806,-0.022186127469698058,2.033476123,6.172060261,0.760157977,0.748401721,22.15799615,43.64377743,21.61862274,29.43001779,29.43001779,21.15270351,42.4963665,19.9132537,28.24696911,28.24696911,8.418444105,0.179705067,2.219567056,12.45,31.75869,2.753728617,2.250107159,97.74989284,4529.85,814.037,0.023019024,0.0,0.0,13.331943564013468,7.545705584041503e-41,,,no_sigma_E,0.157847377,0.149847377,monthly_compounded,0.11879937488779338,0.5737049899893427,0.8415649289261645,1.082969986546851,48.0
WASH,2018,0.0,-0.0956380509136956,-0.07753805091369559,2.095011912,7.02386077,0.703420307,0.692318718,21.58687943,41.15329275,51.58227848,38.98165345,38.98165345,22.15799615,43.64377743,21.61862274,29.43001779,29.43001779,8.519344077,0.194262314,1.834884375,12.56,32.44797,3.409998103,2.318739379,97.68126062,5010.766,973.403,0.023737812,0.0,0.0,12.71866771493784,2.3286665162322194e-37,,,no_sigma_E,-0.213460625,-0.231560625,monthly_compounded,0.13570139608403042,0.5822012315591163,0.8921668339428849,1.2023573265449214,60.0
WASH,2019,0.0,0.15576011769168727,0.17716011769168727,1.57855514,5.769816139,0.688867366,0.676492212,20.28455285,35.52652649,63.7419081,40.56824406,40.56824406,21.58687943,41.15329275,51.58227848,38.98165345,38.98165345,8.574076045,0.219954658,1.855005133,12.94,32.44797,2.265322199,2.636605272,97.36339473,5292.659,1164.145,0.027080047,0.0,0.0,7.329474473868578,1.155284911384173e-13,5.1112457932625945,1.6002063074143092e-07,converged,0.049591541,0.028191541,monthly_compounded,0.13833072365266608,0.6003004416615305,0.994338688565755,1.1029537016061015,60.0
WASH,2020,1.0,-0.12237611028895949,-0.11797611028895949,1.376350022,4.711619756,0.735710963,0.632088435,18.99807322,36.33826852,75.18876472,45.09173649,45.09173649,20.28455285,35.52652649,63.7419081,40.56824406,40.56824406,8.65052914,0.107915589,1.447948965,13.51,32.44797,2.249480572,19.52890333,80.47109667,5713.169,616.54,0.242682207,0.0,0.0,14.122669886817544,1.3767897721630317e-45,8.025609458244725,5.051156649192415e-16,converged,-0.177976658,-0.182376658,monthly_compounded,0.10981496579602554,0.5753131837886378,0.7303174976032563,1.0056707750901173,60.0
WASH,2021,1.0,0.3084214002087446,0.3088214002087446,1.937567859,1.53244271,0.792770062,0.777715177,22.77871804,48.67126457,69.5081336,49.93378108,49.93378108,18.99807322,36.33826852,75.18876472,45.09173649,45.09173649,8.674389571,0.028657898,1.729681964,14.01,21.68125,2.22738525,2.412055352,97.58794465,5851.127,167.681,0.024716735,0.0,0.0,27.5079190533949,7.058097428780739e-167,13.918277249358262,2.452933679053677e-44,converged,0.197880562,0.197480562,monthly_compounded,0.0900481563175928,0.3273702930274403,0.8761035482444112,1.0525376933283432,60.0
WASH,2022,1.0,-0.13898112987030753,-0.12478112987030754,3.690540352,7.415540762,0.789159707,0.771977812,21.06625006,31.19890492,47.33891993,33.28083369,33.28083369,22.77871804,48.67126457,69.5081336,49.93378108,49.93378108,8.803882421,0.15055155,1.786946621,12.37,21.68125,4.651350563,2.763316491,97.23668351,6660.051,1002.681,0.028418457,0.0,0.0,14.29069748022859,1.2504602301594766e-46,4.941232158391136,3.881520277283028e-07,converged,0.049015178,0.034815178,monthly_compounded,0.10956389149237003,0.48556397939669466,0.8466800998024709,0.8905581423647078,60.0
WASH,2023,1.0,-0.3098191449782236,-0.2603191449782236,4.07876458,6.821443558,0.863636082,0.830680339,59.77811421,48.12101301,61.20572082,52.28673565,52.28673565,21.06625006,31.19890492,47.33891993,33.28083369,33.28083369,8.882231644,0.168361344,1.166658964,11.58,21.61626,5.161569279,4.817569543,95.18243046,7202.847,1212.681,0.050614063,0.0,0.0,11.071441237865065,8.630104348364573e-29,11.458590096387294,1.0647656625312163e-30,converged,0.034600437,-0.014899563,monthly_compounded,0.1432932769347241,0.6200317265429559,0.7614560440934174,0.6301201434450655,60.0
PFBC,2017,0.0,0.12922321622675015,0.13722321622675016,1.827263387,6.579548951,0.920931861,0.853288364,22.15799615,32.91596753,36.8302448,29.58520802,29.58520802,21.15270351,25.2827254,47.98208191,29.81378129,29.81378129,8.234792879,0.027949056,2.50367446,13.83,31.375235,2.395430458,10.3555414,89.6444586,3769.859,105.364,0.11551792,0.0,0.0,23.68563907426724,2.5350675277841166e-124,,,no_sigma_E,0.204591413,0.196591413,monthly_compounded,0.12978344847198214,0.7004762317241194,1.1441604438592603,0.9499879476209121,48.0
PFBC,2018,0.0,-0.269510599866573,-0.251410599866573,1.595423752,9.133347691,1.132168584,1.060768718,21.58687943,30.27138086,47.53830779,32.12839571,32.12839571,22.15799615,32.91596753,36.8302448,29.58520802,29.58520802,8.346745263,0.023810162,1.592775788,13.77,39.0804,3.075195822,9.949593256,90.05040674,4216.435,100.394,0.110489154,0.0,0.0,23.074790964081156,4.147489923941293e-118,,,no_sigma_E,-0.30868627,-0.32678627,monthly_compounded,0.14465127177886353,0.7359161964640477,1.1203544016005706,1.0037877317679997,60.0
PFBC,2019,0.0,0.39973901056501016,0.42113901056501013,1.241604221,7.987846556,1.189393308,1.10583519,20.28455285,26.24067558,41.09307015,27.80888034,27.80888034,21.58687943,30.27138086,47.53830779,32.12839571,32.12839571,8.439984015,0.021434894,1.909237193,13.7,39.0804,1.97974323,11.03472985,88.96527015,4628.481,99.211,0.12403413,0.0,0.0,11.390935419584444,2.3199083948458977e-30,6.571214786955418,2.4953203541674105e-11,converged,0.039962296,0.018562296,monthly_compounded,0.18105716078520812,1.073385738439618,1.0110305329713039,1.171769981331842,60.0
PFBC,2020,1.0,-0.1383900290529019,-0.13399002905290192,1.026854649,8.229094043,1.440784554,1.278244439,18.99807322,35.92721093,41.62891372,32.80630556,32.80630556,20.28455285,26.24067558,41.09307015,27.80888034,27.80888034,8.545516473,0.019312001,1.521624775,14.64,38.57977,2.045291816,17.15208092,82.84791908,5143.641,99.334,0.20703092,0.0,0.0,,,,,low_leverage_td_ta,-0.276854616,-0.281254616,monthly_compounded,0.16429888617064597,1.1243976254886996,0.5500369900733465,1.2946608944313427,60.0
PFBC,2021,1.0,0.4555036551225328,0.45590365512253284,1.543788291,1.559717695,1.388499667,1.257534916,19.0205481,33.41145172,35.89758398,29.72393957,29.72393957,18.99807322,35.92721093,41.62891372,32.80630556,32.80630556,8.70720229,0.024437743,1.796196156,15.37,29.6528,1.859979968,12.89524031,87.10475969,6046.303,147.758,0.148042889,0.0,0.0,20.84616561824599,8.256880837367354e-97,10.57020963783985,2.0478902212916143e-26,converged,0.270185537,0.269785537,monthly_compounded,0.15353351922061056,1.010020610358906,0.9380316391258994,1.177073638502247,60.0
PFBC,2022,1.0,0.050578995715534474,0.06477899571553447,2.846164583,8.295664561,1.11148715,0.999161326,17.26625006,33.93500577,34.25977654,29.3822481,29.3822481,19.0205481,33.41145172,35.89758398,29.72393957,29.72393957,8.768007628,0.023032958,1.699493327,14.39,28.83403,3.899183496,13.64189574,86.35810426,6425.358,147.995,0.157968912,0.0,0.0,16.602788510545192,3.3263578886581475e-62,6.060975001836511,6.76494308056048e-10,converged,0.082531716,0.068331716,monthly_compounded,0.16646031854086127,1.0819437057615837,0.8398818491715259,1.0617650059846766,60.0
PFBC,2023,1.0,-0.03388119680069436,0.015618803199305642,3.397279491,7.13496484,1.041891096,0.931683222,15.2370401,28.77513843,35.62011067,27.2685308,27.2685308,17.26625006,33.93500577,34.25977654,29.3822481,29.3822481,8.803766049,0.022259477,1.427495082,15.18,28.27925,4.722811388,14.15792854,85.84207146,6659.276,148.232,0.16492995,0.0,0.0,15.241302966706058,9.404091278651264e-53,17.87735863989572,8.851370934850141e-72,converged,0.011700257,-0.037799743,monthly_compounded,0.1905808588200503,0.9462222333469419,0.9178742088426587,1.0283566928801149,60.0
RBCAA,2017,0.0,-0.023322170700083904,-0.015322170700083904,1.412933231,4.494195259,0.529886728,0.458063886,22.15799615,31.40997143,32.66186227,27.33761625,27.33761625,21.15270351,30.78750968,35.68686007,28.11787443,28.11787443,8.534121496,0.193252909,1.253395721,16.04,35.04005,2.035996052,19.44411283,80.55588717,5085.362,982.761,0.2413742,0.0,0.0,10.547159365285424,2.617805072193986e-26,,,no_sigma_E,0.112159665,0.104159665,monthly_compounded,0.09256474737058681,0.3889917973690085,0.9320922535786154,0.7858251385339081,48.0
RBCAA,2018,0.0,0.023623982942404757,0.04172398294240476,1.432599884,5.438355397,0.555434015,0.479956446,21.58687943,26.46861834,29.93004664,23.90325148,23.90325148,22.15799615,31.40997143,32.66186227,27.33761625,27.33761625,8.564153874,0.197356921,1.17224784,16.8,33.95312,2.323072748,19.23123614,80.76876386,5240.404,1034.23,0.238102395,0.0,0.0,10.562573320822748,2.2215579187852996e-26,,,no_sigma_E,-0.125936292,-0.144036292,monthly_compounded,0.10602666504600405,0.3909304639253426,0.9965450247247857,0.8306786057017495,60.0
RBCAA,2019,0.0,0.21573157077265223,0.23713157077265223,1.142786685,5.235597956,0.723774521,0.62780291,20.28455285,29.41442121,28.42937493,24.8241279,24.8241279,21.58687943,26.46861834,29.93004664,23.90325148,23.90325148,8.634143703,0.170605441,1.282477465,17.01,33.49010608,1.628104927,18.68887542,81.31112458,5620.319,958.857,0.229844016,0.0,0.0,11.662258861083414,9.93499800937535e-32,7.945256837557278,9.689442103883177e-16,converged,0.073711715,0.052311715,monthly_compounded,0.11681727620513922,0.4684343740141526,0.8115759974930383,0.9419450679934577,60.0
RBCAA,2020,1.0,-0.20668782514004283,-0.20228782514004284,0.779594534,3.811249801,0.602196246,0.506360933,18.99807322,22.9494,26.38779825,20.88250977,20.88250977,20.28455285,29.41442121,28.42937493,24.8241279,24.8241279,8.727182605,0.078994865,0.915462044,18.52,33.43822,1.340536796,22.13909616,77.86090384,6168.325,487.266,0.284341628,0.0,0.0,20.367561167279742,1.6221888020167597e-92,10.38256922067412,1.4882752240069957e-25,converged,-0.144733254,-0.149133254,monthly_compounded,0.10679231045379012,0.5754114601617938,0.978030132281461,0.8176933263606164,60.0
RBCAA,2021,1.0,0.44526598623413366,0.44566598623413367,0.971804131,1.413868242,0.620181641,0.514965196,17.43215031,27.20648842,14.53171624,18.7258361,18.7258361,18.99807322,22.9494,26.38779825,20.88250977,20.88250977,8.71499957,0.051851999,1.216488189,17.47,18.98881,1.011829763,20.14113225,79.85886775,6093.632,315.967,0.252209089,0.0,0.0,25.09743201830924,2.652481339522414e-139,12.153327433901437,2.753873289853907e-34,converged,0.190472021,0.190072021,monthly_compounded,0.0741763145879,0.21572664715231968,0.9361794988639959,0.8700553112379616,60.0
RBCAA,2022,1.0,-0.18345087405058513,-0.16925087405058514,3.851402148,6.208147389,0.602209999,0.491868903,15.8938172,24.8545068,13.44413408,17.18705899,17.18705899,17.43215031,27.20648842,14.53171624,18.7258361,18.7258361,8.6717226,0.053457922,0.943181798,17.92,18.98881,4.697838908,21.68611223,78.31388777,5835.543,311.956,0.276912727,0.0,0.0,18.401006220500648,6.44739616150019e-76,7.419021036797495,5.899458655357794e-14,converged,0.058261626,0.044061626,monthly_compounded,0.08839191560948931,0.38254658295046573,0.6440255668097243,0.6903806132556795,60.0
RBCAA,2023,1.0,0.3431616742371436,0.3926616742371436,3.791099187,5.919463843,0.619163756,0.575413093,14.03688525,26.07071616,9.348406793,16.30879674,16.30879674,15.8938172,24.8545068,13.44413408,17.18705899,17.18705899,8.794050537,0.072422425,1.169844626,16.1,18.98881,4.581182795,8.580249608,91.41975039,6594.891,477.618,0.093855535,0.0,0.0,17.16769967665044,2.317124994704728e-66,18.40000213065308,6.567980240967413e-76,converged,0.087320835,0.037820835,monthly_compounded,0.1253694773416129,0.4655942930250146,0.583152913622986,0.5956512670684568,60.0
LKFN,2017,0.0,0.03511533633368825,0.04311533633368825,1.414778624,6.215851415,0.8193851,0.779063527,22.15799615,42.71540046,61.37153969,43.28059292,43.28059292,21.15270351,39.2616975,43.87798635,35.26987704,35.26987704,8.451689084,0.038780895,2.589766253,13.26,32.99566,1.890838787,7.170472881,92.82952712,4682.976,181.61,0.077243449,0.0,0.0,22.14735605446223,5.531173238843614e-109,,,no_sigma_E,0.159253826,0.151253826,monthly_compounded,0.11962266686205028,0.6292088007426729,1.0411939378591424,0.89941193297372,48.0
LKFN,2018,0.0,-0.17186249062097825,-0.15376249062097824,1.418628145,7.557508251,0.864611155,0.80572258,21.58687943,38.84850852,65.47301799,42.8391467,42.8391467,22.15799615,42.71540046,61.37153969,43.28059292,43.28059292,8.491927485,0.056711507,1.934705719,14.2,32.99566,2.381343648,9.835126665,90.16487334,4875.254,276.483,0.10907936,0.0,0.0,19.334306055801296,1.3818046516602297e-83,,,no_sigma_E,-0.196279819,-0.214379819,monthly_compounded,0.13718326575263162,0.636027083713539,1.1229245851033396,1.022901513804689,60.0
LKFN,2019,0.0,0.22835512132273802,0.24975512132273803,1.512589043,7.18527104,0.943384891,0.926120695,20.28455285,35.85326448,70.97208957,43.33317142,43.33317142,21.58687943,38.84850852,65.47301799,42.8391467,42.8391467,8.506485064,0.034366033,2.081882065,14.36,32.54853,2.19201359,2.689352269,97.31064773,4946.745,170.0,0.027636773,0.0,0.0,15.49209439760961,1.9614974285873535e-54,9.542336152964117,6.982518532712809e-22,converged,0.034984511,0.013584511,monthly_compounded,0.15698911758933198,0.780808959215832,1.065172826228236,1.1542111227547314,60.0
LKFN,2020,1.0,0.1208374056007568,0.1252374056007568,1.506699972,6.354594573,0.918109984,0.911795586,22.30216678,43.50132989,71.79603342,47.89902113,47.89902113,20.28455285,35.85326448,70.97208957,43.33317142,43.33317142,8.670846891,0.014664429,2.058067247,14.65,31.42446,2.283563425,0.999772923,99.00022708,5830.435,85.5,0.010098693,0.0,0.0,,,,,low_leverage_td_ta,-0.059864487,-0.064264487,monthly_compounded,0.13467947946315306,0.8105923080606007,0.9840244029052484,1.009236795373976,60.0
LKFN,2021,1.0,0.5271679109859082,0.5275679109859082,0.094487625,1.515266,0.778355524,0.778355524,20.59743576,33.08819763,69.54759842,41.90468256,41.90468256,22.30216678,43.50132989,71.79603342,47.89902113,47.89902113,8.788337719,0.011437594,2.876782982,15.35,19.14315,0.0,0.0,100.0,6557.323,75.0,0.0,0.0,0.0,,,,,low_leverage_td_ta,0.094487625,0.094087625,monthly_compounded,0.09857693897100167,0.5483814620681009,0.949388024245109,0.7851043479161529,60.0
LKFN,2022,1.0,-0.08433731278486302,-0.07013731278486302,-0.027677819,7.326869579,0.753131302,0.753131302,19.0731221,31.32317457,65.15456238,39.4690923,39.4690923,20.59743576,33.08819763,69.54759842,41.90468256,41.90468256,8.76909849,0.04617271,3.252003256,15.07,18.93933,0.0,0.0,100.0,6432.371,297.0,0.0,0.0,0.0,55.498586961263946,0.0,21.07434898153981,6.8386989120325395e-99,converged,-0.027677819,-0.041877819,monthly_compounded,0.10647763497795318,0.5179684562727034,1.0303560902460085,0.6679127378994101,60.0
LKFN,2023,1.0,-0.12713319199498863,-0.07763319199498864,-0.00527748,6.38740004,0.716434431,0.716434431,16.669483,26.15747581,65.22323984,36.83356842,36.83356842,19.0731221,31.32317457,65.15456238,39.4690923,39.4690923,8.783247409,0.007663976,2.55047788,15.47,18.80993,0.0,0.0,100.0,6524.029,50.0,0.0,0.0,0.0,,,,,low_leverage_td_ta,-0.00527748,-0.05477748,monthly_compounded,0.14445481829282847,0.6029367385567043,1.0134104084570514,0.5722150405685871,60.0
CHCO,2017,0.0,0.016378424931261744,0.024378424931261744,1.186342065,5.543853064,0.823242122,0.700982019,22.15799615,21.53733036,33.88583848,22.88141771,22.88141771,21.15270351,21.63865275,39.63737201,25.00222569,25.00222569,8.326584834,0.065201761,2.096982563,16.4,34.26228,1.678419751,20.96835125,79.03164875,4132.281,269.432,0.265315878,0.0,0.0,18.396744852465563,6.974851207013691e-76,,,no_sigma_E,0.105005007,0.097005007,monthly_compounded,0.13432049426687964,0.6981347079899943,0.9293703816625243,1.16244815636383,48.0
CHCO,2018,0.0,0.01044801745779345,0.02854801745779345,1.439533646,6.307181368,0.703050118,0.619658367,21.58687943,27.59464785,45.9526982,30.22991669,30.22991669,22.15799615,21.53733036,33.88583848,22.88141771,22.88141771,8.496788831,0.054327689,1.862565418,15.7,32.4863,2.293094501,16.62031071,83.37968929,4899.012,266.152,0.199332845,0.0,0.0,19.082783799067975,1.755267351734466e-81,,,no_sigma_E,-0.130270689,-0.148370689,monthly_compounded,0.14517006288075063,0.6686443738015845,1.086370159213447,1.1639114097187255,60.0
CHCO,2019,0.0,0.2266775156581234,0.24807751565812342,1.092937265,5.641336636,0.768290147,0.690991877,20.28455285,27.36636809,56.34723549,33.85872335,33.85872335,21.58687943,27.59464785,45.9526982,30.22991669,30.22991669,8.520937373,0.042931555,2.030549157,16.5,32.32685,1.536596264,14.18540087,85.81459913,5018.756,215.463,0.165302886,0.0,0.0,,,13.317360168800432,9.17405820648789e-41,extreme_DD_a_y2019_small,0.061847484,0.040447484,monthly_compounded,0.14499328749933968,0.6437029496753608,0.9700693192245371,1.185897169739227,60.0
CHCO,2020,1.0,-0.12592442474706791,-0.12152442474706793,0.376388194,3.902761884,0.660114389,0.547774912,23.90095542,23.12840429,47.28178798,29.19914724,29.19914724,20.28455285,27.36636809,56.34723549,33.85872335,33.85872335,8.658456615,0.051393385,1.564143199,16.8,32.32685,0.748035991,23.25695668,76.74304332,5758.64,295.956,0.303049706,0.0,0.0,27.880627654136656,2.291481912471265e-171,14.083983871086671,2.3823137832759537e-45,converged,-0.169176669,-0.173576669,monthly_compounded,0.12139001476151765,0.6550261755146944,0.9425455556969465,1.0214422667826488,60.0
CHCO,2021,1.0,0.2121493013297186,0.2125493013297186,0.719576512,1.356786686,0.595884777,0.498703967,23.63341889,29.41118234,44.27952642,31.42155863,31.42155863,23.90095542,23.12840429,47.28178798,29.19914724,29.19914724,8.700130392,0.052044283,1.808692295,16.5,21.26675,0.716472575,19.83983704,80.16016296,6003.695,312.458,0.247502454,0.0,0.0,27.346629693093575,5.921548501912686e-165,12.198795160190883,1.5772851804737663e-34,converged,0.193954656,0.193554656,monthly_compounded,0.0777193553426185,0.3488676422917391,0.7372584508511654,0.7860028049662819,60.0
CHCO,2022,1.0,0.15813708625623968,0.17233708625623967,3.516561466,6.01210971,0.552104269,0.466595786,26.10871978,37.85164997,38.72603944,34.2060739,34.2060739,23.63341889,29.41118234,44.27952642,31.42155863,31.42155863,8.67898988,0.049499618,2.382320716,16.6,20.78709,4.362254954,18.78842427,81.21157573,5878.106,290.964,0.231351554,0.0,0.0,22.109570005160396,1.2784683078415173e-108,8.165418558186378,1.601612946950327e-16,converged,0.075226191,0.061026191,monthly_compounded,0.08536349807811094,0.4092404372722629,0.5527334003412795,0.609868681146527,60.0
CHCO,2023,1.0,0.16957711264553665,0.21907711264553664,3.481964935,5.475546258,0.52625099,0.452313729,23.16515903,35.31408687,50.41310242,36.97897539,36.97897539,26.10871978,37.85164997,38.72603944,34.2060739,34.2060739,8.727138346,0.070501351,2.415357059,16.2,20.46764,4.295542764,17.04907933,82.95092067,6168.052,434.856,0.205532129,0.0,0.0,19.459477637712535,1.2112059028789332e-84,23.84305079068786,5.97750647552666e-126,converged,0.079105089,0.029605089,monthly_compounded,0.11913875212833813,0.474213432406078,0.4069232789997138,0.515332287354511,60.0
GABC,2017,0.0,0.015200949027241568,0.02320094902724157,0.127403726,7.990294627,1.104523373,1.104523373,22.15799615,22.82021593,29.07000686,21.78402957,21.78402957,21.15270351,21.82343474,26.00540387,20.18636902,20.18636902,8.053365651,0.087526874,2.222536784,13.62,29.86415,0.0,0.0,100.0,3144.36,275.216,0.0,0.0,0.0,17.142697842411128,3.563297135676289e-66,,,no_sigma_E,0.127403726,0.119403726,monthly_compounded,0.14966539700421455,0.874450136069781,1.3814227219372035,0.964393403933485,48.0
GABC,2018,0.0,-0.21824389470296823,-0.20014389470296823,-0.190034954,8.508844667,0.926179411,0.926179411,21.58687943,24.41281017,38.13124584,25.83600235,25.83600235,22.15799615,22.82021593,29.07000686,21.78402957,21.78402957,8.276163126,0.095800554,1.511744088,12.36,28.38591,0.0,0.0,100.0,3929.09,376.409,0.0,0.0,0.0,15.31832334957982,2.884320627655166e-53,,,no_sigma_E,-0.190034954,-0.208134954,monthly_compounded,0.16517510181317785,0.8432508189058306,1.5597714745925637,1.0686919207285965,60.0
GABC,2019,0.0,0.2895916725457247,0.3109916725457247,1.23227449,6.733286496,0.879098218,0.852090204,20.28455285,23.51779632,31.29045951,22.9293924,22.9293924,21.58687943,24.41281017,38.13124584,25.83600235,25.83600235,8.388830589,0.079516162,1.655630909,14.28,27.85217,1.689667445,4.208346384,95.79165362,4397.672,349.686,0.043932287,0.0,0.0,12.763624741991077,1.3086622502832084e-37,8.806581653362159,6.451006200618917e-19,converged,0.013796707,-0.007603293,monthly_compounded,0.1601695829739227,0.7896378081475898,1.4740724768922366,1.018971244488852,60.0
GABC,2020,1.0,-0.05220852651194534,-0.04780852651194534,1.648218353,5.434624548,0.759052246,0.756526118,18.99807322,16.58915387,26.59720125,17.80321277,17.80321277,20.28455285,23.51779632,31.29045951,22.9293924,22.9293924,8.512698505,0.039081063,1.403783802,15.86,26.46619,2.448673667,0.452039894,99.54796011,4977.577,194.529,0.004540926,0.0,0.0,22.480867381100783,3.193952542354653e-112,15.99675717438147,6.730304684126487e-58,converged,-0.153076657,-0.157476657,monthly_compounded,0.1271238877818352,0.675793958604942,1.3492857359382064,0.9238311370352442,60.0
GABC,2021,1.0,0.20289186540535814,0.20329186540535815,1.950038874,1.517302438,0.688051783,0.686334052,17.43215031,17.55432329,14.14861873,13.8004471,13.8004471,18.99807322,16.58915387,26.59720125,17.80321277,17.80321277,8.632045537,0.027134161,1.548420684,16.2,17.10197,2.191823913,0.300999879,99.69900012,5608.539,152.183,0.003019086,0.0,0.0,35.871930611361236,4.185491185451896e-282,19.920397247186028,1.3541688557785603e-88,converged,0.133461748,0.133061748,monthly_compounded,0.08282123861237867,0.3380189302326308,1.2997475764674116,0.6621376508747007,60.0
GABC,2022,1.0,-0.03377399184321773,-0.01957399184321773,3.809059413,7.075827149,0.700552343,0.698952073,19.68436486,41.99463633,25.44484763,30.55465898,30.55465898,17.43215031,17.55432329,14.14861873,13.8004471,13.8004471,8.725181033,0.033106936,1.970110834,15.45,17.10197,4.541983064,0.2754253,99.7245747,6155.991,203.806,0.00276186,0.0,0.0,29.336223555221103,1.7907887147401994e-189,10.817481722111362,1.4224342746895409e-27,converged,0.043966023,0.029766023,monthly_compounded,0.09839370950370155,0.42723611562569896,0.8707616548706535,0.7310110500253725,60.0
GABC,2023,1.0,-0.15166816715833775,-0.10216816715833776,3.73021555,6.078881259,0.63028136,0.628526015,17.41491575,39.48470947,28.83992936,30.45322686,30.45322686,19.68436486,41.99463633,25.44484763,30.55465898,30.55465898,8.724564695,0.031523205,1.444998657,16.5,17.10197,4.501363029,0.335764108,99.66423589,6152.198,193.937,0.003368953,0.0,0.0,26.49339692847422,5.7741743791256045e-155,34.339647960815995,1.0051709083070261e-258,converged,-0.00133019,-0.05083019,monthly_compounded,0.13728883686618812,0.5793276594230428,0.6051073216350223,0.6424700023027207,60.0
TRST,2017,0.0,0.07750898824651409,0.0855089882465141,1.122887052,7.080959659,1.200996271,1.036754991,22.15799615,27.85414732,52.46282315,32.7022734,32.7022734,21.15270351,26.7695758,33.7983504,25.44511574,25.44511574,8.498623436,0.049509088,1.932895915,19.28,37.41726,1.563485819,20.20011643,79.79988357,4908.008,242.991,0.25313466,0.0,0.0,19.424423607926744,2.3987044705450265e-84,,,no_sigma_E,0.180971175,0.172971175,monthly_compounded,0.15617091373720984,0.9250832743848284,1.2676824580585095,1.0716288247714651,48.0
TRST,2018,0.0,-0.2482782342992671,-0.2301782342992671,1.303561082,8.144307987,1.065114912,0.938679053,21.58687943,24.10717359,36.01265823,24.92171506,24.92171506,22.15799615,27.85414732,52.46282315,32.7022734,32.7022734,8.508941842,0.032646872,1.353576638,20.046,37.33256,2.38810511,17.6912054,82.3087946,4958.913,161.893,0.214937,0.0,0.0,20.526731582715612,6.212839481475658e-94,,,no_sigma_E,-0.234486795,-0.252586795,monthly_compounded,0.17094973220289858,0.9593865004873223,1.21535842076712,1.1390042419695863,60.0
TRST,2019,0.0,0.28598472273753706,0.30738472273753703,0.940394835,7.143373169,1.103264301,0.98493134,21.1284347,19.6574372,39.20089144,23.98392876,23.98392876,21.58687943,24.10717359,36.01265823,24.92171506,24.92171506,8.560505906,0.028472866,1.561170159,19.666,37.19755,1.413695082,16.05834284,83.94165716,5221.322,148.666,0.19130362,0.0,0.0,12.790052906577916,9.317350252112828e-38,7.472252775865366,3.9416692633629184e-14,converged,0.062614546,0.041214546,monthly_compounded,0.17489634454804526,0.9408376408527449,1.2677017072932977,1.1659103749239883,60.0
TRST,2020,1.0,-0.2018918824849513,-0.1974918824849513,0.319222904,6.064075838,1.208537308,0.972158127,19.71444749,28.09857025,38.92781637,28.05406263,28.05406263,21.1284347,19.6574372,39.20089144,23.98392876,23.98392876,8.68301199,0.036388076,1.132083727,19.902,36.73158,0.699347603,27.76201323,72.23798677,5901.796,214.755,0.384313219,0.0,0.0,16.504602065568964,1.6998334288959813e-61,8.691302556592085,1.7915370714887682e-18,converged,-0.170607295,-0.175007295,monthly_compounded,0.1466950837446377,0.9184970710249972,1.2497381190552335,0.9548782704709147,60.0
TRST,2021,1.0,0.038941017456722585,0.03934101745672258,0.866473747,1.35938612,1.13597288,0.885404807,22.45895173,31.39616449,32.42949273,27.97097438,27.97097438,19.71444749,28.09857025,38.92781637,28.05406263,28.05406263,8.731747319,0.039487482,1.065027471,20.206,24.47081,0.943359583,27.25618663,72.74381337,6196.546,244.686,0.37468735,0.0,0.0,20.20911395040139,4.069801354206781e-91,10.715826270446764,4.2893886916658046e-27,converged,0.211649469,0.211249469,monthly_compounded,0.12154465039390794,0.7778178680292787,1.112076246016832,0.7984313757757016,60.0
TRST,2022,1.0,0.16162091892206054,0.17582091892206053,3.169669272,7.537221989,0.949739409,0.820853876,20.8198309,24.44762638,51.02607076,31.22408948,31.22408948,22.45895173,31.39616449,32.42949273,27.97097438,27.97097438,8.699523415,0.020449823,1.191906552,19.684,24.47081,4.159392493,17.21067271,82.78932729,6000.052,122.7,0.207885162,0.0,0.0,22.275053268345253,3.2250547502582764e-110,8.246418658389056,8.1606072539697e-17,converged,0.033958257,0.019758257,monthly_compounded,0.1339694621411264,0.8595064650723055,0.6666495944566928,0.8158239794830026,60.0
TRST,2023,1.0,-0.18244333365902998,-0.13294333365903,3.263926491,6.585446164,0.903082651,0.785192521,18.32471056,21.89633753,55.21179164,31.35427525,31.35427525,20.8198309,24.44762638,51.02607076,31.22408948,31.22408948,8.727160881,0.014427245,0.915422867,19.532,24.40105,4.275120623,16.56953094,83.43046906,6168.191,88.99,0.198602874,0.0,0.0,,,,,low_leverage_td_ta,0.038331547,-0.011168453,monthly_compounded,0.16282945791970602,0.7840233873299812,0.6925361546456862,0.8002571326448426,60.0
MOFG,2017,0.0,-0.09903852790461654,-0.09103852790461653,1.949074721,6.995489144,1.22083565,0.970510706,22.15799615,29.90397534,36.17135667,27.85406017,27.85406017,21.15270351,23.42631103,18.51678043,18.28549123,18.28549123,8.074733443,0.077366449,1.203992774,12.0,25.17339,2.405037414,25.63425328,74.36574672,3212.271,248.522,0.344705115,0.0,0.0,14.90145920958455,1.6122970128345982e-50,,,no_sigma_E,0.200988709,0.192988709,monthly_compounded,0.13010620290221822,1.0357426212795657,0.8985101848735116,0.41590831201755596,48.0
MOFG,2018,0.0,-0.2592238816095742,-0.2411238816095742,2.816759463,8.014153461,1.035968666,0.847998801,21.58687943,22.18970619,23.31001555,19.39769987,19.39769987,22.15799615,29.90397534,36.17135667,27.85406017,27.85406017,8.099092591,0.09078287,0.846983262,12.23,25.17339,4.016313739,22.85351731,77.14648269,3291.48,298.81,0.296235376,0.0,0.0,13.417420471319083,2.39032828907394e-41,,,no_sigma_E,-0.244355864,-0.262455864,monthly_compounded,0.14315611727025263,1.0936039484985112,0.7394543421515679,0.4467438069942608,60.0
MOFG,2019,0.0,0.4769546477914052,0.49835464779140515,1.543397022,5.685207195,0.977984052,0.71268894,20.28455285,27.41351751,40.01804096,28.00359943,28.00359943,21.58687943,22.18970619,23.31001555,19.39769987,19.39769987,8.445390591,0.079725622,1.150444685,11.34,24.681,1.9696179,33.07567339,66.92432661,4653.573,371.009,0.494224971,0.0,0.0,7.84751660907489,2.1217811416774328e-15,5.181187259968965,1.102390040572048e-07,converged,0.089504847,0.068104847,monthly_compounded,0.13239679803788912,0.9421503599238006,0.8910145183655075,0.3418205757676661,60.0
MOFG,2020,1.0,-0.30059550649429406,-0.29619550649429405,1.326708677,4.280147761,1.02901162,0.550318026,18.99807322,34.53992769,61.95409242,39.43527741,39.43527741,20.28455285,27.41351751,40.01804096,28.00359943,28.00359943,8.622750328,0.079090848,0.761593615,13.41,23.73926,1.846209001,53.28467017,46.71532983,5556.648,439.48,1.140624937,0.0,0.0,10.742760940573277,3.2049153810589467e-27,6.017669054642906,8.847324125481863e-10,converged,-0.173870054,-0.178270054,monthly_compounded,0.11433466748418294,0.8488680577382849,0.9495260329720769,0.47219845778711683,60.0
MOFG,2021,1.0,0.3613172820980925,0.3617172820980925,1.25468359,1.478374057,0.961862816,0.649232684,19.0205481,29.20157226,61.58340553,36.88273511,36.88273511,18.99807322,34.53992769,61.95409242,39.43527741,39.43527741,8.703694003,0.055807445,0.9617044,13.09,22.36106803,1.418892735,38.28026625,61.71973375,6025.128,336.247,0.620227339,0.0,0.0,15.53792084243939,9.605789476622768e-55,8.15701437018824,1.7170377294583556e-16,converged,0.248008887,0.247608887,monthly_compounded,0.11168222399522873,0.6136498443415039,1.1019985204250655,0.893265397878365,60.0
MOFG,2022,1.0,-0.0033293545217338936,0.010870645478266105,3.618067406,6.910198049,0.972674267,0.654639019,17.26625006,23.29276817,44.75977654,27.8643629,27.8643629,19.0205481,29.20157226,61.58340553,36.88273511,36.88273511,8.791467176,0.080737764,1.006632135,12.07,21.66509666,4.595264779,38.27847925,61.72152075,6577.876,531.083,0.62018043,0.0,0.0,13.460293746209777,1.3392463630917592e-41,4.519908375138433,3.093320038022549e-06,converged,0.02976463,0.01556463,monthly_compounded,0.1272194018063398,0.6910576789143303,0.7094673001329093,0.967287330415854,60.0
SHBI,2018,0.0,-0.1314871068164335,-0.11338710681643349,1.105506078,4.34176876,0.446843627,0.341862709,21.58687943,7.274640987,21.50122141,11.34866164,11.34866164,22.15799615,12.29218766,11.84511553,10.36116667,10.36116667,7.301873588,0.051118082,1.011969792,12.73,38.82851,2.038487297,33.42240417,66.57759583,1483.076,75.812,0.502006775,0.0,0.0,16.14904444661015,5.7667254474558275e-59,,,no_sigma_E,-0.212484355,-0.230584355,monthly_compounded,0.050729363468369114,0.11770429310586013,0.06791691607494635,0.5041973302277077,60.0
SHBI,2019,0.0,0.20465301262753374,0.22605301262753374,0.994851537,4.872097442,0.568344841,0.538410245,20.28455285,34.52718691,33.3099862,29.11707974,29.11707974,21.58687943,7.274640987,21.50122141,11.34866164,11.34866164,7.351950595,0.010406385,1.125540492,13.87,36.57714832,1.427660442,8.059723112,91.94027689,1559.235,16.226,0.087662593,0.0,0.0,,,,,low_leverage_td_ta,0.097224607,0.075824607,monthly_compounded,0.08070514123292168,0.4307634753575953,0.22382794743422882,0.44390597352794814,60.0
SHBI,2020,1.0,-0.12654260669093267,-0.12214260669093269,1.166381691,5.704243732,0.915230189,0.819214773,18.99807322,24.8932747,36.54183026,25.50212315,25.50212315,20.28455285,34.52718691,33.3099862,29.11707974,29.11707974,7.566991425,0.013178918,0.882156857,14.25,36.57782823,2.055393487,15.59757268,84.40242732,1933.315,25.479,0.184800049,0.0,0.0,,,,,low_leverage_td_ta,-0.162546862,-0.166946862,monthly_compounded,0.07395452173202938,0.5152547758353432,0.3095324933748447,0.47876838090160934,60.0
SHBI,2021,1.0,0.46842104153299763,0.46882104153299764,1.575995356,1.551055551,0.981602518,0.891820784,19.0205481,19.97367813,42.79237655,25.54092919,25.54092919,18.99807322,24.8932747,36.54183026,25.50212315,25.50212315,8.149063174,0.016484901,1.177631327,15.36,25.13680186,1.817198046,11.85351191,88.14648809,3460.136,57.04,0.134475147,0.0,0.0,,,,,low_leverage_td_ta,0.244573309,0.244173309,monthly_compounded,0.09873260099161582,0.6062833996364654,0.6961959548153104,0.7945371705215906,60.0
SHBI,2022,1.0,-0.1577980524309659,-0.1435980524309659,3.09816378,7.632646428,0.914152884,0.835953645,17.26625006,20.84174001,48.91527002,28.14463058,28.14463058,19.0205481,19.97367813,42.79237655,25.54092919,25.54092919,8.154004508,0.023889964,0.949745071,13.91,25.16827212,4.10003037,11.11166934,88.88833066,3477.276,83.072,0.125007065,0.0,0.0,19.20297036380129,1.747602819789835e-82,6.986331570694941,1.41083390232846e-12,converged,0.033795449,0.019595449,monthly_compounded,0.12071201679454074,0.7676786367813236,0.5026823541057168,0.7615185218993958,60.0
SHBI,2023,1.0,-0.19982695596058841,-0.15032695596058843,3.508199086,6.76395483,0.949087225,0.822606082,18.32471056,24.06284995,35.98454493,25.51935168,25.51935168,17.26625006,20.84174001,48.91527002,28.14463058,28.14463058,8.701332761,0.012089501,0.924514719,11.48,25.62346,4.624733257,17.13123787,82.86876213,6010.918,72.669,0.206727329,0.0,0.0,,,,,low_leverage_td_ta,0.082639711,0.033139711,monthly_compounded,0.15997275578446568,0.7753277655727304,0.7931836663081223,0.7027276262822961,60.0
CTBI,2017,0.0,-0.030517344113365034,-0.022517344113365034,1.588342198,4.815023499,0.685094856,0.536802707,22.15799615,36.32188925,43.92473118,33.8285603,33.8285603,21.15270351,39.12418532,45.62144482,35.82931606,35.82931606,8.327540266,0.075264655,1.570261401,18.41,30.68417,2.163978982,28.49681956,71.50318044,4136.231,311.312,0.398539189,0.0,0.0,16.274568020086278,7.478563397727313e-60,,,no_sigma_E,0.123578007,0.115578007,monthly_compounded,0.1143332598598,0.5420381274462689,0.7918449056500767,1.063512058550401,48.0
CTBI,2018,0.0,-0.15152216362535254,-0.13342216362535253,1.924468275,5.721868912,0.654519836,0.515354804,23.52538211,34.09666398,50.167666,35.25144948,35.25144948,22.15799615,36.32188925,43.92473118,33.8285603,33.8285603,8.343224492,0.069894298,1.245055938,19.29,28.97199,2.879503867,27.54590664,72.45409336,4201.616,293.669,0.380184271,0.0,0.0,15.98556151292938,8.055432958672958e-58,,,no_sigma_E,-0.166706964,-0.184806964,monthly_compounded,0.12703321790272737,0.5255774842311909,0.8567334349637287,1.1263283555846781,60.0
CTBI,2019,0.0,0.1976420947236611,0.2190420947236611,1.288246018,4.719315789,0.690411081,0.540804902,22.06022092,45.31887257,60.64416852,44.56575767,44.56575767,23.52538211,34.09666398,50.167666,35.25144948,35.25144948,8.381603224,0.067461016,1.349637519,20.05,28.76444,1.747052178,27.97153163,72.02846837,4366.003,294.535,0.388339948,0.0,0.0,13.960335803191668,1.360742730554702e-44,8.866848461559165,3.7622601362169265e-19,converged,0.060703243,0.039303243,monthly_compounded,0.1366736953690207,0.5685216997963695,0.9119965043055197,1.1651204666532193,60.0
CCNE,2017,0.0,-8.525342239184414e-05,0.007914746577608156,1.600875624,5.05279969,0.824469264,0.601770244,22.15799615,17.63289604,51.65637154,27.34221019,27.34221019,21.15270351,26.11209571,29.23350398,23.47566091,23.47566091,7.926159541,0.118456443,1.64219088,14.32,27.2264,2.058240811,33.71015459,66.28984541,2768.773,327.979,0.508526674,0.0,0.0,14.168521896206675,7.174447934811488e-46,,,no_sigma_E,0.15540795,0.14740795,monthly_compounded,0.12316390413298904,0.6160329578981472,1.0051360726573828,1.0254833682687514,48.0
CCNE,2018,0.0,-0.12272175518544959,-0.10462175518544958,2.052524333,7.4489651,0.872409956,0.778800517,21.58687943,25.22998587,41.38685321,27.41334015,27.41334015,22.15799615,17.63289604,51.65637154,27.34221019,27.34221019,8.077608887,0.098008674,1.327881516,13.21,27.19669,3.07495052,14.1703234,85.8296766,3221.521,315.737,0.16509818,0.0,0.0,14.768368199048572,1.1715881619600804e-49,,,no_sigma_E,-0.216873037,-0.234973037,monthly_compounded,0.14480289673870417,0.6139453950994475,1.123880123843283,1.244864036628595,60.0
CCNE,2019,0.0,0.43783798588425615,0.45923798588425613,1.712214485,6.644982332,0.981702883,0.852366523,22.14194822,26.08449311,39.72938555,27.50795231,27.50795231,21.58687943,25.22998587,41.38685321,27.41334015,27.41334015,8.233146901,0.079485416,1.633966245,12.51,25.88271,2.259268555,16.9936294,83.0063706,3763.659,299.156,0.204726809,0.0,0.0,10.71858107387069,4.1635483728317146e-27,6.447847548577674,5.672489750421864e-11,converged,0.045425259,0.024025259,monthly_compounded,0.15983161624284817,0.7626449081333873,1.3229352769310971,1.135179171966607,60.0
CCNE,2020,1.0,-0.3294644369258411,-0.3250644369258411,1.701614876,4.803960341,0.948508711,0.783366713,20.74828207,31.32614844,38.77277761,29.74799964,29.74799964,22.14194822,26.08449311,39.72938555,27.50795231,27.50795231,8.461553412,0.015048424,1.000063458,14.32,25.87781,2.468266703,18.77086072,65.99940316,4729.399,71.17,0.284409552,0.0,0.0,,,,,low_leverage_td_ta,-0.1938176,-0.1982176,monthly_compounded,0.14694222625905,0.7794867391060822,1.304154027419541,1.2076313716621658,60.0
CCNE,2021,1.0,0.2793765003381358,0.27977650033813584,2.031917472,2.276614712,0.955180085,0.730570465,22.45895173,25.7656817,37.19222254,26.89283764,26.89283764,20.74828207,31.32614844,38.77277761,29.74799964,29.74799964,8.580907435,0.019656821,1.159966818,14.92,18.32627,2.322800881,24.81349131,65.91799979,5328.939,104.75,0.376429676,0.0,0.0,,,,,low_leverage_td_ta,0.204495514,0.204095514,monthly_compounded,0.11650235965161537,0.37273865262810896,1.4890310966888338,1.296590761681909,60.0
CCNE,2022,1.0,-0.0918375256934112,-0.0776375256934112,3.69961303,7.212463176,0.846971062,0.722593939,20.8198309,22.62274275,31.52048417,23.27760068,23.27760068,22.45895173,25.7656817,37.19222254,26.89283764,26.89283764,8.607980248,0.043352555,1.056628602,16.08,18.32627,4.474903667,15.88363141,75.36782798,5475.179,237.363,0.210748164,0.0,0.0,17.193964226371612,1.4733840792080532e-66,5.861643665088103,2.291538524499734e-09,converged,0.05943158,0.04523158,monthly_compounded,0.12875019607826851,0.6380988904565789,0.9793371406666219,0.9799453016226087,60.0
CCNE,2023,1.0,-0.06520766516288314,-0.015707665162883133,4.415589621,6.565500733,0.822341859,0.670854652,18.32471056,23.12927584,51.56554093,30.66545748,30.66545748,20.8198309,22.62274275,31.52048417,23.27760068,23.27760068,8.657469262,0.018282946,0.919348573,15.99,18.32627,5.378215121,19.35525742,70.00576735,5752.957,105.181,0.276480898,0.0,0.0,,,,,low_leverage_td_ta,0.032855471,-0.016644529,monthly_compounded,0.15600995861087397,0.6881650510145316,0.8967450297950443,0.7316910887847369,60.0
FISI,2017,0.0,-0.07323873151333926,-0.06523873151333925,1.697038059,5.901318831,1.259123398,0.796426891,22.15799615,24.71665545,64.02539465,35.30860318,35.30860318,21.15270351,16.27997516,64.28754266,31.21838304,31.21838304,8.320012178,0.118223185,1.361188111,13.19,27.66136,2.202359028,43.5790006,54.26218781,4105.21,485.331,0.803119121,0.0,0.0,13.341050264422034,6.678221791085785e-41,,,no_sigma_E,0.191443607,0.183443607,monthly_compounded,0.14971444064607756,1.0472517909144357,0.5246141982644216,1.0304600894943559,48.0
FISI,2018,0.0,-0.16577862240814478,-0.14767862240814478,1.908937295,6.641060348,1.03739717,0.690428166,21.58687943,26.46218388,79.25605152,41.65742175,41.65742175,22.15799615,24.71665545,64.02539465,35.30860318,35.30860318,8.369087073,0.117981825,1.080218407,12.38,27.66136,2.857601823,40.17129846,57.82478532,4311.698,508.702,0.694707265,0.0,0.0,13.155364065191236,7.925906632444587e-40,,,no_sigma_E,-0.273607588,-0.291707588,monthly_compounded,0.1653807195050703,1.097021353073743,0.45516795761232864,1.0964373946723722,60.0
FISI,2019,0.0,0.2699578987030403,0.2913578987030403,1.753099074,6.61805453,0.869264968,0.820622516,20.28455285,18.17812401,80.13477661,37.86486909,37.86486909,21.58687943,26.46218388,79.25605152,41.65742175,41.65742175,8.38575743,0.071797495,1.218382136,12.77,27.10927,2.368776703,7.27884014,89.50812351,4384.178,314.773,0.081320442,0.0,0.0,7.866829750945059,1.818705570293806e-15,4.96438046453024,3.446035938302365e-07,converged,0.029584402,0.008184402,monthly_compounded,0.15583546755959446,0.961593117733022,0.5811888829360303,1.000663776949411,60.0
FISI,2020,1.0,-0.2598135062346602,-0.2554135062346602,1.767495377,7.185360894,1.157683331,1.037479005,18.99807322,30.46758013,74.86157254,42.06208586,42.06208586,20.28455285,18.17812401,80.13477661,37.86486909,37.86486909,8.499498764,0.016066385,0.800255712,13.61,27.10927,2.624680749,12.93232906,81.35949941,4912.306,78.923,0.158952908,0.0,0.0,,,,,low_leverage_td_ta,-0.179024677,-0.183424677,monthly_compounded,0.11000339826194962,0.758958353281934,0.6047282423071144,0.7091714890574562,60.0
FISI,2021,1.0,0.46346485702361767,0.4638648570236177,3.330141642,2.038514616,1.151810044,1.027170102,19.55633332,37.13645003,78.37231687,46.93959564,46.93959564,18.99807322,30.46758013,74.86157254,42.06208586,42.06208586,8.616274253,0.0188218,1.026351144,13.12,20.20108,3.97957214,12.80326283,84.19819962,5520.779,103.911,0.152061005,0.0,0.0,,,,,low_leverage_td_ta,0.183479045,0.183079045,monthly_compounded,0.11995107406880179,0.7266315904870212,0.9489762986329843,0.9382023357060136,60.0
FISI,2022,1.0,-0.2138327094378929,-0.1996327094378929,4.586478959,7.741827988,0.923318899,0.795593972,47.11258854,49.03281429,76.0304565,54.84527313,54.84527313,19.55633332,37.13645003,78.37231687,46.93959564,46.93959564,8.665142741,0.048164378,0.962322725,12.13,20.0829,5.711675137,16.09987271,80.14528537,5797.272,279.222,0.200883591,0.0,0.0,17.815118139477896,2.697194358116581e-71,5.7364558428794625,4.833912024950852e-09,converged,0.02729272,0.01309272,monthly_compounded,0.14061697806079576,0.8303685512195239,0.7738198050408659,0.9787193120744706,60.0
FISI,2023,1.0,-0.11746414110027505,-0.06796414110027504,3.964123827,6.514005318,0.92680074,0.669798396,39.50483299,58.65913485,74.45190576,58.38978309,58.38978309,47.11258854,49.03281429,76.0304565,54.84527313,54.84527313,8.725975066,0.050241516,0.750113708,12.13,20.0829,4.969245278,31.03913845,64.64819356,6160.881,309.532,0.480123832,0.0,0.0,15.50913787675529,1.5044587212589834e-54,12.833678196800642,5.310001586936463e-38,converged,-0.011064332,-0.060564332,monthly_compounded,0.16201360410504612,0.7358963536542933,0.883465909858097,0.7854781289728339,60.0
WABC,2016,0.0,0.390207885499424,0.392207885499424,1.349128142,7.589615816,1.017232229,0.984626371,21.15270351,10.97286463,51.4092719,23.94987874,23.94987874,18.2821119,10.69410988,47.23243464,22.30795497,22.30795497,8.587853499,0.01100952,2.904209742,15.95,23.37098,1.541009592,4.142449597,95.8575504,5366.083,59.078,0.043214641,0.0,0.0,,,,,low_leverage_td_ta,0.175539217,0.173539217,monthly_compounded,0.1338318174724813,0.89272140649432,1.1719555985413268,0.7961189577154659,36.0
WABC,2017,0.0,-0.03444855815438463,-0.026448558154384627,1.574069196,7.425759437,1.03897648,1.006316087,22.15799615,12.91271383,63.46259437,29.25124004,29.25124004,21.15270351,10.97286463,51.4092719,23.94987874,23.94987874,8.614872562,0.010605934,2.666053497,16.17,23.37098,1.914399818,4.063296446,95.93670355,5513.046,58.471,0.04235393,0.0,0.0,,,,,low_leverage_td_ta,0.111618779,0.103618779,monthly_compounded,0.14959186149604148,0.8423573189517748,1.2291713864274794,1.097342740478402,48.0
WABC,2018,0.0,-0.05736955564248192,-0.03926955564248191,1.830093115,8.69143633,0.992858695,0.964414947,21.58687943,9.819467685,71.2158561,30.50816417,30.50816417,22.15799615,12.91271383,63.46259437,29.25124004,29.25124004,8.624885666,0.009202974,2.417719557,17.03,23.37098,2.553596191,3.706192566,96.29380743,5568.526,51.247,0.038488379,0.0,0.0,,,,,low_leverage_td_ta,-0.1315792,-0.1496792,monthly_compounded,0.16740887774672064,0.855593938351242,1.3121908019243353,1.2136667684638638,60.0
WABC,2019,0.0,0.22711841588664225,0.24851841588664225,1.155093264,7.252788114,0.95876675,0.939186113,20.28455285,8.63625925,74.62273161,31.14776797,31.14776797,21.58687943,9.819467685,71.2158561,30.50816417,30.50816417,8.634007758,0.005503639,2.507450251,16.83,23.37098,1.422375609,2.64864584,97.35135416,5619.555,30.928,0.027207078,0.0,0.0,,,,,low_leverage_td_ta,0.066913064,0.045513064,monthly_compounded,0.17809691842645167,0.9415636489742877,1.1284490347671972,1.3053431417382655,60.0
WABC,2020,1.0,-0.1656587324545428,-0.1612587324545428,0.503963847,4.889391876,0.715333699,0.677170488,18.99807322,8.953502187,62.99708044,27.11988604,27.11988604,20.28455285,8.63625925,74.62273161,31.14776797,31.14776797,8.816991218,0.01519651,1.754430919,16.68,23.59622,0.844541407,6.869482918,93.13051708,6747.931,102.545,0.07376189,0.0,0.0,,,,,low_leverage_td_ta,-0.151720098,-0.156120098,monthly_compounded,0.13770674743141242,0.8048620189610242,1.1769012091239932,1.000743380089656,60.0
WABC,2021,1.0,0.07358703824363717,0.07398703824363717,0.690127895,1.454631567,0.635550322,0.599955896,17.43215031,7.508192238,76.42987776,31.23881934,31.23881934,18.99807322,8.953502187,62.99708044,27.11988604,27.11988604,8.917448217,0.019601326,1.875190944,15.47,24.70904,0.685147736,7.304312633,92.69568737,7461.026,146.246,0.07879884,0.0,0.0,,,,,low_leverage_td_ta,0.188006144,0.187606144,monthly_compounded,0.07424524147505336,0.46668223107571827,0.5549545457732601,0.5592229299224625,60.0
WABC,2022,1.0,0.037399531276052216,0.05159953127605221,3.180223724,6.765873592,0.663102962,0.636902174,17.26625006,6.744673447,65.27746741,27.04287663,27.04287663,17.43215031,7.508192238,76.42987776,31.23881934,31.23881934,8.846542549,0.008315016,2.637617927,15.64,24.70904,4.146273167,5.180780194,94.81921981,6950.317,57.792,0.054638503,0.0,0.0,,,,,low_leverage_td_ta,0.061648737,0.047448737,monthly_compounded,0.07838620185568218,0.5016731558798851,0.23823767667747184,0.41280595568944706,60.0
MBWM,2017,0.0,-0.04801090898533832,-0.04001090898533832,1.448580499,4.991200103,0.688957959,0.573921208,22.15799615,26.10063798,40.98146877,27.69924519,27.69924519,21.15270351,15.77289901,57.08617747,28.3743818,28.3743818,8.097640518,0.116915001,1.563488183,12.9,31.21527,1.903083642,22.56476923,77.43523077,3286.704,384.265,0.291401846,0.0,0.0,14.01429157086696,6.373192363401368e-45,,,no_sigma_E,0.180214552,0.172214552,monthly_compounded,0.1147914525673592,0.45428554044571123,1.3005942140028437,1.0066146743330768,48.0
MBWM,2018,0.0,-0.17535009431191995,-0.15725009431191994,1.78990146,6.335247467,0.737862787,0.616645447,21.58687943,19.85078203,62.04197202,32.18109781,32.18109781,22.15799615,26.10063798,40.98146877,27.69924519,27.69924519,8.120858375,0.148552858,1.245194723,12.5,31.21527,2.868500161,22.2264103,77.7735897,3363.907,499.718,0.285783521,0.0,0.0,12.573755295335296,1.4720027163604788e-36,,,no_sigma_E,-0.235540923,-0.253640923,monthly_compounded,0.13225402690445798,0.4689402357805904,1.3413058475148956,1.1317633118813804,60.0
MBWM,2019,0.0,0.3117005201719988,0.33310052017199876,1.309769757,5.754086802,0.864557972,0.723029103,20.28455285,16.10354934,57.31401889,28.62040727,28.62040727,21.58687943,19.85078203,62.04197202,32.18109781,32.18109781,8.197790635,0.138609354,1.438023987,13.09,30.41642,1.781745709,21.95476843,78.04523157,3632.915,503.556,0.281308262,0.0,0.0,7.30556536750845,1.380516557188001e-13,4.837973963767717,6.558465924683801e-07,converged,0.089649688,0.068249688,monthly_compounded,0.1542214761937698,0.6372589969071261,1.1992657924545556,1.3074513196548687,60.0
MBWM,2020,1.0,-0.22442137379857965,-0.22002137379857967,0.843500287,5.095698659,1.132711597,0.758082111,18.99807322,20.3594317,51.04298802,28.47375381,28.47375381,20.28455285,16.10354934,57.31401889,28.62040727,28.62040727,8.397811278,0.126185394,1.004857918,13.8,29.23638,1.403571993,41.11946272,58.88053728,4437.344,559.928,0.698354068,0.0,0.0,10.488929698802629,4.8561151858806025e-26,5.68807982270034,6.423788528806372e-09,converged,-0.254274284,-0.258674284,monthly_compounded,0.13806876646362315,0.6768042889220783,1.2458074480287973,1.227891388904798,60.0
MBWM,2021,1.0,0.3370000546742033,0.3374000546742033,1.240613314,1.443045364,1.099157817,0.809431621,17.43215031,16.28656115,23.98787179,16.71376817,16.71376817,18.99807322,20.3594317,51.04298802,28.47375381,28.47375381,8.567458267,0.131872594,1.215337423,14.0,19.52669,1.280675444,30.78582413,69.21417587,5257.749,693.353,0.444790735,0.0,0.0,10.536381282837793,2.9357444623329805e-26,,,extreme_DD_m_y2021_small,0.303422517,0.303022517,monthly_compounded,0.13019305119007335,0.5830135986877886,1.2550237191095364,1.3163578501715483,60.0
MBWM,2022,1.0,-0.022835572016881696,-0.008635572016881699,3.845725272,6.93179791,1.008732696,0.641078092,62.58344969,49.26704751,62.0712073,52.75200545,52.75200545,17.43215031,16.28656115,23.98787179,16.71376817,16.71376817,8.491386854,0.13138499,1.213183079,14.0,19.52669,4.712703457,41.61100517,58.38899483,4872.619,640.189,0.712651507,0.0,0.0,9.366425649790736,3.751521250169618e-21,3.3025294677109795,0.000479085099228,converged,0.091210356,0.077010356,monthly_compounded,0.1400107068013738,0.7536171505583608,0.853780506112436,1.0772896714442517,60.0
MBWM,2023,1.0,0.20822444462207768,0.25772444462207766,4.002363778,6.562747835,1.055036948,0.707061009,60.0716578,44.88478226,59.75204336,49.76400789,49.76400789,62.58344969,49.26704751,62.0712073,52.75200545,52.75200545,8.585454275,0.156215955,1.24707549,13.7,19.43132,4.898937882,37.92051268,62.07948732,5353.224,836.259,0.610838045,0.0,0.0,8.068339101728746,3.5630448923674963e-16,8.819699993818015,5.738339653529716e-19,converged,0.089166638,0.039666638,monthly_compounded,0.17399400085115874,0.8258079463956204,0.7304081151012136,0.9629166283667157,60.0
GSBC,2017,0.0,-0.04590331299964844,-0.03790331299964844,2.047943257,6.391225676,1.034161741,0.829886378,22.15799615,19.17375316,20.16129032,16.76824608,16.76824608,21.15270351,25.86715215,20.5986917,20.24563648,20.24563648,8.392654613,0.073416119,1.495830745,14.1,24.00929,2.551874424,24.46669636,75.53330364,4414.521,324.097,0.32391932,0.0,0.0,16.172525646471257,3.940027597040515e-59,,,no_sigma_E,0.143983857,0.135983857,monthly_compounded,0.1405891997664154,0.8584538303466483,1.108135314523654,0.9111927562227654,48.0
GSBC,2018,0.0,-0.10604362039894888,-0.08794362039894887,2.010411541,7.679024814,1.00300806,0.831066013,21.58687943,23.73719246,22.61936487,19.91661881,19.91661881,22.15799615,19.17375316,20.16129032,16.76824608,16.76824608,8.450241093,0.08502502,1.187269737,14.4,24.00929,2.85866675,21.39980015,78.60019985,4676.2,397.594,0.272261396,0.0,0.0,14.906543639363903,1.4941289411130217e-50,,,no_sigma_E,-0.205991358,-0.224091358,monthly_compounded,0.1499950920383106,0.792041259812596,1.2544079409344235,0.956176070005201,60.0
GSBC,2019,0.0,0.40595091695436036,0.42735091695436034,1.563793661,6.570548821,1.047464309,0.85464985,20.28455285,17.07895305,28.30414942,18.66065451,18.66065451,21.58687943,23.73719246,22.61936487,19.91661881,19.91661881,8.520203057,0.082226935,1.472602898,15.0,24.00929,2.026182468,22.89226733,77.10773267,5015.072,412.374,0.296886791,0.0,0.0,10.946685713724127,3.446176828155732e-28,6.363282506543662,9.874348388907211e-11,converged,0.031233206,0.009833206,monthly_compounded,0.16478630882119538,0.844582372972206,1.3065349557998238,1.0987044402178567,60.0
GSBC,2020,1.0,-0.191526332180346,-0.18712633218034602,1.412120188,4.951727909,1.002543406,0.667771735,18.99807322,15.36129633,25.39112051,16.76000636,16.76000636,20.28455285,17.07895305,28.30414942,18.66065451,18.66065451,8.617295507,0.061497859,1.067903129,17.2,23.68107,1.987797372,39.64572874,60.35427126,5526.42,339.863,0.656883563,0.0,0.0,16.495596363894283,1.9732207247611985e-61,9.289415292430755,7.756910714108151e-21,converged,-0.173882468,-0.178282468,monthly_compounded,0.14148520589162195,0.8605766234022725,1.1734296789763512,0.9819472924846355,60.0
GSBC,2021,1.0,0.2418053617968285,0.2422053617968285,1.337780845,1.509507431,0.915736458,0.705733402,17.43215031,21.82733831,30.23522476,21.71104071,21.71104071,18.99807322,15.36129633,25.39112051,16.76000636,16.76000636,8.603360612,0.043801001,1.261225274,16.3,18.85158,1.493803454,26.83078,73.16922,5449.944,238.713,0.366694903,0.0,0.0,24.940409901673014,1.3567682097207664e-137,13.001771784596308,5.977062170464425e-39,converged,0.17163357,0.17123357,monthly_compounded,0.1094194632910005,0.5067023192511996,1.3004925066757036,0.9562513631568804,60.0
GSBC,2022,1.0,0.016676800885472513,0.03087680088547251,3.655447397,6.456870534,0.764528984,0.555864144,15.8938172,20.1863458,29.96222524,20.7988286,20.7988286,17.43215031,21.82733831,30.23522476,21.71104071,21.71104071,8.644830096,0.06451333,1.364954392,13.5,18.85158,4.461816532,31.6283536,68.3716464,5680.702,366.481,0.462594588,0.0,0.0,18.786140098863928,4.902870368610006e-79,6.67615351362125,1.2264751318222202e-11,converged,0.050830689,0.036630689,monthly_compounded,0.1184095216427518,0.6053834379397317,0.9800771421321569,0.8006730957178714,60.0
GSBC,2023,1.0,-0.020949059593927358,0.028550940406072645,3.988707161,5.971789171,0.727190572,0.541211848,14.03688525,17.79632431,26.10285843,18.23630097,18.23630097,15.8938172,20.1863458,29.96222524,20.7988286,20.7988286,8.66774919,0.07291409,1.225179067,15.2,18.85158,4.900939489,29.74880936,70.25119064,5812.402,423.806,0.423463419,0.0,0.0,16.689784427277658,7.776567303030548e-63,18.545886406377864,4.4018625409959105e-77,converged,0.016614951,-0.032885049,monthly_compounded,0.1466606717694287,0.5885374506636896,0.9131900885670234,0.6995309105806462,60.0
TFIN,2017,0.0,0.19658891020581604,0.20458891020581604,1.821904744,7.519630939,1.17122103,1.058560983,22.15799615,47.62383217,49.95767559,41.60618397,41.60618397,21.15270351,47.09989151,47.83134243,40.58082946,40.58082946,8.160241924,0.132590633,1.716689398,13.2,31.375235,2.262410796,13.25737105,85.4838825,3499.033,463.939,0.155086206,0.0,0.0,13.78918234407701,1.4804844855761273e-43,,,no_sigma_E,0.315066003,0.307066003,monthly_compounded,,,,,
TFIN,2018,0.0,-0.07524285708025591,-0.057142857080255904,1.9553943,9.70469496,1.222336287,1.144974622,21.58687943,44.61377963,62.44614701,44.60904762,44.60904762,22.15799615,47.62383217,49.95767559,41.60618397,41.60618397,8.425029436,0.092657342,1.257311181,13.4,32.95555595,3.275700665,9.075825643,90.05731395,4559.779,422.497,0.100778329,0.0,0.0,15.668404024444358,1.2437367729305395e-55,,,no_sigma_E,-0.267364181,-0.285464181,monthly_compounded,0.13090427085402404,0.8843206316794444,0.5255145489469277,0.6699451803487789,38.0
TFIN,2019,0.0,0.2587346801965301,0.2801346801965301,1.476528311,7.658232187,1.126160093,1.039651317,20.28455285,40.04956325,61.17266263,41.88674192,41.88674192,21.58687943,44.61377963,62.44614701,44.60904762,44.60904762,8.529180456,0.110453201,1.49101905,12.8,34.40183,2.041575843,11.25681998,88.74318002,5060.297,558.926,0.126847156,0.0,0.0,5.667717774949386,7.235603361557441e-09,3.669466365854042,0.0001215286564063,converged,0.154707008,0.133307008,monthly_compounded,0.163257293844303,1.2715181848065333,0.48462358790436555,0.6128974241133958,50.0
TFIN,2020,1.0,0.27255949503223803,0.27695949503223805,2.24006275,6.07541933,1.169243892,0.855840714,56.76657322,57.73752065,89.0509771,66.04617413,66.04617413,20.28455285,40.04956325,61.17266263,41.88674192,41.88674192,8.688755575,0.072027469,1.770879482,13.0,22.42371,2.729942914,30.84861417,65.35129704,5935.791,427.54,0.472042875,0.0,0.0,11.182929645423224,2.4715377967108458e-29,5.898807361758034,1.83069201210843e-09,converged,0.187103122,0.182703122,monthly_compounded,0.14027657284201717,1.021923071617066,0.7880396658667725,0.8187616875287828,60.0
TFIN,2021,1.0,1.4523291451619142,1.4527291451619142,1.562361717,1.646955438,0.89169896,0.827836102,58.53816547,69.55856229,79.82800874,69.1771004,69.1771004,56.76657322,57.73752065,89.0509771,66.04617413,66.04617413,8.692196367,0.05990447,3.681105579,14.1,24.41979,1.976792625,9.113689121,89.28907444,5956.25,356.806,0.102069477,0.0,0.0,16.838013882170042,6.423840053859083e-64,35.0,1.124910706472406e-268,converged,0.076490545,0.076090545,monthly_compounded,0.12435706253757374,0.7781455500289081,0.8267931853750348,0.998336097235583,60.0
TFIN,2022,1.0,-0.6038036279153668,-0.5896036279153668,4.074153402,8.930321729,1.201162203,1.097425479,57.78766753,67.08882046,84.68259977,69.67849748,69.67849748,58.53816547,69.55856229,79.82800874,69.1771004,69.1771004,8.581816021,0.033615541,1.392818828,17.7,22.40278,5.524278925,10.54114576,86.53195064,5333.783,179.298,0.121817961,0.0,0.0,66.42871355758395,0.0,,,extreme_DD_m_y2022_small,-0.24561271,-0.25981271,monthly_compounded,0.13315478161354916,0.6024591567177654,0.7774206889286847,1.24851998468199,60.0
TFIN,2023,1.0,0.5911793532410213,0.6406793532410213,3.992754715,7.669613467,1.157758265,1.074777176,55.50086907,62.26603275,77.08797208,64.40435259,64.40435259,57.78766753,67.08882046,84.68259977,69.67849748,69.67849748,8.584353398,0.075816846,2.28018984,16.7,22.40278,5.109776937,8.810295462,88.5474262,5347.334,405.418,0.099498041,0.0,0.0,14.00272002952146,7.500864863079334e-45,9.256014134827092,1.061031200300583e-20,converged,0.031293811,-0.018206189,monthly_compounded,0.17747549385912037,1.0522320318168887,1.070688662899853,0.44040465367137477,60.0
CAC,2017,0.0,-0.03972205287601959,-0.03172205287601959,1.504351946,4.35610718,0.790293065,0.489832076,44.36416185,20.40783329,57.79112331,31.77536557,31.77536557,42.36482472,19.52010579,24.31171786,19.44102017,19.44102017,8.310266926,0.150415285,1.621305658,14.14,31.76895,2.079277339,47.34065539,52.65934461,4065.398,611.498,0.898998188,0.0,0.0,12.888736919416145,2.604497453415433e-38,,,no_sigma_E,0.162628659,0.154628659,monthly_compounded,0.13347196693508034,0.5565740304146866,1.2872237876960935,1.2514548933963476,48.0
CAC,2018,0.0,-0.14267001639452326,-0.12457001639452325,1.494261185,5.926538956,0.79722009,0.594322045,43.26241135,27.65577517,62.10637353,37.01744575,37.01744575,44.36416185,20.40783329,57.79112331,31.77536557,31.77536557,8.365773612,0.07951115,1.286849416,14.36,31.76895,2.384450978,33.34888857,66.65111143,4297.435,341.694,0.500350075,0.0,0.0,15.705940124280724,6.886042128680838e-56,,,no_sigma_E,-0.199058577,-0.217158577,monthly_compounded,0.14481158122204066,0.5731557728136621,1.3353588502207543,1.2253957579587298,60.0
CAC,2019,0.0,0.29640658399985786,0.31780658399985784,1.18288016,4.870390861,0.7973597,0.592609691,50.46610519,53.24881639,71.28986211,56.39520976,56.39520976,43.26241135,27.65577517,62.10637353,37.01744575,37.01744575,8.396046731,0.076657047,1.473476246,14.44,31.45748,1.664402107,33.51395135,66.48604865,4429.521,339.554,0.504074946,0.0,0.0,10.883874367404704,6.879393992399066e-28,6.642817132945347,1.5387178265173093e-11,converged,0.0632569,0.0418569,monthly_compounded,0.15816671388732698,0.6935090379663954,1.238619034652167,1.271345000388713,60.0
CAC,2020,1.0,-0.197066971797261,-0.192666971797261,0.867880787,4.759113694,0.983858104,0.694811241,48.14695699,46.16672274,62.60341889,49.66133396,49.66133396,50.46610519,53.24881639,71.28986211,56.39520976,56.39520976,8.496734329,0.051380098,1.007809147,15.4,30.36549,1.364057344,37.398902,62.601098,4898.745,251.698,0.597416071,0.0,0.0,16.583336751485128,4.598849449664625e-62,9.295815625687936,7.304091425554424e-21,converged,-0.130946362,-0.135346362,monthly_compounded,0.12345522626565723,0.6557278870912109,1.1308644583343803,0.979869346187588,60.0
CAC,2021,1.0,0.38828189985446365,0.38868189985446366,1.105922917,1.436877775,0.909329177,0.706277088,49.61299999,55.83293612,71.8065599,58.56383736,58.56383736,48.14695699,46.16672274,62.60341889,49.66133396,49.66133396,8.612568096,0.047399659,1.311443099,14.71,20.0841,1.218980559,26.45699524,73.54300476,5500.356,260.715,0.359748631,0.0,0.0,23.612055374999866,1.449045886845536e-123,13.039045470872836,3.668491888285404e-39,converged,0.179165418,0.178765418,monthly_compounded,0.10900067158172004,0.6031189717191989,0.8671882447384428,0.9615328115842277,60.0
CAC,2022,1.0,-0.11782132598556884,-0.10362132598556884,3.729305831,6.349729462,0.727462017,0.518341894,72.62942338,62.64023866,85.1325989,72.27332979,72.27332979,49.61299999,55.83293612,71.8065599,58.56383736,58.56383736,8.643270622,0.055382812,1.345759774,13.8,20.0841,4.650158742,33.54737074,66.45262926,5671.85,314.123,0.504831353,0.0,0.0,21.728190230312755,5.554749634650439e-105,7.402169858761584,6.69884849192486e-14,converged,0.019697672,0.005497672,monthly_compounded,0.11927125335491345,0.6588372563891145,0.8075012572790896,0.7974361336009026,60.0
HONE,2022,1.0,-0.05512806455868569,-0.040928064558685695,3.569814532,6.956711701,0.699830737,0.672852598,56.2774253,47.99551343,66.1461825,53.33696744,53.33696744,51.94850383,54.15648243,52.08489749,50.60123746,50.60123746,8.586634362,0.081156143,1.103064273,14.6,22.71025757,4.590237803,4.93180011,95.06819989,5359.545,434.96,0.051876444,0.0,0.0,14.266367478009595,1.7728634927674598e-46,,,no_sigma_E,0.023174476,0.008974476,monthly_compounded,0.10561920511863106,0.5984028110972572,0.4573811386150088,0.760017896473846,60.0
INBK,2018,0.0,-0.47784026355759146,-0.45974026355759146,2.877074398,6.645019736,0.663950443,0.618623887,21.58687943,28.24452774,54.5158783,33.63500195,33.63500195,22.15799615,36.13363974,46.74330817,34.74987625,34.74987625,8.172359858,0.1973712,0.720005203,14.53,32.86628,4.659435305,9.840084343,90.15991566,3541.692,699.028,0.109140345,0.0,0.0,8.353656667523763,3.309076602619892e-17,,,no_sigma_E,-0.278369663,-0.296469663,monthly_compounded,0.06927771829197354,0.0911923083612272,0.73536462988962,0.677668423059898,60.0
INBK,2019,0.0,0.15189601128088434,0.17329601128088434,1.6233995,4.709249705,0.623523673,0.504992341,20.28455285,31.18547146,50.86808872,33.78050578,33.78050578,21.58687943,28.24452774,54.5158783,33.63500195,33.63500195,8.318762496,0.169371693,0.757521254,13.99,29.51130183,2.363801839,24.98058279,75.01941721,4100.083,694.438,0.332988228,0.0,0.0,7.335913267329999,1.1010730191168889e-13,,,no_sigma_E,-0.057070083,-0.078470083,monthly_compounded,0.11344410987118331,0.6403681874555893,0.46982971257183914,0.68655085197569,60.0
INBK,2020,1.0,0.224024547397444,0.228424547397444,1.738662177,4.610975165,0.787392953,0.576007727,18.99807322,29.48305654,54.9833887,34.41761598,34.41761598,20.28455285,31.18547146,50.86808872,33.78050578,33.78050578,8.353769382,0.140013462,0.851105785,14.91,24.05374916,2.529007875,32.57886968,67.42113032,4246.156,594.519,0.483214528,0.0,0.0,12.091493747093566,5.856870076591023e-34,7.558782484768148,2.0342980611593887e-14,converged,-0.269981364,-0.274381364,monthly_compounded,0.09866355120564613,0.6143763324023589,0.1653138306731107,0.933190229883404,60.0
INBK,2021,1.0,0.6475031016017021,0.6479031016017021,2.149259749,1.741794121,0.775289298,0.602276381,17.43215031,31.06028329,64.48647608,38.6210319,38.6210319,18.99807322,29.48305654,54.9833887,34.41761598,34.41761598,8.345454003,0.147032506,1.206425767,17.37,15.25895535,2.41003531,25.31693011,74.68306989,4210.994,619.153,0.338991556,0.0,0.0,15.029209218477636,2.3630697867310058e-51,8.621831986976025,3.2945667844173217e-18,converged,0.143232799,0.142832799,monthly_compounded,0.10484394345880077,0.3292405185240297,1.1372270171182408,1.2736192997784574,60.0
INBK,2022,1.0,-0.4943048458102809,-0.4801048458102809,5.415061797,6.202175404,0.512533666,0.398229886,15.8938172,31.53756587,66.60800745,39.62151535,39.62151535,17.43215031,31.06028329,64.48647608,38.6210319,38.6210319,8.421365758,0.158363093,0.603110466,14.75,13.55549548,6.178188738,24.92713402,75.07286598,4543.104,719.46,0.332039195,0.0,0.0,8.603656220249709,3.860801645783198e-18,3.871014808735529,5.4191603398151624e-05,converged,0.099046643,0.084846643,monthly_compounded,0.12114819868593765,0.42571259251995136,1.1255248857476523,1.1488277789880974,60.0
NFBK,2016,0.0,0.2775089040255203,0.2795089040255203,1.648236796,3.388054859,0.304513452,0.216423691,21.15270351,40.20279645,50.4536405,38.10389762,38.10389762,18.2821119,30.55678487,48.11070261,32.47601823,32.47601823,8.255852843,0.122907648,1.560018674,18.56,35.92678,2.339953994,38.84723873,61.15276127,3850.094,473.206,0.635249135,0.0,0.0,13.75004811141458,2.544783482229198e-43,,,no_sigma_E,0.243575142,0.241575142,monthly_compounded,0.029138273212161746,0.1531575229406652,0.23643514176375238,0.22618674970114594,36.0
NFBK,2017,0.0,-0.13565361446265145,-0.12765361446265144,1.523300566,3.276788313,0.313228566,0.217336825,22.15799615,38.43795321,52.87920384,38.10173818,38.10173818,21.15270351,40.20279645,50.4536405,38.10389762,38.10389762,8.291901585,0.118140751,1.304743097,17.49,35.92678,2.236553273,40.77958405,59.22041595,3991.417,471.549,0.688606849,0.0,0.0,14.24636893184801,2.361015855076878e-46,,,no_sigma_E,0.152428627,0.144428627,monthly_compounded,0.06028350786784712,0.24362181098311478,0.3298728012737677,0.5958454190148668,48.0
NFBK,2018,0.0,-0.20378754650952058,-0.18568754650952057,1.923697197,5.137792355,0.559170483,0.411526747,21.58687943,37.37501847,37.00199867,31.85872868,31.85872868,22.15799615,38.43795321,52.87920384,38.10173818,38.10173818,8.39127435,0.092752026,1.009189692,16.76,35.92678,3.234389235,35.8949128,64.1050872,4408.432,408.891,0.5599386,0.0,0.0,39.26228840010581,0.0,23.425529646413157,1.1740949509932768e-121,converged,-0.231931879,-0.250031879,monthly_compounded,0.08199287627853434,0.24068116207007798,0.4550389378809207,0.8155268760045998,60.0
NFBK,2019,0.0,0.2652239185470714,0.28662391854707137,1.384700995,3.713088397,0.561778716,0.355158524,20.28455285,34.11462945,54.72567123,36.62209785,36.62209785,21.58687943,37.37501847,37.00199867,31.85872868,31.85872868,8.528192872,0.169525777,1.198548954,15.73,33.55176412,2.087396321,46.68151038,53.31848962,5055.302,857.004,0.875521995,0.0,0.0,7.188684042815456,3.270938126908922e-13,4.877650365413338,5.367850139556666e-07,converged,-0.004383164,-0.025783164,monthly_compounded,0.1082228993120472,0.5233514915482962,0.6740880953687542,0.6970216306791673,60.0
OSBC,2017,0.0,0.2314632998206032,0.23946329982060321,1.493420418,6.474213002,1.36946159,0.953274998,22.15799615,26.04137424,27.71791352,22.89497049,22.89497049,21.15270351,30.38356766,19.89334471,22.23185366,22.23185366,7.776295486,0.103470672,2.018516216,12.93,31.375235,1.987515789,38.88252258,61.11747742,2383.429,246.615,0.636193184,0.0,0.0,15.81447695797269,1.236272653378865e-56,,,no_sigma_E,0.211874547,0.203874547,monthly_compounded,0.17361619486372692,1.3562582794855509,0.44250898249107956,1.0250701176588013,48.0
OSBC,2018,0.0,-0.06308494762473371,-0.04498494762473371,1.842327914,7.272799743,0.979697001,0.779834482,21.58687943,28.42790969,19.38374417,21.07839111,21.07839111,22.15799615,26.04137424,27.71791352,22.89497049,22.89497049,7.892079542,0.11709815,1.689009625,12.63,28.26105,2.87197516,26.32168074,73.67831926,2676.003,313.355,0.357251373,0.0,0.0,15.259874766664202,7.07598338968218e-53,,,no_sigma_E,-0.295876605,-0.313976605,monthly_compounded,0.18342900716352006,1.25624616684565,0.6547640331534195,1.114410888291206,60.0
OSBC,2019,0.0,0.017976453829313094,0.039376453829313096,1.266099146,6.165989092,1.067948179,0.834520715,20.28455285,29.39379333,41.32760267,29.45725846,29.45725846,21.58687943,28.42790969,19.38374417,21.07839111,21.07839111,7.876845271,0.078112876,1.451002891,14.53,35.99412,1.88441085,30.41123639,69.58876361,2635.545,205.87,0.437013604,0.0,0.0,7.324742115470539,1.1967927603196596e-13,5.019339017771377,2.5924787566910925e-07,converged,0.086171094,0.064771094,monthly_compounded,0.1440848230455941,0.877138878763599,0.9408647603333347,0.7205580279638727,60.0
OSBC,2020,1.0,-0.2513551395434949,-0.2469551395434949,1.251997191,6.462638305,1.45129398,0.967441927,18.99807322,38.94231442,36.56196517,32.47769541,32.47769541,20.28455285,29.39379333,41.32760267,29.45725846,29.45725846,8.019888085,0.076130684,0.964612967,14.26,28.24617,2.001763934,41.073028,58.926972,3040.837,231.501,0.697015757,0.0,0.0,10.271498324835903,4.736096981784393e-25,5.988953734082497,1.0559761275311467e-09,converged,-0.312836538,-0.317236538,monthly_compounded,0.14006669223282148,0.9115148105211374,1.0387399046543242,0.9121886976176742,60.0
OSBC,2021,1.0,0.2620399391889309,0.26243993918893094,1.607541434,1.629077912,1.263053863,0.913947794,17.43215031,36.19699283,27.66676292,27.9137431,27.9137431,18.99807322,38.94231442,36.56196517,32.47769541,32.47769541,8.734268609,0.032013836,1.115008867,12.55,25.61751,1.850704786,33.92926418,66.07073582,6212.189,198.876,0.513529383,0.0,0.0,14.444978989075535,1.3481975122909652e-47,6.327891481151724,1.2426691031864428e-10,converged,0.349536187,0.349136187,monthly_compounded,0.15360132385299866,0.9860104918671453,0.7937071064105845,1.2937605667407979,60.0
OSBC,2022,1.0,0.27793298887194906,0.29213298887194905,3.343775716,7.860926435,1.125739195,0.896369676,17.26625006,27.96580199,28.90968343,24.47615415,24.47615415,17.43215031,36.19699283,27.66676292,27.9137431,27.9137431,8.680725497,0.044292962,1.550719343,12.52,25.61751,4.38609303,25.59608852,74.40391148,5888.317,260.811,0.344015362,0.0,0.0,11.705240075570734,5.990981379570909e-32,3.6883439569012886,0.0001128591936952,converged,0.10925569,0.09505569,monthly_compounded,0.16382269030076502,0.9372469883045751,0.573735916414437,1.4089184520115992,60.0
OSBC,2023,1.0,-0.07343961315571025,-0.02393961315571025,3.254035331,6.135489801,1.107960216,0.664253356,15.2370401,27.00772039,43.42301088,29.20093553,29.20093553,17.26625006,27.96580199,28.90968343,24.47615415,24.47615415,8.6522133,0.090274881,1.195493769,14.06,25.61751,4.320595309,47.3138413,52.6861587,5722.799,516.625,0.898031712,0.0,0.0,8.211543270835424,1.0918174533618979e-16,8.789372190911779,7.51990186356836e-19,converged,0.076431759,0.026931759,monthly_compounded,0.20119378275122088,0.9819059391731709,0.5082435860563425,1.4008935389779897,60.0
HTBK,2018,0.0,-0.2564586636495372,-0.23835866364953717,1.39761955,7.072192998,0.740410393,0.713324094,21.58687943,13.42227179,77.6182545,34.60001843,34.60001843,22.15799615,15.04601655,71.01921757,33.02974253,33.02974253,8.038047743,0.012713777,1.335890735,15.0,37.72658,2.647581852,5.747175279,94.25282472,3096.562,39.369,0.06097616,0.0,0.0,,,,,low_leverage_td_ta,-0.266432563,-0.284532563,monthly_compounded,0.08596118211545889,0.40699795092948143,0.6843439417886611,0.47461923898909725,60.0
HTBK,2019,0.0,0.15482989473489547,0.17622989473489548,1.309000866,6.518250896,0.863506571,0.823866394,20.28455285,11.13905151,66.91817892,29.61551396,29.61551396,21.58687943,13.42227179,77.6182545,34.60001843,34.60001843,8.321047642,0.009704918,1.320761012,14.6,37.72658,2.023739185,7.172226765,92.82777323,4109.463,39.882,0.077263803,0.0,0.0,,,,,low_leverage_td_ta,0.052515817,0.031115817,monthly_compounded,0.11875962408694846,0.7087270196144396,0.6748251340830682,0.5808538909468098,60.0
HTBK,2020,1.0,-0.2671766033846085,-0.2627766033846085,1.000495771,7.742354661,1.238956586,1.166590595,18.99807322,6.301510349,73.64039062,29.63608976,29.63608976,20.28455285,11.13905151,66.91817892,29.61551396,29.61551396,8.441200305,0.008575534,0.919671154,16.5,37.72658,2.073703018,9.058863227,90.94113677,4634.114,39.74,0.099612382,0.0,0.0,,,,,low_leverage_td_ta,-0.319844274,-0.324244274,monthly_compounded,0.10777981008761295,0.7625765576486226,0.8570403915223288,0.5309077712389075,60.0
HTBK,2021,1.0,0.41049093471776604,0.41089093471776605,1.76083835,1.54372663,1.166699328,1.120833772,22.77871804,22.7213379,68.48301088,36.69357327,36.69357327,18.99807322,6.301510349,73.64039062,29.63608976,29.63608976,8.612395911,0.007259871,1.204722277,14.4,28.14853,2.043455807,5.388333756,94.61166624,5499.409,39.925,0.056952107,0.0,0.0,,,,,low_leverage_td_ta,0.309248664,0.308848664,monthly_compounded,0.1293569356403439,0.8378006094776955,1.0137798643447282,0.9107731754731968,60.0
HTBK,2022,1.0,0.12176608918361252,0.13596608918361253,2.957923117,8.220525449,0.998304655,0.95891803,23.56427534,20.88803179,75.26350093,38.57920542,38.57920542,22.77871804,22.7213379,68.48301088,36.69357327,36.69357327,8.548222756,0.007629547,1.250814917,14.8,28.06106,3.941534523,5.40118378,94.59881622,5157.58,39.35,0.05709568,0.0,0.0,,,,,low_leverage_td_ta,0.129414898,0.115214898,monthly_compounded,0.14555832534240434,0.8853571892178972,0.6008197852010493,1.0685710195132025,60.0
FRBKQ,2017,0.0,0.003976047864505457,0.011976047864505457,1.692831365,7.406563752,1.029745822,1.001493761,22.15799615,33.12164755,25.58567833,25.63918139,25.63918139,21.15270351,40.02660897,22.92235495,28.10524583,28.10524583,7.750333591,0.009335814,2.127432873,16.7,31.375235,2.395430458,3.948439054,96.05156095,2322.347,21.681,0.041107495,0.0,0.0,,,,,low_leverage_td_ta,0.050985993,0.042985993,monthly_compounded,0.19477930432094695,0.8434637906312348,0.9498890345713344,2.2889911589814163,48.0
FRBKQ,2018,0.0,-0.31159112432600133,-0.29349112432600133,2.000770199,9.75102428,1.152524942,1.130789292,21.58687943,34.68219933,24.41150344,25.9905121,25.9905121,22.15799615,33.12164755,25.58567833,25.63918139,25.63918139,7.920554382,0.037293834,1.432052621,15.03,28.26105,3.050013024,2.609472017,97.39052798,2753.297,102.681,0.026793899,0.0,0.0,19.43795174258865,1.8429517473207145e-84,,,no_sigma_E,-0.192295004,-0.210395004,monthly_compounded,0.19081476393924274,0.8342344772884058,0.9253640875076278,1.988034701019153,60.0
FRBKQ,2019,0.0,-0.32123249584605573,-0.29983249584605576,2.063440258,6.609785034,0.850378354,0.820826007,20.28455285,36.14500154,31.22254059,29.16803538,29.16803538,21.58687943,34.68219933,24.41150344,25.9905121,25.9905121,8.114112239,0.003371452,0.987563165,12.37,20.99961,2.649236998,4.358701133,95.64129887,3341.29,11.265,0.045573421,0.0,0.0,,,,,low_leverage_td_ta,-0.030810229,-0.052210229,monthly_compounded,0.21968823983485922,1.113383079110688,0.8993122521222081,2.0540754575640165,60.0
THFF,2017,0.0,-0.10333227690458968,-0.09533227690458967,1.280180532,6.801454497,0.910221953,0.885053759,22.15799615,16.17919148,31.83825212,19.48664973,19.48664973,21.15270351,15.64398135,46.90415245,24.64490963,24.64490963,8.00659021,0.019224386,1.334082871,17.88,29.63328,1.670993574,3.884271377,96.11572862,3000.668,57.686,0.040412443,0.0,0.0,,,,,low_leverage_td_ta,0.10857449,0.10057449,monthly_compounded,0.12280634696699377,0.6757808216551962,1.1042990528615264,0.8531887706594568,48.0
THFF,2018,0.0,-0.11243882214136669,-0.09433882214136668,1.518489118,8.605323577,1.036009536,0.970805809,21.58687943,16.89093302,32.42616034,20.0513205,20.0513205,22.15799615,16.17919148,31.83825212,19.48664973,19.48664973,8.009269353,0.023151389,1.10625665,19.36,29.58445,2.384220528,8.707739689,91.29226031,3008.718,69.656,0.09538311,0.0,0.0,20.893228693257377,3.0851797360579235e-97,,,no_sigma_E,-0.175669743,-0.193769743,monthly_compounded,0.13329048587406245,0.6323414296758426,1.2281994658713449,0.8890125163867909,60.0
THFF,2019,0.0,0.14639743973868477,0.16779743973868477,1.155408043,6.434300826,0.916768102,0.827050692,20.28455285,17.22040133,31.21405073,19.77837732,19.77837732,21.58687943,16.89093302,32.42616034,20.0513205,20.0513205,8.299845313,0.027612502,1.119346185,16.16,28.82238,1.60222175,13.22500198,86.77499802,4023.25,111.092,0.152405673,0.0,0.0,17.652084115311446,4.903471285337677e-70,10.581871988531775,1.808295667122709e-26,converged,0.017268492,-0.004131508,monthly_compounded,0.1589748722781499,0.9111114516054946,1.0132340836528915,0.9698540801034685,60.0
THFF,2020,1.0,-0.13191160695656381,-0.12751160695656383,0.440332454,4.961059883,0.830947029,0.713533962,18.99807322,21.90893758,24.40451022,19.65245672,19.65245672,20.28455285,17.22040133,31.21405073,19.77837732,19.77837732,8.424539161,0.02675125,0.87655121,17.4,25.60363,0.822352179,18.11213294,81.88786706,4557.544,121.92,0.221182131,0.0,0.0,24.42039920599445,5.192713313336969e-132,14.433228161911616,1.5987884577184703e-47,converged,-0.20939331,-0.21379331,monthly_compounded,0.12831274908740012,0.7754242523159215,0.9289491600590298,0.9544907165265251,60.0
THFF,2021,1.0,0.19414169299737044,0.19454169299737045,0.731707198,1.391581898,0.752083661,0.654225778,18.48795725,29.95919904,19.68128256,22.09706065,22.09706065,18.99807322,21.90893758,24.40451022,19.65245672,19.65245672,8.551613748,0.021122494,0.975421192,15.63,19.88065,0.729086085,15.73228977,84.26771023,5175.099,109.311,0.186694165,0.0,0.0,29.79000879311012,2.631478664225179e-195,13.506413621161816,7.166788696576222e-42,converged,0.175118281,0.174718281,monthly_compounded,0.09279837045744008,0.4764157600612489,0.8118947650402999,0.8551794695500309,60.0
THFF,2022,1.0,0.02992011128503646,0.044120111285036456,3.663185014,6.292857487,0.595852534,0.526059742,20.12867766,32.72654656,22.18386154,24.8477125,24.8477125,18.48795725,29.95919904,19.68128256,22.09706065,22.09706065,8.51504709,0.016127374,1.163346354,14.61,19.30606,4.443815276,14.11977448,85.88022552,4989.281,80.464,0.164412406,0.0,0.0,,,,,low_leverage_td_ta,0.090003701,0.075803701,monthly_compounded,0.1041741293012045,0.523759264635512,0.6198568070335851,0.7958530780652181,60.0
THFF,2023,1.0,-0.07566019260470892,-0.02616019260470892,3.705311188,5.445300385,0.53057529,0.41951323,17.61816778,23.94386529,17.71774834,18.78254635,18.78254635,20.12867766,32.72654656,22.18386154,24.8477125,24.8477125,8.486970245,0.036238448,0.961293473,15.8,19.24314,4.566800433,24.68880953,75.31119047,4851.146,175.798,0.327823918,0.0,0.0,16.906979057523273,1.9983906618318262e-64,30.788833879014906,1.848567045953902e-208,converged,0.022980058,-0.026519942,monthly_compounded,0.13081667098251115,0.4758126119473497,0.6343708215853001,0.679523914486135,60.0
MPB,2018,0.0,-0.3400934866484523,-0.3219934866484523,4.219412384,5.508686355,0.459704372,0.399187358,21.58687943,32.80012143,52.48167888,35.16226462,35.16226462,22.15799615,5.828762666,38.2830016,16.67294686,16.67294686,7.639152028,0.056885024,0.865190108,12.3,20.41044,5.459166281,15.81653555,83.03606366,2077.981,118.206,0.190477906,0.0,0.0,14.89700166769062,1.7235228499483568e-50,,,no_sigma_E,-0.151156056,-0.169256056,monthly_compounded,0.07656804773262477,0.335268957531129,0.0794864681983589,0.6795040393117935,60.0
MPB,2019,0.0,0.2699488687091397,0.2913488687091397,2.020005208,4.084901407,0.50876969,0.370326231,22.06022092,40.50927013,52.78785949,39.35192361,39.35192361,21.58687943,32.80012143,52.48167888,35.16226462,35.16226462,7.710283632,0.026879559,1.022568957,11.9,20.41044,2.492990431,31.95946909,68.04053091,2231.175,59.973,0.469712224,0.0,0.0,18.374325428132877,1.0545681128569503e-75,,,no_sigma_E,0.052681973,0.031281973,monthly_compounded,0.10471981742630412,0.5049524183549287,0.30162576504441013,0.8262734756519369,60.0
MPB,2020,1.0,-0.21651527114459482,-0.21211527114459483,1.397817782,2.684801017,0.619367221,0.224381995,20.85479836,36.1118091,62.68297594,40.74469707,40.74469707,22.06022092,40.50927013,52.78785949,39.35192361,39.35192361,8.006016839,0.081799351,0.719617342,12.6,20.11747,1.808404297,68.78552568,31.21447432,2998.948,245.312,2.203641969,0.0,0.0,16.32862928186831,3.08781556717397e-60,11.469753988464218,9.35953426248104e-31,converged,-0.14987061,-0.15427061,monthly_compounded,0.08409560898490068,0.4673414454049607,0.4667906172471736,0.7369996343929427,60.0
MPB,2021,1.0,0.49527679558987975,0.49567679558987976,2.066094755,1.744663569,0.548654296,0.417766521,22.45895173,42.78834578,69.04017238,46.80134097,46.80134097,20.85479836,36.1118091,62.68297594,40.74469707,40.74469707,8.453065253,0.033169099,1.03351628,14.6,17.38542,2.349558655,27.49605514,72.50394486,4689.425,155.544,0.379235298,0.0,0.0,28.264650185871755,4.701835724449611e-176,13.165024675997651,6.974602682299521e-40,converged,0.172427501,0.172027501,monthly_compounded,0.0775412894848419,0.35968723543731296,0.4266627438956198,0.9069657968788042,60.0
MPB,2022,1.0,-0.043525443074008414,-0.029325443074008417,3.786019432,6.103644819,0.542355276,0.480689263,20.8198309,41.94104807,56.5810578,41.90062197,41.90062197,22.45895173,42.78834578,69.04017238,46.80134097,46.80134097,8.411377906,0.036460355,0.929718093,13.2,17.38542,4.526452838,13.44114458,86.55885542,4497.954,163.997,0.155283298,0.0,0.0,21.24452529010717,1.852137917611522e-100,7.981730391186872,7.2147969649633345e-16,converged,0.053731569,0.039531569,monthly_compounded,0.08315583063675566,0.39238443282698454,0.10788790360210256,0.800655481329778,60.0
MPB,2023,1.0,-0.20981936388258526,-0.16031936388258528,4.165644965,5.527223895,0.581107701,0.361960857,18.32471056,39.06483303,48.1814888,37.33894,37.33894,20.8198309,41.94104807,56.5810578,41.90062197,41.90062197,8.57372323,0.065564664,0.741974013,11.7,17.38542,5.003364673,42.29170282,57.70829718,5290.792,346.889,0.732853071,0.0,0.0,15.885838015932167,3.9714645273763634e-57,17.26376995482158,4.4081208948665765e-67,converged,0.055687407,0.006187407,monthly_compounded,0.12533314502090542,0.4274437327959869,0.5792087339424608,0.6714656163572195,60.0
ORRF,2018,0.0,-0.2817322042361361,-0.2636322042361361,1.781498449,5.835767954,0.612635889,0.526894176,21.58687943,18.26468903,28.52875861,19.32963886,19.32963886,22.15799615,8.28995073,24.37542896,12.88696999,12.88696999,7.567546276,0.092731138,0.990148236,15.6,28.26105,2.733798494,18.489574,81.510426,1934.388,179.378,0.22683692,0.0,0.0,13.134698484567208,1.0415976697099784e-39,,,no_sigma_E,-0.220462454,-0.238562454,monthly_compounded,0.08974401348594567,0.6482247124810944,0.11589809933040167,0.35839183371826444,60.0
ORRF,2019,0.0,0.2571413751915247,0.27854137519152466,1.751771471,4.59171499,0.585615766,0.480008771,22.06022092,38.72053885,52.45144858,38.34360496,38.34360496,21.58687943,18.26468903,28.52875861,19.32963886,19.32963886,7.776230452,0.104806665,1.134791869,14.0,20.99961,2.145318307,21.78291135,78.21708865,2383.274,249.783,0.278492996,0.0,0.0,11.683200872883852,7.766693671808952e-32,,,no_sigma_E,0.07282506,0.05142506,monthly_compounded,0.09237287849951406,0.592912862071212,0.23476025576729062,0.3950645638567208,60.0
ORRF,2020,1.0,-0.2389649560493198,-0.23456495604931982,1.747151143,5.381112973,0.931945362,0.718796754,20.85479836,36.08104274,39.95670996,32.54798121,32.54798121,22.06022092,38.72053885,52.45144858,38.34360496,38.34360496,7.919564169,0.039778635,0.752822535,15.6,13.80259,2.192297552,25.59627884,74.40372116,2750.572,109.414,0.3440188,0.0,0.0,14.88958749387003,1.925691778029959e-50,8.803949189346039,6.60421030647338e-19,converged,-0.191593328,-0.195993328,monthly_compounded,0.07606903519911727,0.5541177107474266,0.21967304930774312,0.49461235671012377,60.0
ORRF,2021,1.0,0.5750746551840933,0.5754746551840932,1.56026793,1.528423561,0.983014728,0.822092549,19.0205481,45.34407344,49.69895134,40.61101219,40.61101219,20.85479836,36.08104274,39.95670996,32.54798121,32.54798121,7.949643765,0.020165352,1.037388683,15.0,13.80259,1.586363016,18.5064881,81.4935119,2834.565,57.16,0.227091552,0.0,0.0,23.308551510080555,1.815449903600257e-120,11.375169080384495,2.7797506696960737e-30,converged,0.236661904,0.236261904,monthly_compounded,0.10029182486799518,0.6302229955645121,0.5246356424502071,0.8650920776850533,60.0
ORRF,2022,1.0,-0.06701320407472379,-0.052813204074723785,4.123686503,7.234016628,0.845040784,0.716755634,17.26625006,40.53280326,49.43310012,38.09781679,38.09781679,19.0205481,45.34407344,49.69895134,40.61101219,40.61101219,7.980163213,0.053180802,1.079747681,12.7,13.80259,4.732335172,17.19386692,82.80613308,2922.408,155.416,0.207640017,0.0,0.0,15.299973526647824,3.8243868447164367e-53,5.0447645488175645,2.270400875732333e-07,converged,0.05378364,0.03958364,monthly_compounded,0.12784482617492274,0.7191106428201323,0.41776748685332044,1.0644402024532005,60.0
ORRF,2023,1.0,0.2727143497478094,0.3222143497478094,4.334504837,6.690500525,0.899234458,0.758249272,15.2370401,37.20811808,49.98076375,36.62112382,36.62112382,17.26625006,40.53280326,49.43310012,38.09781679,38.09781679,8.027554857,0.058539148,1.181129667,13.0,17.20394,5.17542871,18.33868453,81.66131547,3064.24,179.378,0.224570036,0.0,0.0,14.4624892578478,1.0454836636735715e-47,12.40565419594443,1.2175783845609967e-35,converged,0.060559614,0.011059614,monthly_compounded,0.1601988438256078,0.7001972450458714,0.699762065448397,0.8993902286049277,60.0
IBCP,2019,0.0,0.0923126511455222,0.1137126511455222,1.579465323,4.408688869,0.51613446,0.449072913,22.06022092,33.44864383,80.00530617,45.64813376,45.64813376,21.58687943,38.43670344,70.41860982,44.41530444,44.41530444,8.178833495,0.035936324,1.454181307,13.74,30.80453,2.248689474,17.75055777,82.24944223,3564.694,128.102,0.215813716,0.0,0.0,19.670244318360595,1.9395356832334373e-86,,,no_sigma_E,0.0285401,0.0071401,monthly_compounded,0.08822753061591211,0.230254486654429,0.6929479927780525,0.7928446247729174,60.0
IBCP,2020,1.0,-0.14640584703673,-0.14200584703673003,1.523183478,6.137150692,1.049928099,0.876309626,20.85479836,27.37975615,60.24463908,35.53579754,35.53579754,22.06022092,33.44864383,80.00530617,45.64813376,45.64813376,8.343794824,0.025884078,1.036243617,15.95,30.80453,2.491620238,22.25920562,77.74079438,4204.013,108.817,0.286325935,0.0,0.0,19.581949347100423,1.1021082864113254e-85,,,no_sigma_E,-0.258429126,-0.262829126,monthly_compounded,0.09096393155967832,0.3928624696379492,0.895693520062568,0.8423819188137545,60.0
IBCP,2021,1.0,0.3420637032063631,0.3424637032063631,1.909916427,1.604979406,1.062485399,0.933203427,19.0205481,26.176116,60.20117432,34.88450557,34.88450557,20.85479836,27.37975615,60.24463908,35.53579754,35.53579754,8.45632579,0.023159197,1.268188006,14.53,19.60699,2.125591184,14.6992797,85.3007203,4704.74,108.958,0.172323043,0.0,0.0,18.50058221247409,1.0212778257351135e-76,10.27880587640061,4.3904374085846275e-25,converged,0.235742082,0.235342082,monthly_compounded,0.12277565673602378,0.5510999736152697,1.250146033455247,1.2068773772204286,60.0
IBCP,2022,1.0,0.02907004371678034,0.04327004371678034,3.654399565,7.758513161,0.987144575,0.851853377,17.26625006,25.78277889,59.51002454,34.4094975,34.4094975,19.0205481,26.176116,60.20117432,34.88450557,34.88450557,8.517150591,0.033021207,1.449528149,13.62,19.18366,4.427927269,16.424258,83.575742,4999.787,165.099,0.19651944,0.0,0.0,16.232224728982967,1.4922182230856933e-59,5.206165891394859,9.63911580200251e-08,converged,0.090828759,0.076628759,monthly_compounded,0.1433081845985751,0.728176451692947,0.9707499312656119,1.1495688700951896,60.0
IBCP,2023,1.0,0.09063547073400767,0.14013547073400767,4.341687651,6.989858228,0.984333287,0.843315277,22.5183285,28.49998639,57.19520507,35.9475949,35.9475949,17.26625006,25.78277889,59.51002454,34.4094975,34.4094975,8.56859442,0.024557509,1.340448785,13.71,18.916,5.3393814,17.09699294,82.90300706,5263.726,129.264,0.206228864,0.0,0.0,16.118038582300724,9.528107752317093e-59,20.165670673747176,9.803527083601763e-91,converged,0.014841002,-0.034658998,monthly_compounded,0.17901509812036326,0.8119326266640905,0.9587654741300436,1.000543449302708,60.0
EQBK,2017,0.0,,,1.469631317,5.544972394,0.694606316,0.648173562,22.15799615,40.61328091,36.74330817,33.37177827,33.37177827,21.15270351,34.8398216,36.79607509,30.52713855,30.52713855,8.061647422,0.12668376,1.382314146,12.54,30.98098,1.935420685,9.403230015,90.59676998,3170.509,401.652,0.103792111,0.0,0.0,13.062498645607846,2.6964121236088823e-39,,,no_sigma_E,0.147712691,0.139712691,unavailable,,,,,
EQBK,2018,0.0,,,1.407666145,6.125931365,0.624930147,0.572731083,21.58687943,35.83074943,43.54541417,33.44840082,33.44840082,22.15799615,40.61328091,36.74330817,33.37177827,33.37177827,8.309360823,0.114403863,1.23492206,11.92,30.98098,2.409950088,11.66479228,88.33520772,4061.716,464.676,0.13205145,0.0,0.0,13.64002658546668,1.157380930442106e-42,,,no_sigma_E,-0.289417769,-0.307517769,unavailable,,,,,
EQBK,2019,0.0,,,1.275902457,4.381204885,0.503322419,0.450076386,20.28455285,28.55099737,40.69935265,28.81306165,28.81306165,21.58687943,35.83074943,43.54541417,33.44840082,33.44840082,8.281364017,0.097132402,0.99730092,12.59,29.94585,1.892864827,14.44770384,85.55229616,3949.578,383.632,0.168875699,0.0,0.0,6.854529059902168,3.5773913309364437e-12,4.79856820875845,7.990194379370632e-07,converged,-0.058593294,-0.079993294,unavailable,,,,,
EQBK,2020,1.0,,,2.528688363,4.817152138,0.753649139,0.536541433,18.99807322,26.15749249,32.19067754,24.56276019,24.56276019,20.28455285,28.55099737,40.69935265,28.81306165,28.81306165,8.297383078,0.033352885,0.770100268,17.35,28.68024,3.761667334,36.19862843,63.80137157,4013.356,133.857,0.567364424,0.0,0.0,14.349721597406752,5.348288194521133e-47,11.082931195125353,7.590968560493213e-29,converged,-0.241568085,-0.245968085,unavailable,,,,,
EQBK,2021,1.0,,,1.379570013,1.561756843,0.706082417,0.590486824,23.11502907,44.72281949,27.66325343,32.95962424,32.95962424,18.99807322,26.15749249,32.19067754,24.56276019,24.56276019,8.544347357,0.029564404,1.135907888,15.96,26.18029,1.737067648,20.96054872,79.03945128,5137.631,151.891,0.26519097,0.0,0.0,28.127086780853165,2.2850071745242508e-174,15.397932581087812,8.449313784047202e-54,converged,0.123067292,0.122667292,unavailable,,,,,
EQBK,2022,1.0,,,3.616232516,6.888656592,0.809343605,0.65516956,45.04618517,32.31722973,28.91779356,29.27688709,29.27688709,23.11502907,44.72281949,27.66325343,32.95962424,32.95962424,8.513516641,0.056554343,1.269178407,16.08,22.28263,4.579714022,23.24157338,76.75842662,4981.651,281.734,0.302788559,0.0,0.0,17.970286792065327,1.6649444965044225e-72,6.356715430847904,1.0305665497302319e-10,converged,0.074257939,0.060057939,unavailable,,,,,
SMBK,2018,0.0,-0.1761645161554265,-0.1580645161554265,1.643266431,5.860791234,0.592360057,0.530572558,22.90149619,30.20060187,30.81279147,26.26140827,26.26140827,23.4924188,17.93270082,19.73804621,16.19247311,16.19247311,7.729475517,0.027337212,0.899488423,12.74,37.72032223,2.912653441,15.75301982,84.24698018,2274.409,62.176,0.186986166,0.0,0.0,18.700718701480056,2.4420979628994357e-78,,,no_sigma_E,-0.202647912,-0.220747912,monthly_compounded,0.04007743645330307,0.1762833644746969,-0.1137304837807698,0.22453655251501906,60.0
SMBK,2019,0.0,0.2759846646372254,0.29738466463722535,1.714286615,6.726401278,0.955231781,0.861148606,25.22477788,25.10319572,46.33025576,29.84146955,29.84146955,22.90149619,30.20060187,30.81279147,26.26140827,26.26140827,7.80348528,0.028942605,1.059305798,14.02,27.15842702,2.294308943,13.04251946,86.95748054,2449.123,70.884,0.14998732,0.0,0.0,17.90095852644147,5.795484802399147e-72,,,no_sigma_E,0.049536729,0.028136729,monthly_compounded,0.07800773507816544,0.5012403821986909,0.1966665787708039,0.2550995211893124,60.0
SMBK,2020,1.0,-0.22754900767822342,-0.22314900767822343,0.919816293,3.220639044,0.823086658,0.409875137,23.96883345,27.46925829,56.77841538,34.78077113,34.78077113,25.22477788,25.10319572,46.33025576,29.84146955,29.84146955,8.103176321,0.036474088,0.767271598,14.07,26.4388706,1.316922491,57.81443736,42.18556264,3304.949,120.545,1.370479229,0.0,0.0,17.728516623517876,1.2630582188719174e-70,9.85130601357885,3.382950247375243e-23,converged,-0.115979879,-0.120379879,monthly_compounded,0.08690955771741088,0.7130078510273713,0.38010585792736,0.36226637029427633,60.0
SMBK,2021,1.0,0.5230887945416862,0.5234887945416862,1.656613652,1.562420188,0.721121025,0.654971105,22.48509691,24.76440478,41.90778708,28.09757243,28.09757243,23.96883345,27.46925829,56.77841538,34.78077113,34.78077113,8.436325594,0.029711082,1.070558197,12.55,21.18758751,1.930386204,11.35916477,88.64083523,4611.579,137.015,0.128148215,0.0,0.0,27.26427640431068,5.62777815560143e-164,16.336573735310438,2.710755764618011e-60,converged,0.15255916,0.15215916,monthly_compounded,0.08545720771460852,0.4846697522880531,0.8435881675484072,0.6514921993758608,60.0
SMBK,2022,1.0,0.0015827674330210952,0.015782767433021094,3.408813998,6.940405428,0.751673072,0.674724588,20.26782984,25.94358194,57.47765363,34.18982977,34.18982977,22.48509691,24.76440478,41.90778708,28.09757243,28.09757243,8.441930276,0.02608303,1.074736936,11.4,21.23126035,4.317901439,12.64725288,87.35274712,4637.498,120.96,0.144783688,0.0,0.0,28.760573540929332,3.3402391523061736e-182,10.45911307348912,6.654782633661129e-26,converged,0.008766131,-0.005433869,monthly_compounded,0.09988728751184611,0.4942693100456925,0.8784956998722357,0.6310296570791891,60.0
SMBK,2023,1.0,-0.1464381423919051,-0.09693814239190512,4.042591862,7.240887608,1.052701398,0.938391537,17.67606449,21.91368946,64.95706926,34.77777672,34.77777672,20.26782984,25.94358194,57.47765363,34.18982977,34.18982977,8.482474823,0.013081784,0.904697353,11.8,21.23017,5.107251941,13.39339619,86.60660381,4829.387,63.177,0.154646362,0.0,0.0,,,,,low_leverage_td_ta,0.022652072,-0.026847928,monthly_compounded,0.14818349726952837,0.5968807531135749,0.9187334480857251,0.7163548645253411,60.0
ALRS,2020,1.0,0.22843641736804662,0.2328364173680466,1.81125748,5.538694633,0.861756247,0.766357457,20.85479836,34.75793799,75.9055673,44.83330989,44.83330989,22.06022092,39.43171869,75.21277725,46.89042848,46.89042848,8.010947398,0.019488873,1.41965829,16.79,28.88722,2.560659561,14.89728816,85.10271184,3013.771,58.735,0.175050687,0.0,0.0,,,,,low_leverage_td_ta,-0.011396487,-0.015796487,monthly_compounded,0.05999387368941058,0.5494900094512776,0.1628237427989271,0.15260193740401898,60.0
ALRS,2021,1.0,0.09189789978140613,0.09229789978140612,1.706068707,1.581584816,0.670397237,0.616689287,19.0205481,35.90302821,75.87159496,45.35040546,45.35040546,20.85479836,34.75793799,75.9055673,44.83330989,44.83330989,8.129378691,0.017370577,1.402282609,18.64,24.05389,2.159907368,10.28770718,89.71229282,3392.691,58.933,0.114674443,0.0,0.0,,,,,low_leverage_td_ta,0.073237546,0.072837546,monthly_compounded,0.07229122510386776,0.5749979779926625,0.7003491422804943,0.2323774599186853,60.0
ALRS,2022,1.0,-0.19315742475515174,-0.17895742475515175,3.368981311,6.301563299,0.632423343,0.529436556,17.26625006,32.76956609,70.48324022,41.84463694,41.84463694,19.0205481,35.90302821,75.87159496,45.35040546,45.35040546,8.237383252,0.115599196,1.308048127,16.48,23.73583,4.478316148,20.3227089,79.6772911,3779.637,436.923,0.255062749,0.0,0.0,40.95467661526021,0.0,24.94839006323873,1.1115176298418798e-137,converged,-0.058196417,-0.072396417,monthly_compounded,0.09886714114701756,0.5514465261609099,0.4089493266415757,0.7161988723823357,60.0
ALRS,2023,1.0,-0.051700158326426396,-0.0022001583264263935,3.38636152,5.339488226,0.684421263,0.382470984,15.2370401,38.94594852,84.19385613,49.79980098,49.79980098,17.26625006,32.76956609,70.48324022,41.84463694,41.84463694,8.270707571,0.095484494,1.197002614,14.76,23.65597,4.435081289,50.83816953,49.16183047,3907.713,373.126,1.034098386,0.0,0.0,36.81040053656623,6.293536652802008e-297,16.67657227224356,9.701903589487288e-63,converged,0.000898524,-0.048601476,monthly_compounded,0.13220025438271324,0.5781527279086689,0.5742357819620526,0.5397058661598627,60.0
FMNB,2017,0.0,0.04729855612783119,0.05529855612783119,2.226481831,4.495243851,0.420777347,0.413649789,22.15799615,40.4285175,51.90002288,38.73655291,38.73655291,21.15270351,30.78321242,46.23293515,31.91233002,31.91233002,7.677432389,0.137355036,1.678307906,12.73,23.52352,2.669504071,2.20345175,97.79654825,2159.069,296.559,0.022530977,0.0,0.0,13.5069292731911,7.116778471362583e-42,,,no_sigma_E,0.189105942,0.181105942,monthly_compounded,0.06732318927152095,0.33539972322246503,0.4929238335715572,0.504521183526883,48.0
FMNB,2018,0.0,-0.13625761135029035,-0.11815761135029035,2.27922287,7.221510363,0.730532192,0.722430572,21.58687943,41.57671717,54.01176993,40.06628889,40.06628889,22.15799615,40.4285175,51.90002288,38.73655291,38.73655291,7.753135874,0.107688555,1.349759144,13.03,23.67823,3.244853633,1.448079483,98.55192052,2328.864,250.792,0.014693569,0.0,0.0,14.556155094833022,2.668832844164004e-48,,,no_sigma_E,-0.200205998,-0.218305998,monthly_compounded,0.08348576803885814,0.31275553879044365,0.6583903391363592,0.6134614282652389,60.0
FMNB,2019,0.0,0.2930369976409536,0.31443699764095356,1.9116772,6.444028889,0.880561802,0.802131467,20.28455285,37.59779318,55.512045,38.63284161,38.63284161,21.58687943,41.57671717,54.01176993,40.06628889,40.06628889,7.803499571,0.051200045,1.508763387,13.82,23.67823,2.391151043,11.35632556,88.64367444,2449.158,125.397,0.128112081,0.0,0.0,11.594929698847372,2.1861225367757187e-31,7.697981629841114,6.911611881800991e-15,converged,0.097816794,0.076416794,monthly_compounded,0.1190554194583677,0.629732828449208,0.8940159827056142,0.639416051260285,60.0
FMNB,2020,1.0,-0.16062649599814774,-0.15622649599814775,1.790841371,5.715556905,0.950188831,0.790106819,18.99807322,31.89961444,52.49068761,34.7188563,34.7188563,20.28455285,37.59779318,55.512045,38.63284161,38.63284161,8.029806712,0.025692673,1.068514104,14.72,23.67823,2.433600039,20.97770325,79.02229675,3071.148,78.906,0.265465623,0.0,0.0,18.912383416882356,4.50934633520528e-80,10.869221382235354,8.078690561824273e-28,converged,-0.084185422,-0.088585422,monthly_compounded,0.11842032334789847,0.7113867165174954,1.10645783286207,0.7638747247911332,60.0
FMNB,2021,1.0,0.4376090600281028,0.4380090600281028,2.006544971,1.529692135,0.957627822,0.940694162,17.43215031,29.12833501,51.27057465,32.90506104,32.90506104,18.99807322,31.89961444,52.49068761,34.7188563,34.7188563,8.329114856,0.021183518,1.331011188,17.6,16.98201,2.194995656,2.12233424,97.87766576,4142.749,87.758,0.02168354,0.0,0.0,27.07303747767017,1.0229435160795437e-161,18.53974908368912,4.93404972210635e-77,converged,0.188300054,0.187900054,monthly_compounded,0.09914255215657006,0.5217669417121084,1.1127118982485193,0.7736240384969705,60.0
FMNB,2022,1.0,-0.22000889078592056,-0.20580889078592057,3.786930865,7.250050385,0.850933916,0.730668407,15.8938172,28.06325838,51.66573557,32.51904096,32.51904096,17.43215031,29.12833501,51.27057465,32.90506104,32.90506104,8.314391338,0.044880457,1.645113208,17.79,16.70115,4.563943992,16.49950163,83.50049837,4082.2,183.211,0.197597643,0.0,0.0,27.409087774648157,1.0686051104461317e-165,9.19755864046655,1.8308718570661612e-20,converged,-0.017702882,-0.031902882,monthly_compounded,0.11936650347516045,0.6763260675696801,0.5397186978111719,0.8915709200428937,60.0
FMNB,2023,1.0,0.029306627264149884,0.07880662726414989,4.625343138,6.667769281,0.864757512,0.738977313,14.03688525,29.99721008,54.71570311,34.57626932,34.57626932,15.8938172,28.06325838,51.66573557,32.51904096,32.51904096,8.532741685,0.087363612,1.339997453,14.06,16.70115,5.485229273,16.96660544,83.03339456,5078.35,443.663,0.20433472,0.0,0.0,19.382866143597084,5.3839675992563545e-84,10.04390303401854,4.8864471739476234e-24,converged,0.067695936,0.018195936,monthly_compounded,0.14434079468941025,0.7091483573439565,0.4856585520578334,0.6099609993895619,60.0
PFIS,2018,0.0,-0.04403330038401232,-0.025933300384012314,1.880605199,4.863849488,0.453378886,0.369377227,21.58687943,22.55003563,45.75727293,27.65743593,27.65743593,22.15799615,28.78842267,43.22695035,29.84075977,29.84075977,7.735867262,0.054349664,1.170085923,13.1,28.26105,2.733798494,24.07000183,75.92999817,2288.993,124.406,0.317002534,0.0,0.0,16.52823482736119,1.1488726057452804e-61,,,no_sigma_E,-0.106141363,-0.124241363,monthly_compounded,0.13815400037332123,0.7601034066965624,1.0603470634643601,0.8319070240199022,45.0
PFIS,2019,0.0,0.1565464442608798,0.1779464442608798,0.005404772,3.556215923,0.286033041,0.286033041,20.28455285,33.02429901,60.69510772,38.23029109,38.23029109,21.58687943,22.55003563,45.75727293,27.65743593,27.65743593,7.814127787,0.074690334,1.244138885,13.04,20.99961,0.0,0.0,100.0,2475.327,184.883,0.0,0.0,0.0,14.413728742212038,2.120887886652274e-47,,,no_sigma_E,0.005404772,-0.015995228,monthly_compounded,0.11017890716800084,0.34900794230706367,1.096509487994339,0.8858110510534631,57.0
PFIS,2020,1.0,-0.24666510058417282,-0.24226510058417283,1.310709133,1.743290575,0.131633931,0.104434715,18.99807322,23.08365322,66.93748112,35.5469852,35.5469852,20.28455285,33.02429901,60.69510772,38.23029109,38.23029109,7.966864841,0.033902813,0.837015074,15.1,21.00652,1.842476943,24.7951227,75.2048773,2883.802,97.769,0.329700993,0.0,0.0,40.95512341254123,0.0,,,extreme_DD_m_y2020_small,-0.19244433,-0.19684433,monthly_compounded,0.05916980745706118,0.1103337784877935,1.08653297349494,0.559087644148818,60.0
PFIS,2021,1.0,0.481237829175106,0.481637829175106,1.903304652,1.582467347,0.148836569,0.137840719,17.43215031,28.88589444,54.75599191,34.03956073,34.03956073,18.99807322,23.08365322,66.93748112,35.5469852,35.5469852,8.122514599,0.010598362,1.11063021,13.56,20.93924,2.248488014,9.165211283,90.83478872,3369.483,35.711,0.100899792,0.0,0.0,,,,,low_leverage_td_ta,0.138309276,0.137909276,monthly_compounded,0.03419308628218748,-0.22669874472619453,1.1081064096388593,0.7167170417825552,60.0
PFIS,2022,1.0,0.0002587662512043478,0.014458766251204347,3.496017472,4.982192222,0.262110025,0.243265241,17.26625006,25.35884361,62.24394786,35.18343799,35.18343799,17.43215031,28.88589444,54.75599191,34.03956073,34.03956073,8.175692533,0.041785387,1.176697642,12.13,21.24215,4.315142602,8.955145872,91.04485413,3553.515,148.485,0.098359715,0.0,0.0,21.10699242586998,3.430083057384985e-99,7.444781018908748,4.8552678390545416e-14,converged,0.107094394,0.092894394,monthly_compounded,0.051463638425251056,-0.0632817874763251,0.6419634565911605,0.6975176991715197,60.0
PFIS,2023,1.0,-0.07468974867223756,-0.025189748672237555,4.617566698,5.361905172,0.425747806,0.386905253,15.2370401,21.23944303,58.16351841,31.64645267,31.64645267,17.26625006,25.35884361,62.24394786,35.18343799,35.18343799,8.227452735,0.020198868,1.007248334,14.16,14.1068,5.340839176,10.46495592,89.53504408,3742.289,75.59,0.116881117,0.0,0.0,22.114558234711662,1.1446947414128488e-108,35.0,1.124910706472406e-268,converged,0.033672874,-0.015827126,monthly_compounded,0.09023929252446636,0.19078832025121714,0.2543118559741369,0.4636875452085413,60.0
BWB,2020,1.0,-0.0980139332846272,-0.0936139332846272,1.531129793,5.180021162,0.860995197,0.703813698,18.99807322,36.28521951,39.88019732,32.35433991,32.35433991,20.28455285,30.48412377,35.65212777,27.95489139,27.95489139,7.981851148,0.048589763,1.324437096,14.58,28.55140583,2.379236042,23.81370113,76.18629887,2927.345,142.239,0.312571965,0.0,0.0,17.68248008024701,2.8611386568009017e-70,,,no_sigma_E,-0.221563344,-0.225963344,monthly_compounded,,,,,
BWB,2021,1.0,0.4159330664156908,0.4163330664156908,1.654958433,1.43277123,0.751157729,0.656747714,17.43215031,28.68386063,33.94648186,26.44792834,26.44792834,18.99807322,36.28521951,39.88019732,32.35433991,32.35433991,8.154114645,0.038744167,1.595400126,15.55,23.33636555,2.026986495,14.17481018,75.59397109,3477.659,134.739,0.187512443,0.0,0.0,18.33163371222259,2.313968549771539e-75,,,no_sigma_E,0.133604459,0.133204459,monthly_compounded,,,,,
BWB,2022,1.0,-0.011373544420169033,0.0028264555798309665,3.240673074,6.005639168,0.720066015,0.476528635,23.56427534,42.08723265,49.65122087,39.85425288,39.85425288,17.43215031,28.68386063,33.94648186,26.44792834,26.44792834,8.376933385,0.109685245,1.503036462,13.15,23.75372,4.192394444,36.89625147,55.04581141,4345.662,476.655,0.670282634,0.0,0.0,11.156285817782797,3.3360592512603207e-29,5.499601035195955,1.9032577193283776e-08,converged,0.080166439,0.065966439,monthly_compounded,0.10523500888033328,0.4517253975964938,0.6326062236405903,0.9560346717968183,46.0
BWB,2023,1.0,-0.28738049595178883,-0.23788049595178884,3.583919066,5.89615886,0.677712208,0.534810367,22.90914385,46.92135114,50.82473537,42.84750014,42.84750014,23.56427534,42.08723265,49.65122087,39.85425288,39.85425288,8.436414713,0.089449023,1.045027749,13.97,23.75372,4.74099369,21.88581837,62.45158213,4611.99,412.538,0.350444578,0.0,0.0,13.723059619143806,3.694033226517101e-43,35.0,1.124910706472406e-268,converged,-0.049497958,-0.098997958,monthly_compounded,0.14224162394829656,0.5597945671752077,0.7075036239473327,0.74894327354401,58.0
HBT,2021,1.0,0.27986643139502515,0.28026643139502516,1.865939876,1.592806278,0.832835635,0.652780356,17.43215031,21.43084696,41.22148426,25.46943443,25.46943443,18.99807322,22.98016637,38.90768147,25.40492785,25.40492785,8.369679703,0.032053282,1.318120823,16.88,6.160171213,1.856606879,22.71637626,77.28362374,4314.254,138.286,0.293935185,0.0,0.0,19.76937433464743,2.7324735764336062e-87,,,no_sigma_E,0.160063871,0.159663871,monthly_compounded,,,,,
HBT,2022,1.0,0.06636804038281217,0.08056804038281218,4.351751734,6.678986555,0.705833567,0.581404013,17.26625006,19.24345524,32.12942272,21.30897631,21.30897631,17.43215031,21.43084696,41.22148426,25.46943443,25.46943443,8.363280417,0.065377511,1.505997588,16.27,10.84287481,4.894510385,19.35765028,80.64234972,4286.734,280.256,0.240043232,0.0,0.0,17.408582545718442,3.551032574109961e-68,,,no_sigma_E,-0.014946262,-0.029146262,monthly_compounded,,,,,
EBTC,2017,0.0,-0.08639063638935951,-0.0783906363893595,1.635272969,6.981990175,0.937574007,0.91620473,22.15799615,28.34220161,17.41821094,20.32828793,20.32828793,21.15270351,30.30191981,10.49061433,18.80637339,18.80637339,7.943627961,0.036857015,1.705342715,11.21,33.90482,2.307132233,3.408523566,96.59147643,2817.564,103.847,0.035288037,0.0,0.0,20.327181184425584,3.696468510423217e-92,,,no_sigma_E,0.114264499,0.106264499,monthly_compounded,0.14362907160201693,0.7059842057605711,1.5574445732212074,1.0698968943445224,48.0
EBTC,2018,0.0,-0.05738479797961382,-0.03928479797961382,1.720991876,7.139260032,0.733479883,0.7158791,21.58687943,40.5150322,25.75949367,29.36887369,29.36887369,22.15799615,28.34220161,17.41821094,20.32828793,20.32828793,7.994415762,0.038912979,1.474895086,11.77,33.44324,2.829689936,3.562430409,96.43756959,2964.358,115.352,0.036940276,0.0,0.0,19.701030874820848,1.0563712350015312e-86,,,no_sigma_E,-0.168355615,-0.186455615,monthly_compounded,0.15764510954864863,0.6207123736415305,1.8153318083782009,1.2076337483671753,60.0
EBTC,2019,0.0,0.05435529131178604,0.07575529131178604,1.486585779,6.579958754,0.84588111,0.822683497,20.28455285,38.2637788,22.3463865,27.02353342,27.02353342,21.58687943,40.5150322,25.75949367,29.36887369,29.36887369,8.081799354,0.034325601,1.350197582,11.88,32.82101,2.183158633,4.028285957,95.97171404,3235.049,111.045,0.041973679,0.0,0.0,17.616318321533264,9.231854517513308e-70,9.910275330198589,1.878048203093691e-23,converged,0.020799732,-0.000600268,monthly_compounded,0.156887172094691,0.5325098225803034,1.8985390341179056,1.2459914714722977,60.0
EBTC,2020,1.0,-0.22830162566252768,-0.2239016256625277,1.414087086,3.343127914,0.459072974,0.382643921,18.99807322,44.48865042,25.73341387,31.3303996,31.3303996,20.28455285,38.2637788,22.3463865,27.02353342,27.02353342,8.297624244,0.019559458,0.912042312,14.62,32.0822,2.261660702,22.72561365,77.27438635,4014.324,78.518,0.294089862,0.0,0.0,,,,,low_leverage_td_ta,-0.157857102,-0.162257102,monthly_compounded,0.14144167099734292,0.5903475079150844,1.6662743571160814,1.2785705601059776,60.0
EBTC,2021,1.0,0.7964101343300913,0.7968101343300913,1.634715025,1.573164977,0.424194122,0.384581578,17.43215031,37.48495835,26.02849167,27.96279634,27.96279634,18.99807322,44.48865042,25.73341387,31.3303996,31.3303996,8.400169143,0.014492047,1.558869743,13.73,24.43548,1.997925909,11.99581234,88.00418766,4447.819,64.458,0.136309563,0.0,0.0,,,,,low_leverage_td_ta,0.142029493,0.141629493,monthly_compounded,0.06542826442013053,-0.04165637770101665,1.5672629574162125,0.8717302669013144,60.0
EBTC,2022,1.0,-0.20927211798119882,-0.19507211798119883,3.444993443,6.025907216,0.526694805,0.468910149,23.65355917,56.16480794,24.28656085,37.71830949,37.71830949,17.43215031,37.48495835,26.02849167,27.96279634,27.96279634,8.398034134,0.014058882,1.517404141,13.49,24.3678,4.491796358,14.01072064,85.98927936,4438.333,62.398,0.162935668,0.0,0.0,,,,,low_leverage_td_ta,0.055529059,0.041329059,monthly_compounded,0.08074116779394085,0.13992881422309678,0.8252291715388045,0.9008974128117797,60.0
EBTC,2023,1.0,-0.10683144393429546,-0.057331443934295456,3.825336829,5.860830681,0.609673627,0.537223772,20.83148563,55.81688221,24.00115814,37.30401296,37.30401296,23.65355917,56.16480794,24.28656085,37.71830949,37.71830949,8.404256045,0.019092107,1.202965703,13.12,23.91978,5.009882487,15.05699062,84.94300938,4466.034,85.266,0.177259915,0.0,0.0,,,,,low_leverage_td_ta,0.016254676,-0.033245324,monthly_compounded,0.1137933646734529,0.42593363123987266,0.4290705421350469,0.4739152801032574,60.0
BFC,2019,0.0,0.4484842631066116,0.4698842631066116,1.424923546,4.445919271,0.510984701,0.458693948,20.28455285,54.55131923,33.53602887,39.13042473,39.13042473,21.58687943,11.21203672,29.88341106,16.31919819,16.31919819,7.70082381,0.051705119,2.145359551,10.35,33.52027,2.116689071,14.6378701,85.3621299,2210.168,114.277,0.171479673,0.0,0.0,19.712400527695017,8.43839596142656e-87,,,no_sigma_E,0.020798879,-0.000601121,monthly_compounded,,,,,
BFC,2020,1.0,-0.06587429460807252,-0.06147429460807252,1.039129639,4.131637217,0.600452708,0.544937827,23.1918911,49.54542869,29.26306252,35.71314491,35.71314491,20.28455285,54.55131923,33.53602887,39.13042473,39.13042473,7.907657481,0.028456786,1.687588388,11.74,33.52027,1.705692298,13.28780874,86.71219126,2718.016,77.346,0.153240375,0.0,0.0,21.47880224684887,1.228809094713854e-102,,,no_sigma_E,-0.109338715,-0.113738715,monthly_compounded,,,,,
BFC,2021,1.0,0.13253117644158435,0.13293117644158436,1.128389382,1.505733009,0.573955983,0.547143076,20.96683625,45.30235084,28.89113485,33.37976934,33.37976934,23.1918911,49.54542869,29.26306252,35.71314491,35.71314491,7.98533186,0.022683173,1.705295936,12.44,23.72035,1.357346345,6.036608226,93.96339177,2937.552,66.633,0.064244256,0.0,0.0,45.73483569995464,0.0,28.975690098623716,6.661539328068925e-185,converged,0.098985722,0.098585722,monthly_compounded,,,,,
BFC,2022,1.0,0.28593597184960795,0.30013597184960794,3.237591097,5.210948631,0.311726353,0.296838888,24.13992042,46.32169997,23.45530726,32.62624801,32.62624801,20.96683625,45.30235084,28.89113485,33.37976934,33.37976934,8.205336452,0.033500144,1.848131475,12.23,23.72035,4.189680137,6.169304142,93.83069586,3660.432,122.625,0.065749317,0.0,0.0,39.0472370286558,0.0,16.3267631331837,3.183710260278173e-60,converged,0.044460666,0.030260666,monthly_compounded,0.05011070522306247,0.08328676440857032,0.44383845654999343,0.47167149536696884,38.0
BFC,2023,1.0,-0.10271775619358105,-0.053217756193581045,3.677090915,4.84731346,0.279936306,0.266818573,24.8306913,41.85944506,27.95172677,32.37921446,32.37921446,24.13992042,46.32169997,23.45530726,32.62624801,32.62624801,8.348026805,0.030115054,1.449250002,13.99,23.72035,4.786959977,6.054915656,93.94508434,4221.842,127.141,0.06445165,0.0,0.0,36.34777456187549,1.4246228026599654e-289,35.0,1.124910706472406e-268,converged,0.027265502,-0.022234498,monthly_compounded,0.09119917931213378,0.2135424629614697,0.4505477717719927,0.3491584451150137,50.0
HIFS,2017,0.0,0.05301689575613278,0.06101689575613278,1.393351184,6.219695643,0.755718546,0.754809139,22.15799615,12.41071513,13.04850149,10.85317524,10.85317524,21.15270351,11.52291334,14.23065984,10.83840256,10.83840256,7.733945796,0.253863369,2.337300747,12.76,40.86507,1.986038345,0.203326179,99.79667382,2284.599,579.976,0.002037404,0.0,0.0,11.660932521423517,1.009099088186375e-31,,,no_sigma_E,0.219354805,0.211354805,monthly_compounded,0.09734733023314804,0.7259789119053075,0.18375656636857352,0.5900925576485836,48.0
HIFS,2018,0.0,-0.054867515660427135,-0.03676751566042713,1.223832037,8.165398415,0.872998443,0.872157297,21.58687943,10.33422403,8.55984899,8.207320757,8.207320757,22.15799615,12.41071513,13.04850149,10.85317524,10.85317524,7.786795547,0.252160707,1.958595488,12.46,40.9751,2.409475219,0.163129435,99.83687056,2408.587,607.351,0.00163396,0.0,0.0,11.951281714650449,3.1965785237327845e-33,,,no_sigma_E,-0.198682411,-0.216782411,monthly_compounded,0.11149999455108874,0.7336832510236798,0.19871775610299736,0.6631996562691899,60.0
HIFS,2019,0.0,0.052950848064918205,0.0743508480649182,1.035140501,6.505296391,0.802160068,0.801335551,20.28455285,9.626397162,9.131911281,8.062181053,8.062181053,21.58687943,10.33422403,8.55984899,8.207320757,8.207320757,7.859546737,0.195297076,1.797267895,13.57,40.9751,1.536134237,0.174017762,99.82598224,2590.346,505.887,0.001743211,0.0,0.0,6.876987725050215,3.056568776340226e-12,4.530997517440313,2.935291426110738e-06,converged,0.1286627,0.1072627,monthly_compounded,0.12989048744079945,0.8830797644344439,0.24248348714150011,0.7043508639833785,60.0
HIFS,2020,1.0,0.04240603763590274,0.04680603763590274,0.00474543,6.063470349,0.862338515,0.862338515,18.99807322,8.595493609,8.282492701,7.245062203,7.245062203,20.28455285,9.626397162,9.131911281,8.062181053,8.062181053,7.957559953,0.142813342,1.569829481,13.75,40.9751,0.0,0.0,100.0,2857.093,408.031,0.0,0.0,0.0,11.733459723551706,4.293770298667662e-32,6.12689067249634,4.48065005661363e-10,converged,0.00474543,0.00034543,monthly_compounded,0.11433138735670964,0.7723732109848565,0.22982572752589037,0.9612719519957776,60.0
HIFS,2021,1.0,0.9591059297262274,0.9595059297262274,0.16286206,1.515266,0.904750383,0.904750383,17.43215031,6.336396157,7.212436231,5.739329537,5.739329537,18.99807322,8.595493609,8.282492701,7.245062203,7.245062203,8.140655133,0.193811723,2.530757468,12.97,28.85628,0.0,0.0,100.0,3431.165,665.0,0.0,0.0,0.0,15.339611786651217,2.0783668791164495e-53,16.94912735788022,9.766574993298662e-65,converged,0.16286206,0.16246206,monthly_compounded,0.09734739626828884,0.6084403704869111,0.30150530820489063,0.9437397355270858,60.0
HIFS,2022,1.0,-0.34976407039230406,-0.33556407039230407,-0.08403052,8.1263165,0.925370875,0.925370875,17.26625006,5.80909212,6.045623836,5.255364604,5.255364604,17.43215031,6.336396157,7.212436231,5.739329537,5.739329537,8.341362285,0.30425874,1.535359343,12.51,27.60445,0.0,0.0,100.0,4193.799,1276.0,0.0,0.0,0.0,20.71129136612193,1.3700585100228366e-95,10.763120592021046,2.5699786111080142e-27,converged,-0.08403052,-0.09823052,monthly_compounded,0.10969508897833183,0.7454922340027745,0.042486869379307575,0.762914318883134,60.0
HIFS,2023,1.0,-0.33550930523191325,-0.28600930523191326,0.078480241,7.35744808,0.992065899,0.992065899,15.2370401,6.068898342,8.657698912,6.319439617,6.319439617,17.26625006,5.80909212,6.045623836,5.255364604,5.255364604,8.408258964,0.377496656,1.031280506,13.17,27.60445,0.0,0.0,100.0,4483.947,1692.675,0.0,0.0,0.0,8.301226164237553,5.1521161270067707e-17,6.399694310759711,7.784416703675123e-11,converged,0.078480241,0.028980241,monthly_compounded,0.14122355818857785,0.8702638259408049,0.015881077575450018,0.44212999530492425,60.0
CCBG,2017,0.0,0.12472871675794583,0.13272871675794584,1.806178085,5.315383584,0.659217717,0.596821204,22.15799615,21.13294252,43.91786776,26.29237189,26.29237189,21.15270351,22.34340265,35.52758817,23.87225945,23.87225945,7.972050067,0.025643078,1.371262573,17.1,28.62855075,2.410858852,12.77683791,87.22316209,2898.794,74.334,0.146484461,0.0,0.0,21.103737860830975,3.674535684177347e-99,,,no_sigma_E,0.098039535,0.090039535,monthly_compounded,0.08745209563484099,0.449954304064685,1.3260360111868816,0.3604596419408479,48.0
CCBG,2018,0.0,0.0066927040573632225,0.024792704057363224,1.680861462,6.945860758,0.794676973,0.710723625,21.58687943,23.62458951,46.18365534,28.34391232,28.34391232,22.15799615,21.13294252,43.91786776,26.29237189,26.29237189,7.992668496,0.025343482,1.284625985,17.13,32.37173011,2.726451983,14.8694362,85.1305638,2959.183,74.996,0.174666248,0.0,0.0,21.11942811671397,2.6364695570492073e-99,,,no_sigma_E,-0.191459842,-0.209559842,monthly_compounded,0.1051729956938044,0.4472178669382873,1.4714185459491231,0.4764580254586712,60.0
CCBG,2019,0.0,0.3180280488755044,0.3394280488755044,1.428071032,5.529033065,0.712768439,0.651241796,20.28455285,19.30971019,28.76896954,19.93444529,19.93444529,21.58687943,23.62458951,46.18365534,28.34391232,28.34391232,8.035587478,0.021303335,1.564241786,17.9,31.61897003,2.107997065,12.13896426,87.86103574,3088.953,65.805,0.138160951,0.0,0.0,20.052806121454044,9.538750365275402e-90,,,extreme_DD_m_y2019_small,-0.015250302,-0.036650302,monthly_compounded,0.13549564517919446,0.6808878798989239,1.2203703754545085,0.7717706261998921,60.0
CCBG,2020,1.0,-0.17817329389082495,-0.17377329389082496,0.70139132,4.570647503,0.862822705,0.660501744,24.33537481,33.05754843,22.87023054,25.39839845,25.39839845,20.28455285,19.30971019,28.76896954,19.93444529,19.93444529,8.242248585,0.035701808,1.203814887,17.3,32.84715,1.291627048,31.32549792,68.67450208,3798.071,135.598,0.456144522,0.0,0.0,24.19195323599412,1.3519071215038488e-129,14.93740241606064,9.408417899905585e-51,converged,-0.241680753,-0.246080753,monthly_compounded,0.11934858230684295,0.595970019779733,0.9298537629956622,1.0952394358398572,60.0
CCBG,2021,1.0,0.0998804488160951,0.1002804488160951,1.304210594,1.523270552,0.755238361,0.635280749,22.22374927,26.56503108,55.18432958,33.73260432,33.73260432,24.33537481,33.05754843,22.87023054,25.39839845,25.39839845,8.357927552,0.020715555,1.126527636,17.15,24.41855,1.555310378,19.98920351,80.01079649,4263.849,88.328,0.249831328,0.0,0.0,31.6860340092186,1.2098988357640163e-220,13.402683694580077,2.9157838891690804e-41,converged,0.160833867,0.160433867,monthly_compounded,0.10800804726211098,0.4147560636747773,0.9038777744016153,1.2902722889211715,60.0
CCBG,2022,1.0,0.244232180234214,0.258432180234214,3.290841583,6.494718696,0.672728227,0.583910596,19.68436486,26.70374176,61.4981378,35.94955973,35.94955973,22.22374927,26.56503108,55.18432958,33.73260432,33.73260432,8.416095355,0.024383174,1.39398369,15.3,23.68359,4.191997814,16.61890771,83.38109229,4519.223,110.193,0.199312665,0.0,0.0,20.90009378451883,2.671995021521112e-97,7.472010008688081,3.948949961230411e-14,converged,0.109928211,0.095728211,monthly_compounded,0.11130352452096687,0.4925617525379202,0.5110227814753664,1.0759042332284015,60.0
CCBG,2023,1.0,-0.12168737715203139,-0.07218737715203138,3.954445683,5.65170331,0.544762046,0.473915147,17.41491575,17.54843959,77.24861668,36.99996443,36.99996443,19.68436486,26.70374176,61.4981378,35.94955973,35.94955973,8.367410923,0.020569979,1.113413849,16.57,19.88837,4.946907975,15.72600071,84.27399929,4304.477,88.543,0.186605606,0.0,0.0,18.776325336208068,5.898356933383867e-79,35.0,1.124910706472406e-268,converged,-0.010208285,-0.059708285,monthly_compounded,0.14227927378955216,0.5489981498024297,0.5486815785345022,0.8458423056886795,60.0
AROW,2017,0.0,-0.11879188096540039,-0.11079188096540038,1.446312422,5.013335612,0.619601145,0.553659664,22.15799615,30.5175293,8.289865019,18.12104594,18.12104594,21.15270351,31.4707733,7.282423208,18.23117591,18.23117591,7.923154423,0.088740846,1.896079487,15.0,30.08052,1.917215905,14.55477282,85.44522718,2760.465,244.966,0.170340384,0.0,0.0,16.317685825759398,3.6941893812899573e-60,,,no_sigma_E,0.1238279,0.1158279,monthly_compounded,0.09850497225052621,0.4596475191975366,0.9919412401686,0.7587078302091386,48.0
AROW,2018,0.0,-0.01862403509658905,-0.0005240350965890483,1.635243053,6.05340398,0.622665674,0.561684289,21.58687943,22.91036508,11.20253165,15.39645247,15.39645247,22.15799615,30.5175293,8.289865019,18.12104594,18.12104594,8.00247132,0.118346544,1.719592234,14.9,29.7094,2.498989189,13.37919468,86.62080532,2988.334,353.659,0.154457057,0.0,0.0,14.809307014345254,6.377424688491391e-50,,,no_sigma_E,-0.14004885,-0.15814885,monthly_compounded,0.11499483027219948,0.4750182140150575,0.980832317602835,0.8840069675440954,60.0
AROW,2019,0.0,0.232506086067047,0.253906086067047,1.285904064,4.732924173,0.594509045,0.522352876,20.28455285,22.51587105,52.38352966,30.02594272,30.02594272,21.58687943,22.91036508,11.20253165,15.39645247,15.39645247,8.065979913,0.074225059,1.878980283,14.8,29.7094,1.725332219,16.42447009,83.57552991,3184.275,236.353,0.196522476,0.0,0.0,16.616343274454913,2.653631194155672e-62,9.217134241437565,1.52573198470498e-20,converged,0.087534827,0.066134827,monthly_compounded,0.12809698190931731,0.5626088551334457,1.007879703154713,0.9299205334570854,60.0
AROW,2020,1.0,-0.1606259615743987,-0.15622596157439872,0.698529107,3.987268628,0.633919553,0.536885399,18.99807322,18.95256987,48.17980469,26.74520435,26.74520435,20.28455285,22.51587105,52.38352966,30.02594272,30.02594272,8.213012021,0.02377654,1.38783661,15.5,29.17827,1.183610401,20.3312656,79.6687344,3688.636,87.703,0.255197547,0.0,0.0,29.129597421391164,7.574755608317731e-187,13.424065775106634,2.185306297400055e-41,converged,-0.175381542,-0.179781542,monthly_compounded,0.0993590985707637,0.465533349772933,1.0498790146029202,0.8245656533769928,60.0
AROW,2021,1.0,0.24930159328198326,0.24970159328198327,1.895743907,1.543761519,0.662189186,0.637723954,17.43215031,17.67301815,44.26701319,24.70194175,24.70194175,18.99807322,18.95256987,48.17980469,26.74520435,26.74520435,8.301013337,0.017420515,1.522470067,15.7,21.27914,2.128484023,4.646882214,95.35311779,4027.952,70.169,0.048733406,0.0,0.0,,,,,low_leverage_td_ta,0.230913245,0.230513245,monthly_compounded,0.07551589280972276,0.24702471130646572,1.0631894073668373,0.7803197002366119,60.0
AROW,2022,1.0,0.009110477828938137,0.023310477828938136,3.464948814,6.812876327,0.670815154,0.644057921,15.8938172,25.42706308,46.86126629,29.48187915,29.48187915,17.43215031,17.67301815,44.26701319,24.70194175,24.70194175,8.286397688,0.020133221,1.587107485,15.1,21.27914,4.313115919,5.012922273,94.98707773,3969.509,79.919,0.052774782,0.0,0.0,22.321960508465704,1.1307637419567865e-110,8.188191470833127,1.3259035721693596e-16,converged,0.073301412,0.059101412,monthly_compounded,0.08878148361681001,0.46308984306808065,0.5614687689632081,0.5805041627255677,60.0
SPFI,2020,1.0,-0.08755183671520243,-0.08315183671520243,2.509946614,4.675426874,0.787221062,0.522019592,18.99807322,30.69133549,71.36816672,40.91544242,40.91544242,20.28455285,20.34699753,41.28409212,24.95438394,24.95438394,8.188455764,0.062106714,0.925682878,19.08,12.21801039,3.050239889,36.6583588,63.3416412,3599.16,223.532,0.578740274,0.0,0.0,14.77890408299251,1.0020021531882718e-49,,,no_sigma_E,-0.264619996,-0.269019996,monthly_compounded,,,,,
SPFI,2021,1.0,0.48644330732397373,0.48684330732397374,2.191955049,1.704863293,0.770699817,0.623982496,20.07635504,33.26871221,58.55616517,37.9622662,37.9622662,18.99807322,30.69133549,71.36816672,40.91544242,40.91544242,8.26920736,0.031310236,1.212272034,18.4,16.33192118,2.379520162,21.93767778,78.06232222,3901.855,122.168,0.281027737,0.0,0.0,17.837641657657368,1.8029850460964392e-71,,,no_sigma_E,0.257558626,0.257158626,monthly_compounded,,,,,
SPFI,2022,1.0,-0.007567703745979379,0.00663229625402062,3.849465926,6.358614693,0.636723433,0.527797768,18.32180562,30.52401943,51.94040968,34.18809145,34.18809145,20.07635504,33.26871221,58.55616517,37.9622662,37.9622662,8.279966689,0.031022324,1.312998183,16.58,20.64255059,4.71303892,20.63875298,79.36124702,3944.063,122.354,0.260060845,0.0,0.0,10.799717592606118,1.7263192862586933e-27,5.18014861053949,1.1085459924277853e-07,converged,0.137747897,0.123547897,monthly_compounded,,,,,
SPFI,2023,1.0,0.02447757453634157,0.07397757453634157,3.450358497,5.533226785,0.57104327,0.469590143,16.18572488,27.80190275,71.87082618,39.9726741,39.9726741,18.32180562,30.52401943,51.94040968,34.18809145,34.18809145,8.343980344,0.026200576,1.167828144,16.74,21.12581057,4.282868486,21.50166153,78.49833847,4204.793,110.168,0.273912314,0.0,0.0,14.422435937071326,1.8695458308912294e-47,24.530460224711813,3.4958229318795703e-133,converged,0.092079267,0.042579267,monthly_compounded,0.13209069672482743,0.5014279496014848,0.6269507947100091,0.6627393811962486,44.0
CCB,2020,1.0,0.2706455373153706,0.2750455373153706,1.427924424,5.488209195,1.573746235,0.78988768,18.99807322,24.40940373,30.2718212,23.00491988,23.00491988,20.28455285,16.78721599,17.48912236,14.62254318,14.62254318,7.476541461,0.108878096,1.79037397,13.61,32.90868,2.234138943,59.66325126,40.33674874,1766.122,192.292,1.479128912,0.0,0.0,14.994881958478866,3.96517787147384e-51,,,no_sigma_E,-0.175990595,-0.180390595,monthly_compounded,,,,,
CCB,2021,1.0,1.4100761906628838,1.4104761906628838,2.040947747,1.565143196,1.250939015,1.182816764,17.43215031,30.13597862,20.89421504,22.46936281,22.46936281,18.99807322,24.40940373,30.2718212,23.00491988,23.00491988,7.876834647,0.020061718,3.238952228,13.88,20.87143,2.250416531,6.784623572,93.21537643,2635.517,52.873,0.072784382,0.0,0.0,25.5727157053387,1.5347557684913363e-144,,,no_sigma_E,0.279165667,0.278765667,monthly_compounded,,,,,
CCB,2022,1.0,-0.07544061639829104,-0.06124061639829104,3.735810183,8.923917728,1.146592815,1.099394927,16.94937276,20.94650563,17.39385475,16.82258985,16.82258985,17.43215031,30.13597862,20.89421504,22.46936281,22.46936281,8.053399679,0.015133566,2.568513826,11.94,20.87143,4.699445772,5.146240385,94.85375961,3144.467,47.587,0.054254469,0.0,0.0,,,,,low_leverage_td_ta,0.018139444,0.003939444,monthly_compounded,0.14988735967991734,0.8840087700921873,0.7318384631645094,1.1112354297392697,42.0
CCB,2023,1.0,-0.11494612779441783,-0.06544612779441783,4.204254242,7.672171456,1.139782071,1.069008866,14.98557002,21.03369871,25.62678878,19.79496913,19.79496913,16.94937276,20.94650563,17.39385475,16.82258985,16.82258985,8.229512452,0.01272905,2.00301614,11.87,20.77182,5.217175653,7.711772028,92.28822797,3750.005,47.734,0.083561817,0.0,0.0,,,,,low_leverage_td_ta,0.076695507,0.027195507,monthly_compounded,0.1791927580198318,0.9454250845392922,0.9117765251652976,0.7650962340485622,54.0
FLIC,2017,0.0,0.010284638921819862,0.018284638921819862,2.130843099,4.763830179,0.763563196,0.492423003,22.15799615,27.95175818,67.3266987,38.10168359,38.10168359,21.15270351,25.90582745,63.24089875,35.61601396,35.61601396,8.267373988,0.180998935,1.98349306,16.54,21.21324,2.61164518,41.13767483,58.86232517,3894.708,704.938,0.698879542,0.0,0.0,12.801175678921814,8.074384306298657e-38,,,no_sigma_E,0.124379182,0.116379182,monthly_compounded,0.12566274933991345,0.5287841887558167,1.4783392069610013,1.0323178819525816,48.0
FLIC,2018,0.0,-0.3048084507182599,-0.2867084507182599,2.718985854,5.076840358,0.681933773,0.342570371,21.58687943,28.11262143,63.97845881,36.9761054,36.9761054,22.15799615,27.95175818,67.3266987,38.10168359,38.10168359,8.352568517,0.177066582,1.306544689,16.48,21.21324,3.567460534,55.70059644,44.29940356,4241.06,750.95,1.257366735,0.0,0.0,11.59636897069698,2.149677457611366e-31,,,no_sigma_E,-0.207002142,-0.225102142,monthly_compounded,0.13477655735438793,0.5354955053365611,1.454166250868892,1.007366704204148,60.0
FLIC,2019,0.0,0.2761076435564719,0.29750764355647186,1.89345986,4.086851096,0.654403808,0.376976533,20.28455285,21.93534376,61.83699459,33.14124856,33.14124856,21.58687943,28.11262143,63.97845881,36.9761054,36.9761054,8.318216017,0.128892688,1.542709403,16.06,20.93854,2.389044124,48.20878067,51.79121933,4097.843,528.182,0.930829227,0.0,0.0,9.869249032495116,2.829332875297509e-23,5.983660365998371,1.0908900843223267e-09,converged,0.008971976,-0.012428024,monthly_compounded,0.1438928670567389,0.577986969144287,1.2173265891594862,1.172375495282466,60.0
CIVB,2018,0.0,-0.21547578004200973,-0.19737578004200973,1.923821056,6.927477519,0.772107269,0.679730242,23.52538211,33.20870928,32.17743726,28.3345416,28.3345416,22.15799615,33.50860488,38.22580645,30.38155834,30.38155834,7.668072203,0.114647627,0.938794589,16.1,26.30892,2.871431764,15.03929231,81.54830475,2138.954,245.226,0.184421888,0.0,0.0,11.887081646059386,6.907489877774051e-33,,,no_sigma_E,-0.235649317,-0.253749317,monthly_compounded,0.09586426378759424,0.4453253875691312,0.49234644098109026,0.7227285719568647,60.0
CIVB,2019,0.0,0.3839269860880997,0.4053269860880997,1.613549011,6.056207733,0.806462713,0.735515285,22.06022092,28.48911375,35.86861934,27.29899959,27.29899959,23.52538211,33.20870928,32.17743726,28.3345416,28.3345416,7.74481101,0.118897693,1.213176205,16.1,26.30892,2.145329682,11.30541744,86.36873704,2309.557,274.601,0.130897103,0.0,0.0,11.266302452147029,9.624228029030674e-30,,,no_sigma_E,0.037782651,0.016382651,monthly_compounded,0.13122604955252945,0.733596689345694,0.630750160168097,0.8459015740840872,60.0
CIVB,2020,1.0,-0.2529037313689106,-0.24850373136891057,1.72642347,4.442500302,0.980705597,0.522746967,21.88863295,25.51978971,32.41216148,24.74243443,24.74243443,22.06022092,28.48911375,35.86861934,27.29899959,27.29899959,7.926191684,0.06621529,0.79601866,16.0,26.30892,2.48587526,54.31349448,45.68650552,2768.862,183.341,1.188830134,0.0,0.0,13.601562239377284,1.9598518341284018e-42,7.827788209276755,2.4826372174957316e-15,converged,-0.230800881,-0.235200881,monthly_compounded,0.11579010590168137,0.7002534298970302,0.8182523328850811,0.8596920738993861,60.0
CIVB,2021,1.0,0.4245525066371349,0.4249525066371349,1.713469056,1.55269066,0.921157064,0.817776769,20.07635504,19.44333939,31.69409953,21.43453765,21.43453765,21.88863295,25.51978971,32.41216148,24.74243443,24.74243443,8.010660009,0.067785078,1.027224531,19.2,15.73395,1.802154446,13.04502181,86.95497819,3012.905,204.23,0.150020414,0.0,0.0,16.273672787626502,7.588731404480068e-60,8.356537621319804,3.229292113360076e-17,converged,0.224098371,0.223698371,monthly_compounded,0.11345538318845372,0.49820656173421446,1.2099831779462706,1.1104336345374672,60.0
CIVB,2022,1.0,-0.08948414380944637,-0.07528414380944637,4.041805087,6.703041709,0.789972696,0.59217184,18.32180562,20.14736324,36.7886406,23.58663312,23.58663312,20.07635504,19.44333939,31.69409953,21.43453765,21.43453765,8.199586476,0.176771733,1.033877672,14.5,14.75306,4.674561638,28.15232829,71.84767171,3639.445,643.351,0.39183355,0.0,0.0,9.446687059458228,1.7486222575386728e-21,3.777839000019626,7.909754456101215e-05,converged,0.079173522,0.064973522,monthly_compounded,0.12266685812471462,0.6506860917454396,0.571161597332312,1.0046119859824862,60.0
CIVB,2023,1.0,-0.18088118927199404,-0.13138118927199405,4.803494314,6.412210033,0.830291351,0.592557216,16.18572488,16.09087745,60.90345354,30.22804648,30.22804648,18.32180562,20.14736324,36.7886406,23.58663312,23.58663312,8.258789753,0.117623629,0.778016297,14.4,14.75306,5.613510999,32.00207372,67.99792628,3861.418,454.194,0.470633083,0.0,0.0,9.236432118057454,1.2742680423831806e-20,12.45126459374066,6.88233703819182e-36,converged,0.026688992,-0.022811008,monthly_compounded,0.15143011502001086,0.6468146812134026,0.7343127004869074,0.7816627352720673,60.0
SFST,2018,0.0,-0.2406454546300132,-0.22254545463001318,1.559103076,7.521728552,0.803677721,0.780224661,21.58687943,23.97526727,57.73817455,32.67747541,32.67747541,22.15799615,27.02445503,34.22900938,25.72657307,25.72657307,7.549932271,0.03335922,1.376814357,12.49,34.55053,2.782613015,4.391087425,95.60891257,1900.614,63.403,0.045927595,0.0,0.0,19.78060955161922,2.1868576760365604e-87,,,no_sigma_E,-0.274140127,-0.292240127,monthly_compounded,0.09625866970265812,0.6625671970837084,0.007759097149973441,0.5343652022417604,60.0
SFST,2019,0.0,0.303514250159337,0.32491425015933695,1.128570069,6.637593757,0.926329024,0.859315115,20.28455285,20.18786822,53.60607025,29.31136793,29.31136793,21.58687943,23.97526727,57.73817455,32.67747541,32.67747541,7.726298664,0.064348236,1.583659226,13.73,34.55053,1.703334892,10.64674262,89.35325738,2267.195,145.89,0.11915338,0.0,0.0,15.410459438454884,6.960926380432177e-54,,,no_sigma_E,0.015384341,-0.006015659,monthly_compounded,0.11922059994191987,0.7975273303535036,0.145964454631753,0.6667807091783975,60.0
SFST,2020,1.0,-0.17243953859260644,-0.16803953859260645,1.286776529,6.428072701,1.060886195,0.942140748,24.72489026,29.84106512,56.9359935,36.12278761,36.12278761,20.28455285,20.18786822,53.60607025,29.31136793,29.31136793,7.817056441,0.024570337,1.203564885,13.31,34.55053,2.179465388,16.14767986,83.85232014,2482.587,60.998,0.192572845,0.0,0.0,19.161694858801447,3.8657113111795766e-82,10.261565573077696,5.249528344318923e-25,converged,-0.166569054,-0.170969054,monthly_compounded,0.11825277778885326,0.8652120839187235,0.3168617735807164,0.8303876962333903,60.0
SFST,2021,1.0,0.7673510607801652,0.7677510607801652,1.710670368,1.556102324,0.930210561,0.872875374,25.81739207,35.71362152,24.37160426,27.69520862,27.69520862,24.72489026,29.84106512,56.9359935,36.12278761,36.12278761,7.981237093,0.012341619,1.782233347,14.36,23.05302,2.034478151,7.865055477,92.13494452,2925.548,36.106,0.085364522,0.0,0.0,,,,,low_leverage_td_ta,0.157595875,0.157195875,monthly_compounded,0.11746568355616213,0.6335722997400385,0.9990208297861974,1.0386766956447655,60.0
SFST,2022,1.0,-0.28208286128703397,-0.267882861287034,3.26157389,7.484227473,0.863518017,0.79691275,25.84508103,31.02509674,34.73688195,29.34604282,29.34604282,25.81739207,35.71362152,24.37160426,27.69520862,27.69520862,8.213918449,0.057208853,1.244449492,12.45,23.05302,4.215925034,9.797693747,90.20230625,3691.981,211.214,0.108619105,0.0,0.0,20.191253636841093,5.843066192033474e-91,6.872570987578538,3.1527492039052386e-12,converged,0.019452825,0.005252825,monthly_compounded,0.12706609525862447,0.628547151330285,0.9583204779463214,0.9689915568607586,60.0
SFST,2023,1.0,-0.23857103823848236,-0.18907103823848237,3.655907254,6.577508497,0.855435219,0.758124346,22.90914385,38.88492861,33.43874033,32.60247635,32.60247635,25.84508103,31.02509674,34.73688195,29.34604282,29.34604282,8.307900522,0.07675991,0.960330853,12.28,23.05302,4.784563216,14.29644853,85.70355147,4055.789,311.322,0.16681279,0.0,0.0,16.165430528373598,4.420903348660619e-59,14.20738613896353,4.122290874425953e-46,converged,-0.029951673,-0.079451673,monthly_compounded,0.15894459289750396,0.6852492829578298,1.0960554722504305,0.7124693568613898,60.0
BHB,2017,0.0,-0.12855113688270337,-0.12055113688270336,1.667090536,5.715397779,0.777567838,0.690811662,22.15799615,39.66854724,63.34134065,42.47848207,42.47848207,21.15270351,27.22938214,51.90557452,32.19178037,32.19178037,8.178970944,0.232728802,1.176156821,13.73,28.25284,2.154519248,14.89647678,85.10352322,3565.184,829.721,0.175039484,0.0,0.0,,,,,extreme_DD_a_y2017_small,0.142513681,0.134513681,monthly_compounded,0.11943480625814583,0.8259814870170636,0.2631969007996496,0.875765692445848,48.0
BHB,2018,0.0,-0.16406457970095278,-0.14596457970095278,2.885476792,7.396805531,0.839373328,0.743061748,21.58687943,33.78781017,75.47523873,43.92983979,43.92983979,22.15799615,39.66854724,63.34134065,42.47848207,42.47848207,8.19104385,0.200581573,0.939570468,14.23,28.25284,4.259374773,15.30121951,84.69878049,3608.487,723.796,0.180654543,0.0,0.0,9.820209480838988,4.6075926067677746e-23,,,no_sigma_E,-0.201305899,-0.219405899,monthly_compounded,0.12676139951829352,0.6334853589347534,0.7783821811887701,0.9452635522207761,60.0
BHB,2019,0.0,0.15031760394932578,0.17171760394932578,1.482577074,6.676804502,1.007396834,0.871561255,21.29806636,31.99290535,77.10920089,43.77373932,43.77373932,21.58687943,33.78781017,75.47523873,43.92983979,43.92983979,8.207709311,0.144807159,0.996503458,13.61,28.25284,2.012095277,17.84595724,82.15404276,3669.128,531.316,0.217225551,0.0,0.0,7.606144833494679,1.4119640875340248e-14,5.316175342157713,5.2985518814492576e-08,converged,0.047418064,0.026018064,monthly_compounded,0.14120649982033143,0.7802583489876488,0.8887253809051046,0.8674420181736706,60.0
BHB,2020,1.0,-0.07690261801219127,-0.07250261801219127,1.585563787,4.626764763,0.89034974,0.588898341,28.80592618,56.38963868,81.98772604,58.89717298,58.89717298,21.29806636,31.99290535,77.10920089,43.77373932,43.77373932,8.222627481,0.090225077,0.827756502,13.56,28.23778,2.378708533,41.63360269,58.36639731,3724.275,336.023,0.713314589,0.0,0.0,13.449897628316686,1.5414941061706791e-41,7.897546213091097,1.4222377926223429e-15,converged,-0.208082509,-0.212482509,monthly_compounded,0.1359480790185505,0.8355269002795972,1.0427880631830146,0.9624712212100538,60.0
BHB,2021,1.0,0.323213114725688,0.323613114725688,1.571238549,1.552434742,0.877017842,0.759150991,28.52218556,51.61722315,87.37619824,58.65453912,58.65453912,28.80592618,56.38963868,81.98772604,58.89717298,58.89717298,8.218580396,0.048129627,1.023202918,14.32,20.18439,1.743508997,16.28472378,83.71527622,3709.233,178.524,0.194525116,0.0,0.0,19.868668771502193,3.799573802757245e-88,9.568021604990967,5.448543696350434e-22,converged,0.214591907,0.214191907,monthly_compounded,0.0939499746466495,0.433695271549427,1.4620817327881384,0.6596270960265169,60.0
BHB,2022,1.0,0.13310305632138508,0.14730305632138507,3.646073414,7.128647903,0.825482426,0.71154787,30.1593517,51.94007351,84.02705407,58.06625289,58.06625289,28.52218556,51.61722315,87.37619824,58.65453912,58.65453912,8.271242268,0.100835259,1.228235668,13.5,19.18442,4.433292607,16.5367938,83.4632062,3909.803,394.246,0.198132741,0.0,0.0,13.131237102476312,1.0903236380907796e-39,4.794736342537809,8.144446128728278e-07,converged,0.075820572,0.061620572,monthly_compounded,0.1178521048581548,0.5882421677211062,1.0762221170852426,0.7758751954072538,60.0
BHB,2023,1.0,-0.09398887107937072,-0.04448887107937072,4.255998165,6.335741122,0.763659205,0.659601987,28.25113014,51.88047291,74.54573226,54.61602944,54.61602944,30.1593517,51.94007351,84.02705407,58.06625289,58.06625289,8.286744271,0.083483908,1.031002169,14.24,19.18442,5.219693541,16.33247757,83.66752243,3970.885,331.505,0.195206899,0.0,0.0,12.430938101951888,8.876928276800422e-36,15.2983608775047,3.9203262089095843e-53,converged,0.045026499,-0.004473501,monthly_compounded,0.1526098712794903,0.6928663156027379,0.6890993705683028,0.7403982279787203,60.0
FSBC,2022,1.0,-0.08596193191649483,-0.07176193191649483,5.170667998,6.73897331,0.691765945,0.575865955,40.79097445,25.04698316,65.15935711,37.34742168,37.34742168,42.64553224,27.47165779,67.38881562,39.21157808,39.21157808,8.079357463,0.053795304,1.857688378,12.46,3.52011,5.286133173,17.25999732,82.74000268,3227.159,173.606,0.20860523,0.0,0.0,18.801831205952872,3.647682896083511e-79,,,no_sigma_E,0.08534267,0.07114267,monthly_compounded,,,,,
FSBC,2023,1.0,-0.05554840280823016,-0.006048402808230158,4.502045766,6.46746143,0.829303145,0.693859044,36.44674746,21.8740279,66.64858331,36.14353445,36.14353445,40.79097445,25.04698316,65.15935711,37.34742168,37.34742168,8.186777576,0.067837607,1.580927488,12.3,8.325200791,4.977941597,17.55507875,82.44492125,3593.125,243.749,0.212930991,0.0,0.0,17.051861629133235,1.692878790633168e-65,,,no_sigma_E,-0.074561534,-0.124061534,monthly_compounded,,,,,
WTBA,2017,0.0,0.04172751076371318,0.04972751076371318,1.872170016,6.825230435,0.974167982,0.901678591,22.15799615,32.84275939,55.48501487,36.26461401,36.26461401,21.15270351,31.76728393,35.69254835,28.60589024,28.60589024,7.656515485,0.056875382,2.289886191,11.76,30.15295,2.4240134,10.32192938,89.67807062,2114.377,120.256,0.115099815,0.0,0.0,19.53738463915425,2.6410127409552954e-85,,,no_sigma_E,0.199678878,0.191678878,monthly_compounded,0.12703827500675655,0.7619354497732321,1.5296942779517926,0.5832632174143465,48.0
WTBA,2018,0.0,-0.2334793326386604,-0.21537933263866038,1.702181823,6.557275695,0.718399489,0.643121711,21.58687943,31.53896837,43.5631801,31.32607315,31.32607315,22.15799615,32.84275939,55.48501487,36.26461401,36.26461401,7.739171114,0.089406453,1.628500131,11.5,30.23419,2.704185337,14.3671713,85.6328287,2296.568,205.328,0.167776442,0.0,0.0,16.399775155831353,9.59735702228871e-61,,,no_sigma_E,-0.21535547,-0.23345547,monthly_compounded,0.13980887957632593,0.746836302823894,1.6108783596576177,0.6373913061517884,60.0
WTBA,2019,0.0,0.3731955577176008,0.3945955577176008,1.318441624,5.47727091,0.706308933,0.646779408,20.28455285,36.13026734,57.30977396,38.55213123,38.55213123,21.58687943,31.53896837,43.5631801,31.32607315,31.32607315,7.813466646,0.091114048,1.98193298,11.4,30.15295,1.778511358,11.64310017,88.35689983,2473.691,225.388,0.131773525,0.0,0.0,9.735831356992524,1.0603818836949357e-22,5.491776658619021,1.9895519559658412e-08,converged,0.086245564,0.064845564,monthly_compounded,0.12884678057690757,0.609249753470343,1.3441283734137335,0.6976336684690044,60.0
WTBA,2020,1.0,-0.2163445307746216,-0.2119445307746216,1.521410638,6.22957878,1.00563715,0.897478512,18.99807322,29.57815257,67.85361925,39.0980666,39.0980666,20.28455285,36.13026734,57.30977396,38.55213123,38.55213123,8.066441136,0.0698063,1.420939,11.45,30.15295,2.244779568,14.71504246,85.28495754,3185.744,222.385,0.172539717,0.0,0.0,14.629920710379244,9.049897617649776e-49,7.066996294480984,7.916158904680387e-13,converged,-0.054525054,-0.058925054,monthly_compounded,0.09770269532672292,0.5254172471962587,1.324194683672978,0.5389338087789668,60.0
WTBA,2021,1.0,0.6645556352082045,0.6649556352082044,1.405442085,1.527703564,0.96150888,0.856023861,21.31944896,36.40155206,63.64327654,41.52652038,41.52652038,18.99807322,29.57815257,67.85361925,39.0980666,39.0980666,8.160575674,0.057101292,1.975811535,10.89,20.94923,1.607491369,13.48605497,86.51394503,3500.201,199.866,0.155883019,0.0,0.0,23.14708198898495,7.777684904348313e-119,17.732115988347225,1.1847316891683164e-70,converged,0.155706435,0.155306435,monthly_compounded,0.10504303830039811,0.6148082951714754,1.0590741792938747,0.7551558509011188,60.0
WTBA,2022,1.0,-0.15862220888822398,-0.144422208888224,3.635529592,6.376524074,0.913274077,0.5173181,21.43199519,27.8927097,61.216946,36.68971755,36.68971755,21.31944896,36.40155206,63.64327654,41.52652038,41.52652038,8.192354067,0.134466008,2.013919399,12.08,20.94923,4.62732455,49.19319382,50.80680618,3613.218,485.855,0.968240232,0.0,0.0,26.55449347186002,1.1394856376989996e-155,9.053556547342952,6.919295781469133e-20,converged,-0.04410058,-0.05830058,monthly_compounded,0.11966532270118374,0.7227694499439437,0.7791048892499192,0.6947157387347918,60.0
WTBA,2023,1.0,-0.1727770645141945,-0.12327706451419451,3.69943247,5.727238282,0.963149614,0.452106263,19.58276213,26.35578359,75.871971,41.18498449,41.18498449,21.43199519,27.8927097,61.216946,36.68971755,36.68971755,8.249511897,0.15490708,1.575574414,11.88,20.94923,4.65833582,58.84634688,41.15365312,3825.758,592.637,1.42991794,0.0,0.0,19.318341404730237,1.8827812472462605e-83,8.916539801178953,2.405419549832807e-19,converged,0.041265194,-0.008234806,monthly_compounded,0.15103278893740202,0.7890016517330343,0.6439439357773405,0.536092618202574,60.0
RBB,2018,0.0,-0.36795524107790056,-0.34985524107790056,1.525892857,6.879803823,0.748021073,0.694150078,21.58687943,24.45463412,58.78858539,33.29338926,33.29338926,22.15799615,29.12308847,72.27064745,40.46248496,40.46248496,7.9976638,0.145498893,0.938196035,21.71,40.790275,2.98888205,11.5882667,88.4117333,2974.002,432.714,0.131071593,0.0,0.0,10.754700936686216,2.8158199556674752e-27,,,no_sigma_E,-0.275773335,-0.293873335,monthly_compounded,,,,,
RBB,2019,0.0,0.20798066095673726,0.22938066095673726,1.239236312,5.798081956,0.869135978,0.740668738,20.28455285,24.60223308,68.59704977,36.89764553,36.89764553,21.58687943,24.45463412,58.78858539,33.29338926,33.29338926,7.933271647,0.040781988,1.040634691,23.82,39.54008797,1.964804456,22.29270064,77.70729936,2788.535,113.722,0.286880394,0.0,0.0,15.695571825177314,8.10873385361753e-56,,,no_sigma_E,0.066039184,0.044639184,monthly_compounded,,,,,
RBB,2020,1.0,-0.26179757269566445,-0.25739757269566443,1.161218509,4.973045586,0.940380211,0.710389198,18.99807322,34.97065676,63.47226417,40.19546086,40.19546086,20.28455285,24.60223308,68.59704977,36.89764553,36.89764553,8.116737117,0.08019947,0.702410426,20.77,38.86133668,2.035915654,34.62085635,65.37914365,3350.072,268.674,0.529539765,0.0,0.0,9.875102979689512,2.668905242771804e-23,5.699901390943677,5.9938374530099805e-09,converged,-0.127736621,-0.132136621,monthly_compounded,,,,,
RBB,2021,1.0,0.7437524690006005,0.7441524690006005,1.431260082,1.607760654,0.918540606,0.7241572,23.32221139,33.52004489,58.78236596,38.63576281,38.63576281,18.99807322,34.97065676,63.47226417,40.19546086,40.19546086,8.349530231,0.079823442,1.092420138,23.15,30.07972521,1.848692066,27.7406789,72.2593211,4228.194,337.509,0.383904505,0.0,0.0,14.9007668112201,1.629093037641148e-50,10.869664962700815,8.039510361304012e-28,converged,0.191877681,0.191477681,monthly_compounded,0.10165041403465686,0.4787247887926715,1.337636565156317,0.8109840073499052,42.0
RBB,2022,1.0,-0.19901747097557854,-0.18481747097557855,2.933788665,6.62827935,0.853683282,0.639371289,21.43199519,36.8538246,70.18156425,44.34235776,44.34235776,23.32221139,33.52004489,58.78236596,38.63576281,38.63576281,8.273606598,0.104184475,0.816189423,24.27,29.60261091,4.180900938,32.255855,67.744145,3919.058,408.305,0.476142329,0.0,0.0,14.863658319793544,2.8370119129567136e-50,5.968006406059996,1.20084971075951e-09,converged,-0.013959045,-0.028159045,monthly_compounded,0.12448301124898581,0.586458532139044,1.028096359764175,0.9579224567425894,54.0
RBB,2023,1.0,-0.09360747404906934,-0.04410747404906934,3.091645874,6.048367559,0.989240476,0.639049571,18.87639465,32.32732642,83.22839153,46.69346421,46.69346421,21.43199519,36.8538246,70.18156425,44.34235776,44.34235776,8.300534816,0.070562155,0.693128102,25.92,29.57797,4.378841825,43.76168727,56.23831273,4026.025,284.085,0.77814723,0.0,0.0,14.77650977978682,1.0382566753695437e-49,9.987012102629414,8.686990263537835e-24,converged,0.014183516,-0.035316484,monthly_compounded,0.16085475859948045,0.6564318666090961,1.157567493040304,0.7848925315774729,60.0
FGBI,2018,0.0,-0.06511373301731194,-0.04701373301731193,2.537898423,5.845096821,0.577216544,0.491428739,21.58687943,45.87171545,13.44103931,27.59114502,27.59114502,22.15799615,49.92465954,11.71013498,28.97827973,28.97827973,7.505058187,0.019006048,1.387896726,12.97,33.35277,4.043706304,20.75621321,79.24378679,1817.211,34.538,0.261928588,0.0,0.0,,,,,low_leverage_td_ta,-0.19827399,-0.21637399,monthly_compounded,0.09765238517570637,0.6464632436454123,-0.36949950366946,0.7764844362876144,55.0
FGBI,2019,0.0,0.042577726440091584,0.06397772644009159,2.02386658,4.677021879,0.527682096,0.474767985,20.28455285,45.53657751,19.75061021,29.69636212,29.69636212,21.58687943,45.87171545,13.44103931,27.59114502,27.59114502,7.657857297,0.040972201,1.277244624,12.61,32.85475,3.086538895,14.23577049,85.76422951,2117.216,86.747,0.165987272,0.0,0.0,17.07766579039969,1.0882671617105984e-65,,,no_sigma_E,-0.056664273,-0.078064273,monthly_compounded,0.07613418701739116,0.3886724852820586,0.05756129276247461,0.4973457542520814,60.0
FGBI,2020,1.0,-0.1512241311477647,-0.1468241311477647,1.314394361,3.483193709,0.541176619,0.393395003,18.99807322,36.38031554,16.95056881,24.14684128,24.14684128,20.28455285,45.53657751,19.75061021,29.69636212,29.69636212,7.813218808,0.047159855,0.969266403,12.22,32.43432,2.283379117,35.73215237,64.26784763,2473.078,116.63,0.555988005,0.0,0.0,29.95472081059901,1.9095680151685465e-197,15.94635758502058,1.510025551878499e-57,converged,-0.355366291,-0.359766291,monthly_compounded,0.0935393115696267,0.42648195555524665,0.2553563161594868,1.138748154700509,60.0
FGBI,2021,1.0,0.30384310781342555,0.30424310781342556,1.805429771,1.723764843,0.422887197,0.355149914,17.43215031,34.7625528,30.55443257,28.24182192,28.24182192,18.99807322,36.38031554,16.95056881,24.14684128,24.14684128,7.964892582,0.017245633,1.144511649,11.22,20.43701,2.098168805,17.01581839,70.98194285,2878.12,49.635,0.239720381,0.0,0.0,,,,,low_leverage_td_ta,0.191688096,0.191288096,monthly_compounded,0.0809403742387718,0.12791287613169486,0.6524855146815244,1.3349388334059245,60.0
FGBI,2022,1.0,0.16790732899858685,0.18210732899858684,3.85945513,5.981940032,0.507935244,0.417142209,15.8938172,30.73843624,23.58752328,23.73777275,23.73777275,17.43215031,34.7625528,30.55443257,28.24182192,28.24182192,8.055585259,0.058187499,1.244516083,11.16,20.43701,4.679389037,19.33928794,70.69410182,3151.347,183.369,0.273562963,0.0,0.0,12.032839313004365,1.1940224707743569e-33,3.76029727763026,8.485577905718468e-05,converged,0.19293448,0.17873448,monthly_compounded,0.08305020298524629,0.1679198240653437,0.2909601721182919,1.152056148447004,60.0
FBIZ,2018,0.0,-0.11473628224681509,-0.09663628224681509,2.107457086,7.131644198,0.807402373,0.724309922,21.58687943,19.70278958,45.55605824,26.1727646,26.1727646,22.15799615,15.42270733,61.7209087,29.86918996,29.86918996,7.583988725,0.1571237,0.948522829,11.85,32.398379,3.412501435,14.50794163,85.49205837,1966.457,308.977,0.16969929,0.0,0.0,10.43580034655557,8.508679754024134e-26,,,no_sigma_E,-0.233295589,-0.251395589,monthly_compounded,0.13734468557831808,0.7701759972802764,1.1753932961408355,0.7389169190536042,60.0
FBIZ,2019,0.0,0.36366821015823236,0.38506821015823234,2.460436788,6.325631846,0.869711811,0.762358704,20.28455285,28.26220715,65.15800686,37.47493721,37.47493721,21.58687943,19.70278958,45.55605824,26.1727646,26.1727646,7.648157637,0.157111932,1.1616635,12.01,14.9769263,2.851204564,14.20890654,85.79109346,2096.779,329.429,0.165622164,0.0,0.0,9.69687716865953,1.5543387136550694e-22,,,no_sigma_E,0.042259666,0.020859666,monthly_compounded,0.1344234921303505,0.7223059354239599,1.055584769611284,0.7430042882588981,60.0
FBIZ,2020,1.0,-0.2786428389757288,-0.27424283897572876,1.701640319,5.586966529,1.078843147,0.746309862,18.99807322,58.9098543,60.87336254,51.13369824,51.13369824,20.28455285,28.26220715,65.15800686,37.47493721,37.47493721,7.850819189,0.167155859,0.76501845,11.25,15.24643474,2.227326683,34.4573546,65.5426454,2567.837,429.229,0.525724197,0.0,0.0,9.138426122948172,3.1683900484021596e-20,5.932563920537366,1.4912010933768543e-09,converged,-0.283934915,-0.288334915,monthly_compounded,0.11540100535249749,0.7382142340207413,0.8726308059558253,0.7504826496256518,60.0
FBIZ,2021,1.0,0.6275001140687728,0.6279001140687728,2.649509365,1.692058568,0.937102496,0.797707872,43.64390868,57.38757813,71.85661284,56.04373291,56.04373291,18.99807322,58.9098543,60.87336254,51.13369824,51.13369824,7.883410545,0.155877048,1.06146209,10.82,7.65266,2.62635835,15.91159978,84.08840022,2652.905,413.527,0.18922467,0.0,0.0,9.862512215128596,3.025798630630068e-23,5.3857878013912615,3.6064009464415576e-08,converged,0.266549595,0.266149595,monthly_compounded,0.11756424249349232,0.6125608054960642,1.0979522133236084,1.0355747311844519,60.0
FBIZ,2022,1.0,0.26738004474431687,0.28158004474431686,4.667776797,6.940075791,0.763998025,0.668734883,40.71150775,56.55641169,73.98608573,56.34954005,56.34954005,43.64390868,57.38757813,71.85661284,56.04373291,56.04373291,7.998540684,0.153465804,1.229184255,11.26,8.676471792,5.00361611,12.99886788,83.33305146,2976.611,456.808,0.155986942,0.0,0.0,8.907477669499757,2.6103357454280877e-19,3.2114631077477864,0.0006603046287535,converged,0.117958032,0.103758032,monthly_compounded,0.13026544764221631,0.6387693527411613,0.6361374217225167,1.175978470478599,60.0
FBIZ,2023,1.0,0.0793512476339334,0.1288512476339334,4.559759803,6.438590734,0.802670106,0.679867109,36.66332749,49.75362203,71.07406655,51.76789666,51.76789666,40.71150775,56.55641169,73.98608573,56.34954005,56.34954005,8.162757453,0.094335954,1.201107357,11.19,8.738069303,4.955522837,15.88492052,80.25826413,3507.846,330.916,0.197922553,0.0,0.0,9.602210351902324,3.912404416522401e-22,13.336585656234742,7.090354903255098e-41,converged,0.046417632,-0.003082368,monthly_compounded,0.16434486052871333,0.6255249870422291,0.5571283603408235,1.2104896310590993,60.0
FRBA,2018,0.0,-0.13517045127186034,-0.11707045127186033,1.711780048,5.468790121,0.481459658,0.452554279,21.58687943,23.63745842,20.42971352,19.07887624,19.07887624,22.15799615,26.83620551,30.77442233,24.38954997,24.38954997,7.444926198,0.067326882,1.161765786,13.12,32.5968,2.865676705,8.655822694,91.34417731,1711.159,115.207,0.09476053,0.0,0.0,15.427561418425883,5.341555751036583e-54,,,no_sigma_E,-0.24060401,-0.25870401,monthly_compounded,0.12843450406981835,0.5838896762781356,0.3069212312795598,1.304016389857108,50.0
FRBA,2019,0.0,-0.09967933759076777,-0.07827933759076777,1.70793353,3.972396385,0.391295327,0.361044801,20.28455285,11.11455087,25.19049135,14.58139412,14.58139412,21.58687943,23.63745842,20.42971352,19.07887624,19.07887624,7.606679242,0.063352965,0.99856554,12.77,27.53911,2.354807917,10.36449707,89.63550293,2011.587,127.44,0.115629374,0.0,0.0,13.488742893944671,9.109017730380258e-42,,,no_sigma_E,0.001805931,-0.019594069,monthly_compounded,0.1222637038499228,0.5163125961865479,0.46444589031623024,1.1396694159861707,60.0
FRBA,2020,1.0,-0.1428264945599617,-0.1384264945599617,1.449358216,5.561023308,0.907981257,0.774600579,18.99807322,11.77841362,36.44618947,18.96272136,18.96272136,20.28455285,11.11455087,25.19049135,14.58139412,14.58139412,7.760582112,0.081253649,0.776354033,12.9,28.95044,2.365948217,19.50777154,80.49222846,2346.27,190.643,0.242355963,0.0,0.0,13.885952747805735,3.85343653037239e-44,8.447982011168133,1.48190516569518e-17,converged,-0.287776331,-0.292176331,monthly_compounded,0.08431945131733976,0.3303800273497437,0.5945437637704667,0.9506278880032188,60.0
FRBA,2021,1.0,0.5640978708121627,0.5644978708121626,1.537747622,1.550603887,0.905094923,0.84105444,17.43215031,12.81663052,33.92626817,18.57050528,18.57050528,18.99807322,11.77841362,36.44618947,18.96272136,18.96272136,7.833498792,0.04949036,1.059542655,12.97,28.86817,1.880725585,9.669437854,90.33056215,2523.744,124.901,0.107045031,0.0,0.0,18.138121587889792,7.969312734089696e-74,8.256851744585475,7.478250462002208e-17,converged,0.221357081,0.220957081,monthly_compounded,0.11309792253421844,0.5138082757575034,0.705266407298902,1.3092798550029892,60.0
BMRC,2017,0.0,-0.01650488238260061,-0.00850488238260061,1.545370691,6.24680313,0.770158287,0.763619462,24.17324669,48.94157876,70.89338824,50.08683891,50.08683891,23.24383959,46.69594949,73.61916951,49.96521557,49.96521557,7.811225782,0.00232522,1.584596771,14.91,36.58443,2.213597204,1.332299379,98.66770062,2468.154,5.739,0.013502893,0.0,0.0,,,,,low_leverage_td_ta,0.143517489,0.135517489,monthly_compounded,0.11685500795331387,0.6126425687222857,0.7952163248642262,0.9827525410431436,48.0
BMRC,2018,0.0,0.21435747520349646,0.23245747520349647,1.537155598,6.2584816,0.573525101,0.56991499,23.52538211,43.21106858,70.46968688,47.08092167,47.08092167,24.17324669,48.94157876,70.89338824,50.08683891,50.08683891,7.832368086,0.003824043,1.804451601,14.93,36.25868,2.709990266,0.983999465,99.01600053,2520.892,9.64,0.009937782,0.0,0.0,,,,,low_leverage_td_ta,-0.192118413,-0.210218413,monthly_compounded,0.12966024848605173,0.6671394515273674,0.6557574728843596,1.005199043750206,60.0
BMRC,2019,0.0,0.09172263948114509,0.11312263948114509,1.377314248,5.008363472,0.54210727,0.540310292,22.06022092,41.1487342,67.637695,45.01503857,45.01503857,23.52538211,43.21106858,70.46968688,47.08092167,47.08092167,7.90369972,0.001078573,1.816110462,15.07,36.25868,2.07144247,0.519060678,99.48093932,2707.28,2.92,0.00521769,0.0,0.0,,,,,low_leverage_td_ta,0.057246619,0.035846619,monthly_compounded,0.12548318931654662,0.5496946536249339,0.6591293698998464,1.0581473055975659,60.0
BMRC,2020,1.0,-0.22140381370027531,-0.21700381370027533,1.250677,5.942827105,0.846659479,0.842633306,20.85479836,35.41537054,70.09262056,43.06673561,43.06673561,22.06022092,41.1487342,67.637695,45.01503857,45.01503857,7.976569997,0.000973582,1.29407306,16.03,34.19793,2.191206957,0.720895093,99.27910491,2911.926,2.835,0.007261297,0.0,0.0,,,,,low_leverage_td_ta,-0.192570769,-0.196970769,monthly_compounded,0.09813197618579389,0.45913142981655675,0.5904600817736064,1.0247699438802813,60.0
BMRC,2021,1.0,0.11217304540801427,0.11257304540801427,1.793018694,1.515703803,0.755582651,0.755174387,19.0205481,33.68672278,61.27923766,38.99786934,38.99786934,20.85479836,35.41537054,70.09262056,43.06673561,43.06673561,8.369669273,9.71e-05,1.316802519,14.58,25.48846,2.119108198,0.072502878,99.92749712,4314.209,0.419,0.000725555,0.0,0.0,,,,,debt_too_low,0.214193838,0.213793838,monthly_compounded,0.09878465117663321,0.538417065430106,0.4892315081050731,1.0263701829420273,60.0
BMRC,2022,1.0,-0.10532524223428442,-0.09112524223428442,3.109318282,7.342040552,0.756933801,0.756505229,17.26625006,27.70510615,68.45344507,38.58260321,38.58260321,19.0205481,33.68672278,61.27923766,38.99786934,38.99786934,8.330252342,0.027110302,1.278932999,15.9,25.48846,4.082487277,0.075972818,99.92402718,4147.464,112.439,0.000760306,0.0,0.0,19.916227322282868,1.4717527699475636e-88,7.245019061896991,2.1618919524749337e-13,converged,0.067445382,0.053245382,monthly_compounded,0.09993315660241467,0.5718785410517924,0.4650348288282773,0.6747624026913972,60.0
BMRC,2023,1.0,-0.3444996057412969,-0.2949996057412969,3.711237617,6.969067138,0.882376764,0.881629953,15.2370401,27.97942848,54.95802328,33.83550721,33.83550721,17.26625006,27.70510615,68.45344507,38.58260321,38.58260321,8.243782924,0.006913426,0.810382712,16.89,25.48846,4.906584909,0.113555364,99.88644464,3803.903,26.298,0.001136845,0.0,0.0,,,,,low_leverage_td_ta,0.055328468,0.005828468,monthly_compounded,0.1402565315279281,0.6567749529171951,0.48971686805626646,0.6147403135000267,60.0
FRST,2017,0.0,-0.007814788068551286,0.0001852119314487144,1.826870345,4.116001891,0.393925413,0.351594092,24.17324669,36.50075429,26.61747884,27.97686259,27.97686259,23.24383959,30.32653896,45.80204778,31.83182412,31.83182412,7.868733294,0.155970044,1.188768981,13.8,33.06938,2.533124379,15.24599075,84.75400925,2614.252,407.745,0.179885186,0.0,0.0,11.38771436990664,2.4072665517697932e-30,,,no_sigma_E,0.155077611,0.147077611,monthly_compounded,0.046890985950720394,0.37659547052568876,0.052170072916645036,0.15114630458094494,48.0
FRST,2018,0.0,-0.17718927365701442,-0.15908927365701442,1.912531256,6.173632353,0.648396675,0.573761282,23.52538211,25.96798046,25.73728625,22.42468574,22.42468574,24.17324669,36.50075429,26.61747884,27.97686259,27.97686259,7.901486567,0.088377611,0.912948361,14.92,33.40749,3.151198753,16.34170021,83.65829979,2701.295,238.734,0.19533866,0.0,0.0,13.615143711074056,1.6275240766723998e-42,,,no_sigma_E,-0.222250619,-0.240350619,monthly_compounded,0.05990344842717847,0.35827648738488554,0.1745353490039666,0.19786728061249587,60.0
FRST,2019,0.0,0.24481587067013785,0.26621587067013786,1.37140318,6.327868503,0.912909751,0.809918986,22.06022092,25.76659565,12.76769606,17.63229823,17.63229823,23.52538211,25.96798046,25.73728625,22.42468574,22.42468574,7.909184635,0.070240286,1.048051725,15.29,33.40749,2.029697736,16.03378,83.96622,2722.17,191.206,0.190955125,0.0,0.0,9.521467434846558,8.537531064837428e-22,6.217365163767732,2.5278613614999334e-10,converged,0.023552939,0.002152939,monthly_compounded,0.08752788957273154,0.5860816590656573,0.48280075225875996,0.17768357524745795,60.0
FRST,2020,1.0,-0.23565677243280517,-0.23125677243280518,1.628106162,3.945430304,1.00577215,0.426616641,20.85479836,33.38469776,11.61985302,21.00932559,21.00932559,22.06022092,25.76659565,12.76769606,17.63229823,17.63229823,8.035496828,0.074916963,0.7556033,17.09,30.88413139,2.43207606,66.26377196,33.73622804,3088.673,231.394,1.964172517,0.0,0.0,12.835503145222663,5.186344711177496e-38,8.4285022474689,1.7505872445153688e-17,converged,-0.156639718,-0.161039718,monthly_compounded,0.10145077662222882,0.7853124778067955,0.7667843159348692,0.3800820350842109,60.0
FRST,2021,1.0,0.27591337076312733,0.27631337076312734,1.729213788,1.644591785,1.021967718,0.824682817,19.0205481,34.08947455,24.31922278,25.89202886,25.89202886,20.85479836,33.38469776,11.61985302,21.00932559,21.00932559,8.133172304,0.060192284,0.901383209,18.73,21.97215552,2.066412431,23.46486853,76.53513147,3405.586,204.99,0.306589511,0.0,0.0,20.510239405435502,8.72168569671345e-94,12.536145002863591,2.367366159565688e-36,converged,0.15265762,0.15225762,monthly_compounded,0.10717496963351691,0.5892184678644553,1.1445829018817062,0.8151548113281154,60.0
FRST,2022,1.0,-0.20279485256538943,-0.18859485256538944,3.632808034,6.750046651,0.789874053,0.619816055,17.26625006,34.43445701,36.36606102,30.38823832,30.38823832,19.0205481,34.08947455,24.31922278,25.89202886,25.89202886,8.179385984,0.119651585,0.751884858,14.33,21.96275942,4.624357796,26.01288092,73.98711908,3566.664,426.757,0.351586617,0.0,0.0,13.906971303717514,2.8730797948912466e-44,5.839651426313599,2.6155076180316695e-09,converged,0.032555417,0.018355417,monthly_compounded,0.12681313397641958,0.7603155142899782,1.0097867340979414,0.6804066531440838,60.0
FRST,2023,1.0,0.06598857902792808,0.11548857902792808,3.775021081,6.052738672,0.791689494,0.571421294,15.2370401,31.33921767,28.76077564,26.08324857,26.08324857,17.26625006,34.43445701,36.36606102,30.38823832,30.38823832,8.257527243,0.038643906,0.831068499,13.44,21.9457,4.838793821,33.05905268,66.94094732,3856.546,149.032,0.493853971,0.0,0.0,20.26305704393177,1.3625314252447898e-91,19.902836896740205,1.9226806236182133e-88,converged,-0.002786881,-0.052286881,monthly_compounded,0.15210046518140738,0.6163416371120666,1.1495312814881853,0.6615079230662712,60.0
BSRR,2018,0.0,-0.09245939418822346,-0.07435939418822346,1.570530567,7.202815317,0.802416801,0.744424432,21.58687943,19.56444881,61.98201199,32.01749093,32.01749093,22.15799615,26.66887261,63.58156028,36.11712252,36.11712252,7.833006545,0.042507796,1.346658366,14.89,32.94252,2.652257267,10.40810622,89.59189378,2522.502,107.226,0.11617241,0.0,0.0,18.440014479257652,3.1362222385147077e-76,,,no_sigma_E,-0.232170914,-0.250270914,monthly_compounded,0.14370633680028055,0.6279995722463441,0.8836131120540157,1.3047518494091799,60.0
BSRR,2019,0.0,0.22438596059135416,0.24578596059135416,1.334113771,6.556115532,0.929752725,0.845840099,20.28455285,21.14853775,63.00222859,33.17047701,33.17047701,21.58687943,19.56444881,61.98201199,32.01749093,32.01749093,7.860886586,0.031095462,1.43907964,15.48,32.94252,1.898673049,12.88759341,87.11240659,2593.819,80.656,0.147942112,0.0,0.0,18.893566045388138,6.442047859581927e-80,,,no_sigma_E,0.069922842,0.048522842,monthly_compounded,0.15565406569843382,0.759878046001423,0.8700390723611138,1.2558267482056809,60.0
BCBP,2018,0.0,-0.2669790044443707,-0.24887900444437072,1.676644676,5.844790989,0.576865953,0.524260326,21.58687943,32.89985547,71.94981124,42.22026036,42.22026036,22.15799615,28.09817446,58.80233356,35.10553462,35.10553462,7.891604094,0.105572112,0.921621824,12.01,39.93828,3.0318904,14.31502522,85.68497478,2674.731,282.377,0.167065757,0.0,0.0,12.201679201896962,1.522396622516785e-34,,,no_sigma_E,-0.168478601,-0.186578601,monthly_compounded,0.06080927910162428,0.40974547284744567,0.1963359805210047,0.10796112222699586,60.0
BCBP,2019,0.0,0.35563382516630704,0.377033825166307,1.227069119,5.92031936,0.818864123,0.741287539,20.28455285,22.92548168,65.4897591,34.94735219,34.94735219,21.58687943,32.89985547,71.94981124,42.22026036,42.22026036,7.975037878,0.097201414,1.126365929,13.84,39.81596,1.955839266,14.81279418,85.18720582,2907.468,282.61,0.173885198,0.0,0.0,12.30834366228911,4.0841154292599826e-35,,,no_sigma_E,0.058654386,0.037254386,monthly_compounded,0.08123142244807327,0.5862279608987251,0.24193865605325757,0.14289104487348353,60.0
MCBS,2020,1.0,-0.1561705149509697,-0.15177051495096971,1.649646617,10.22473592,1.562768935,1.561217741,20.85479836,22.62215779,37.0150005,24.81335887,24.81335887,22.06022092,31.04991687,39.67420142,29.93916748,29.93916748,7.548286712,0.058225897,1.512175103,20.86,31.577105,2.463801025,0.145000954,99.85499905,1897.489,110.483,0.001452115,0.0,0.0,17.401500458904998,4.018491958554497e-68,,,no_sigma_E,-0.036209876,-0.040609876,monthly_compounded,,,,,
MCBS,2021,1.0,0.9568504230073576,0.9572504230073575,1.555330176,1.515640073,0.424496367,0.424223226,19.0205481,20.50149145,42.16190201,25.57575377,25.57575377,20.85479836,22.62215779,37.0150005,24.81335887,24.81335887,8.041141872,0.161118333,2.415583696,17.77,26.53283,1.942471975,0.087562725,99.91243727,3106.158,500.459,0.000876395,0.0,0.0,13.858291571138686,5.666991541416939e-44,,,no_sigma_E,0.128363386,0.127963386,monthly_compounded,0.036845066375243235,-0.14286597614987817,0.6164821618455125,0.8463408321659793,42.0
MCBS,2022,1.0,-0.20665626269644333,-0.19245626269644334,2.974109173,6.258213903,0.523270258,0.52296349,15.8938172,27.46877441,40.44785847,28.20507651,28.20507651,19.0205481,20.50149145,42.16190201,25.57575377,25.57575377,8.13951026,0.1095319,1.558065502,16.68,26.1906,4.044017026,0.079411076,99.92058892,3427.239,375.392,0.000794742,0.0,0.0,24.082989552499836,1.8842651733890856e-128,13.053872197990566,3.019891441720713e-39,converged,-0.010764078,-0.024964078,monthly_compounded,0.04570211593759559,0.07397891055447066,0.094685019396969,0.550826699283072,54.0
MCBS,2023,1.0,0.10412779532143444,0.15362779532143445,0.085633653,5.886991304,0.574247252,0.574247252,14.03688525,32.10670902,38.28944858,29.70912916,29.70912916,15.8938172,27.46877441,40.44785847,28.20507651,28.20507651,8.161324494,0.092782307,1.586918156,17.6,26.1906,0.0,0.0,100.0,3502.823,325.0,0.0,0.0,0.0,31.84901702973725,6.791041925170295e-223,16.65533751693714,1.3838917238801038e-62,converged,0.085633653,0.036133653,monthly_compounded,0.09396122444431323,0.40414597481365955,0.10669376943260417,0.2023666903814471,60.0
CWBC,2018,0.0,,,2.050463764,4.28713418,0.25725667,0.254022796,21.58687943,26.74976666,16.52120808,19.21551918,19.21551918,22.15799615,36.00921389,17.96957218,24.32961608,24.32961608,7.338131512,0.009854757,1.181207572,16.44,26.43008243,3.127857416,1.700980267,98.29901973,1537.836,15.155,0.017304143,0.0,0.0,,,,,low_leverage_td_ta,-0.255036479,-0.273136479,unavailable,,,,,
CWBC,2019,0.0,,,1.692995859,4.215159038,0.414447486,0.402597121,20.28455285,25.23027094,24.19293219,21.22366998,21.22366998,21.58687943,26.74976666,16.52120808,19.21551918,19.21551918,7.375728724,0.003228423,1.23985508,15.79,21.54100309,2.163909829,3.615958653,96.38404135,1596.755,5.155,0.037516155,0.0,0.0,,,,,low_leverage_td_ta,-0.004965643,-0.026365643,unavailable,,,,,
CWBC,2020,1.0,,,1.722061225,5.703452589,0.820101039,0.800407552,18.99807322,26.73356966,36.88815061,26.53958477,26.53958477,20.28455285,25.23027094,24.19293219,21.22366998,21.22366998,7.602948365,0.002572232,0.760227232,15.58,26.27314,2.455102226,3.229452581,96.77054742,2004.096,5.155,0.033372267,0.0,0.0,,,,,low_leverage_td_ta,-0.090945602,-0.095345602,unavailable,,,,,
CWBC,2021,1.0,,,1.621242184,1.526668998,0.752854468,0.741914149,17.43215031,44.06489377,33.45750313,33.90088844,33.90088844,18.99807322,26.73356966,36.88815061,26.53958477,26.53958477,7.803900037,0.01610276,0.998643674,15.8,26.27314,2.096791898,1.960875412,98.03912459,2450.139,39.454,0.020000948,0.0,0.0,,,,,low_leverage_td_ta,0.076850295,0.076450295,unavailable,,,,,
CWBC,2022,1.0,,,3.033263917,6.493980709,0.747134766,0.597761241,17.26625006,43.52957444,42.04189944,36.92338305,36.92338305,17.43215031,44.06489377,33.45750313,33.90088844,33.90088844,7.792563187,0.047718511,1.423070327,14.92,25.36224,4.08940287,25.08248859,74.91751141,2422.519,115.599,0.334801412,0.0,0.0,41.38571862723701,0.0,16.310193397907756,4.17639335562048e-60,converged,-0.025327566,-0.039527566,unavailable,,,,,
HBCP,2018,0.0,-0.1851764967707632,-0.1670764967707632,-0.191038521,4.629992817,0.308647706,0.308647706,21.58687943,13.74770207,8.828558739,9.997141373,9.997141373,22.15799615,14.50586248,9.371997255,10.5688268,10.5688268,7.674923071,0.029826927,1.101336568,15.59,33.87235,0.0,0.0,100.0,2153.658,64.237,0.0,0.0,0.0,19.25150261972618,6.856371011196408e-83,,,no_sigma_E,-0.191038521,-0.209138521,monthly_compounded,0.07448898405178142,-0.0065985801553060195,0.8706737535035515,0.928164224472184,60.0
HBCP,2019,0.0,0.11126030062878009,0.1326603006287801,1.172583513,4.032503016,0.375199581,0.371459767,20.28455285,12.60859825,4.842406877,7.99713121,7.99713121,21.58687943,13.74770207,8.828558739,9.997141373,9.997141373,7.696423981,0.02097693,1.146282072,15.28,33.33196,1.735048408,1.487684902,98.5123151,2200.465,46.159,0.015101512,0.0,0.0,19.99072724913421,3.3161066018392424e-89,,,no_sigma_E,0.016100267,-0.005299733,monthly_compounded,0.09929981854034531,0.25282769003454075,0.9508245352188194,0.8873323619055091,60.0
HBCP,2020,1.0,-0.26653924009155955,-0.26213924009155953,1.383858192,5.315261743,0.749836258,0.736976756,18.99807322,11.93783931,9.303332327,9.270367936,9.270367936,20.28455285,12.60859825,4.842406877,7.99713121,7.99713121,7.860127185,0.013258097,0.760110585,15.18,31.86771136,2.268803168,2.497094161,97.50290584,2591.85,34.363,0.025610459,0.0,0.0,,,,,low_leverage_td_ta,-0.166076415,-0.170476415,monthly_compounded,0.08544176337753448,0.250908991552596,0.9580849694790305,0.9615302138657377,60.0
HBCP,2021,1.0,0.5193563156897205,0.5197563156897205,1.851774201,1.525207644,0.730831567,0.72122882,17.43215031,24.74672682,15.80710367,17.96493382,17.96493382,18.99807322,11.93783931,9.303332327,9.270367936,9.270367936,7.985567403,0.010749618,1.00582237,15.85,19.61243,2.125447351,1.629293322,98.37070668,2938.244,31.585,0.01656279,0.0,0.0,,,,,low_leverage_td_ta,0.145550163,0.145150163,monthly_compounded,0.09341171894848824,0.34376311924956315,0.93161670605145,1.0732992453772952,60.0
HBCP,2022,1.0,-0.026781986423583322,-0.012581986423583325,3.590296556,6.608958923,0.685933587,0.597306739,15.8938172,23.86045164,32.40316574,23.51925902,23.51925902,17.43215031,24.74672682,15.80710367,17.96493382,17.96493382,8.079704767,0.07303115,1.005267227,13.63,19.5536,4.407658256,15.57210237,84.42789763,3228.28,235.765,0.184442617,0.0,0.0,18.171395905947364,4.347883528558758e-74,6.7787639048089146,6.060420524425516e-12,converged,0.052700786,0.038500786,monthly_compounded,0.10814721018759199,0.4675555906365074,0.7119365788611132,0.9560658606016889,60.0
HBCP,2023,1.0,0.030324163263334966,0.07982416326333497,4.264959048,6.073731913,0.677749644,0.572445914,14.03688525,18.87958052,19.66609426,16.44406587,16.44406587,15.8938172,23.86045164,32.40316574,23.51925902,23.51925902,8.107756808,0.076049314,0.932739097,14.23,19.5536,5.29739544,18.61095406,81.38904594,3320.122,252.493,0.228666571,0.0,0.0,16.5434072140172,8.931348457740207e-62,22.946450174428932,7.993878304138481e-117,converged,0.004171473,-0.045328527,monthly_compounded,0.1362341044984481,0.5456288100312493,0.8912059977340825,0.5489360418860901,60.0
FMAO,2018,0.0,-0.06196564581513819,-0.04386564581513819,1.624431304,5.660609111,0.508485385,0.484754816,21.58687943,25.22676865,58.05129913,33.41094494,33.41094494,22.15799615,7.892535093,77.40219629,31.77948807,31.77948807,7.01765219,0.02883181,2.493284927,13.45,28.53289,2.381579979,6.410707603,93.5892924,1116.163,32.181,0.068498302,0.0,0.0,23.50251625838509,1.9220605604024245e-122,,,no_sigma_E,-0.08293158,-0.10103158,monthly_compounded,,,,,
FMAO,2019,0.0,-0.22090515819782244,-0.19950515819782244,1.267518236,4.384477954,0.47641749,0.446226148,20.28455285,26.71216982,65.04616364,36.66585514,36.66585514,21.58687943,25.22676865,58.05129913,33.41094494,33.41094494,7.382329696,0.045341654,1.457722804,12.3,28.52941,1.60881656,8.648043947,91.35195605,1607.33,72.879,0.09466731,0.0,0.0,17.818258906589264,2.5499629968567305e-71,,,no_sigma_E,0.128828712,0.107428712,monthly_compounded,,,,,
FMAO,2020,1.0,-0.2182153966106332,-0.2138153966106332,0.701142777,2.574220891,0.309882595,0.282312827,18.99807322,20.42935525,74.80821504,37.06391762,37.06391762,20.28455285,26.71216982,65.04616364,36.66585514,36.66585514,7.554619749,0.02518926,1.033258451,12.64,26.97224,1.091981904,11.79523449,88.20476551,1909.544,48.1,0.133725592,0.0,0.0,25.84782364616727,1.287057891992102e-147,15.522162323850512,1.2281608542992572e-54,converged,-0.109185878,-0.113585878,monthly_compounded,,,,,
FMAO,2021,1.0,0.4680651131550994,0.4684651131550994,1.51893862,1.54860459,0.364877655,0.303325839,17.43215031,18.72359395,71.83270767,35.14667736,35.14667736,18.99807322,20.42935525,74.80821504,37.06391762,37.06391762,7.877890049,0.0484418,1.442970245,15.22,20.27692,1.679583036,20.28918678,79.71081322,2638.3,127.804,0.254534936,0.0,0.0,25.30955793913906,1.2535266247397364e-141,11.447754073635286,1.2065846729069796e-30,converged,0.225720056,0.225320056,monthly_compounded,0.04473151591731955,0.1667952434620893,-0.1700880728301384,0.7951712253821328,44.0
FMAO,2022,1.0,-0.16384766054524724,-0.14964766054524725,3.527682436,5.377927246,0.390307772,0.322110269,15.8938172,17.52822281,72.46834264,34.78260187,34.78260187,17.43215031,18.72359395,71.83270767,35.14667736,35.14667736,8.01147152,0.075041678,1.240614845,12.07,20.27692,4.380439375,20.98425179,79.01574821,3015.351,226.277,0.2655705,0.0,0.0,17.927425719783052,3.6019392100500316e-72,6.557633097585424,2.733425567325535e-11,converged,0.044878711,0.030678711,monthly_compounded,0.05435167192573746,0.2669088955375187,-0.3151269162248475,0.5689510838591645,56.0
EXSR,2021,,0.08223891458936224,0.08263891458936223,,,,,,,,,,,,,,,,,,,,,,,,,,,,,,,,debt_too_low,,,monthly_compounded,0.06319042935298845,0.37735013489784847,0.2618903693393669,0.612635862245799,60.0
BWFG,2018,0.0,-0.1690285547428011,-0.1509285547428011,1.803709613,5.08391239,0.415951832,0.388568598,21.58687943,30.97273639,9.02633903,18.6119593,18.6119593,22.15799615,36.02208448,13.21602286,22.62472213,22.62472213,7.535651685,0.098819693,1.292518774,12.86,31.06091618,2.930975482,9.274313717,90.72568628,1873.665,185.155,0.102223682,0.0,0.0,14.005791519740235,7.183503743083585e-45,,,no_sigma_E,-0.239048102,-0.257148102,monthly_compounded,0.12073551860170395,0.5867780996147004,0.2520422203320171,1.1432356060964555,60.0
BWFG,2019,0.0,0.0018818908267795587,0.02328189082677956,1.838994096,4.082327627,0.410934478,0.377553972,20.28455285,29.95958643,64.65359272,38.13524825,38.13524825,21.58687943,30.97273639,9.02633903,18.6119593,18.6119593,7.540187021,0.093087172,1.244188657,13.72,24.32950171,2.459112612,10.46156746,89.53843254,1882.182,175.207,0.11683885,0.0,0.0,12.589694729547343,1.2030102269863954e-36,,,no_sigma_E,-0.024379108,-0.045779108,monthly_compounded,0.10979337031063208,0.36753678383644783,0.456350762743593,1.1420830633755346,60.0
BWFG,2020,1.0,-0.3046811430493827,-0.3002811430493827,1.781947673,5.048932756,0.780467337,0.666211949,18.99807322,20.04058031,37.53046747,23.45109613,23.45109613,20.28455285,29.95958643,64.65359272,38.13524825,38.13524825,7.720349443,0.088855581,0.876671187,13.35,24.3344197,2.724598752,18.47750634,81.52249366,2253.747,200.258,0.226655313,0.0,0.0,15.588377522753229,4.3661661573503374e-55,8.618070496414042,3.4045878613058114e-18,converged,-0.34301672,-0.34741672,monthly_compounded,0.08012237822870427,0.33186115916791614,0.5188663642709409,0.8847262214695543,60.0
BWFG,2021,1.0,0.718694683203257,0.719094683203257,1.870650279,1.551642837,0.831441324,0.789446211,17.43215031,20.2388475,50.9802961,28.39137496,28.39137496,18.99807322,20.04058031,37.53046747,23.45109613,23.45109613,7.806396775,0.034377819,1.268675565,12.0,20.84137772,2.092953973,6.296969847,93.70303015,2456.264,84.441,0.067201347,0.0,0.0,20.214916084561416,3.6184135828992704e-91,8.147506530624172,1.857524166727945e-16,converged,0.228270898,0.227870898,monthly_compounded,0.10866063134517062,0.299681459711765,1.072577279422278,1.4517652837708677,60.0
BWFG,2022,1.0,-0.09608676779900395,-0.08188676779900395,3.827032422,6.533928971,0.704321023,0.566959325,17.26625006,19.90128586,56.83547399,30.52943876,30.52943876,17.43215031,20.2388475,50.9802961,28.39137496,28.39137496,8.08716353,0.048873633,0.954063092,11.07,21.05696495,4.688426852,23.48317721,76.51682279,3252.449,158.959,0.306902147,0.0,0.0,11.38524179018005,2.4765334770970418e-30,3.6293838323982386,0.0001420492724456,converged,0.164468367,0.150268367,monthly_compounded,0.12928680247600052,0.4998332551777722,0.7594327292081379,1.367313044824767,60.0
BWFG,2023,1.0,0.007730979527591816,0.05723097952759182,3.910737972,6.176431077,0.784588863,0.608758505,15.2370401,16.99565667,56.90925788,29.10967298,29.10967298,17.26625006,19.90128586,56.83547399,30.52943876,30.52943876,8.075732548,0.049512017,0.895185552,12.72,20.59977,4.937106301,26.67386063,73.32613937,3215.482,159.205,0.363770149,0.0,0.0,9.968181824959514,1.0501924983805136e-23,34.23516579627232,3.62566262814628e-257,converged,-0.012731868,-0.062231868,monthly_compounded,0.16266230161797876,0.5393439395512246,0.9054317450258351,1.1757969801373318,60.0
FCBC,2019,0.0,-0.007138929034557956,0.014261070965442046,0.845308819,5.213001653,0.577687123,0.576257425,20.28455285,30.14818412,14.66518094,20.23296446,20.23296446,21.58687943,29.63436988,8.801909838,17.867335,17.867335,7.936962826,0.000572021,1.329358682,15.21,32.5911,1.251233216,0.366703312,99.63329669,2798.847,1.601,0.00368053,0.0,0.0,,,,,low_leverage_td_ta,0.001873141,-0.019526859,monthly_compounded,0.13591588710746028,0.47626111461238113,1.6517444924856797,0.9796229366199576,60.0
FCBC,2020,1.0,-0.2763976560142219,-0.2719976560142219,0.110808157,4.247138602,0.559326921,0.558186912,18.99807322,42.05810782,9.957716702,24.44559949,24.44559949,20.28455285,30.14818412,14.66518094,20.23296446,20.23296446,8.010072695,0.000320145,0.896238139,15.53,31.68342,0.480378963,0.298061457,99.70193854,3011.136,0.964,0.002989525,0.0,0.0,,,,,debt_too_low,-0.218020156,-0.222420156,monthly_compounded,0.10679343275510184,0.35924606777973234,1.624125800265685,0.9371344140724988,60.0
FCBC,2021,1.0,0.6038686360799601,0.6042686360799601,0.696154996,1.513602602,0.495831911,0.495054984,17.43215031,32.72453677,17.1200308,22.39458133,22.39458133,18.99807322,42.05810782,9.957716702,24.44559949,24.44559949,8.069191808,0.000480824,1.31861402,15.65,23.16387,0.699208783,0.203833481,99.79616652,3194.519,1.536,0.002042498,0.0,0.0,,,,,low_leverage_td_ta,0.1592346,0.1588346,monthly_compounded,0.074815188392716,0.09877507499283707,1.405981085215447,0.8930153874279976,60.0
FCBC,2022,1.0,0.037612975385959306,0.0518129753859593,3.363772395,6.284258438,0.530146405,0.528632042,17.26625006,33.038407,15.98789572,22.35965801,22.35965801,17.43215031,32.72453677,17.1200308,22.39458133,22.39458133,8.050566893,0.000597658,1.303461085,14.62,23.08802,4.235542739,0.371080312,99.62891969,3135.572,1.874,0.003724624,0.0,0.0,,,,,low_leverage_td_ta,0.106527915,0.092327915,monthly_compounded,0.09075490790421945,0.21293096002271847,0.7840910535031422,1.0125231376908583,60.0
FCBC,2023,1.0,0.08812185579857933,0.13762185579857933,3.266896963,5.793422614,0.548508022,0.547717956,15.2370401,29.48904641,15.6220187,20.42331605,20.42331605,17.26625006,33.038407,15.98789572,22.35965801,22.35965801,8.092100211,0.000342354,1.36389246,15.94,22.43297,4.18939529,0.185618936,99.81438106,3268.545,1.119,0.001859641,0.0,0.0,,,,,low_leverage_td_ta,0.017339647,-0.032160353,monthly_compounded,0.12800324767908697,0.3835870785720327,0.8359922934882593,0.6992233295909225,60.0
CBNK,2020,1.0,-0.06887280048920934,-0.06447280048920934,1.102641866,5.665651569,0.877731256,0.810279252,18.99807322,25.30722212,36.97875768,25.86473493,25.86473493,20.28455285,26.57072155,29.84505996,23.92329947,23.92329947,7.537213178,0.019192228,1.202595295,13.4,38.48625,2.04840603,11.91973359,88.08026641,1876.593,36.016,0.135328083,0.0,0.0,,,,,low_leverage_td_ta,-0.178711424,-0.183111424,monthly_compounded,,,,,
CBNK,2021,1.0,0.8879505742030114,0.8883505742030113,1.514828753,1.528815805,0.967851807,0.943208093,17.43215031,25.51192986,50.68075902,30.89899046,30.89899046,18.99807322,25.30722212,36.97875768,25.86473493,25.86473493,7.628177102,0.016572763,1.848446718,13.79,28.06919,1.901850616,3.505003738,96.49499626,2055.3,34.062,0.036323166,0.0,0.0,,,,,low_leverage_td_ta,0.152144883,0.151744883,monthly_compounded,,,,,
CBNK,2022,1.0,-0.1073501474483355,-0.0931501474483355,3.294985693,6.297499856,0.546843365,0.532293324,15.8938172,22.32307711,41.89864947,26.15576006,26.15576006,17.43215031,25.51192986,50.68075902,30.89899046,30.89899046,7.66089394,0.056064662,1.485739949,14.21,26.50767,4.364709479,3.58600785,96.41399215,2123.655,119.062,0.037193853,0.0,0.0,14.771474838834935,1.118811494166071e-49,8.049830126721648,4.14545155391572e-16,converged,0.090504498,0.076304498,monthly_compounded,0.07167559147398482,0.22096508540940699,0.327674547939355,0.7633580158359524,40.0
FNLC,2018,0.0,-0.01614511983095612,0.001954880169043882,-0.144923573,6.854896849,0.662863034,0.662863034,21.58687943,25.31041655,70.75616256,38.02618513,38.02618513,22.15799615,26.87455264,75.3042782,40.43931826,40.43931826,7.572796152,0.108156045,1.491514766,15.19,24.72519,0.0,0.0,100.0,1944.57,210.317,0.0,0.0,0.0,14.19715720893304,4.770238725395332e-46,,,no_sigma_E,-0.144923573,-0.163023573,monthly_compounded,0.11993615419976736,0.39860567149731513,1.342542590112173,0.9795471753168495,60.0
FNLC,2019,0.0,0.18040520971186988,0.20180520971186988,0.030976097,5.675130103,0.65578422,0.65578422,20.28455285,23.83016126,64.67473204,35.10266352,35.10266352,21.58687943,25.31041655,70.75616256,38.02618513,38.02618513,7.634722075,0.089402242,1.550450422,15.27,24.72519,0.0,0.0,100.0,2068.796,184.955,0.0,0.0,0.0,14.31765668092928,8.487554032402817e-47,,,no_sigma_E,0.030976097,0.009576097,monthly_compounded,0.142096265193356,0.5719585670693179,1.1068713781741943,1.194015255136045,60.0
FNLC,2020,1.0,-0.11995737907350083,-0.11555737907350083,-0.230141066,4.366069083,0.577401088,0.577401088,18.99807322,22.14388071,66.68378133,34.98952611,34.98952611,20.28455285,23.83016126,64.67473204,35.10266352,35.10266352,7.76694049,0.11097493,1.243205263,14.82,24.72519,0.0,0.0,100.0,2361.236,262.038,0.0,0.0,0.0,20.077338823948907,5.8234646005675855e-90,11.333190924495945,4.4934944879754706e-30,converged,-0.230141066,-0.234541066,monthly_compounded,0.12188995945949027,0.5282232972651614,0.9900272182154154,1.259467915219749,60.0
FNLC,2021,1.0,0.29213494635567433,0.29253494635567434,0.201670386,1.515266,0.529606677,0.529606677,17.43215031,20.60250835,62.73654827,32.80400152,32.80400152,18.99807322,22.14388071,66.68378133,34.98952611,34.98952611,7.834827284,0.053951982,1.405867616,14.27,15.87907,0.0,0.0,100.0,2527.099,136.342,0.0,0.0,0.0,22.90829261782977,1.9205304477905912e-116,9.469449040567923,1.4066179873374954e-21,converged,0.201670386,0.201270386,monthly_compounded,0.08139799342380019,0.1871316119076012,0.8767302392515244,1.123900481507362,60.0
FNLC,2022,1.0,-0.01844888862318495,-0.004248888623184954,0.116101885,6.257118997,0.522655234,0.522655234,17.26625006,22.12329152,72.41089298,37.2387044,37.2387044,17.43215031,20.60250835,62.73654827,32.80400152,32.80400152,7.915413154,0.037778852,1.444559388,13.58,15.87907,0.0,0.0,100.0,2739.178,103.483,0.0,0.0,0.0,17.76713248017115,6.3509942438687835e-71,6.07531884877034,6.18707998440821e-10,converged,0.116101885,0.101901885,monthly_compounded,0.09008932816894988,0.3159246274503986,0.2758634217804874,1.0344133343182258,60.0
FNLC,2023,1.0,-0.05531563950641728,-0.0058156395064172806,0.055676513,5.760885143,0.538415185,0.538415185,18.32471056,28.64871722,76.36546852,42.31877925,42.31877925,17.26625006,22.12329152,72.41089298,37.2387044,37.2387044,7.9884405,0.023637305,1.288417216,13.66,15.87907,0.0,0.0,100.0,2946.698,69.652,0.0,0.0,0.0,18.036471138381827,5.038866379750992e-73,34.91486791105792,2.2112307987791732e-267,converged,0.055676513,0.006176513,monthly_compounded,0.12110922507758451,0.47780467336263827,0.03132496965941544,0.7316063412610019,60.0
RRBI,2020,,-0.11563847338330906,-0.11123847338330906,,,,,,,,,,,,,,,,,,,,,,,,,,,,,,,,debt_too_low,,,monthly_compounded,,,,,
RRBI,2021,,0.0849112343960123,0.08531123439601229,,,,,,,,,,,,,,,,,,,,,,,,,,,,,,,,debt_too_low,,,monthly_compounded,,,,,
RRBI,2022,,-0.05458538932535562,-0.040385389325355625,,,,,,,,,,,,,,,,,,,,,,,,,,,,,,,,debt_too_low,,,monthly_compounded,,,,,
RRBI,2023,,0.056405623934780866,0.10590562393478087,,,,,,,,,,,,,,,,,,,,,,,,,,,,,,,,debt_too_low,,,monthly_compounded,0.1276005515188787,0.4833740517159872,0.7402903209710151,0.5391827045503587,44.0
MVBF,2018,0.0,-0.11519320496168839,-0.09709320496168838,1.972951342,5.878154697,0.577315131,0.51722471,21.58687943,0.90082361,16.83433267,6.507168271,6.507168271,22.15799615,1.254996746,18.53008465,7.29330886,7.29330886,7.467924628,0.141256641,1.2394744,13.8,29.88994252,3.140459385,13.76800241,83.08550758,1750.969,247.336,0.165708832,0.0,0.0,12.050365526670708,9.654587344543088e-34,,,no_sigma_E,-0.275410892,-0.293510892,monthly_compounded,0.08962690280802393,0.5010849718444116,0.10044685910823346,0.6514477176651279,59.0
MVBF,2019,0.0,0.37483636290712063,0.3962363629071206,1.319724801,3.076124999,0.195282395,0.18741202,20.28455285,27.72293561,28.11100499,23.87053786,23.87053786,21.58687943,0.90082361,16.83433267,6.507168271,6.507168271,7.572561625,0.121999533,1.454783833,12.8,28.12200045,1.835929754,5.360283286,91.7457004,1944.114,237.181,0.058425444,0.0,0.0,11.727854777216931,4.5877330231690847e-32,,,no_sigma_E,0.000103788,-0.021296212,monthly_compounded,0.07128406430441014,0.30629182583886577,0.015246253369288311,0.5648166437898423,60.0
MVBF,2020,1.0,-0.07398764375326387,-0.06958764375326387,0.728392423,6.605340353,1.022915019,0.972339169,20.85479836,25.13101477,41.1205074,27.53573441,27.53573441,20.28455285,27.72293561,28.11100499,23.87053786,23.87053786,7.754256822,0.023096528,1.126072566,15.8,30.41416,1.228503524,6.715191057,89.83670902,2331.476,53.849,0.074748854,0.0,0.0,20.046115545098864,1.0911715188971965e-89,11.270703023974743,9.155101076960905e-30,converged,-0.14077995,-0.14517995,monthly_compounded,0.05912457995363529,0.3584968738489642,-0.18986711350455504,0.6728895714358939,60.0
MVBF,2021,1.0,0.8543128971084555,0.8547128971084554,1.619348313,1.584085975,0.888749385,0.789108807,19.0205481,24.71642175,71.44190971,38.20716197,38.20716197,20.85479836,25.13101477,41.1205074,27.53573441,27.53573441,7.934674268,0.030265548,1.829380027,16.7,24.1332,1.997577799,14.26877273,85.73122727,2792.449,84.515,0.166436119,0.0,0.0,28.76908821925738,2.6138489433887276e-182,23.17280291520613,4.2821579536917675e-119,converged,0.121134343,0.120734343,monthly_compounded,0.10384482881964302,0.7731850679428651,0.10282522758110196,0.8670498178133755,60.0
GNTY,2018,0.0,-0.026457618065489626,-0.008357618065489625,2.182336954,3.907075457,0.200905343,0.191803669,21.58687943,33.46287022,31.91983122,28.08872287,28.08872287,22.15799615,28.13303548,32.17227179,25.53600345,25.53600345,7.726199417,0.061833196,1.442320406,13.25,28.26105,3.20917422,6.204293087,93.79570691,2266.97,140.174,0.066146877,0.0,0.0,16.870626062101774,3.70039069188615e-64,,,no_sigma_E,-0.127821346,-0.145921346,monthly_compounded,,,,,
GNTY,2019,0.0,0.1067255363820859,0.1281255363820859,1.379811317,3.555723028,0.30423664,0.290935527,22.06022092,37.36204606,24.44550568,27.58765309,27.58765309,21.58687943,33.46287022,31.91983122,28.08872287,28.08872287,7.74865155,0.033224007,1.451649367,13.29,28.85302,1.92464975,6.037920443,93.96207956,2318.444,77.028,0.064259119,0.0,0.0,19.14906977402623,4.926553091967297e-82,,,no_sigma_E,0.011154653,-0.010245347,monthly_compounded,,,,,
GNTY,2020,1.0,-0.0638397730249413,-0.0594397730249413,1.170657524,3.498466218,0.48474632,0.430538833,20.85479836,41.97970055,28.75364945,31.4406137,31.4406137,22.06022092,37.36204606,24.44550568,27.58765309,27.58765309,7.916016803,0.057114774,1.201263335,13.2,28.00546,1.693550201,14.8851357,85.1148643,2740.832,156.542,0.174882916,0.0,0.0,31.32702732039823,1.0000384894092596e-215,16.695157000752165,7.107239471709095e-63,converged,-0.057106539,-0.061506539,monthly_compounded,,,,,
GNTY,2021,1.0,0.4110707058484763,0.41147070584847634,1.598136645,1.542963928,0.485546618,0.456217785,19.0205481,38.52916746,35.7156608,32.19683423,32.19683423,20.85479836,41.97970055,28.75364945,31.4406137,31.4406137,8.034653716,0.028016539,1.507447388,14.51,18.27744,1.895064456,7.292796414,92.70720359,3086.07,86.461,0.07866483,0.0,0.0,56.389907702471376,0.0,35.0,1.124910706472406e-268,converged,0.053330761,0.052930761,monthly_compounded,0.05504145689072053,0.271070714555466,0.40180011191694964,0.5635533276044056,44.0
GNTY,2022,1.0,-0.06912912084423563,-0.054929120844235624,3.68575314,5.699571735,0.439477161,0.393523704,23.31785617,34.49538001,37.91899441,31.84894343,31.84894343,19.0205481,38.52916746,35.7156608,32.19683423,32.19683423,8.117161794,0.103349102,1.402311712,14.37,18.02414,4.49579382,12.46878828,87.53121172,3351.495,346.374,0.142449625,0.0,0.0,46.6598411169731,0.0,18.308277946528204,3.554121898704426e-75,converged,0.000328446,-0.013871554,monthly_compounded,0.07626151168081716,0.3006047945402504,0.23209874487359466,0.7600309533528374,56.0
CBAN,2018,0.0,-0.005941458870384993,0.012158541129615008,2.234837367,6.265685395,0.640702571,0.576663133,21.58687943,27.08905285,6.521208083,15.78380512,15.78380512,22.15799615,28.90675839,3.53809197,15.61146527,15.61146527,7.132400477,0.054501297,1.28845826,15.86,31.14839,3.475600355,13.88896911,86.11103089,1251.878468,68.229,0.161291404,0.0,0.0,16.971442023439018,6.680521489847199e-65,,,no_sigma_E,-0.183680805,-0.201780805,monthly_compounded,0.13828064601459078,1.0551712743850346,-0.20015653054605412,0.850282114772157,60.0
CBAN,2019,0.0,0.12976710210845796,0.15116710210845796,1.565909577,5.107440876,0.639566792,0.573564435,20.28455285,32.18150305,41.1620503,30.78036362,30.78036362,21.58687943,27.08905285,6.521208083,15.78380512,15.78380512,7.323377297,0.056616686,1.200940336,13.17,30.75027,2.250452796,14.2493925,85.7506075,1515.313,85.792,0.166172496,0.0,0.0,15.223232492503907,1.2398499464307564e-52,,,no_sigma_E,0.008719579,-0.012680421,monthly_compounded,0.0926870937602139,0.5935512809811223,0.3958179121490024,0.32530212658843505,60.0
CBAN,2020,1.0,-0.08730639290553892,-0.08290639290553892,0.900807005,2.579762253,0.62438565,0.28771724,18.99807322,24.8597114,54.30081546,31.87871042,31.87871042,20.28455285,32.18150305,41.1620503,30.78036362,30.78036362,7.475324497,0.094718516,0.963105386,13.78,30.75027,1.35696719,62.82160536,37.17839464,1763.974,167.081,1.689734212,0.0,0.0,17.739950835636517,1.0305763723594196e-70,11.252602739174996,1.1242859228503885e-29,converged,-0.104601369,-0.109001369,monthly_compounded,0.07517442565900459,0.5642296440957897,0.5405545738463614,0.3025423811447757,60.0
CBAN,2021,1.0,0.19418390775521693,0.19458390775521694,1.895587538,1.611376924,0.533705108,0.478134691,17.43215031,25.79477719,45.32967562,29.11289271,29.11289271,18.99807322,24.8597114,54.30081546,31.87871042,31.87871042,7.897933816,0.032859348,1.07214485,12.05,20.11219,2.272009316,12.70059763,87.29940237,2691.715,88.448,0.145483214,0.0,0.0,35.13792654857533,8.887015057245652e-271,22.202068295245574,1.6400297272711506e-109,converged,0.092244677,0.091844677,monthly_compounded,0.0698159459359368,0.322520951446745,0.8604150187122317,0.5938466610346883,60.0
CBAN,2022,1.0,-0.24942553461775652,-0.23522553461775653,3.567665717,5.951007912,0.54790811,0.448317202,21.53291673,28.39948292,46.4699873,31.64670463,31.64670463,17.43215031,25.79477719,45.32967562,29.11289271,29.11289271,7.984997513,0.069248136,0.969827249,15.11,19.41349,4.415334883,21.60913561,78.39086439,2936.57,203.352,0.275658851,0.0,0.0,28.111597872085756,3.534092454916792e-174,10.168925180200114,1.3645167691315255e-24,converged,0.012120583,-0.002079417,monthly_compounded,0.07993205410575849,0.36347015519107473,0.612460024428324,0.5437989497228465,60.0
PCB,2019,0.0,0.09925898877367131,0.12065898877367132,0.020154311,6.127235231,0.734676705,0.734676705,22.06022092,41.75909103,64.6864056,44.25531137,44.25531137,23.52538211,38.71141732,64.55141017,42.71851504,42.71851504,7.465270577,0.011452602,1.196545652,16.9,42.5595,0.0,0.0,100.0,1746.328,20.0,0.0,0.0,0.0,,,,,low_leverage_td_ta,0.020154311,-0.001245689,monthly_compounded,0.08659329471815208,0.7382793156056852,0.44450527924965066,-0.12468500607593426,60.0
PCB,2020,1.0,-0.3966412533370551,-0.39224125333705506,-0.185249017,5.440678614,0.75779242,0.75779242,20.85479836,36.56482082,77.7277761,46.38551894,46.38551894,22.06022092,41.75909103,64.6864056,44.25531137,44.25531137,7.5615653,0.041604844,0.665351629,17.22,36.30925,0.0,0.0,100.0,1922.853,80.0,0.0,0.0,0.0,15.06837155942139,1.3073939468109444e-51,,,no_sigma_E,-0.185249017,-0.189649017,monthly_compounded,0.04148387395010089,0.38822785463277804,0.5670236705793483,-0.15676239344667525,60.0
PCB,2021,1.0,1.2268658065905615,1.2272658065905615,0.163865022,1.515266,0.822687846,0.822687846,19.0205481,41.5192678,78.47434787,49.07305134,49.07305134,20.85479836,36.56482082,77.7277761,46.38551894,46.38551894,7.673099858,0.004651736,1.273785993,16.04,30.059,0.0,0.0,100.0,2149.735,10.0,0.0,0.0,0.0,,,,,low_leverage_td_ta,0.163865022,0.163465022,monthly_compounded,0.07967550766037801,0.49697968963049693,0.5913996675242527,0.6102858371038034,60.0
PCB,2022,1.0,-0.1845966522750242,-0.1703966522750242,0.052758187,5.586021633,0.688099389,0.688099389,17.26625006,37.27774713,70.61266294,44.10795157,44.10795157,19.0205481,41.5192678,78.47434787,49.07305134,49.07305134,7.791537695,0.00826434,0.971549619,17.83,29.81864,0.0,0.0,79.51603798,2420.036,20.0,0.0,0.0,0.0,,,,,low_leverage_td_ta,0.066349114,0.052149114,monthly_compounded,0.10605567877293699,0.5632902644321004,0.7520898534554165,0.7002520606486652,60.0
PCB,2023,1.0,0.03954254604716999,0.08904254604716999,0.010534623,4.689896639,0.649867485,0.649867485,15.2370401,33.81310714,76.38713986,44.44349379,44.44349379,17.26625006,37.27774713,70.61266294,44.10795157,44.10795157,7.933619798,0.01398097,0.939545167,16.39,29.70753,0.0,0.0,76.21973272,2789.506,39.0,0.0,0.0,0.0,,,,,low_leverage_td_ta,0.013821386,-0.035678614,monthly_compounded,0.1395411869565691,0.5438096420442792,0.9293301505829299,0.6122763662852635,60.0
NRIM,2018,0.0,-0.020885244854101922,-0.0027852448541019204,1.49692286,7.021262394,0.798538811,0.724174671,21.58687943,20.88672918,30.74283811,21.42723939,21.42723939,22.15799615,21.72557987,36.03408831,23.74815941,23.74815941,7.315210406,0.034483975,1.098589977,16.73,31.38633,2.438624009,13.01786174,86.98213826,1502.988,51.829,0.149661321,0.0,0.0,18.50773206574845,8.943737180588795e-77,,,no_sigma_E,-0.202692844,-0.220792844,monthly_compounded,0.12059047332790052,0.5472665493633324,1.2254414890266578,0.7586003976409412,60.0
NRIM,2019,0.0,0.18476316768829867,0.20616316768829868,1.576845611,6.245823054,0.782663898,0.762293519,20.28455285,18.2075924,46.91605646,25.92074615,25.92074615,21.58687943,20.88672918,30.74283811,21.42723939,21.42723939,7.404885143,0.011679469,1.212852565,15.63,31.38633,2.229782347,3.748634751,96.25136525,1643.996,19.201,0.038946302,0.0,0.0,,,,,low_leverage_td_ta,0.048737085,0.027337085,monthly_compounded,0.12652769691658966,0.636738400057233,1.3636846956220865,0.5800011572149075,60.0
NRIM,2020,1.0,-0.0742700629796738,-0.0698700629796738,1.555836624,5.40164738,0.783997065,0.749599988,20.85479836,15.94585721,50.42283298,26.32873347,26.32873347,20.28455285,18.2075924,46.91605646,25.92074615,25.92074615,7.660019121,0.011842315,0.95778669,15.46,28.76152,2.372239247,6.051554112,93.94844589,2121.798,25.127,0.064413563,0.0,0.0,,,,,low_leverage_td_ta,-0.142749096,-0.147149096,monthly_compounded,0.11301154810512143,0.5704344445874995,1.5451122393494776,0.7064152725567767,60.0
NRIM,2021,1.0,0.32399657313383207,0.3243965731338321,1.751232235,1.535413585,0.744567636,0.722586547,44.15429519,55.06815998,50.84931561,47.9854468,47.9854468,20.85479836,15.94585721,50.42283298,26.32873347,26.32873347,7.910120583,0.009108462,1.099180349,14.79,22.51985,2.048575166,3.777843416,96.22215658,2724.719,24.818,0.039261679,0.0,0.0,,,,,low_leverage_td_ta,0.170431769,0.170031769,monthly_compounded,0.08359317686960294,0.3084274274696579,1.5570212094128013,0.6170721213044617,60.0
NRIM,2022,1.0,0.2932660990952336,0.3074660990952336,3.375046454,6.895656583,0.684806559,0.662202191,44.45334684,51.85235,45.54168189,44.86553783,44.86553783,44.15429519,55.06815998,50.84931561,47.9854468,47.9854468,7.891449674,0.009125691,1.422906965,13.64,21.82818,4.283034018,4.183980561,95.81601944,2674.318,24.405,0.043666817,0.0,0.0,,,,,low_leverage_td_ta,0.028096357,0.013896357,monthly_compounded,0.10642775824675219,0.4415442559550458,1.009787205100015,0.826294018913477,60.0
NRIM,2023,1.0,0.054373426804582,0.103873426804582,3.433543454,6.307557082,0.720300145,0.694682797,41.24391312,46.97082793,64.17860519,49.1444222,49.1444222,44.45334684,51.85235,45.54168189,44.86553783,44.86553783,7.940048618,0.008543197,1.343846613,12.35,20.8,4.30056,4.448953707,95.55104629,2807.497,23.985,0.046561015,0.0,0.0,,,,,low_leverage_td_ta,0.028780359,-0.020719641,monthly_compounded,0.13995261351631977,0.527379319663829,0.7225020358807486,0.7516315962478888,60.0
PDLB,2019,0.0,0.1324461538612048,0.15384615386120482,0.030571376,3.55918003,0.286550278,0.286550278,20.28455285,27.56085946,12.34532527,18.11450339,18.11450339,21.58687943,16.23140145,2.903619809,9.096078252,9.096078252,6.960116203,0.099077965,1.160763618,18.62,33.79677765,0.0,0.0,100.0,1053.756,104.404,0.0,0.0,0.0,13.513001861733306,6.553308293621777e-42,,,no_sigma_E,0.030571376,0.009171376,monthly_compounded,,,,,
PDLB,2020,1.0,-0.2894340136199168,-0.28503401361991676,0.430716054,4.697721429,0.67039714,0.645039869,18.99807322,32.91490439,36.33645424,29.4069161,29.4069161,20.28455285,27.56085946,12.34532527,18.11450339,18.11450339,7.211727198,0.108627976,0.80861325,17.68,34.30733,0.982300524,5.646226699,94.3537733,1355.231,147.216,0.059841027,0.0,0.0,11.43613211476397,1.3795706859447412e-30,,,no_sigma_E,-0.227424278,-0.231824278,monthly_compounded,,,,,
PDLB,2021,1.0,0.39255908647852994,0.39295908647852995,1.228107637,1.513417408,0.43689947,0.423441557,19.0205481,24.46135407,31.89238618,23.84281992,23.84281992,18.99807322,32.91490439,36.33645424,29.4069161,29.4069161,7.41065558,0.073386312,0.956927843,18.96,29.51553,1.472420578,4.314561466,95.68543853,1653.51,121.345,0.045091098,0.0,0.0,13.245118136848452,2.407617748420683e-40,9.06318366826661,6.334872205663896e-20,converged,0.198859721,0.198459721,monthly_compounded,0.06311493444812644,0.10003243931538791,0.9151758087410098,0.8468018841833775,39.0
PDLB,2022,1.0,-0.12599875932071658,-0.11179875932071659,0.057833081,2.756118341,0.358206004,0.358206004,18.32180562,27.5418667,25.0960424,23.04497148,23.04497148,19.0205481,24.46135407,31.89238618,23.84281992,23.84281992,7.745863472,0.223779179,0.86548065,33.72,26.39924,0.0,0.0,50.16751396,2311.989,517.375,0.0,0.0,0.0,8.387612185794604,2.480578340649189e-17,3.910745111413667,4.6005916067000655e-05,converged,0.115279942,0.101079942,monthly_compounded,0.08217859867123618,0.22687993026743597,0.343791957481468,0.9910557908047755,51.0
PDLB,2023,1.0,-0.002289699468256537,0.047210300531743465,0.025092369,2.458284097,0.449669153,0.449669153,18.32471056,20.92215059,16.73826085,17.02060744,17.02060744,18.32180562,27.5418667,25.0960424,23.04497148,23.04497148,7.919618702,0.248815038,0.871437809,25.06,26.39924,0.0,0.0,45.11808967,2750.722,684.421,0.0,0.0,0.0,7.182126317644549,3.4317730251444333e-13,19.64299995497818,3.317991711644369e-86,converged,0.055614874,0.006114874,monthly_compounded,0.10842921450834593,0.2699301643204177,0.43492832747334803,0.6509696986446675,60.0
FSBW,2018,0.0,-0.2246560818535388,-0.2065560818535388,1.619765823,7.897219515,0.867478887,0.840993036,21.58687943,40.85605828,46.66999778,37.06580411,37.06580411,22.15799615,44.22139655,55.93342485,42.06984563,42.06984563,7.391195728,0.090657382,1.066332498,13.52,33.99562,2.806205258,4.554135048,95.44586495,1621.644,147.014,0.047714325,0.0,0.0,13.571893955964876,2.9391615598605764e-42,,,no_sigma_E,-0.243543876,-0.261643876,monthly_compounded,0.06925693260928213,0.47196517801609233,0.1650445024061262,0.1992765164105712,60.0
FSBW,2019,0.0,0.48506744585726247,0.5064674458572624,1.302184309,7.851720335,1.080450945,1.050261195,20.28455285,38.87082764,34.96444869,31.86713204,31.86713204,21.58687943,40.85605828,46.66999778,37.06580411,37.06580411,7.446034189,0.055309926,1.415647032,14.64,31.98499008,1.770103556,4.054900729,95.94509927,1713.056,94.749,0.042262719,0.0,0.0,15.808512836688504,1.3590376567924244e-56,,,no_sigma_E,0.102400436,0.081000436,monthly_compounded,0.10467143323000462,0.8329353445630722,0.33193579279734736,0.16770839622221576,60.0
FSBW,2022,1.0,0.009773359215100133,0.023973359215100132,3.368382029,7.867121437,1.049332244,0.884976299,41.03739362,45.04990686,65.99539672,47.6246658,47.6246658,20.28455285,38.87082764,34.96444869,31.86713204,31.86713204,7.87584042,0.089630893,1.116535934,13.7,21.11338283,4.322197755,19.05611946,80.94388054,2632.898,235.989,0.235423844,0.0,0.0,11.068890644686611,8.879265797938352e-29,5.740298820620718,4.725481757504122e-09,converged,-0.05096564,-0.06516564,monthly_compounded,0.13638883729458076,0.9830491510564985,0.5699591188580984,0.6760040832808449,60.0
FSBW,2023,1.0,0.09140819710868918,0.14090819710868918,4.271928023,6.966858236,0.984929752,0.839302225,36.85967475,43.62095413,58.57188039,44.08185833,44.08185833,41.03739362,45.04990686,65.99539672,47.6246658,47.6246658,7.997215481,0.048196755,1.090061338,13.37,19.84157,5.278432616,17.7941963,82.2058037,2972.669,143.273,0.216459125,0.0,0.0,17.959349359333782,2.0276670304238789e-72,15.393191623391456,9.091867527054534e-54,converged,0.049655022,0.000155022,monthly_compounded,0.16764098077658676,0.9117039467185636,0.6183980721590684,0.6979272488351959,60.0
MYFW,2020,1.0,0.18382100789581643,0.18822100789581642,1.442020382,4.019935577,0.557846741,0.506948661,18.99807322,32.61563159,65.59045606,39.78991745,39.78991745,20.28455285,16.7409925,59.1902791,29.61203276,29.61203276,7.587642433,0.08808733,1.004221665,12.8,28.4364,2.383065733,12.3034709,87.6965291,1973.655,173.854,0.140295985,0.0,0.0,13.445830015519029,1.6286509994316776e-41,,,no_sigma_E,-0.30033942,-0.30473942,monthly_compounded,,,,,
MYFW,2021,1.0,0.5509541134850815,0.5513541134850815,1.822843844,1.601279568,0.912130734,0.81051285,17.43215031,30.21931757,59.13273655,36.27656667,36.27656667,18.99807322,32.61563159,65.59045606,39.78991745,39.78991745,7.834981599,0.030726148,1.305550411,13.54,25.79621,2.110355788,14.45388072,85.54611928,2527.489,77.66,0.168960098,0.0,0.0,18.11115041840999,1.3012625214916882e-73,,,no_sigma_E,0.300282315,0.299882315,monthly_compounded,,,,,
MYFW,2022,1.0,-0.0869931488604513,-0.0727931488604513,3.508852975,7.304072253,0.832744681,0.753470902,15.8938172,27.46390159,58.11452514,34.54332424,34.54332424,17.43215031,30.21931757,59.13273655,36.27656667,36.27656667,7.960933565,0.069422914,1.109740916,12.37,24.45015,4.486905592,12.22380023,87.77619977,2866.748,199.018,0.139260987,0.0,0.0,,,3.4057035628738612,0.0003299689696403,extreme_DD_a_y2022_small,0.135574941,0.121374941,monthly_compounded,0.11780352964198793,0.5524852678567903,0.7093431170592018,1.0177372326686378,42.0
MYFW,2023,1.0,-0.34505950263240215,-0.29555950263240216,3.61125901,6.350987267,0.847803147,0.690444099,14.03688525,22.15165879,59.71093303,32.48315865,32.48315865,15.8938172,27.46390159,58.11452514,34.54332424,34.54332424,7.9981546,0.059839783,0.782715763,12.59,24.45015,4.697689673,23.17550901,76.82449099,2975.462,178.051,0.30166824,0.0,0.0,9.032784604848471,8.36789345541292e-20,12.224009976654465,1.1569171110602554e-34,converged,0.080913662,0.031413662,monthly_compounded,0.15723055608149217,0.6609605119443359,0.5171769482477581,0.9925964329490329,54.0
MFIN,2018,0.0,0.2993157303405105,0.3174157303405105,3.067147135,5.289392962,1.594441957,0.242158028,21.58687943,13.88876973,36.62558294,20.07403965,20.07403965,22.15799615,4.601654736,2.165408373,3.061967764,3.061967764,7.231175565,0.154856619,0.436380972,18.2,28.26105,4.33657124,88.61592435,11.38407565,1381.846,213.988,7.784200235,0.0,0.0,7.638428756640654,1.0994428440820614e-14,,,no_sigma_E,-0.385306109,-0.403406109,monthly_compounded,0.12422948435321848,1.8339106688118287,-0.889433478716121,-0.682236825193892,60.0
MFIN,2019,0.0,0.5287066099389691,0.5501066099389691,2.571571063,4.094405327,1.551499938,0.223094024,20.28455285,10.5113748,21.44646079,12.93436778,12.93436778,21.58687943,13.88876973,36.62558294,20.07403965,20.07403965,7.340619577,0.138056403,0.680911441,21.1,20.99961,3.2036632,88.28664312,11.71335688,1541.667,212.837,7.537262291,0.0,0.0,7.252760773617819,2.0418049269895917e-13,,,no_sigma_E,0.347164701,0.325764701,monthly_compounded,0.08991532597084662,1.5457318017705022,-0.47924435451763736,-1.1946278560925183,60.0
MFIN,2020,1.0,-0.33039724888452265,-0.32599724888452264,3.197330608,7.442033386,3.017242619,0.824395991,18.99807322,8.298526944,23.927313,12.72990204,12.72990204,20.28455285,10.5113748,21.44646079,12.93436778,12.93436778,7.403920563,0.146767161,0.52677685,18.8,21.00652,4.039177136,77.10253038,22.89746962,1642.411,241.052,3.3672948,0.0,0.0,4.487412066589575,3.604677612729013e-06,,,extreme_DD_m_y2020_small,0.029016415,0.024616415,monthly_compounded,0.09471272215310189,1.4868433611626029,-0.2705745963240319,-0.6651008499850352,60.0
MFIN,2021,1.0,0.18327346936568384,0.18367346936568385,3.414167275,2.863816456,2.712682451,1.433065298,17.43215031,7.21260691,25.80710367,12.86801035,12.86801035,18.99807322,8.298526944,23.927313,12.72990204,12.72990204,7.535327134,0.117440633,0.508659555,19.0,20.93924,4.057843356,53.03871885,46.96128115,1873.057,219.973,1.129413797,0.0,0.0,,,5.627698125518954,9.131516953987548e-09,extreme_DD_a_y2021_small,0.438670906,0.438270906,monthly_compounded,0.2563378265089317,2.603842572866794,0.6377521459096774,0.6098320597518929,60.0
MFIN,2022,1.0,0.2677223717289685,0.2819223717289685,4.348912989,8.809390323,1.99645711,0.96826509,15.8938172,7.791638242,23.70204842,12.39739,12.39739,17.43215031,7.21260691,25.80710367,12.86801035,12.86801035,7.723066551,0.097049444,0.545709976,17.73,21.24215,5.62882354,57.4159788,42.5840212,2259.879,219.32,1.348298662,0.0,0.0,11.305156582204775,6.186662425347438e-30,4.458590277380456,4.125022450102689e-06,converged,-0.197791118,-0.211991118,monthly_compounded,0.28893437562676483,2.2959254555341233,1.8199524344892943,1.0983752990610696,60.0
MFIN,2023,1.0,0.3905325423400111,0.4400325423400111,3.436768188,7.369601827,2.153945215,1.045176669,15.2370401,5.8699101,18.5642053,9.78708375,9.78708375,15.8938172,7.791638242,23.70204842,12.39739,12.39739,7.858573806,0.094111392,0.673435689,18.1,26.47458,4.543947466,59.06378982,40.93621018,2587.827,243.544,1.442825058,0.0,0.0,,,2.9630152127815093,0.0015232075630668,extreme_DD_a_y2023_small,0.234051293,0.184551293,monthly_compounded,0.3051459808147473,1.6607780954506808,2.4336148503268507,1.6059532207951062,60.0
CHMG,2018,0.0,-0.1391979758413766,-0.1210979758413766,2.331975048,2.979931299,0.044154455,0.043508108,23.52538211,33.56903872,61.77548301,39.16856148,39.16856148,24.17324669,10.35372316,58.17547472,26.36881366,26.36881366,7.470419558,0.002451942,1.206849062,13.14,30.51764,3.50744035,2.093310665,97.90668934,1755.343,4.304,0.021380671,0.0,0.0,,,,,low_leverage_td_ta,-0.107323906,-0.125423906,monthly_compounded,0.05482650119214151,0.19273659620605024,0.7399697537859149,0.13667834369391343,60.0
CHMG,2019,0.0,0.0311912890392759,0.0525912890392759,1.589400805,3.427358263,0.267444624,0.263715139,22.06022092,29.33780339,44.69807917,30.89855519,30.89855519,23.52538211,33.56903872,61.77548301,39.16856148,39.16856148,7.488756195,0.002284897,1.130396861,13.98,30.51764,2.330054812,1.994750222,98.00524978,1787.827,4.085,0.020353504,0.0,0.0,,,,,low_leverage_td_ta,-0.030178248,-0.051578248,monthly_compounded,0.04621044573158271,-0.06069226343324199,0.9228375122979122,0.2673470310026579,60.0
CHMG,2020,1.0,-0.17705931806156575,-0.17265931806156576,1.648596121,1.389086799,0.072198046,0.070784236,20.85479836,33.88824021,48.86036444,34.66566676,34.66566676,22.06022092,29.33780339,44.69807917,30.89855519,30.89855519,7.731689903,0.001688564,0.793559638,13.62,29.50585,2.538383666,2.755290121,97.24470988,2279.451,3.849,0.028333573,0.0,0.0,,,,,low_leverage_td_ta,-0.144805685,-0.149205685,monthly_compounded,0.05015754655691401,0.1225925778094557,1.1431433174585193,0.29652340620897705,60.0
CHMG,2021,1.0,0.4057255267810362,0.4061255267810362,1.912913575,1.528545457,0.060940908,0.060100678,19.0205481,31.64618133,54.09664068,35.40002586,35.40002586,20.85479836,33.88824021,48.86036444,34.66566676,34.66566676,7.790892455,0.007510518,1.026589044,14.21,19.30119,2.295074156,1.702913269,98.29708673,2418.475,18.164,0.017324148,0.0,0.0,,,,,low_leverage_td_ta,0.061869628,0.061469628,monthly_compounded,0.02392574757241618,-0.28735353800946634,1.2024723291467279,0.5498349727844525,60.0
CHMG,2022,1.0,0.0017631286740720144,0.015963128674072014,3.94205242,4.175451735,0.071866309,0.07087835,17.26625006,28.80149052,56.76256983,34.93703012,34.93703012,19.0205481,31.64618133,54.09664068,35.40002586,35.40002586,7.880635396,0.037473073,1.294219453,12.57,19.30119,4.792702326,1.697934628,98.30206537,2645.553,99.137,0.017272624,0.0,0.0,34.94490893873788,7.736473758945276e-268,11.531314988058984,4.586587492902952e-31,converged,0.075683737,0.061483737,monthly_compounded,0.04458168797377616,-0.16070123875713474,0.6272467513443576,0.7337112194226098,60.0
CHMG,2023,1.0,0.06790868338423449,0.11740868338423449,4.270743287,4.71184296,0.237482658,0.234326827,15.2370401,25.17337349,53.63194047,31.9786092,31.9786092,17.26625006,28.80149052,56.76256983,34.93703012,34.93703012,7.904899098,0.012901541,1.208368977,13.26,19.30119,5.314016639,1.641483989,98.35851601,2710.529,34.97,0.016688784,0.0,0.0,,,,,low_leverage_td_ta,-0.017898708,-0.067398708,monthly_compounded,0.07356987629748941,-0.025195839599368507,0.4885582048281872,0.3849829977865697,60.0
BRBS,2022,1.0,-0.2932791279712117,-0.2790791279712117,4.388154793,5.608329827,0.382353463,0.338168609,21.88710314,10.19462959,50.3603352,24.04929012,24.04929012,20.53988512,14.0111554,25.48175955,16.57048033,16.57048033,8.048936835,0.112338263,0.951351562,11.15,21.32509284,5.622895615,14.2422126,85.7577874,3130.465,351.671,0.166074861,0.0,0.0,12.040298030390725,1.09083021598238e-33,,,no_sigma_E,-0.041574198,-0.055774198,monthly_compounded,0.06341982586990286,0.19828937081044667,0.32076973200951686,0.61701074325172,60.0
BRBS,2023,1.0,-0.8015053090934229,-0.7520053090934229,4.314602387,5.80794871,0.652299251,0.334329276,19.18593674,11.50005249,14.23869491,11.57141962,11.57141962,21.88710314,10.19462959,50.3603352,24.04929012,24.04929012,8.044803999,0.100994241,0.312766284,10.25,21.3328,5.515357392,54.73017443,45.26982557,3117.554,314.855,1.208976923,0.0,0.0,7.656764732099562,9.533773743854364e-15,,,no_sigma_E,-0.053401671,-0.102901671,monthly_compounded,0.10071343574097402,0.33794747270182696,0.2163121636231144,0.4392418037071939,60.0
COFS,2018,,,,,,,,,,,,,,,,,,,,,,,,,,,,,,,,,,,low_leverage_td_ta,,,unavailable,,,,,
COFS,2019,,,,,,,,,,,,,,,,,,,,,,,,,,,,,,,19.936929433792116,9.732620144001612e-89,,,,,,unavailable,,,,,
COFS,2020,1.0,,,0.032781348,5.211334836,0.719293199,0.719293199,18.99807322,15.84796424,19.42514849,14.85364372,14.85364372,20.28455285,15.71751342,13.5530086,12.67496975,12.67496975,7.559737698,0.006468884,1.056926647,13.2,25.29917,0.0,0.0,100.0,1919.342,12.416,0.0,0.0,0.0,,,,,low_leverage_td_ta,0.032781348,0.028381348,unavailable,,,,,
COFS,2021,1.0,-0.10890291778193066,-0.10850291778193066,1.978356603,1.645971351,0.946489849,0.820740097,17.43215031,19.95600017,14.44893638,15.09979318,15.09979318,18.99807322,15.84796424,19.42514849,14.85364372,14.85364372,7.769244253,0.035922443,0.897509078,12.9,17.32592,2.351250835,15.63489493,84.36510507,2366.682,85.017,0.185324192,0.0,0.0,34.47516923224261,9.450285965916531e-261,,,no_sigma_E,0.040871882,0.040471882,monthly_compounded,,,,,
COFS,2022,1.0,0.13006415459823195,0.14426415459823194,4.055692841,6.732630721,0.708437119,0.600619337,15.8938172,15.25992537,12.47765363,12.06087829,12.06087829,17.43215031,19.95600017,14.44893638,15.09979318,15.09979318,7.777337978,0.035735556,1.290706929,13.8,16.81636,4.94027638,17.74968773,82.25031227,2385.915,85.262,0.215800855,0.0,0.0,,,35.0,1.124910706472406e-268,extreme_DD_a_y2022_small,-0.06542088,-0.07962088,monthly_compounded,,,,,
COFS,2023,1.0,0.0032164243038189516,0.052716424303818954,4.479762914,5.880888587,0.614243366,0.510667072,14.03688525,16.25696021,12.7676016,12.65978884,12.65978884,15.8938172,15.25992537,12.47765363,12.06087829,12.06087829,7.854267118,0.091398475,1.13049244,13.0,15.28647,5.267487295,19.31743388,80.68256612,2576.706,235.507,0.23942513,0.0,0.0,40.87469517782941,0.0,21.776406788165957,1.9418187702245206e-105,converged,0.021675666,-0.027824334,monthly_compounded,,,,,
ISTR,2018,0.0,0.018997424082081608,0.03709742408208161,1.544888856,4.347632297,0.307916447,0.276902578,21.58687943,20.59396151,50.07661559,28.24218652,28.24218652,22.15799615,29.17886611,57.7087623,35.24787202,35.24787202,7.487996325,0.130172424,1.290497368,13.46,31.41266,2.646664206,14.03761829,85.96238171,1786.469,232.549,0.16329955,0.0,0.0,12.627878516562276,7.411029844265394e-37,,,no_sigma_E,-0.314541915,-0.332641915,monthly_compounded,0.05799251931022268,0.1688106705967267,1.1378485080452099,0.07052144845988607,42.0
ISTR,2019,0.0,-0.04424253641436662,-0.02284253641436662,1.395095078,2.643744429,0.135938796,0.126306592,20.28455285,23.64745724,54.35848456,31.29819323,31.29819323,21.58687943,20.59396151,50.07661559,28.24218652,28.24218652,7.672718808,0.085307197,1.113707971,15.02,31.41266,2.173061019,10.00618154,89.99381846,2148.916,183.318,0.111187432,0.0,0.0,12.1112767898837,4.602501437963935e-34,,,no_sigma_E,-0.105951357,-0.127351357,monthly_compounded,0.06240055103622569,0.19375220859863526,1.0381139609879664,0.09465844646835676,54.0
ISTR,2020,1.0,-0.3023025214538529,-0.2979025214538529,1.382666341,4.506701555,0.748885283,0.587140326,20.85479836,18.5945613,54.29477499,29.03638982,29.03638982,20.28455285,23.64745724,54.35848456,31.29819323,31.29819323,7.749831387,0.075392225,0.721258666,14.71,31.41266,2.313443233,28.65537694,71.34462306,2321.181,174.999,0.401647324,0.0,0.0,15.36081426832122,1.4989278009727392e-53,9.225482286701356,1.4114382581301178e-20,converged,-0.286024127,-0.290424127,monthly_compounded,0.032619550524464976,0.017159583295361505,1.040485891755399,0.1393830557233899,60.0
ISTR,2021,1.0,0.12943695465489474,0.12983695465489475,3.068904929,1.96433395,0.667964194,0.554960797,19.0205481,21.10759287,47.94782943,27.95931394,27.95931394,20.85479836,18.5945613,54.29477499,29.03638982,29.03638982,7.829313314,0.053977335,0.784935261,12.99,19.89734,3.730899694,20.26814951,79.73185049,2513.203,135.656,0.254203927,0.0,0.0,21.66843549298517,2.0368154997084418e-104,11.758479118106266,3.193724958210176e-32,converged,0.100781597,0.100381597,monthly_compounded,0.08999937796221366,0.35066454006549763,1.0432832619973795,0.9269315046949638,60.0
ISTR,2022,1.0,0.176176990234026,0.190376990234026,3.913296698,5.844494952,0.495555085,0.407917527,17.26625006,17.13839726,69.40223464,33.68307984,33.68307984,19.0205481,21.10759287,47.94782943,27.95931394,27.95931394,7.920739597,0.159684393,0.987972889,13.25,19.65359,4.77177329,21.09792909,78.90207091,2753.807,439.74,0.267393857,0.0,0.0,10.714126293317634,4.36891827889305e-27,4.390757181201452,5.647831287368403e-06,converged,0.100565378,0.086365378,monthly_compounded,0.10474028022075235,0.3982093644444822,0.9883951474204753,0.8816834519127389,60.0
BCML,2019,0.0,-0.03655807707815864,-0.015158077078158638,1.749079544,5.935711191,0.719561972,0.704154357,20.28455285,20.05820731,52.35487637,28.79662632,28.79662632,21.58687943,24.04282904,55.88385521,32.04343108,32.04343108,7.597986713,0.004133033,1.11317336,14.96,27.15013864,2.442982219,2.915993141,97.08400686,1994.177,8.242,0.030035772,0.0,0.0,,,,,low_leverage_td_ta,-0.031549599,-0.052949599,monthly_compounded,,,,,
BCML,2020,1.0,-0.33729357954492384,-0.3328935795449238,1.720690247,5.047734615,0.931070544,0.651917566,18.99807322,18.9413821,53.05446491,28.49453289,28.49453289,20.28455285,20.05820731,52.35487637,28.79662632,28.79662632,7.694240696,0.034929721,0.678374022,18.64,27.15190638,2.62314548,37.01987294,62.98012706,2195.666,76.694,0.587802449,0.0,0.0,15.72868407890794,4.8094708646732915e-56,,,no_sigma_E,-0.302033732,-0.306433732,monthly_compounded,,,,,
BCML,2021,1.0,0.2362512853406848,0.2366512853406848,1.588905949,1.651782589,1.046671967,0.832077373,19.0205481,33.353367,37.86408702,30.40307064,30.40307064,18.99807322,18.9413821,53.05446491,28.49453289,28.49453289,7.762467159,0.030605816,0.762980581,17.64,28.63838282,2.029524393,26.54630265,73.45369735,2350.697,71.945,0.361401857,0.0,0.0,15.49408148551234,1.9017886512456763e-54,9.471008427247432,1.3857746601345296e-21,converged,0.191419256,0.191019256,monthly_compounded,,,,,
BCML,2022,1.0,0.007645941704764727,0.021845941704764726,3.03046344,6.413445139,0.719119011,0.584924027,17.26625006,33.52812535,46.75605214,33.65975928,33.65975928,19.0205481,33.353367,37.86408702,30.40307064,30.40307064,7.829365438,0.028724793,0.768326587,18.21,26.88975467,4.005710341,23.88515009,76.11484991,2513.334,72.195,0.313804075,0.0,0.0,14.280528224332151,1.4469975610783482e-46,5.133703710975699,1.4204760961557996e-07,converged,0.13384876,0.11964876,monthly_compounded,0.13275746158687876,0.6962056970648911,0.9763291107569002,0.9616184118868628,44.0
BCML,2023,1.0,0.21934638175655097,0.26884638175655096,2.87648695,5.850047699,0.733971474,0.595348724,15.2370401,27.01019924,50.46937607,31.73885651,31.73885651,17.26625006,33.52812535,46.75605214,33.65975928,33.65975928,7.84461697,0.028388376,0.870953923,19.34,26.90051,3.969302307,24.15789607,75.84210393,2551.96,72.446,0.318528823,0.0,0.0,13.314343064774803,9.552273068027287e-41,35.0,1.124910706472406e-268,converged,-0.03303283,-0.08253283,monthly_compounded,0.15972462909644453,0.5339245967621497,0.9246777922474708,1.1082992279908255,56.0
UNTY,2018,0.0,0.045826478100832624,0.06392647810083263,1.644375426,5.955353883,0.540530888,0.525862733,21.58687943,23.25782561,23.15234288,19.87072494,19.87072494,22.15799615,31.361166,9.474948524,18.96611981,18.96611981,7.364646439,0.139511144,1.615972503,13.49,33.48413,2.82795148,4.024733555,95.97526645,1579.157,220.31,0.041935112,0.0,0.0,13.259800703060789,1.9797330625091835e-40,,,no_sigma_E,-0.246585514,-0.264685514,monthly_compounded,0.06827850866808238,0.29757698149818695,0.194891728204622,0.5041710343707732,60.0
UNTY,2019,0.0,0.08163585259610259,0.1030358525961026,1.531168588,5.802403423,0.705279325,0.685690918,20.28455285,21.11906936,49.6094662,28.33446623,28.33446623,21.58687943,23.25782561,23.15234288,19.87072494,19.87072494,7.449464264,0.17063403,1.528129538,13.06,33.48413,2.161608798,4.117965338,95.88203466,1718.942,293.31,0.042948247,0.0,0.0,10.371590128279292,1.6696065775151062e-25,,,no_sigma_E,0.097365153,0.075965153,monthly_compounded,0.09169971447293972,0.4863429805715206,0.39818581724079016,0.5112018593455236,60.0
WNEB,2018,0.0,-0.0827182568890904,-0.0646182568890904,1.726144765,4.02539137,0.253948973,0.225038354,21.58687943,12.78253392,52.19298246,25.12961051,25.12961051,22.15799615,13.07307453,39.15008007,20.57827379,20.57827379,7.658615553,0.126139902,1.202676524,14.87,24.95862,2.500689453,14.61737937,85.38262063,2118.822,267.268,0.171198533,0.0,0.0,12.479622518268776,4.8221391147296154e-36,,,no_sigma_E,-0.176156586,-0.194256586,monthly_compounded,0.05594444055976915,0.3221226112532652,0.43152698139890133,0.05459375791658046,60.0
WNEB,2019,0.0,-0.041683611310241925,-0.020283611310241922,0.013951378,3.087070732,0.20416706,0.20416706,21.29806636,21.26641131,45.61498461,27.11548041,27.11548041,21.58687943,12.78253392,52.19298246,25.12961051,25.12961051,7.687756991,0.110253333,1.102271132,13.93,24.95862,0.0,0.0,100.0,2181.476,240.515,0.0,0.0,0.0,11.546614993404884,3.839274133132808e-31,,,no_sigma_E,0.013951378,-0.007448622,monthly_compounded,0.05108404139448223,0.2120752241918338,0.5070952954995818,0.04295147924927798,60.0
WNEB,2020,1.0,-0.26441339474264697,-0.26001339474264695,-0.26482284,2.953686238,0.34030881,0.34030881,20.74828207,30.24941865,62.17557636,37.63894922,37.63894922,21.29806636,21.26641131,45.61498461,27.11548041,27.11548041,7.768907861,0.024451728,0.768412327,14.65,24.95862,0.0,0.0,100.0,2365.886,57.85,0.0,0.0,0.0,26.050778310253584,6.59152244987174e-150,12.965776654137496,9.564154280070912e-39,converged,-0.26482284,-0.26922284,monthly_compounded,0.038237235883369684,0.13574535118700765,0.44923953785232945,0.3175193205936636,60.0
WNEB,2021,1.0,0.3014381323477739,0.3018381323477739,1.783345716,1.564353463,0.416822752,0.386614442,18.86779151,24.81238781,57.32216768,33.14965705,33.14965705,20.74828207,30.24941865,62.17557636,37.63894922,37.63894922,7.839299089,0.00877946,0.887267405,14.27,22.39405,2.051901318,9.147266576,90.85273342,2538.425,22.286,0.100682349,0.0,0.0,,,,,low_leverage_td_ta,0.210173319,0.209773319,monthly_compounded,0.05189456711014865,0.03739780053702791,0.8429767377761517,0.7398915240580101,60.0
WNEB,2022,1.0,0.09563736506843211,0.10983736506843211,3.694149042,6.197828497,0.547095694,0.504528287,20.8198309,20.09619864,55.36405959,30.6274573,30.6274573,18.86779151,24.81238781,57.32216768,33.14965705,33.14965705,7.84508317,0.024362454,0.921224074,14.2,22.39405,4.609017371,9.80564199,90.19435801,2553.15,62.201,0.1087168,0.0,0.0,16.223821370028073,1.711119143158853e-59,5.592029406565523,1.1221539836035113e-08,converged,0.130027341,0.115827341,monthly_compounded,0.08045681882788501,0.20586625931866057,0.4959544900917815,0.9200832533064978,60.0
CZNC,2018,0.0,0.13130406803056638,0.14940406803056638,1.74992144,5.142060721,0.397268846,0.392299682,21.58687943,14.28497901,66.21030424,30.92105912,30.92105912,22.15799615,7.955284931,71.71471059,29.76311714,29.76311714,7.163089506,0.037778499,1.643237827,24.42,24.95459,2.500823749,1.659862523,98.34013748,1290.893,48.768,0.01687879,0.0,0.0,20.016904319573698,1.96177160652708e-89,,,no_sigma_E,-0.128972766,-0.147072766,monthly_compounded,0.08958003540000176,0.3028264192691005,0.9748779038205744,0.6270464021320986,60.0
CZNC,2019,0.0,0.09691370127864837,0.11831370127864838,1.502966421,3.680924559,0.316685071,0.309691698,20.28455285,15.99451629,71.79560649,33.77969842,33.77969842,21.58687943,14.28497901,66.21030424,30.92105912,30.92105912,7.411039538,0.087566084,1.585135615,20.7,24.47267,1.976927107,2.903076413,97.09692359,1654.145,144.847,0.029898748,0.0,0.0,14.612844383458151,1.1630025688107587e-48,,,no_sigma_E,0.010140548,-0.011259452,monthly_compounded,0.09373408952531327,0.3074353381714391,0.9616077154443907,0.6443381955966312,60.0
CZNC,2020,1.0,-0.262131342947906,-0.257731342947906,2.916840537,3.191791771,0.370387038,0.350937871,18.99807322,10.65404293,64.28571429,28.42726244,28.42726244,20.28455285,15.99451629,71.79560649,33.77969842,33.77969842,7.713829278,0.040723058,1.053169119,17.49,24.26906,3.997008914,6.819059922,93.18094008,2239.1,91.183,0.073180845,0.0,0.0,33.414147630129094,4.271244680798213e-245,,,extreme_DD_m_y2020_small,-0.118191429,-0.122591429,monthly_compounded,0.07834199286743765,0.22297760746281717,0.8228109604740038,0.9131551328336085,60.0
CZNC,2021,1.0,0.38016365388161216,0.3805636538816122,1.852856517,1.583918764,0.388322325,0.352018162,17.43215031,20.5292711,59.5524112,31.6213865,31.6213865,18.99807322,10.65404293,64.28571429,28.42726244,28.42726244,7.752613595,0.033319041,1.365695429,18.21,17.18938,2.135173964,11.07467051,88.92532949,2327.648,77.555,0.124538988,0.0,0.0,46.4171139327822,0.0,24.0846737774746,1.8092377662959776e-128,converged,0.095254884,0.094854884,monthly_compounded,0.05830679024082307,0.015393642664017888,1.0242089872132532,0.8483662912665256,60.0
CZNC,2022,1.0,-0.0977603407200296,-0.0835603407200296,4.106612262,5.345017244,0.33656214,0.308115515,15.8938172,16.65111531,56.61266294,28.63951186,28.63951186,17.43215031,20.5292711,59.5524112,31.6213865,31.6213865,7.805599719,0.074066121,1.422882592,15.72,17.18938,4.911305798,10.0305805,89.9694195,2454.307,181.781,0.111488777,0.0,0.0,28.56573188722547,8.956947687298746e-180,10.837635806187455,1.1414726895088518e-27,converged,0.043936574,0.029736574,monthly_compounded,0.0745569049974415,0.19758515864984907,0.4654469672674532,0.812010373409631,60.0
CZNC,2023,1.0,-0.012453187270808366,0.037046812729191636,4.497432656,5.370461177,0.425294869,0.377169354,14.03688525,12.35773361,59.84449533,27.69312632,27.69312632,15.8938172,16.65111531,56.61266294,28.63951186,28.63951186,7.830260262,0.084178863,1.307525614,15.67,17.18938,5.420355523,13.35107214,86.64892786,2515.584,211.759,0.15408237,0.0,0.0,25.28094967568267,2.587628009666911e-141,35.0,1.124910706472406e-268,converged,0.010158973,-0.039341027,monthly_compounded,0.10240633970732509,0.2669676079259174,0.45916000294969783,0.5037819572323259,60.0
FDBC,2018,0.0,0.5646260161721777,0.5827260161721777,2.606943157,6.314697569,0.644904728,0.577857907,21.58687943,16.73972335,43.21452365,23.86013129,23.86013129,22.15799615,18.9157816,67.8254404,33.79938622,33.79938622,6.88867643,0.110494118,2.578962137,14.8,25.4285,3.567755595,13.46418673,86.53581327,981.102,108.406,0.155590919,0.0,0.0,16.620862491667275,2.4609707479767114e-62,,,no_sigma_E,-0.061923155,-0.080023155,monthly_compounded,0.048362371472059594,0.2957943725139922,0.3176843682918597,-0.01836152934420986,60.0
FDBC,2019,0.0,-0.035147176188829926,-0.013747176188829924,1.493199589,2.730716539,0.160304687,0.148353249,20.28455285,15.47587262,61.3827868,29.77383607,29.77383607,21.58687943,16.73972335,43.21452365,23.86013129,23.86013129,6.91763333,0.052602812,2.201966724,15.8,23.08002,1.728222176,9.480397939,90.51960206,1009.927,53.125,0.104733093,0.0,0.0,19.185919650693087,2.4263972977385508e-82,,,no_sigma_E,0.181012105,0.159612105,monthly_compounded,0.036471197339906225,0.2993631088929909,0.01409051597082587,-0.2393889756824083,60.0
FDBC,2020,1.0,0.05528457614957856,0.05968457614957856,2.048112973,3.195452013,0.381011549,0.380619088,18.99807322,13.92646508,63.30715796,29.69810354,29.69810354,20.28455285,15.47587262,61.3827868,29.77383607,29.77383607,7.438095253,0.00311325,1.922169497,16.5,20.37888,2.651380907,0.129335093,99.87066491,1699.51,5.291,0.001295026,0.0,0.0,,,,,low_leverage_td_ta,-0.063027718,-0.067427718,monthly_compounded,0.03521586610673714,0.327686746070763,-0.01608520984166196,0.08939671465071247,60.0
FDBC,2021,1.0,-0.0626624215829286,-0.062262421582928607,2.209937825,1.56668648,0.234205435,0.222327991,17.43215031,12.08930881,69.16642603,30.89621054,30.89621054,18.99807322,13.92646508,63.30715796,29.69810354,29.69810354,7.791152503,0.004935712,1.57321639,14.5,16.73141,2.3681587,6.028950672,93.97104933,2419.104,11.94,0.064157533,0.0,0.0,,,,,low_leverage_td_ta,0.25327531,0.25287531,monthly_compounded,0.021828760650595264,0.12746323963289266,0.3179410528235424,0.10395008057416226,60.0
FDBC,2022,1.0,-0.18969578125311637,-0.17549578125311638,4.186583877,5.610838532,0.388738148,0.376428536,15.8938172,10.97671711,62.27560521,27.86366956,27.86366956,17.43215031,12.08930881,69.16642603,30.89621054,30.89621054,7.774171499,0.009110854,1.628939117,14.4,16.18576,4.97759538,3.755101799,96.2448982,2378.372,21.669,0.039016113,0.0,0.0,,,,,low_leverage_td_ta,0.01522173,0.00102173,monthly_compounded,0.039451533039174834,0.2509712040744425,-0.5198066337220152,0.3464029936464624,60.0
FDBC,2023,1.0,0.21995514265844907,0.26945514265844905,4.232501622,5.585230512,0.597604735,0.416465755,14.03688525,10.49364054,71.74680405,31.0533673,31.0533673,15.8938172,10.97671711,62.27560521,27.86366956,27.86366956,7.825308813,0.05016581,1.746800422,14.7,15.35751,4.838013615,33.9436615,66.0563385,2503.159,125.573,0.513859264,0.0,0.0,21.715189658321037,7.371666070058476e-105,10.7019279831813,4.9841127325753625e-27,converged,0.208135109,0.158635109,monthly_compounded,0.08249794430431781,0.40169639263917006,-0.20355333842586515,0.08390650671526796,60.0
CFFI,2018,0.0,-0.07675760730749082,-0.05865760730749081,3.2764108,6.736134203,0.88804163,0.573424186,21.58687943,2.496568291,36.84099489,14.50105603,14.50105603,22.15799615,5.772985033,20.46785633,10.23182885,10.23182885,7.327393473,0.109563425,1.224561139,15.3,29.33188876,4.761422013,43.7062467,56.2937533,1521.411,166.691,0.776396032,0.0,0.0,13.253185605285475,2.1622481729410088e-40,,,no_sigma_E,-0.157026667,-0.175126667,monthly_compounded,0.1105788612361892,0.8191607925110858,0.29948870672926775,0.4264459458382572,60.0
CFFI,2019,0.0,0.04849854220674507,0.06989854220674507,1.733151912,4.050324571,0.632837281,0.381713788,20.28455285,27.69641406,39.44073013,27.93608422,27.93608422,21.58687943,2.496568291,36.84099489,14.50105603,14.50105603,7.413024696,0.097240792,1.154331434,14.9,26.44439,2.380715746,47.21294717,52.78705283,1657.432,161.17,0.894403924,0.0,0.0,12.478758282951649,4.874760516413196e-36,,,no_sigma_E,-0.034095627,-0.055495627,monthly_compounded,0.10421714926049731,0.7619587524399327,0.6904715614825094,0.12725203210245892,60.0
CFFI,2020,1.0,-0.3024443935799119,-0.29804439357991186,1.476335614,3.043001445,0.5838391,0.283052122,18.99807322,27.91676901,24.2102084,22.56239245,22.56239245,20.28455285,27.69641406,39.44073013,27.93608422,27.93608422,7.643152234,0.036508956,0.702793375,15.2,24.88559,2.080674559,58.58726748,41.41273252,2086.31,76.169,1.414716294,0.0,0.0,34.069485619568795,1.0444475478682184e-254,17.792584844392817,4.033559854443159e-71,converged,-0.20899564,-0.21339564,monthly_compounded,0.0791508505033773,0.47212093306982295,0.8553467079371497,0.4282893898500202,60.0
CFFI,2021,1.0,0.4223307011115433,0.4227307011115433,1.37389275,1.574496396,0.528651576,0.383361424,17.43215031,19.95600017,24.36711907,18.67033895,18.67033895,18.99807322,27.91676901,24.2102084,22.56239245,22.56239245,7.725118537,0.039947079,0.862964222,15.8,23.25542,1.694436543,33.0581103,66.9418897,2264.521,90.461,0.493832942,0.0,0.0,32.197586656524265,9.538303292562271e-228,13.296562422015912,1.2117858832184631e-40,converged,0.109803506,0.109403506,monthly_compounded,0.06386419307443489,0.20345705549444199,1.0814414880188163,0.5832573623523382,60.0
CFFI,2022,1.0,0.16112381714646418,0.17532381714646417,3.532747561,4.89231891,0.269226121,0.194683953,15.8938172,19.19959987,13.59962756,14.41886746,14.41886746,17.43215031,19.95600017,24.36711907,18.67033895,18.67033895,7.754617473,0.039481769,1.035516821,15.4,23.25542,4.51447018,33.28495289,66.71504711,2332.317,92.084,0.498912229,0.0,0.0,21.421648180280023,4.198243087164505e-102,7.4571071247654,4.422139741677286e-14,converged,0.102130457,0.087930457,monthly_compounded,0.0863691805770409,0.2342905607448609,1.0509930899778075,0.7417700057704392,60.0
ACNB,2019,0.0,-0.031362341279189604,-0.009962341279189602,1.278689517,2.538262745,0.13409182,0.118916829,20.28455285,29.06964104,49.07460469,32.08539965,32.08539965,21.58687943,7.901509952,51.83544304,22.57990843,22.57990843,7.450226652,0.057974612,1.411774934,15.64,25.44999,1.67813489,14.61557933,85.38442067,1720.253,99.731,0.171173842,0.0,0.0,17.095047702334668,8.078189462248028e-66,,,no_sigma_E,0.032370998,0.010970998,monthly_compounded,0.056681451059557214,-0.0031910983692048154,0.4936586044059055,0.6029777215366993,60.0
ACNB,2020,1.0,-0.31717858623224143,-0.3127785862322414,0.637246828,1.529470514,0.121505256,0.09983081,18.99807322,27.05251393,60.67753951,35.26196114,35.26196114,20.28455285,29.06964104,49.07460469,32.08539965,32.08539965,7.845949176,0.036084516,0.843434212,14.91,25.44999,1.114744063,22.55444715,77.44555285,2555.362,92.209,0.291229726,0.0,0.0,16.942326070490218,1.0964000319056025e-64,,,no_sigma_E,-0.250233842,-0.254633842,monthly_compounded,0.05471145740297044,0.10785619800917627,0.593394908025838,0.691530840837051,60.0
ACNB,2021,1.0,0.2965712821617463,0.2969712821617463,0.995293178,1.437059699,0.095294081,0.083041556,17.43215031,23.75423574,45.29309847,28.08761638,28.08761638,18.99807322,27.05251393,60.67753951,35.26196114,35.26196114,7.932716363,0.025081567,0.99769054,18.71,19.22291,1.008905854,15.44479785,84.55520215,2786.987,69.902,0.182659345,0.0,0.0,17.300052778400676,2.3497908327763886e-67,9.901449939820823,2.0514149638190245e-23,converged,0.213267053,0.212867053,monthly_compounded,0.032808433666700026,-0.2194691797707444,1.061104310272294,0.6921411124789515,60.0
ACNB,2022,1.0,0.29717541974468475,0.31137541974468474,3.905756544,5.499492672,0.387979876,0.342944255,17.26625006,20.99279741,42.17970205,25.79475059,25.79475059,17.43215031,23.75423574,45.29309847,28.08761638,28.08761638,7.834197114,0.024927272,1.38338296,17.32,19.22291,4.684263449,13.98378516,86.01621484,2525.507,62.954,0.162571501,0.0,0.0,18.138074206878876,7.976185227397811e-74,6.596984567420064,2.098022111591226e-11,converged,0.141769598,0.127569598,monthly_compounded,0.04756741807093648,-0.11401446581467978,0.7139046732976708,0.6715108673781257,60.0
ACNB,2023,1.0,0.1130268469416532,0.1625268469416532,3.981961066,5.748060666,0.584907718,0.504535153,15.2370401,19.45467306,33.20644915,21.77666183,21.77666183,17.26625006,20.99279741,42.17970205,25.79475059,25.79475059,7.791046259,0.104253804,1.373067337,17.41,19.22291,4.853334129,16.47244182,83.52755818,2418.847,252.174,0.197209666,0.0,0.0,11.148548797427972,3.6391849654082483e-29,30.634110374107262,2.1512617842813974e-206,converged,0.073722961,0.024222961,monthly_compounded,0.10850652370475797,0.2913924125904614,0.38525324641612224,0.6341103455012872,60.0
OPBK,2021,,0.7100605863745133,0.7104605863745133,,,,,,,,,,,,,,,,,,,,,,,,,,,,,,,,debt_too_low,,,monthly_compounded,0.06670997724954773,0.21379449347816387,0.8764667956327323,0.7264738615933661,60.0
OPBK,2022,1.0,-0.10756393760635787,-0.09336393760635786,0.117061205,6.605061974,0.597618997,0.597618997,17.26625006,37.80402439,71.41806331,44.67826457,44.67826457,19.0205481,37.73244976,72.21388007,44.94102119,44.94102119,7.647068708,2.39e-05,0.963265273,13.06,28.00812,0.0,0.0,100.0,2094.497,0.05,0.0,0.0,0.0,,,,,debt_too_low,0.117061205,0.102861205,monthly_compounded,0.08267172471232649,0.2633073227975201,0.5414029147544626,0.8380947067487234,60.0
NWFL,2018,0.0,0.008485007050387686,0.026585007050387688,1.818302274,4.179817036,0.29307534,0.251699788,21.58687943,13.63782601,23.31001555,15.1559673,15.1559673,22.15799615,16.21037464,34.40059483,20.42455996,20.42455996,7.077125832,0.088919167,1.698141383,14.0,23.6694,2.543651601,17.7197597,82.2802403,1184.559,105.33,0.215358628,0.0,0.0,15.790355872311991,1.812644445177985e-56,,,no_sigma_E,-0.149832152,-0.167932152,monthly_compounded,0.03886409732307351,0.12358137447637428,0.04613966637863619,0.22402154988684628,60.0
NWFL,2019,0.0,0.19331860438310974,0.21471860438310975,1.396575214,3.766023859,0.416158807,0.344815219,20.28455285,16.07113411,34.22795288,20.29334555,20.29334555,21.58687943,13.63782601,23.31001555,15.1559673,15.1559673,7.11526526,0.096451353,1.791344038,14.01,21.91972,1.743683347,20.94790285,79.05209715,1230.61,118.694,0.264988579,0.0,0.0,14.574858489288925,2.0298148094439332e-48,,,no_sigma_E,0.044404103,0.023004103,monthly_compounded,0.048748997646435074,0.25258230461824965,0.28460388425387045,0.013478298814037351,60.0
NWFL,2020,1.0,-0.30768769485260167,-0.30328769485260165,0.581731935,3.333052366,0.547934472,0.430645881,18.99807322,13.66355253,30.95036746,17.91925434,17.91925434,20.28455285,16.07113411,34.22795288,20.29334555,20.29334555,7.523947978,0.057111105,1.105199063,12.62,21.64456,0.866114393,25.79341138,74.20658862,1851.864,105.762,0.347589235,0.0,0.0,22.235258577778833,7.833175108114478e-110,12.42679688192598,9.348868037919572e-36,converged,-0.130602701,-0.135002701,monthly_compounded,0.053658058950585306,0.3983687590474033,0.2364586774271232,0.2653028450959881,60.0
NWFL,2021,1.0,0.032996626344898375,0.03339662634489837,0.950193366,1.381842031,0.478746256,0.366164368,17.43215031,10.59425864,38.02290885,18.94299947,18.94299947,18.99807322,13.66355253,30.95036746,17.91925434,17.91925434,7.63458092,0.043906127,1.038453215,13.66,17.89176,1.025531918,27.24416654,72.75583346,2068.504,90.82,0.374460236,0.0,0.0,28.61310472851982,2.3080766446056605e-180,13.87990026474628,4.193027756888574e-44,converged,0.148643968,0.148243968,monthly_compounded,0.06112467794879445,0.35036271245016415,0.42971973244399475,0.5379088258999424,60.0
NWFL,2022,1.0,0.32703607302469195,0.34123607302469194,3.743617981,5.475820558,0.422449806,0.332086448,15.8938172,9.317522097,27.19646182,14.41221722,14.41221722,17.43215031,10.59425864,38.02290885,18.94299947,18.94299947,7.624164781,0.065075938,1.63447439,13.58,17.89176,4.521700777,24.89117647,75.10882353,2047.07,133.215,0.331401496,0.0,0.0,24.03629331061987,5.806436002723418e-128,8.368677097195874,2.9134340433448394e-17,converged,0.041178991,0.026978991,monthly_compounded,0.06597444676305833,0.40605354466693516,0.27707257434637905,0.29024687295939006,60.0
NWFL,2023,1.0,-0.025332377359489025,0.024167622640510977,3.838128531,5.363377476,0.557260936,0.364500063,14.03688525,8.624589775,20.2032055,11.57062264,11.57062264,15.8938172,9.317522097,27.19646182,14.41221722,14.41221722,7.696702974,0.090097629,1.474044662,13.06,17.89176,4.643220972,39.17541964,60.82458036,2201.079,198.312,0.644072173,0.0,0.0,20.36558640447061,1.6889246103056404e-92,19.77780056674465,2.3121236941716226e-87,converged,0.042189377,-0.007310623,monthly_compounded,0.10272054015134989,0.3893289951222452,0.15896862892008748,0.41269035996535836,60.0
LCNB,2018,0.0,-0.25021243504754476,-0.23211243504754475,-0.201532209,5.485093731,0.444783847,0.444783847,21.58687943,20.75804009,49.58139018,28.14528835,28.14528835,22.15799615,23.15488172,55.54449783,31.48084055,31.48084055,7.400575983,0.063082838,0.919804696,12.98,26.07284,0.0,0.0,100.0,1636.927,103.262,0.0,0.0,0.0,14.673816203435344,4.742829209407069e-49,,,no_sigma_E,-0.201532209,-0.219632209,monthly_compounded,0.10336610119094462,0.2699913764895788,1.0741008114922979,0.9687405464745622,60.0
LCNB,2019,0.0,0.30410928852106045,0.3255092885210604,0.029845786,5.429235149,0.612875475,0.612875475,22.06022092,17.60643724,39.41950547,23.17951104,23.17951104,21.58687943,20.75804009,49.58139018,28.14528835,28.14528835,7.402029481,0.025006893,1.094856837,12.52,26.07284,0.0,0.0,100.0,1639.308,40.994,0.0,0.0,0.0,18.811343858991524,3.048618711765592e-79,,,no_sigma_E,0.029845786,0.008445786,monthly_compounded,0.1096943315450539,0.369125072602232,1.2504513109508597,0.7624289434431826,60.0
LCNB,2020,1.0,-0.20559590351619886,-0.20119590351619887,-0.114231415,6.230025258,0.890297565,0.890297565,20.85479836,44.23403581,62.86116984,44.83747133,44.83747133,22.06022092,17.60643724,39.41950547,23.17951104,23.17951104,7.465016297,0.012601066,0.784340472,12.91,26.07284,0.0,0.0,100.0,1745.884,22.0,0.0,0.0,0.0,,,,,low_leverage_td_ta,-0.114231415,-0.118631415,monthly_compounded,0.09456277449458995,0.4303240352792392,1.2834942844515866,0.6707732275976147,60.0
LCNB,2021,1.0,0.3875568458465523,0.3879568458465523,0.127309194,1.515266,0.771255379,0.771255379,19.0205481,43.24918227,67.30291655,45.90937365,45.90937365,20.85479836,44.23403581,62.86116984,44.83747133,44.83747133,7.551517343,0.005253124,1.016177812,12.64,17.86319,0.0,0.0,100.0,1903.629,10.0,0.0,0.0,0.0,,,,,low_leverage_td_ta,0.127309194,0.126909194,monthly_compounded,0.09208846895429976,0.43765351806690334,1.4765245268758669,0.6013014019509708,60.0
LCNB,2022,1.0,-0.04781116127192831,-0.033611161271928314,3.724880784,6.952400703,0.684139934,0.671817067,17.26625006,41.7120128,75.48510242,48.0807609,48.0807609,19.0205481,43.24918227,67.30291655,45.90937365,45.90937365,7.559766874,0.047164267,1.009908758,12.31,17.86319,4.523274127,2.184394402,97.8156056,1919.398,90.527,0.022331758,0.0,0.0,26.620337837227357,1.9739981046426176e-156,9.934425331045729,1.47435629255486e-23,converged,0.009822266,-0.004377734,monthly_compounded,0.10064327721251991,0.5205567434506637,1.0671919748936327,0.5083321198353667,60.0
JMSB,2023,1.0,-0.2573827901909238,-0.20788279019092382,3.939041935,4.904554294,0.294220712,0.273002994,21.77265785,46.40069308,63.19406025,46.87855671,46.87855671,17.26625006,19.31654753,59.81843575,31.31327478,31.31327478,7.715368444,0.039556772,1.388305647,15.7,20.61753,4.936001985,8.917471506,91.08252849,2242.549,88.708,0.097905401,0.0,0.0,18.953800088111738,2.054086203128228e-80,,,no_sigma_E,0.022750401,-0.026749599,monthly_compounded,0.15778388314196945,0.684310070786732,0.3934889211982372,1.0181036868844173,60.0
PWOD,2018,0.0,-0.11658304313417867,-0.09848304313417866,2.651215466,5.110566569,0.778770426,0.35831618,21.58687943,11.47955691,24.49811237,14.51318068,14.51318068,22.15799615,12.37934022,42.0235644,21.26863593,21.26863593,7.429384929,0.182106055,1.315259182,10.972,21.18634,3.449975733,59.82079421,40.17920579,1684.771,306.807,1.488849593,0.0,0.0,11.037222689902146,1.2636210832020795e-28,,,no_sigma_E,-0.168835288,-0.186935288,monthly_compounded,0.13652598386391146,0.7359673489507137,1.176073165491855,0.7864315562205086,60.0
PWOD,2019,0.0,0.36204873381994085,0.3834487338199408,1.698956824,5.595015352,0.674722659,0.646678149,20.28455285,10.51634255,34.02844105,17.46634468,17.46634468,21.58687943,11.47955691,24.49811237,14.51318068,14.51318068,7.417774378,0.100184769,1.61564735,11.387,21.18634,2.166662621,5.215494854,94.78450515,1665.323,166.84,0.055024762,0.0,0.0,13.796185757726326,1.3434903384560332e-43,,,no_sigma_E,-0.009146313,-0.030546313,monthly_compounded,0.13774445494386897,0.6297188465362232,1.2085346761353484,0.9305480320673807,60.0
PWOD,2020,1.0,-0.23462718189909496,-0.23022718189909497,0.730942997,4.56524968,0.694324891,0.62230084,18.99807322,9.602392733,26.03543743,14.13554427,14.13554427,20.28455285,10.51634255,34.02844105,17.46634468,17.46634468,7.514605191,0.086512199,1.117518061,12.151,21.18634,1.178498294,12.80468287,87.19531713,1834.643,158.719,0.14685058,0.0,0.0,22.995073901397575,2.610764673445698e-117,12.90369832286089,2.1450173399654455e-38,converged,-0.226932647,-0.231332647,monthly_compounded,0.10441571656625083,0.5173905386319141,0.9870073608049429,0.871370646248525,60.0
PWOD,2021,1.0,-0.04402160189275543,-0.043621601892755435,1.447955573,1.523778694,0.644695159,0.594804909,20.26364203,11.25086851,22.66146886,14.14629438,14.14629438,18.99807322,9.602392733,26.03543743,14.13554427,14.13554427,7.570860175,0.067863453,0.970585298,11.776,18.57953,1.606412826,9.339539268,90.66046073,1940.809,131.71,0.103016676,0.0,0.0,22.013652690410268,1.065557543871863e-107,9.464106836458738,1.4804025736127012e-21,converged,0.154429725,0.154029725,monthly_compounded,0.08526336580259897,0.23471885220127647,1.1433899883634246,0.9957879404362641,60.0
PWOD,2022,1.0,0.17253264908438926,0.18673264908438925,3.734087232,5.613006007,0.442428751,0.370184694,19.14223743,12.56525624,21.29515829,14.36639659,14.36639659,20.26364203,11.25086851,22.66146886,14.14629438,14.14629438,7.600942459,0.128060878,1.120366759,10.925,18.57953,4.479278686,19.33467769,80.66532231,2000.08,256.132,0.239690082,0.0,0.0,12.70560093439893,2.7522479545894843e-37,4.777010681740442,8.896016299051881e-07,converged,0.107899491,0.093699491,monthly_compounded,0.09560957868022268,0.38234323632005796,0.5632014453458173,0.8985305675652233,60.0
PWOD,2023,1.0,-0.15632437857884884,-0.10682437857884886,4.13807733,5.457727503,0.461024531,0.432296655,17.90852782,16.3610718,39.95134516,23.0550924,23.0550924,19.14223743,12.56525624,21.29515829,14.36639659,14.36639659,7.698396163,0.180752165,0.882391859,10.798,18.57953,5.080464549,7.545950752,92.45404925,2204.809,398.524,0.081618391,0.0,0.0,9.097311849356936,4.629759282877547e-20,35.0,1.124910706472406e-268,converged,0.001664844,-0.047835156,monthly_compounded,0.11736413873618645,0.30439964486522103,0.6185323718640413,0.7068876214103134,60.0
FNWB,2018,0.0,-0.10652197819014741,-0.08842197819014741,-0.205161428,6.028484155,0.531294193,0.531294193,21.58687943,34.37928964,44.07617144,32.91954938,32.91954938,22.15799615,13.41452078,63.00274537,29.33459064,29.33459064,7.1378808,0.108481535,0.961613378,18.2,23.69118,0.0,0.0,100.0,1258.758,136.552,0.0,0.0,0.0,12.253016018084686,8.093114661564884e-35,,,no_sigma_E,-0.205161428,-0.223261428,monthly_compounded,,,,,
FNWB,2019,0.0,0.21101728539657358,0.23241728539657358,0.040841665,4.771467563,0.498094828,0.498094828,20.28455285,37.17344836,46.13074392,35.0450982,35.0450982,21.58687943,34.37928964,44.07617144,32.91954938,32.91954938,7.175746758,0.086381772,1.100161238,18.7,23.69118,0.0,0.0,100.0,1307.336,112.93,0.0,0.0,0.0,12.587844455917528,1.2315392204514429e-36,,,no_sigma_E,0.040841665,0.019441665,monthly_compounded,0.08293727709756887,0.49613179059490936,0.5589385880277834,0.2102775530368152,47.0
FNWB,2020,1.0,-0.12989020746793015,-0.12549020746793016,-0.175572663,6.781281429,0.982835209,0.982835209,18.99807322,34.18191912,66.69787577,40.96546716,40.96546716,20.28455285,37.17344836,46.13074392,35.0450982,35.0450982,7.411162857,0.066477509,0.857675249,14.59,22.19782,0.0,0.0,100.0,1654.349,109.977,0.0,0.0,0.0,15.4670973287317,2.8928851744319167e-54,8.377102864446538,2.7123216985044578e-17,converged,-0.175572663,-0.179972663,monthly_compounded,0.06346034042175994,0.42726971348453957,0.5246087974268465,0.30326263206264864,59.0
FNWB,2021,1.0,0.3147205963865662,0.3151205963865662,1.750317562,1.613752718,1.010953711,0.861838003,21.40868284,33.89633285,70.14557758,42.63760971,42.63760971,18.99807322,34.18191912,66.69787577,40.96546716,40.96546716,7.560643327,0.062090042,1.054919589,14.9,22.22055,2.056488658,18.19707963,81.80292037,1921.081,119.28,0.222450244,0.0,0.0,20.144678669695047,1.4982400159046951e-90,10.247880905997704,6.048322315536846e-25,converged,0.184335711,0.183935711,monthly_compounded,0.10479080631332666,0.5805550702946815,1.1386448948911525,0.7788972684359017,60.0
FNWB,2022,1.0,-0.24276650288525448,-0.22856650288525449,0.051474794,7.184823545,0.722527709,0.722527709,19.65513895,27.03509348,60.12211316,35.59499744,35.59499744,21.40868284,33.89633285,70.14557758,42.63760971,42.63760971,7.621719278,0.139739578,0.922474697,14.42,18.7269,0.0,0.0,100.0,2042.07,285.358,0.0,0.0,0.0,12.292661253124193,4.95930343930152e-35,4.779546215141871,8.78456424051384e-07,converged,0.051474794,0.037274794,monthly_compounded,0.12625440250962794,0.7628367391646036,0.680618815694259,0.8174457386293942,60.0
FNWB,2023,1.0,0.011301530843547888,0.06080153084354789,4.32681231,6.159170035,0.753897963,0.567517031,34.93700617,24.25372119,62.80580521,35.89478149,35.89478149,19.65513895,27.03509348,60.12211316,35.59499744,35.59499744,7.697029124,0.14576094,0.938002347,14.11,18.14516,5.261703554,28.63341424,71.36658576,2201.797,320.936,0.401215974,0.0,0.0,11.314794973260748,5.5430584364722974e-30,12.816052369840936,6.665860904080861e-38,converged,0.02781874,-0.02168126,monthly_compounded,0.14278345520799945,0.5891326733096323,0.8123624165526474,0.6547370153158676,60.0
MNSB,2020,1.0,-0.2691826087431302,-0.2647826087431302,1.710005657,2.161786995,0.295874762,0.267869116,18.99807322,18.05754843,26.04550488,18.33292578,18.33292578,20.28455285,20.79491706,18.14708691,16.84723015,16.84723015,7.404379539,0.0090277,0.896535436,14.6,28.55563882,2.572599279,10.3198388,70.52091101,1643.165,14.834,0.146337287,0.0,0.0,,,,,low_leverage_td_ta,-0.181465982,-0.185865982,monthly_compounded,0.041143903521683525,0.36647187693350874,0.4278037339106854,-0.05648657610165133,60.0
MNSB,2021,1.0,0.45376913074655717,0.4541691307465572,1.953193178,2.375301324,0.32252105,0.273548531,23.23013036,19.28928861,25.24689576,19.49127875,19.49127875,18.99807322,18.05754843,26.04550488,18.33292578,18.33292578,7.406954781,0.017781938,1.156355083,16.06,19.73905327,2.282621325,16.24931769,72.84862378,1647.402,29.294,0.223055932,0.0,0.0,,,,,low_leverage_td_ta,0.166289609,0.165889609,monthly_compounded,0.05814359614898501,0.2507908788314997,0.4552697411118388,0.6510443884175525,60.0
MNSB,2022,1.0,0.11468575781957478,0.1288857578195748,3.575397494,5.534525078,0.389112961,0.289996499,24.78902521,23.57051888,28.22905028,23.13434542,23.13434542,23.23013036,19.28928861,25.24689576,19.49127875,19.49127875,7.563071301,0.089443028,1.196364176,16.27,19.76057893,4.39631788,26.84171696,63.01516035,1925.751,172.245,0.425956497,0.0,0.0,11.52802627309472,4.7651793867440185e-31,5.864529539844587,2.252039550615108e-09,converged,0.0758825,0.0616825,monthly_compounded,0.0805337088596866,0.3594360539140263,0.3532184043530296,0.6880172851171166,60.0
WSBF,2021,1.0,0.23880942258564358,0.2392094225856436,0.04442937,1.515266,0.294499011,0.294499011,18.86779151,42.84895593,61.28020021,43.52068655,43.52068655,18.99807322,37.22499202,58.14054163,39.39419103,39.39419103,7.703394966,0.215323816,1.224796966,29.01,24.94635,0.0,0.0,100.0,2215.858,477.127,0.0,0.0,0.0,9.9209179194296,1.6881831762151644e-23,,,no_sigma_E,0.04442937,0.04402937,monthly_compounded,0.035914698370481474,0.07948978170973868,0.6200678488929452,0.38676194972567424,60.0
WSBF,2022,1.0,-0.17172764204222835,-0.15752764204222836,3.238486112,5.786231704,0.438006337,0.420453509,19.68436486,36.77585949,57.51582868,39.51169884,39.51169884,18.86779151,42.84895593,61.28020021,43.52068655,43.52068655,7.616614378,0.190377187,1.031843684,24.36,24.53231,4.376371343,5.241850264,94.75814974,2031.672,386.784,0.0553182,0.0,0.0,9.85237296002508,3.3472215824683824e-23,,,no_sigma_E,-0.067815008,-0.082015008,monthly_compounded,0.053208011776524414,0.19070387940294928,0.4212488065841808,0.34448908194487,60.0
FVCB,2019,0.0,-0.029350028421297997,-0.007950028421297994,1.376769208,4.808332545,0.550629386,0.515914286,20.28455285,25.03541842,24.02950228,21.06818836,21.06818836,21.58687943,13.35520036,17.27181879,12.84203414,12.84203414,7.337779657,0.032190959,1.356219695,13.43,32.9944708,2.177521566,9.125797785,90.87420221,1537.295,49.487,0.100422315,0.0,0.0,19.8879944356263,2.5850881432247963e-88,,,no_sigma_E,-0.090554457,-0.111954457,monthly_compounded,0.08165575500294547,0.8308161568147132,-0.6850396030940465,0.11007947487941676,59.0
FVCB,2020,1.0,-0.1629575271882844,-0.15855752718828442,1.370447348,4.396295294,0.69819022,0.574956064,18.99807322,20.99433754,29.57716702,21.06097155,21.06097155,20.28455285,25.03541842,24.02950228,21.06818836,21.06818836,7.507405185,0.037927928,1.048064232,0.0,26.95137387,2.046982357,22.68537812,77.31462188,1821.481,69.085,0.293416401,0.0,0.0,17.08099920560949,1.0278408171790142e-65,,,no_sigma_E,-0.161476753,-0.165876753,monthly_compounded,0.05306022505023453,0.5046511097653608,-0.4188474969342499,0.35164593911188774,60.0
FVCB,2021,1.0,0.3383755103043324,0.3387755103043324,1.779803399,1.563775889,0.694351594,0.657317319,17.43215031,17.9356621,41.99922995,24.01581119,24.01581119,18.99807322,20.99433754,29.57716702,21.06097155,21.06097155,7.697540848,0.020204964,1.287671098,10.55,21.14103226,2.242749043,6.668181454,93.33181855,2202.924,44.51,0.071445961,0.0,0.0,,,35.0,1.124910706472406e-268,extreme_DD_a_y2021_small,0.011994468,0.011594468,monthly_compounded,0.0440036652614143,0.1393770886514501,0.6006190082674412,0.4686386931304292,60.0
FVCB,2022,1.0,-0.045195934957433244,-0.030995934957433247,3.465375216,5.21210645,0.311509673,0.294577097,15.8938172,14.67518704,33.03724395,19.17230059,19.17230059,17.43215031,17.9356621,41.99922995,24.01581119,24.01581119,7.759751513,0.121384776,1.317312127,13.28,21.1426,4.320596946,6.793999294,93.20600071,2344.322,284.565,0.072892295,0.0,0.0,27.55652759325497,1.848017544853206e-167,11.216968185922198,1.6830676182631227e-29,converged,0.062511855,0.048311855,monthly_compounded,0.06361370437570923,0.2108379744761274,0.3632404971558206,0.57694763020151,60.0
FVCB,2023,1.0,-0.11871866801129051,-0.06921866801129051,3.788684523,4.656225405,0.218140649,0.204251722,14.03688525,11.77520453,23.07288685,14.14674071,14.14674071,15.8938172,14.67518704,33.03724395,19.17230059,19.17230059,7.691911585,0.047759521,1.164622434,13.83,20.90746,4.917974137,7.916769631,92.08323037,2190.558,104.62,0.085974065,0.0,0.0,27.9784159470665,1.4875213775626672e-172,35.0,1.124910706472406e-268,converged,-0.109755206,-0.159255206,monthly_compounded,0.10428523310372018,0.20526847500925974,0.633997034062046,0.5865448307534118,60.0
FRAF,2020,1.0,-0.27492046358100947,-0.27052046358100945,2.346522566,6.193343498,0.996640823,0.848107738,18.99807322,18.23655272,78.02476593,37.13424588,37.13424588,22.15799615,14.69062589,77.53260124,35.19828689,35.19828689,7.336310415,0.012739098,0.817244349,17.69,16.61597734,3.002527743,17.35768512,82.64231488,1535.038,19.555,0.210033869,0.0,0.0,,,,,low_leverage_td_ta,-0.190103396,-0.194503396,monthly_compounded,,,,,
FRAF,2021,1.0,0.27010184430403944,0.27050184430403945,2.215127818,1.62349365,0.909752447,0.813978307,17.43215031,17.14773025,78.64472038,36.81737354,36.81737354,18.99807322,18.23655272,78.02476593,37.13424588,37.13424588,7.4808828,0.011042921,0.935851756,18.41,15.62673176,2.399575749,12.23865843,87.76134157,1773.806,19.588,0.139453867,0.0,0.0,,,,,low_leverage_td_ta,0.217097108,0.216697108,monthly_compounded,,,,,
FRAF,2022,1.0,0.1238800601968144,0.1380800601968144,4.239256137,6.050960466,0.511289449,0.457210167,17.26625006,23.79954139,65.51582868,35.58790119,35.58790119,17.43215031,17.14773025,78.64472038,36.81737354,36.81737354,7.438135852,0.0115458,1.387894005,17.21,16.37640793,4.966405133,12.39171467,87.60828533,1699.579,19.623,0.141444552,0.0,0.0,,,,,low_leverage_td_ta,0.098358012,0.084158012,monthly_compounded,,,,,
FRAF,2023,1.0,-0.13678562678194395,-0.08728562678194396,4.303613385,5.219971767,0.432782509,0.267923315,15.2370401,20.96181214,63.63003244,33.4766928,33.4766928,17.26625006,23.79954139,65.51582868,35.58790119,35.58790119,7.515365813,0.081512974,1.043715097,14.45,14.89780959,4.986024168,41.9630198,58.0369802,1836.039,149.661,0.723039339,0.0,0.0,13.055815331932695,2.9438152022358226e-39,16.44464651941327,4.5808670594306923e-61,converged,0.104067448,0.054567448,monthly_compounded,0.11892316538497447,0.3990232358671986,0.6004680155222828,0.5664997006415791,44.0
EVBN,2018,0.0,-0.22664639745582604,-0.20854639745582604,2.84080172,6.126722,0.585615257,0.539860611,21.58687943,21.61382252,36.88540973,23.99920347,23.99920347,22.15799615,18.93321211,62.51086708,31.89478536,31.89478536,7.235768265,0.017628495,1.198416501,13.09,21.07883124,3.864250902,9.697500614,90.30249939,1388.207,24.472,0.107389061,0.0,0.0,,,,,low_leverage_td_ta,-0.231344931,-0.249444931,monthly_compounded,0.07371170360315907,0.37973304822160875,0.29747029535287234,0.4224481192877851,60.0
EVBN,2019,0.0,0.2483332792269469,0.2697332792269469,1.926383115,6.143748919,0.805860838,0.744685784,20.28455285,18.53174469,42.46099968,24.47770525,24.47770525,21.58687943,21.61382252,36.88540973,23.99920347,23.99920347,7.286349237,0.016267985,1.331493795,13.56,19.36628234,2.301763406,9.245932308,90.75406769,1460.23,23.755,0.101878985,0.0,0.0,,,,,low_leverage_td_ta,0.077556533,0.056156533,monthly_compounded,0.09341836273561199,0.5365177949591801,0.44624897721736395,0.43056419810619573,60.0
EVBN,2020,1.0,-0.2858640900588492,-0.2814640900588492,2.005140037,6.80167052,1.190957335,0.963248671,24.12965217,17.61283465,34.65317628,21.95005682,21.95005682,20.28455285,18.53174469,42.46099968,24.47770525,24.47770525,7.622720212,0.038971878,0.882327435,13.94,19.94363146,2.672084688,22.79707008,77.20292992,2044.115,79.663,0.295287628,0.0,0.0,14.898390285761543,1.6880782745762777e-50,7.402966014132404,6.658792140833634e-14,converged,-0.173612489,-0.178012489,monthly_compounded,0.09729908496592314,0.7355197910346025,0.4236071396561133,0.5418468580644916,60.0
EVBN,2021,1.0,0.5116764163632876,0.5120764163632876,3.262239627,1.83899617,1.181447366,1.040385415,17.43215031,18.45337373,43.12927134,24.67941106,24.67941106,24.12965217,17.61283465,34.65317628,21.95005682,21.95005682,7.701037345,0.03074449,1.201548011,14.93,18.86219,3.776269171,14.31798831,85.68201169,2210.64,67.965,0.167106118,0.0,0.0,21.395926178401048,7.290260449190186e-102,10.587961266182376,1.6944612522956876e-26,converged,0.231387567,0.230987567,monthly_compounded,0.12165367413737804,0.8247271326037795,0.5463939445479874,0.9755812523530205,60.0
EVBN,2022,1.0,-0.05578370962308488,-0.041583709623084886,4.573158155,7.600632105,0.896449078,0.771306255,15.8938172,16.84602809,54.36778399,27.92803217,27.92803217,17.43215031,18.45337373,43.12927134,24.67941106,24.67941106,7.686396436,0.10613814,1.320132894,14.34,19.8177,5.666128755,16.82945754,83.17054246,2178.51,231.223,0.202348777,0.0,0.0,13.816674878347232,1.010980337586423e-43,4.654918186229915,1.620546889549105e-06,converged,0.035981247,0.021781247,monthly_compounded,0.1343987243128963,0.9333413743781496,0.380763526194702,0.815851855716138,60.0
EVBN,2023,1.0,-0.17095275648181174,-0.12145275648181175,4.019555952,6.700432951,0.935086519,0.758751127,16.669483,15.56536185,15.27666476,13.59911287,13.59911287,15.8938172,16.84602809,54.36778399,27.92803217,27.92803217,7.653809376,0.088100849,0.973004063,15.59,23.50508,5.197921267,23.30193357,76.69806643,2108.663,185.775,0.303813833,0.0,0.0,12.52549298717524,2.7076905070358295e-36,9.956015248327228,1.1869368877019077e-23,converged,0.056598867,0.007098867,monthly_compounded,0.1568435701726194,0.7474646276511585,0.5664251444170749,0.7906653235339625,60.0
PKBK,2018,0.0,0.007917681625817966,0.026017681625817968,2.133912976,4.327542465,0.232251433,0.222948712,21.58687943,18.57354284,48.19120586,26.56131136,26.56131136,22.15799615,18.81119854,46.33264699,26.01010739,26.01010739,7.291246043,0.080450566,1.310696312,16.73,31.68729,3.448396909,5.673197221,92.88046129,1467.398,118.053,0.061080631,0.0,0.0,15.096627950874607,8.521450242507055e-52,,,no_sigma_E,-0.238780473,-0.256880473,monthly_compounded,0.10954655587343455,0.49282242338329746,0.9503300246323139,0.7353972904590692,60.0
PKBK,2019,0.0,0.3735606575349678,0.3949606575349678,1.528250867,5.412759857,0.643954658,0.617848971,20.28455285,15.64973613,31.09519261,18.95653846,18.95653846,21.58687943,18.57354284,48.19120586,26.56131136,26.56131136,7.42723931,0.088065978,1.698594087,16.7,31.68729,2.220001857,5.813448175,93.99019135,1681.16,148.053,0.061851647,0.0,0.0,14.317752361844096,8.475878526826211e-47,,,no_sigma_E,0.01245602,-0.00894398,monthly_compounded,0.07464827154232839,0.11334441141552277,1.1960601024799669,0.4658042173912463,60.0
PKBK,2020,1.0,-0.2971399038486395,-0.29273990384863946,1.546657328,4.683895428,0.988210246,0.5952033,18.99807322,13.49573601,14.46390818,11.90089201,11.90089201,20.28455285,15.64973613,31.09519261,18.95653846,18.95653846,7.639316116,0.128573917,0.922407154,20.61,31.46031,2.46800663,48.98250171,50.84499432,2078.322,267.218,0.963369204,0.0,0.0,11.914655735824454,4.963768987996633e-33,7.206721931969899,2.865743827003096e-13,converged,-0.284997112,-0.289397112,monthly_compounded,0.09353988517524735,0.5069898758589241,1.0728211906298835,0.595671242152617,60.0
PKBK,2021,1.0,0.4082112985389625,0.4086112985389625,1.767195501,1.606010336,0.922018337,0.821991451,17.43215031,13.38737602,15.1352392,12.08882462,12.08882462,18.99807322,13.49573601,14.46390818,11.90089201,11.90089201,7.666898512,0.056580909,1.091688609,22.57,25.74448,2.111826989,14.05854663,85.78665258,2136.445,120.882,0.163878018,0.0,0.0,16.99133608322059,4.759790949845585e-65,7.864522305911928,1.8525428295167156e-15,converged,0.232026059,0.231626059,monthly_compounded,0.10842494860614413,0.5584598468687759,1.1147452022677602,0.9189132735557678,60.0
PKBK,2022,1.0,-0.0102525359141148,0.0039474640858851995,3.408549351,6.876723453,0.746809447,0.662004232,15.8938172,11.18137552,18.40968343,12.17344829,12.17344829,17.43215031,13.38737602,15.1352392,12.08882462,12.08882462,7.593331371,0.063514559,0.93244647,20.59,25.38061,4.431645572,14.62993925,85.21821294,1984.915,126.071,0.171676203,0.0,0.0,11.582694002400562,2.521785744296369e-31,4.381169369897037,5.902203241787088e-06,converged,0.119320101,0.105120101,monthly_compounded,0.12475071844151991,0.6304789420109894,1.1312402337638912,0.8292899229364723,60.0
PKBK,2023,1.0,-0.0325109861001104,0.016989013899889605,3.676489165,6.437827113,0.826686507,0.709531775,14.03688525,9.375680468,18.17115054,11.21162384,11.21162384,15.8938172,11.18137552,18.40968343,12.17344829,12.17344829,7.612583964,0.083079318,0.85269194,24.19,25.38061,4.913686832,18.0846346,81.72848426,2023.5,168.111,0.22127701,0.0,0.0,9.448559804760226,1.717622713694268e-21,19.181605471513297,2.6363448567842125e-82,converged,0.012145123,-0.037354877,monthly_compounded,0.15611677520764264,0.6032977325293905,0.8078811674963623,0.9424951903569223,60.0
ATLO,2018,0.0,-0.06773042325508472,-0.04963042325508471,1.610707381,5.941922712,0.626006246,0.54967526,21.58687943,28.33782733,17.88252276,20.49327055,20.49327055,22.15799615,28.29339618,22.36902311,22.08637282,22.08637282,7.283233474,0.0379714,1.36659084,16.1,27.88763,2.403082714,16.14736382,83.85263618,1455.687351,55.274486,0.19256835,0.0,0.0,19.08475069080922,1.690430060898448e-81,,,no_sigma_E,-0.145746779,-0.163846779,monthly_compounded,0.11132854809265363,0.5067310622846044,0.8466340136501794,0.7988782007072959,60.0
ATLO,2019,0.0,0.12170953463492981,0.1431095346349298,1.192711468,4.631537351,0.577518997,0.505421084,20.28455285,20.75660816,20.42767696,17.64924135,17.64924135,21.58687943,28.33782733,17.88252276,20.49327055,20.49327055,7.46001983,0.027074628,1.379630074,14.3,27.88763,1.62326315,16.51466482,83.48533518,1737.182505,47.03357,0.197815159,0.0,0.0,19.849740518913993,5.538575258830014e-88,,,no_sigma_E,0.026517159,0.005117159,monthly_compounded,0.1200505861337637,0.543573100492955,0.7421881459572298,0.9033077713673228,60.0
ATLO,2021,1.0,0.06362553633266495,0.06402553633266495,0.8943287,1.438478915,0.716913121,0.630735118,17.43215031,18.39276359,24.56155549,17.96497072,17.96497072,20.28455285,20.75660816,20.42767696,17.64924135,17.64924135,7.667177441,0.020051557,1.071659029,14.8,20.57005,0.992080076,14.67682555,85.32317445,2137.041,42.851,0.172014528,0.0,0.0,33.01966798752453,2.1204815713760303e-239,17.80657757576143,3.1418233786511136e-71,converged,0.124608575,0.124208575,monthly_compounded,0.08613860162348137,0.3252013631491288,0.8895204883808272,0.9585673087227322,60.0
ATLO,2022,1.0,-0.004472905280791481,0.009727094719208518,3.694093948,5.996126898,0.528090272,0.453858036,15.8938172,17.13352444,23.06238361,16.80068622,16.80068622,17.43215031,18.39276359,24.56155549,17.96497072,17.96497072,7.666187265,0.037376471,1.423929649,14.1,20.57005,4.606142801,17.07542353,82.92457647,2134.926,79.796,0.205915113,0.0,0.0,27.640824245969355,1.7989014143735803e-168,25.819762167895476,2.6601335506648997e-147,converged,0.042734044,0.028534044,monthly_compounded,0.10018646466870465,0.5187954362114893,0.5744071462013076,0.7332673918215561,60.0
ATLO,2023,1.0,-0.09471332148579449,-0.04521332148579449,3.584683608,5.484925721,0.575283642,0.434347974,14.03688525,16.48253531,28.7092158,18.5106552,18.5106552,15.8938172,17.13352444,23.06238361,16.80068622,16.80068622,7.675769179,0.076355115,1.157459188,14.0,20.57005,4.491763673,29.00280569,70.99719431,2155.481,164.582,0.408506364,0.0,0.0,,,25.07559296611388,4.591602156624681e-139,extreme_DD_a_y2023_small,0.023772727,-0.025727273,monthly_compounded,0.11955941191736724,0.44736051508318,0.518431203445657,0.5253297941789891,60.0
EBMT,2018,0.0,-0.23109251848186418,-0.21299251848186418,3.021034211,5.163560497,0.440017521,0.367042499,21.58687943,42.55475423,49.97668221,39.0987637,39.0987637,22.15799615,41.54407016,26.7547472,30.23756779,30.23756779,6.749817604,0.148843604,0.95332846,16.449,20.7385552,4.001084444,20.05369101,79.94630899,853.903,127.098,0.250839485,0.0,0.0,10.711786722373068,4.48076550752161e-27,,,no_sigma_E,-0.187980069,-0.206080069,monthly_compounded,0.10039609996160437,0.3259115449249429,0.24246397896019897,1.1811713267035435,60.0
EBMT,2019,0.0,0.32969655620815763,0.3510965562081576,2.150219527,4.885086189,0.604703892,0.511894291,20.28455285,39.578069,65.63408681,43.25899348,43.25899348,21.58687943,42.55475423,49.97668221,39.0987637,39.0987637,6.960594378,0.107460209,1.129293154,15.917,18.48341,2.649096796,18.19480822,81.80519178,1054.26,113.291,0.222416302,0.0,0.0,11.715555184952434,5.304697527317569e-32,,,no_sigma_E,-0.011287605,-0.032687605,monthly_compounded,0.11951288503833445,0.4884214148899694,0.4341375253782805,1.1439811959843373,60.0
EBMT,2022,1.0,-0.292162861254766,-0.277962861254766,3.57805668,5.79711397,0.524558555,0.403235856,17.26625006,25.08596572,48.95903166,30.26552072,30.26552072,20.28455285,39.578069,65.63408681,43.25899348,43.25899348,7.57475559,0.065817621,0.81669461,14.1,22.67694,4.592216533,28.01153004,71.98846996,1948.384,128.238,0.38911134,0.0,0.0,20.69966010569425,1.7441082352145666e-95,11.121059006649858,4.954437728003477e-29,converged,0.03780374,0.02360374,monthly_compounded,0.09207639806675742,0.506779780498579,0.41574984183967634,0.640953397381032,60.0
BLFY,2022,1.0,-0.13586780591726277,-0.12166780591726278,2.607800919,5.271747985,0.306334443,0.29917916,15.8938172,48.49985024,44.80540037,40.18586985,40.18586985,17.43215031,28.49513127,27.66868804,24.0943128,24.0943128,7.622340024,0.156509594,0.898291072,21.9,31.28221211,3.765047599,3.407745808,97.91312217,2043.338,319.802,0.03480377,0.0,0.0,10.238764356939102,6.646154884713718e-25,,,no_sigma_E,0.020981352,0.006781352,monthly_compounded,,,,,
BLFY,2023,1.0,-0.29697081704541106,-0.24747081704541107,3.660751973,6.536080786,0.482757212,0.466543673,18.8284145,49.20674807,57.76172158,45.89074703,45.89074703,15.8938172,48.49985024,44.80540037,40.18586985,40.18586985,7.623134975,0.198746383,0.666435768,21.12,23.25648923,4.7719115,5.119778184,113.0595611,2044.963,406.429,0.045283903,0.0,0.0,7.907465612745688,1.3134083047505238e-15,,,no_sigma_E,-0.001220988,-0.050720988,monthly_compounded,,,,,
FUNC,2018,0.0,-0.09273820279106615,-0.07463820279106614,2.623099403,5.330915144,0.628288135,0.383872347,21.58687943,16.97458093,61.9853431,30.73411566,30.73411566,22.15799615,10.22841524,64.44978266,28.27521571,28.27521571,7.233105899,0.12902415,0.963722869,15.43,27.99188144,3.852994148,46.92767717,53.07232283,1384.516,178.636,0.884221279,0.0,0.0,11.434200355276312,1.4106192406825792e-30,,,no_sigma_E,-0.285213052,-0.303313052,monthly_compounded,0.05386217116807802,0.30951144975853007,0.5979363526216522,-0.048042935528903,60.0
FUNC,2019,0.0,0.5230633406512634,0.5444633406512633,1.388116538,4.60272492,0.711597699,0.517138263,20.28455285,24.57276469,63.68672397,35.11531192,35.11531192,21.58687943,16.97458093,61.9853431,30.73411566,30.73411566,7.273805042,0.103782384,1.360016119,15.6,27.65302,1.924074091,34.20008964,65.79991036,1442.027,149.657,0.519758909,0.0,0.0,12.194768868738535,1.6572154318301281e-34,,,no_sigma_E,-0.005916361,-0.027316361,monthly_compounded,0.088073625367364,0.4973280884746938,0.9325591708593909,0.15260571817012533,60.0
FUNC,2020,1.0,-0.3371385355873396,-0.33273853558733957,1.085925838,4.509082723,1.09218389,0.628146184,18.99807322,27.76014026,80.24161885,42.65601235,42.65601235,20.28455285,24.57276469,63.68672397,35.11531192,35.11531192,7.457848153,0.089470259,0.827108751,16.08,27.65302,1.64592149,50.52221524,49.47778476,1733.414,155.089,1.021109079,0.0,0.0,11.862412382379675,9.27754126890397e-33,6.398398277256328,7.850764596256326e-11,converged,-0.211910563,-0.216310563,monthly_compounded,0.07641575820056895,0.5753798930656858,0.9661826292578586,0.10928468376836947,60.0
FUNC,2021,1.0,0.2585934463394159,0.2589934463394159,1.13516444,1.436796154,0.93190448,0.563603626,17.43215031,26.09025164,80.93102372,42.07593335,42.07593335,18.99807322,27.76014026,80.24161885,42.65601235,42.65601235,7.455783041,0.051234856,0.875328512,14.97,22.18912,1.343360167,45.6469943,54.3530057,1729.838,88.628,0.839824656,0.0,0.0,18.55390734184401,3.791684236684904e-77,10.279661691845428,4.3516277998633e-25,converged,0.165370932,0.164970932,monthly_compounded,0.11267166809229767,0.7068769772878258,0.9856173348780605,0.788557551811759,60.0
FUNC,2022,1.0,0.06001819096977878,0.07421819096977877,3.556442758,5.879806834,0.757330237,0.408963036,17.26625006,26.29929775,76.88561409,40.92090309,40.92090309,17.43215031,26.09025164,80.93102372,42.07593335,42.07593335,7.521950698,0.051669517,0.862986503,14.37,22.18912,4.540177657,52.26148704,47.73851296,1848.169,95.494,1.094744763,0.0,0.0,16.200850703032106,2.4867138017316993e-59,5.539391993311813,1.5176178463324954e-08,converged,0.049625696,0.035425696,monthly_compounded,0.12166918929576608,0.7043099384389215,0.7710853670057418,0.7817966241688153,60.0
FUNC,2023,1.0,0.20250042636874122,0.2520004263687412,3.55311835,5.869630443,0.84858519,0.529676302,15.2370401,24.01823071,73.94490081,38.72570115,38.72570115,17.26625006,26.29929775,76.88561409,40.92090309,40.92090309,7.552688629,0.082034882,0.964359509,14.05,22.18912,4.599423862,43.62312382,56.37687618,1905.86,156.347,0.773776888,0.0,0.0,13.496110987410775,8.242561600671746e-42,17.099724056954333,7.455430244667096e-66,converged,-0.045646077,-0.095146077,monthly_compounded,0.16023847251706963,0.617593235802161,0.9303619875540595,0.9536328627722185,60.0
FCCO,2018,0.0,-0.14318061006572047,-0.12508061006572047,1.929797471,7.118637284,0.887720831,0.741175309,23.52538211,10.31170344,37.7248501,18.97469533,18.97469533,24.17324669,16.36395489,49.44520705,26.20699224,26.20699224,6.995395208,0.039590691,1.319320265,14.0,24.48864,2.731867375,20.75077567,79.24922433,1091.595,43.217,0.261842003,0.0,0.0,18.70082918254923,2.437043281669492e-78,,,no_sigma_E,-0.167916769,-0.186016769,monthly_compounded,0.0904873049411189,0.8510671435300363,-0.05012743452464497,0.05634657330345671,60.0
FCCO,2019,0.0,0.11623167086157901,0.13763167086157901,1.486286841,6.007402908,0.95681031,0.760664603,22.06022092,12.06637987,47.98790194,23.51626532,23.51626532,23.52538211,10.31170344,37.7248501,18.97469533,18.97469533,7.064997461,0.041418328,1.337662128,14.3,24.48864,1.928756272,25.45581811,74.54418189,1170.279,48.471,0.341486317,0.0,0.0,17.409161141966255,3.515327521986099e-68,,,no_sigma_E,0.04005242,0.01865242,monthly_compounded,0.09646469128729801,0.8380594310000423,0.24057267413201308,0.007800738449519695,60.0
FCCO,2020,1.0,-0.19323866825650918,-0.1888386682565092,0.884962476,4.050482033,0.808517728,0.550160452,20.85479836,13.50692378,60.11830364,28.60939193,28.60939193,22.06022092,12.06637987,47.98790194,23.51626532,23.51626532,7.240923492,0.040044948,0.934674686,13.9,22.77747,1.267511343,37.81547848,62.18452152,1395.382,55.878,0.608117222,0.0,0.0,22.027929800697407,7.776017404318837e-108,11.662116326511674,9.95164624297096e-32,converged,-0.150908698,-0.155308698,monthly_compounded,0.09657445196612119,0.9134489726919643,0.2629674808148755,0.2516100473715805,60.0
FCCO,2021,1.0,0.25218162124167537,0.2525816212416754,1.093818663,1.424750018,0.645761119,0.462107275,19.0205481,10.49576716,63.09003807,28.1470435,28.1470435,20.85479836,13.50692378,60.11830364,28.60939193,28.60939193,7.368029228,0.04366024,1.117589031,15.1,20.66671,1.244064428,33.37590618,66.62409382,1584.508,69.18,0.500958501,0.0,0.0,27.012676896715384,5.244777471560388e-161,12.586752015633554,1.2486979694939329e-36,converged,0.160394562,0.159994562,monthly_compounded,0.08272740536534276,0.5075788580451239,0.7968587136018646,0.5644215691803199,60.0
FCCO,2022,1.0,0.06878160420487854,0.08298160420487855,3.492297038,5.409584489,0.490542441,0.320501456,18.32180562,9.529489742,58.28412433,26.058542,26.058542,19.0205481,10.49576716,63.09003807,28.1470435,28.1470435,7.422341423,0.093073536,1.401479319,14.5,20.66671,4.365133559,40.07514672,59.92485328,1672.946,155.707,0.668756693,0.0,0.0,18.598513987907165,1.6516921312809975e-77,6.351284385287856,1.0676227259878827e-10,converged,0.048882843,0.034682843,monthly_compounded,0.09070265203104316,0.4581086724487746,0.5409557073456747,0.6450987428335037,60.0
FCCO,2023,1.0,-0.03721838056865025,0.012281619431349755,3.691082018,5.115192514,0.442553812,0.295605587,16.18572488,10.64237137,65.82049707,29.28342805,29.28342805,18.32180562,9.529489742,58.28412433,26.058542,26.058542,7.510807059,0.091824753,1.249520316,13.6,20.62897,4.622910547,38.51112667,61.48887333,1827.688,167.827,0.626310495,0.0,0.0,17.22912421904624,8.028196627260112e-67,17.65924922837454,4.319049132464633e-70,converged,0.035502847,-0.013997153,monthly_compounded,0.12143168841449127,0.3583909887221732,0.7541133223347692,0.6327392575029075,60.0
OVLY,2018,,-0.06942226618972402,-0.05132226618972402,,,,,,,,,,,,,,,,,,,,,,,,,,,,,,,,debt_too_low,,,monthly_compounded,0.023194159007960697,-0.01240782847456427,0.2549578254029973,0.02393145731474302,60.0
OVLY,2019,,0.05753981838393982,0.07893981838393982,,,,,,,,,,,,,,,,,,,,,,,,,,,,,,,,debt_too_low,,,monthly_compounded,0.03687822775028573,0.07492159682262627,0.3429910023362051,0.05529730004243343,60.0
OVLY,2020,,-0.1344652690501528,-0.1300652690501528,,,,,,,,,,,,,,,,,,,,,,,,,,,,,,,,debt_too_low,,,monthly_compounded,0.06666164769607653,0.4512565234669743,0.27304170588420923,0.4500273309777453,60.0
OVLY,2021,,0.06505927135779817,0.06545927135779817,,,,,,,,,,,,,,,,,,,,,,,,,,,,,,,,debt_too_low,,,monthly_compounded,0.06451716467576973,0.28982722870692107,0.4159089041633139,0.742867851778405,60.0
OVLY,2022,,0.3093474322633749,0.3235474322633749,,,,,,,,,,,,,,,,,,,,,,,,,,,,,,,,debt_too_low,,,monthly_compounded,0.07326207850276648,0.3135843941582134,0.1780479715751171,0.6895431287538164,60.0
ESQ,2018,0.0,0.0784133906122908,0.0965133906122908,2.383874546,6.17584994,0.555350751,0.554768267,21.58687943,17.72419486,26.13368865,18.19932857,18.19932857,22.15799615,20.82616554,28.96591169,20.75750632,20.75750632,6.498130029,0.000134057,1.761917014,18.7,28.26105,3.621352066,0.146144436,99.85385556,663.899,0.089,0.001463583,0.0,0.0,,,,,debt_too_low,-0.214358675,-0.232458675,monthly_compounded,,,,,
ESQ,2019,0.0,0.17998248829681116,0.20138248829681116,2.148203698,5.541813899,0.632755292,0.632522855,20.28455285,17.10842144,38.63525417,22.39446854,22.39446854,21.58687943,17.72419486,26.13368865,18.19932857,18.19932857,6.682118622,0.000107768,1.796222577,17.83,20.99961,2.649236998,0.046494125,99.95350588,798.008,0.086,0.000465158,0.0,0.0,,,,,debt_too_low,0.055321859,0.033921859,monthly_compounded,,,,,
ESQ,2020,1.0,-0.2683048713979069,-0.26390487139790686,1.614907283,8.304130132,1.239177377,1.238537286,18.99807322,33.94697599,35.42837008,29.59191332,29.59191332,20.28455285,17.10842144,38.63525417,22.39446854,22.39446854,6.842378006,5.23e-05,1.186244167,16.69,29.28129755,2.546469447,0.073026587,99.92697341,936.714,0.049,0.0007308,0.0,0.0,,,,,debt_too_low,-0.18605874,-0.19045874,monthly_compounded,,,,,
ESQ,2021,1.0,0.6473331944080876,0.6477331944080875,0.210643753,1.515266,1.061059112,1.061059112,17.43215031,26.64837003,41.395707,28.12004605,28.12004605,18.99807322,33.94697599,35.42837008,29.59191332,29.59191332,7.072226801,4.07e-05,1.772697318,15.89,24.11263383,0.0,0.0,100.0,1178.77,0.048,0.0,0.0,0.0,,,,,debt_too_low,0.210643753,0.210243753,monthly_compounded,0.13191498190532097,0.8462762561182932,0.6191543563149843,1.1402476555591685,43.0
ESQ,2022,1.0,0.3636576164274077,0.37785761642740767,0.053927963,7.811595723,0.857564782,0.857564782,15.8938172,22.15740125,52.90316574,30.05454603,30.05454603,17.43215031,26.64837003,41.395707,28.12004605,28.12004605,7.241107654,3.3e-05,2.241619808,15.44,23.31714016,0.0,0.0,100.0,1395.639,0.046,0.0,0.0,0.0,,,,,debt_too_low,0.053927963,0.039727963,monthly_compounded,0.13537168028296925,0.7980001094710562,0.7680301976042042,0.9216193267584621,55.0
ESQ,2023,1.0,0.11754199458728519,0.1670419945872852,0.042574608,6.642349619,0.788876335,0.788876335,14.03688525,17.6699031,47.906888,26.01075162,26.01075162,15.8938172,22.15740125,52.90316574,30.05454603,30.05454603,7.388251171,2.72e-05,2.085371238,15.38,26.49851,0.0,0.0,100.0,1616.876,0.044,0.0,0.0,0.0,,,,,debt_too_low,0.042574608,-0.006925392,monthly_compounded,0.17084975573186895,0.699073160092639,0.8435177063449828,1.0842192786018952,60.0
MBCN,2018,0.0,-0.11652227547464,-0.09842227547464,1.92809102,4.008672683,0.291145374,0.226871168,21.58687943,18.57032561,37.37841439,22.66711068,22.66711068,22.15799615,13.80515596,22.01670098,14.77336971,14.77336971,7.129616408,0.079462639,1.065758744,11.0,21.9718,2.600222661,26.63689197,73.36310803,1248.398,99.201,0.363082927,0.0,0.0,14.214530405439406,3.722458376439938e-46,,,no_sigma_E,-0.137420457,-0.155520457,monthly_compounded,0.05215089666470156,0.42470669292777125,0.11469907130368438,-0.08643622000106141,60.0
MBCN,2019,0.0,0.23973092813969896,0.26113092813969896,2.119573711,3.684605111,0.323642385,0.304065605,20.28455285,13.0270494,32.51087764,18.16533245,18.16533245,21.58687943,18.57032561,37.37841439,22.66711068,22.66711068,7.075364978,0.015450644,1.208196476,13.23,21.71827,2.625137109,7.599546448,92.40045355,1182.475,18.27,0.08224577,0.0,0.0,,,,,low_leverage_td_ta,0.069881656,0.048481656,monthly_compounded,0.046780059417865213,0.2756830880786199,0.14147404103619296,-0.010655090553060421,60.0
MBCN,2020,1.0,-0.11640823853497788,-0.11200823853497788,2.367929583,5.321724998,0.793517568,0.712847742,20.85479836,33.37919676,43.05547166,32.32341981,32.32341981,20.28455285,13.0270494,32.51087764,18.16533245,18.16533245,7.238481755,0.012240127,0.991337218,12.88,18.53566,2.933402984,12.19707712,87.80292288,1391.979,17.038,0.138914249,0.0,0.0,,,,,low_leverage_td_ta,-0.024768877,-0.029168877,monthly_compounded,0.025196245800109044,0.25868651146629085,0.2131157349709878,-0.11883724968526514,60.0
MBCN,2021,1.0,0.13368087825186564,0.13408087825186565,2.056821837,1.585127078,0.818131726,0.761288694,19.0205481,31.23453745,53.83097507,35.10021088,35.10021088,20.85479836,33.37919676,43.05547166,32.32341981,32.32341981,7.193690326,0.009891766,0.999622241,14.21,16.93786,2.362287262,8.247854059,91.75214594,1331.006,13.166,0.089892765,0.0,0.0,,,,,low_leverage_td_ta,0.103164327,0.102764327,monthly_compounded,0.07366683011353617,0.6185214657640133,0.4402714898872315,0.301926738985887,60.0
MBCN,2022,1.0,0.12456233634372847,0.13876233634372848,3.75006733,6.294820458,0.559878975,0.526035496,17.26625006,35.7476946,34.24115456,30.27463784,30.27463784,19.0205481,31.23453745,53.83097507,35.10021088,35.10021088,7.431111269,0.045775804,1.140828542,13.78,16.93786,4.550974651,7.188812592,92.81118741,1687.682,77.255,0.077456315,0.0,0.0,49.87777679824905,0.0,20.203182773144437,4.5893231497749485e-91,converged,-0.032398686,-0.046598686,monthly_compounded,0.09151860095925494,0.7409293066223923,0.2662980135146675,0.2391232658657076,60.0
HWBK,2018,0.0,0.053277793174329124,0.07137779317432913,1.887340759,3.75864341,0.241654271,0.173122441,21.58687943,32.37173988,36.59893404,29.23199923,29.23199923,22.15799615,37.42330575,29.33768016,29.12352451,29.12352451,7.300933208,0.114252586,1.276595132,13.28,33.99202,3.007367463,37.48873636,62.51126364,1481.682,169.286,0.599711703,0.0,0.0,13.228652077322383,2.997645818094589e-40,,,no_sigma_E,-0.156390622,-0.174490622,monthly_compounded,0.05141603628919896,0.17125212260591197,0.484374749110251,0.21908499748767507,60.0
HWBK,2019,0.0,0.2635377438091958,0.2849377438091958,1.313506128,2.695755167,0.20177044,0.150599264,20.28455285,36.60765527,41.19600976,32.98796053,32.98796053,21.58687943,32.37173988,36.59893404,29.23199923,29.23199923,7.308517345,0.116330489,1.391215828,14.89,33.72332137,1.959261935,33.89192908,66.10807092,1492.962,173.677,0.512674604,0.0,0.0,12.419644590936311,1.0223390180778748e-35,,,no_sigma_E,0.022648357,0.001248357,monthly_compounded,0.06061579025837881,0.20323928485058348,0.36060076315742673,0.35337224927507666,60.0
HWBK,2020,1.0,-0.08863073327757336,-0.08423073327757336,1.142081616,3.126699771,0.521521316,0.35703824,18.99807322,33.2421466,39.74327998,30.79568551,30.79568551,20.28455285,36.60765527,41.19600976,32.98796053,32.98796053,7.458031013,0.116116053,1.086718481,14.97,33.33802398,1.815002333,40.86619069,59.13380931,1733.731,201.314,0.691079962,0.0,0.0,18.416598292399605,4.834621881952967e-76,10.080237626179697,3.378126497264476e-24,converged,-0.114714077,-0.119114077,monthly_compounded,0.04515896061135105,0.10932014015598933,0.6634499473180361,0.4310994745256085,60.0
HWBK,2021,1.0,0.2573699738882484,0.2577699738882484,1.560879427,1.623427084,0.511744638,0.364023159,17.43215031,26.78474285,34.45086149,25.68754259,25.68754259,18.99807322,33.2421466,39.74327998,30.79568551,30.79568551,7.512917882,0.082298054,1.152288656,14.79,19.1754,1.838854001,33.4255547,66.5744453,1831.55,150.733,0.502077855,0.0,0.0,27.20914527553137,2.531315095147969e-163,14.661018996040182,5.727048978656618e-49,converged,0.11210463,0.11170463,monthly_compounded,0.05735459871180365,0.23978855865749524,0.7746776143791347,0.5035545662230679,60.0
HWBK,2022,1.0,-0.11372562158205025,-0.09952562158205025,4.666788391,5.691119256,0.396146356,0.30414438,17.26625006,24.03343673,39.69553073,26.40860601,26.40860601,17.43215031,26.78474285,34.45086149,25.68754259,25.68754259,7.561922517,0.079370847,1.15650691,13.85,19.1754,5.747734852,27.23358307,72.76641693,1923.54,152.673,0.374260328,0.0,0.0,24.8187962661121,2.8097397759359668e-136,8.56343791181147,5.477543731310245e-18,converged,0.029140762,0.014940762,monthly_compounded,0.0719465910179251,0.3722604874721666,0.13694834272991235,0.5629296440322955,60.0
NKSH,2019,,0.2526135533720487,0.2740135533720487,,,,,,,,,,,,,,,,,,,,,,,,,,,,,,,,debt_too_low,,,monthly_compounded,0.09427359104565716,0.3179931067942786,1.2608983456919953,0.49527972858883906,60.0
NKSH,2020,,-0.27425537988984144,-0.26985537988984143,,,,,,,,,,,,,,,,,,,,,,,,,,,,,,,,debt_too_low,,,monthly_compounded,0.08567893337272234,0.3653765529264064,1.0639291036403304,0.6927669768805795,60.0
NKSH,2021,,0.20385372692110865,0.20425372692110866,,,,,,,,,,,,,,,,,,,,,,,,,,,,,,,,debt_too_low,,,monthly_compounded,0.06497920360240053,0.15312416538752704,1.0774715553158825,0.7100365901253122,60.0
NKSH,2022,,0.14415676268394506,0.15835676268394505,,,,,,,,,,,,,,,,,,,,,,,,,,,,,,,,debt_too_low,,,monthly_compounded,0.07905920037981687,0.31218240332118125,0.7682597681853383,0.5504325921900233,60.0
PEBK,2018,0.0,-0.20708755149732827,-0.18898755149732827,2.376697572,5.42153498,0.588382424,0.437485866,21.58687943,29.44777071,36.99200533,27.92321619,27.92321619,22.15799615,32.41396883,57.22832304,36.67952483,36.67952483,6.996911105,0.071999934,1.150726163,16.15,21.92532,3.235978872,30.64124383,69.35875617,1093.251,78.714,0.441779027,0.0,0.0,15.050426844523164,1.7150697307531475e-51,,,no_sigma_E,-0.215953379,-0.234053379,monthly_compounded,0.08434599207389484,0.42493758467225146,0.234831605570831,0.6133013916278847,60.0
PEBK,2019,0.0,0.3533852559050744,0.3747852559050744,1.702085255,5.365030235,0.737574788,0.620487186,20.28455285,23.88320436,39.95436697,26.22964147,26.22964147,21.58687943,29.44777071,36.99200533,27.92321619,27.92321619,7.051753453,0.034497031,1.410125644,16.08,21.81803,2.138307522,19.4434146,80.5565854,1154.882,39.84,0.24136344,0.0,0.0,18.346844478893537,1.7492473329292274e-75,,,no_sigma_E,0.037631076,0.016231076,monthly_compounded,0.10030584843427083,0.5192603726535423,0.5020461945194424,0.6000128663255146,60.0
PEBK,2020,1.0,-0.27916365275174265,-0.27476365275174264,0.900922054,4.499155976,0.888199522,0.619225124,18.99807322,21.50338099,50.42887345,28.82007141,28.82007141,20.28455285,23.88320436,39.95436697,26.22964147,26.22964147,7.255714854,0.029420799,0.944438262,16.07,21.81803,1.406289465,35.71578026,64.28421974,1416.175,41.665,0.555591721,0.0,0.0,19.767718157385023,2.823651322812713e-87,10.118573533541964,2.285138306103494e-24,converged,-0.308851465,-0.313251465,monthly_compounded,0.09203511525666935,0.5855022685829515,0.8347776290918953,0.5185189436859241,60.0
PEBK,2021,1.0,0.22835620110731386,0.22875620110731387,1.196213317,1.443661204,0.8481324,0.682240819,17.43215031,20.1378306,21.43902204,17.70641191,17.70641191,18.99807322,21.50338099,50.42887345,28.82007141,28.82007141,7.392766356,0.032359455,1.089362976,16.35,18.22938,1.202863271,22.9206691,77.0793309,1624.193,52.558,0.297364661,0.0,0.0,18.036280013046845,5.056319630712414e-73,7.387479207324939,7.481926134922167e-14,converged,0.275851594,0.275451594,monthly_compounded,0.09945869885135875,0.38784268245859166,1.2948598171307995,0.9578335104798746,60.0
PEBK,2022,1.0,0.20358604164381422,0.2177860416438142,4.008276094,6.262345177,0.646212658,0.492383571,15.8938172,17.76211814,26.47765363,18.34196591,18.34196591,17.43215031,20.1378306,21.43902204,17.70641191,17.70641191,7.390753487,0.038960422,1.753554721,14.04,18.22938,4.77499895,27.64451976,72.35548024,1620.927,63.152,0.382065321,0.0,0.0,13.867053714354658,5.015664962526446e-44,4.273707432683243,9.612463102017746e-06,converged,0.143361425,0.129161425,monthly_compounded,0.11407539583558829,0.5604432739585046,1.0031717558223452,0.7760323964239966,60.0
PEBK,2023,1.0,-0.08760805759389469,-0.038108057593894684,3.914740983,5.591716791,0.681858643,0.412021157,14.03688525,15.97685048,47.21713413,24.93498121,24.93498121,15.8938172,17.76211814,26.47765363,18.34196591,18.34196591,7.399954503,0.062460038,1.421430501,14.96,18.22938,4.750179456,44.47261658,55.52738342,1635.91,102.179,0.80091324,0.0,0.0,10.736353566280524,3.4352329559655054e-27,16.67408988339549,1.0113433427763838e-62,converged,0.054909467,0.005409467,monthly_compounded,0.13663065647917688,0.48521235453728606,0.8344004423779293,0.7034978352102832,60.0
PLBC,2019,0.0,0.1626704336368979,0.1840704336368979,0.999704022,2.932756489,0.228529538,0.200641278,20.28455285,22.46872163,58.88676642,32.34372184,32.34372184,21.58687943,14.73860804,22.34621364,15.3549865,15.3549865,6.762950292,0.030424496,1.612599832,14.2,38.90297,1.640768365,18.53359216,81.46640784,865.191,26.323,0.227499808,0.0,0.0,21.03509201492652,1.565825350428678e-98,,,no_sigma_E,-0.003383871,-0.024783871,monthly_compounded,0.09058323118510658,0.0606363008738796,0.05322426057961026,1.4822882595770897,60.0
PLBC,2020,1.0,-0.09709674096470759,-0.09269674096470759,0.536636917,3.934179471,0.617799353,0.534955707,18.99807322,20.56360847,41.80106715,25.24793398,25.24793398,20.28455285,22.46872163,58.88676642,32.34372184,32.34372184,7.013534107,0.026258214,1.215951954,15.4,38.03289,1.243004224,19.99411069,80.00588931,1111.576,29.188,0.249907986,0.0,0.0,20.13034380387779,2.001041907462953e-90,,,no_sigma_E,-0.291999602,-0.296399602,monthly_compounded,0.09370884252639411,0.23131244658565456,0.3970076636329917,1.458691072419896,60.0
PLBC,2021,1.0,0.46515956133074904,0.46555956133074905,1.064562555,1.479818754,0.680460445,0.622025287,17.43215031,18.15789929,42.79237655,24.41157361,24.41157361,18.99807322,20.56360847,41.80106715,25.24793398,25.24793398,7.386516697,0.017095251,1.465939693,15.5,27.45088,1.206072326,11.46441494,88.53558506,1614.074,27.593,0.129489345,0.0,0.0,,,,,low_leverage_td_ta,0.214114692,0.213714692,monthly_compounded,0.09775908458336847,0.23739191334105936,0.6278301973319255,1.5272320020323342,60.0
PLBC,2022,1.0,0.10309003450494635,0.11729003450494635,3.204237427,6.56784391,0.659595509,0.598652186,55.38972125,32.55112506,44.62734297,37.81402379,37.81402379,17.43215031,18.15789929,42.79237655,24.41157361,24.41157361,7.390825665,0.017848991,1.821371574,15.7,27.44621,4.252407882,12.30461906,87.69538094,1621.044,28.934,0.140310914,0.0,0.0,,,,,low_leverage_td_ta,0.135644934,0.121444934,monthly_compounded,0.10223025840646119,0.4575077314034046,0.7098222415931533,0.837676934799432,60.0
PLBC,2023,1.0,0.09683421829162563,0.14633421829162563,2.896349761,6.212065909,0.750481114,0.685053696,55.99756129,32.20338406,42.54914516,37.13082483,37.13082483,55.38972125,32.55112506,44.62734297,37.81402379,37.81402379,7.38424781,0.070201737,1.6480615,16.9,26.84304,3.95120741,11.547539,88.452461,1610.416,113.054,0.130550794,0.0,0.0,12.1533687806713,2.7524805700161067e-34,30.68876868253229,4.018699540001016e-207,converged,0.006519363,-0.042980637,monthly_compounded,0.13792370550470504,0.5545413835531248,0.6249449461458726,0.6966490325732965,60.0
VABK,2023,1.0,-0.07472388732926506,-0.02522388732926506,3.820025654,4.852471876,0.295879476,0.240123177,15.2370401,10.30524816,14.79202442,10.60935418,10.60935418,17.26625006,7.831312176,16.71042831,10.09771536,10.09771536,7.406113709,0.04460525,1.205452569,18.12,18.58569,4.660185393,22.19147996,77.80852004,1646.017,73.421,0.285206298,0.0,0.0,17.66136057221882,4.1604760187920837e-70,,,no_sigma_E,0.033374072,-0.016125928,monthly_compounded,,,,,
PVBC,2021,1.0,0.5639489329439835,0.5643489329439835,0.057576004,1.515266,1.110117179,1.110117179,17.43215031,11.80646148,44.5702185,21.90128356,21.90128356,18.99807322,12.27626929,74.89882211,33.05260553,33.05260553,7.455462151,0.007806704,1.420539098,14.18,27.84467,0.0,0.0,100.0,1729.283,13.5,0.0,0.0,0.0,,,,,low_leverage_td_ta,0.057576004,0.057176004,monthly_compounded,0.10026966988630823,0.6242059464249812,1.1659946787484046,0.5741364499333225,60.0
PVBC,2022,1.0,-0.6197984258687126,-0.6055984258687126,-0.009267687,6.660800077,0.609627683,0.609627683,15.8938172,9.941242982,48.71042831,22.46661071,22.46661071,17.43215031,11.80646148,44.5702185,21.90128356,21.90128356,7.400242375,0.077505789,0.619804191,12.62,26.94971,0.0,0.0,100.0,1636.381,126.829,0.0,0.0,0.0,12.030986304826524,1.2211279947518057e-33,,,no_sigma_E,-0.009267687,-0.023467687,monthly_compounded,0.12811867535232443,0.8843019037423794,0.6220398627900267,0.6506913733736213,60.0
LARK,2018,0.0,-0.1648262642035797,-0.1467262642035797,2.654181388,5.274650284,0.484701989,0.398839044,21.58687943,19.37141518,42.919165,25.05912133,25.05912133,22.15799615,20.60305501,38.36078701,24.02899861,24.02899861,6.893437264,0.057717512,1.103728253,17.32,26.64071454,3.703145919,22.68815021,77.31184979,985.784,56.897,0.293462778,0.0,0.0,15.953946913772528,1.3372342347688262e-57,,,no_sigma_E,-0.080737945,-0.098837945,monthly_compounded,0.05634339030752336,0.5738529097182499,-0.25507975238389186,-0.10609204701872182,60.0
LARK,2019,0.0,0.16612883044233903,0.18752883044233903,2.083519319,4.621527254,0.604335437,0.467521411,20.28455285,29.02249162,44.67897697,30.47958755,30.47958755,21.58687943,19.37141518,42.919165,25.05912133,25.05912133,6.9062191,0.042263875,1.060386296,16.95,20.89986364,2.570567755,27.00503714,72.99496286,998.465,42.199,0.369957543,0.0,0.0,16.64673984913773,1.5977116776719e-62,,,no_sigma_E,0.068767374,0.047367374,monthly_compounded,0.058104634864448224,0.5432789658931488,-0.08750180810171157,-0.16127981110875028,60.0
LARK,2020,1.0,-0.014309972554287384,-0.009909972554287383,2.35758793,3.648160891,0.494444871,0.396610858,18.99807322,24.59120496,45.47669385,28.56884745,28.56884745,20.28455285,29.02249162,44.67897697,30.47958755,30.47958755,7.080049227,0.023587006,0.856993686,17.89,19.07046397,2.914145533,23.36003609,76.63996391,1188.027,28.022,0.304802285,0.0,0.0,34.8852457110037,6.222757472639931e-267,18.84088589503576,1.7453696543980693e-79,converged,-0.001065409,-0.005465409,monthly_compounded,0.0575912569534439,0.614177453003086,0.08248858856633066,0.007135216999841154,60.0
LARK,2021,1.0,0.34856528327663966,0.34896528327663967,2.010998126,1.662360597,0.421679216,0.358542252,17.43215031,18.68318719,37.5897584,22.79917387,22.79917387,18.99807322,24.59120496,45.47669385,28.56884745,28.56884745,7.19215798,0.021862076,1.057021375,18.91,17.24110489,2.353662977,17.54474322,82.45525678,1328.968,29.054,0.212778953,0.0,0.0,51.866802361789055,0.0,35.0,1.124910706472406e-268,converged,0.076565951,0.076165951,monthly_compounded,0.04888298503613346,0.3428962436022898,0.5065750464546873,0.22857039878698038,60.0
LARK,2022,1.0,-0.15280594310575835,-0.13860594310575836,4.014438815,5.304381259,0.343736113,0.275805793,15.8938172,19.08752502,36.79981378,22.71534537,22.71534537,17.43215031,18.68318719,37.5897584,22.79917387,22.79917387,7.315129896,0.045415196,1.058714096,13.44,17.57629048,4.895144108,23.00697444,76.99302556,1502.867,68.253,0.298818942,0.0,0.0,,,28.95554014977337,1.1949629259128408e-184,extreme_DD_a_y2022_small,-0.02639271,-0.04059271,monthly_compounded,0.06187391481892148,0.3129658298419466,0.4728249490404692,0.28414697599778693,60.0
LARK,2023,1.0,-0.11233390759967767,-0.06283390759967766,4.808179619,5.439572964,0.445783468,0.339066767,14.03688525,15.61989649,50.42072124,25.93089552,25.93089552,15.8938172,19.08752502,36.79981378,22.71534537,22.71534537,7.353512321,0.063410883,0.854351032,13.33,12.66136,5.452595218,26.49023337,73.50976663,1561.672,99.027,0.360363454,0.0,0.0,,,19.543130812400346,2.3598267457749545e-85,extreme_DD_a_y2023_small,0.062518373,0.013018373,monthly_compounded,0.09556598705576155,0.26402064878503945,0.5868022761569801,0.28861623668092823,60.0
UNB,2018,0.0,-0.09472578210949212,-0.07662578210949211,2.814470985,4.698479297,0.342957261,0.302022887,21.58687943,16.07375732,55.04885632,27.79017191,27.79017191,22.15799615,13.27159059,64.97712194,29.97447283,29.97447283,6.691260823,0.034545786,3.307188945,12.86,23.38644,3.867420331,15.03144959,84.96855041,805.337,27.821,0.176906038,0.0,0.0,23.9879575274952,1.8571309625009572e-127,,,no_sigma_E,-0.174767499,-0.192867499,monthly_compounded,0.08855971707061103,0.16267698907964637,0.6685005460328731,1.022259346800851,60.0
UNB,2019,0.0,-0.23644847467942723,-0.21504847467942723,2.015094994,4.340416141,0.529545806,0.418808699,21.29806636,26.05797156,52.86745198,32.10298255,32.10298255,21.58687943,16.07375732,55.04885632,27.79017191,27.79017191,6.771834749,0.054030647,2.257058948,13.02,23.38644,2.569195896,25.65726547,74.34273453,872.912,47.164,0.345121358,0.0,0.0,18.571069491138395,2.754728368549161e-77,,,no_sigma_E,0.062874409,0.041474409,monthly_compounded,0.10216509271239863,0.32666767484644715,0.7158726214910883,0.9206107872723017,60.0
UNB,2020,1.0,-0.25567853105600186,-0.25127853105600184,-0.203462291,6.871113632,0.99791506,0.99791506,23.08641908,19.78885553,68.57847579,35.09224543,35.09224543,21.29806636,26.05797156,52.86745198,32.10298255,32.10298255,6.997188222,0.006551117,1.424355683,13.87,23.38644,0.0,0.0,100.0,1093.554,7.164,0.0,0.0,0.0,,,,,low_leverage_td_ta,-0.203462291,-0.207862291,monthly_compounded,0.10867495754938508,0.42548044115501577,0.9325216105748211,1.1773946052392132,60.0
UNB,2021,1.0,0.17849941450011103,0.17889941450011104,3.731255043,1.786640209,0.943532238,0.861837134,25.61020975,23.2466258,69.11564207,37.5895981,37.5895981,23.08641908,19.78885553,68.57847579,35.09224543,35.09224543,7.094544342,0.013415764,1.589330559,15.39,15.88939,4.194596121,10.12843497,89.87156503,1205.373,16.171,0.112698994,0.0,0.0,,,,,low_leverage_td_ta,0.226049985,0.225649985,monthly_compounded,0.12228427940713868,0.546076993434408,0.9241694151902481,1.358789366153003,60.0
UNB,2022,1.0,-0.16761532109346866,-0.15341532109346867,5.126759574,7.213319927,0.769917556,0.678948985,24.56151073,22.84201962,67.26364016,36.79270006,36.79270006,25.61020975,23.2466258,69.11564207,37.5895981,37.5895981,7.197801305,0.049536509,1.96035355,13.98,15.88939,6.011385297,13.74071404,86.25928596,1336.489,66.205,0.159295476,0.0,0.0,18.031190720477877,5.5439005780420295e-73,5.032696361002127,2.418144085625211e-07,converged,0.081784506,0.067584506,monthly_compounded,0.12475846545172432,0.7265922828187654,0.7760016120718392,0.8084050561590364,60.0
UNB,2023,1.0,0.3383264914057581,0.3878264914057581,4.460023768,6.521325183,0.816028755,0.715142328,21.84449035,23.29783745,72.68750718,38.84752509,38.84752509,24.56151073,22.84201962,67.26364016,36.79270006,36.79270006,7.292254804,0.055780633,2.104680219,13.34,15.88939,5.22999773,14.36316309,85.63683691,1468.879,81.935,0.167721784,0.0,0.0,16.98328179929068,5.460253751865093e-65,15.612204935860309,3.0061363882534187e-55,converged,0.071278642,0.021778642,monthly_compounded,0.1515420562995704,0.6843698520195837,0.5542739146804402,0.79549325230601,60.0
RMBI,2020,1.0,-0.1377711445840513,-0.1333711445840513,2.044067065,5.582417924,0.783451853,0.781111738,18.99807322,33.48548056,28.86640491,27.00070412,27.00070412,20.28455285,16.80489702,9.419505465,11.72625089,11.72625089,6.988590894,0.157252978,0.935209533,21.9,23.64836218,2.749302606,0.390845247,99.60915475,1084.192657,170.492524,0.003923788,0.0,0.0,10.375783809817808,1.5978947819632816e-25,,,no_sigma_E,-0.055286588,-0.059686588,monthly_compounded,,,,,
RMBI,2021,1.0,0.2442298565546061,0.24462985655460612,1.715851335,1.516859397,0.744241357,0.742583922,17.43215031,30.99967315,13.18606218,20.12282027,20.12282027,18.99807322,33.48548056,28.86640491,27.00070412,27.00070412,7.144911979,0.142415092,1.102735248,17.3,21.41062573,2.077903056,0.283201507,99.71679849,1267.639741,180.53103,0.002840058,0.0,0.0,10.959765456979373,2.982688430120778e-28,,,no_sigma_E,0.083075597,0.082675597,monthly_compounded,,,,,
RMBI,2022,1.0,-0.1843635838325337,-0.17016358383253372,3.465945501,6.74591548,0.629900812,0.628006857,17.26625006,28.37268241,21.08286778,21.87964856,21.87964856,17.43215031,30.99967315,13.18606218,20.12282027,20.12282027,7.191449218,0.135961299,1.158088416,14.31,20.2354385,4.370300325,0.376666,99.623334,1328.026411,180.560196,0.003780901,0.0,0.0,23.16889975803057,4.6882734549579976e-119,13.361936374518498,5.045232529293462e-41,converged,-0.020081028,-0.034281028,monthly_compounded,,,,,
RMBI,2023,1.0,-0.12166738074540386,-0.07216738074540385,4.411271485,6.054096456,0.622719721,0.620056842,15.2370401,20.16362336,16.67143675,16.17569671,16.17569671,17.26625006,28.37268241,21.08286778,21.87964856,21.87964856,7.286892703,0.185889081,0.956623466,14.1,18.154755,5.389509383,0.521979799,99.4780202,1461.023801,271.588371,0.005247187,0.0,0.0,22.825346157270545,1.284477080991299e-115,16.4733679064739,2.850317533962043e-61,converged,0.000215451,-0.049284549,monthly_compounded,0.12321718737877527,0.5350604880899685,0.517517969769042,0.439770898259049,42.0
OVBC,2018,0.0,-0.12478879083577177,-0.10668879083577176,3.828723673,4.147050196,0.21793942,0.204676699,21.58687943,9.97389459,20.3697535,12.28016298,12.28016298,22.15799615,14.58604283,17.91008922,13.68230936,13.68230936,6.937792607,0.046786344,1.407154072,16.6,24.67715,5.156215205,7.921303453,92.07869655,1030.493,48.213,0.086027537,0.0,0.0,18.16639438810432,4.762795905213415e-74,,,no_sigma_E,-0.059823361,-0.077923361,monthly_compounded,0.04695535761476134,0.2032498333248536,0.11092194088663661,0.22747014926026607,60.0
OVBC,2019,0.0,0.12399706800518415,0.14539706800518415,1.915879502,3.631805318,0.313957486,0.296961375,20.28455285,8.683408674,21.10049878,11.90315026,11.90315026,21.58687943,9.97389459,20.3697535,12.28016298,12.28016298,6.920939978,0.041934446,1.463094511,18.7,22.53439,2.488963967,6.879929041,93.12007096,1013.272,42.491,0.073882343,0.0,0.0,18.35746083116628,1.4387541819005615e-75,,,no_sigma_E,-0.013113841,-0.034513841,monthly_compounded,0.0542914094022723,0.17229411485996804,0.3718959869291727,0.2600645914482382,60.0
OVBC,2020,1.0,-0.38782154726748513,-0.3834215472674851,1.893682399,2.293350198,0.224297051,0.204756673,18.99807322,20.84609961,21.11245344,17.94014865,17.94014865,20.28455285,8.683408674,21.10049878,11.90315026,11.90315026,7.079127106,0.030636127,0.819434927,11.7,21.71946,2.545648622,10.86632939,89.13367061,1186.932,36.363,0.121910489,0.0,0.0,,,35.0,1.124910706472406e-268,extreme_DD_a_y2020_small,-0.111142162,-0.115542162,monthly_compounded,0.060836987209864586,0.26354903634482707,0.38798080868087764,0.6270219053475447,60.0
OVBC,2021,1.0,0.2736486864051732,0.2740486864051732,1.853259725,1.565335787,0.24602642,0.230041964,17.43215031,19.67315284,18.14900375,16.29152516,16.29152516,18.99807322,20.84609961,21.11245344,17.94014865,17.94014865,7.130714013,0.022495357,0.985762268,10.3,16.64094,2.166008303,7.694257225,92.30574277,1249.769,28.114,0.083356214,0.0,0.0,,,30.724054226039044,1.3584158895293426e-207,extreme_DD_a_y2021_small,0.051671286,0.051271286,monthly_compounded,0.033497884615624855,0.0665510295960944,0.28907633177857706,0.5112985368135005,60.0
OVBC,2022,1.0,-0.07320671492042964,-0.05900671492042964,4.220177621,4.343243487,0.099572912,0.093313744,15.8938172,19.7843382,18.35102421,16.41940046,16.41940046,17.43215031,19.67315284,18.14900375,16.29152516,16.29152516,7.09902584,0.021841166,0.927700644,11.0,16.29566,4.965362379,7.418991937,92.58100806,1210.787,26.445,0.080135139,0.0,0.0,46.498377042958445,0.0,18.407551973548134,5.713620537869312e-76,converged,0.069078761,0.054878761,monthly_compounded,0.049403065109326516,0.13733098634775615,0.2810738073783699,0.4257625571253346,60.0
OVBC,2023,1.0,-0.14238038472917725,-0.09288038472917726,3.815745969,4.080477148,0.048502557,0.044962314,14.03688525,17.15430289,18.43064301,15.16323785,15.16323785,15.8938172,19.7843382,18.35102421,16.41940046,16.41940046,7.209440104,0.03926605,0.762338192,10.8,16.2817,4.54590369,8.596593827,91.40340617,1352.135,53.093,0.094051132,0.0,0.0,30.995593718754744,3.090144517919219e-211,35.0,1.124910706472406e-268,converged,0.010932502,-0.038567498,monthly_compounded,0.07630432341868155,0.0438892836807593,0.3506135352601761,0.378796307608085,60.0
CBFV,2018,0.0,-0.1676039554536295,-0.1495039554536295,1.755813645,4.676639223,0.375428126,0.331008811,21.58687943,29.52820138,23.92071952,23.25744691,23.25744691,22.15799615,34.53351889,33.98421414,29.36294246,29.36294246,7.155943381,0.039774487,0.978108058,12.57,29.02301,2.704762034,15.90041854,84.09958146,1281.701,50.979,0.18906656,0.0,0.0,17.233180365708417,7.484498432147223e-67,,,no_sigma_E,-0.194941557,-0.213041557,monthly_compounded,0.04589697239358633,0.17840502606913805,0.390029040607552,0.11978306449931386,58.0
CBFV,2019,0.0,0.24135629972804348,0.2627562997280435,1.129564584,3.372944018,0.313854103,0.276032412,20.28455285,20.38825328,28.74986735,20.46252587,20.46252587,21.58687943,29.52820138,23.92071952,23.25744691,23.25744691,7.186550732,0.033726638,1.089894412,12.54,29.02301,1.597705531,16.18101265,83.81898735,1321.537,44.571,0.193047103,0.0,0.0,17.307582268776024,2.0618530428874815e-67,,,no_sigma_E,-0.005295591,-0.026695591,monthly_compounded,0.061325940910279333,0.30056049435786986,0.6231318777792825,0.05551257087513006,60.0
CBFV,2020,1.0,-0.3121433890222682,-0.30774338902226817,0.683059336,4.37613568,0.80562894,0.623303423,18.99807322,16.21995753,36.072687,21.03126626,21.03126626,20.28455285,20.38825328,28.74986735,20.46252587,20.46252587,7.25609962,0.034625755,0.808309104,13.04,28.36308453,1.071184648,28.99390409,71.00609591,1416.72,49.055,0.408329788,0.0,0.0,23.830976736957435,7.975047834056723e-126,12.28888119047956,5.196725886429321e-35,converged,-0.118728264,-0.123128264,monthly_compounded,0.057701634080572245,0.2825791491109079,0.8627314591649574,0.29228242117038894,60.0
CBFV,2021,1.0,0.25648841577655074,0.25688841577655075,0.799699376,1.373578037,0.778273835,0.61691401,17.43215031,29.53492805,24.71748965,23.54762059,23.54762059,18.99807322,16.21995753,36.072687,21.03126626,21.03126626,7.262263177,0.039893257,0.951176159,13.18,23.2939722,0.958058287,25.42821278,74.57178722,1425.479,56.867,0.340989719,0.0,0.0,32.269582358282584,9.346406053597463e-229,21.146138415529503,1.4973837939590778e-99,converged,0.086910777,0.086510777,monthly_compounded,0.08537354475495393,0.4499577740227185,1.082065585611156,0.6052125810161003,60.0
CBFV,2022,1.0,-0.08616120942393048,-0.07196120942393047,3.555706972,6.025146826,0.575332775,0.465120237,17.26625006,36.41527085,48.26722533,35.65514114,35.65514114,17.43215031,29.53492805,24.71748965,23.54762059,23.54762059,7.250591508,0.016110006,0.992211432,13.58,19.72154672,4.410890578,22.78983779,77.21016221,1408.938,22.698,0.295166298,0.0,0.0,,,,,low_leverage_td_ta,0.019054797,0.004854797,monthly_compounded,0.09991219079170502,0.5568773355776634,0.5760719791231989,0.6513604609592898,60.0
CBFV,2023,1.0,0.11503270909423523,0.16453270909423523,4.289947497,5.750448469,0.55134152,0.497371557,15.2370401,32.64461886,60.03529861,37.97726075,37.97726075,17.26625006,36.41527085,48.26722533,35.65514114,35.65514114,7.283510727,0.023815819,0.871721604,14.61,19.01264,5.333017656,11.81535796,88.18464204,1456.091,34.678,0.133984305,0.0,0.0,34.78003739791361,2.436936804815367e-265,35.0,1.124910706472406e-268,converged,-0.033024697,-0.082524697,monthly_compounded,0.12345068709868923,0.47407531469458747,0.6036911003805573,0.524237863069801,60.0
CIZN,2020,1.0,,,0.966219469,1.169331634,0.031931125,0.014919448,18.99807322,22.90464893,46.1038961,27.95810847,27.95810847,20.28455285,29.62954046,51.89748488,33.37934662,33.37934662,7.279795963,0.152528586,0.979097237,13.14,19.306,1.206614961,58.55842432,41.44157568,1450.692,221.272,1.413035662,0.0,0.0,10.703239810340168,4.9140327618552954e-27,,,no_sigma_E,-0.017968447,-0.022368447,unavailable,,,,,
OPOF,2018,0.0,-0.2718673458949,-0.2537673458949,4.45863848,5.387735808,0.440667969,0.390135093,21.58687943,28.36678237,56.85654008,34.53827849,34.53827849,22.15799615,35.81640445,60.81560284,39.65855363,39.65855363,6.945227349,0.085076523,1.109474236,12.06,4.29446,4.859393209,11.92055522,88.07944478,1038.183,88.325,0.135338674,0.0,0.0,14.060508036280636,3.320388231463288e-45,,,no_sigma_E,-0.218064534,-0.236164534,monthly_compounded,0.05003682125969472,-0.053031442806391625,0.8149107547943808,0.4707020353493841,60.0
OPOF,2019,0.0,0.26302614492484866,0.28442614492484863,2.002232972,4.150778768,0.459958076,0.383363946,22.06022092,26.00492846,63.56255969,36.03666221,36.03666221,21.58687943,28.36678237,56.85654008,34.53827849,34.53827849,6.96081062,0.047797604,1.302425786,12.86,4.29446,2.224449021,17.27058649,82.72941351,1054.488,50.402,0.208759929,0.0,0.0,16.284657637306143,6.341849680197326e-60,,,no_sigma_E,-0.153135348,-0.174535348,monthly_compounded,0.08702100685254535,0.35805650590389726,0.7390547092675627,0.4921478439590352,60.0
OPOF,2020,1.0,-0.2960364341871095,-0.2916364341871095,0.868532553,4.726018887,0.982673578,0.63667051,20.85479836,22.48790457,59.9889258,33.01738238,33.01738238,22.06022092,26.00492846,63.56255969,36.03666221,36.03666221,7.111667896,0.029782473,0.845511121,12.77,4.70546,1.123829007,36.31757227,63.68242773,1226.191,36.519,0.570291893,0.0,0.0,,,35.0,1.124910706472406e-268,extreme_DD_a_y2020_small,-0.317850837,-0.322250837,monthly_compounded,0.054796288746986714,0.30327386112651517,0.7547288902076242,0.2343018843863966,60.0
OPOF,2021,1.0,0.2597251657800454,0.2601251657800454,2.280541608,1.728556147,0.957788519,0.742601222,19.0205481,18.48115338,62.27452113,31.81420896,31.81420896,20.85479836,22.48790457,59.9889258,33.01738238,33.01738238,7.199047079,0.025724225,1.013524082,13.61,7.09151,2.412413035,23.77426876,76.22573124,1338.155,34.423,0.311892958,0.0,0.0,40.5535515879778,0.0,16.514428773236453,1.4444160990579732e-61,converged,0.051432875,0.051032875,monthly_compounded,0.10449506067526258,0.7005488316335995,0.49210048716110477,0.8413257615735569,60.0
OPOF,2022,1.0,0.16658165191893537,0.18078165191893536,4.883986224,5.268904464,0.307940231,0.253152332,17.26625006,25.59273894,60.33612663,34.61263443,34.61263443,19.0205481,18.48115338,62.27452113,31.81420896,31.81420896,7.211803935,0.06788211,1.367059382,11.7,10.448055,5.303585014,19.4634822,80.5365178,1355.335,92.003,0.241672756,0.0,0.0,16.72689152241818,4.174154790600371e-63,5.75627026527492,4.299633673594737e-09,converged,0.167033158,0.152833158,monthly_compounded,0.1202183613661672,0.779231976094213,0.6845704958439709,0.6415463769582275,60.0
OPOF,2023,1.0,-0.3649036988304052,-0.3154036988304052,4.677702713,4.831644239,0.215406282,0.166239485,15.2370401,21.83436635,56.49208166,31.33981741,31.33981741,17.26625006,25.59273894,60.33612663,34.61263443,34.61263443,7.276820545,0.07017579,0.846325117,12.46,12.08054,5.448609871,25.17196228,74.82803772,1446.382,101.501,0.336397466,0.0,0.0,10.919480010305168,4.651343262901674e-28,16.654535830394035,1.4025604409751794e-62,converged,-0.150592834,-0.200092834,monthly_compounded,0.11309601943858863,0.18337915821241602,0.9870205943358656,0.6702219408339251,60.0
BFIN,2018,0.0,-0.020028089587004746,-0.0019280895870047443,1.543036306,5.240916438,0.440561191,0.417680036,22.59698044,31.13359775,24.58916278,24.43981763,24.43981763,23.13346995,33.14605027,31.91146191,28.06903545,28.06903545,7.368544713,0.013277404,1.316583672,15.3,28.26105,2.390638813,7.094482525,92.90551747,1585.325,21.049,0.076362338,0.0,0.0,,,,,low_leverage_td_ta,-0.185115892,-0.203215892,monthly_compounded,0.07342387443917354,0.3318656677106059,0.8942169625017288,0.2283351321583967,60.0
BFIN,2019,0.0,-0.12115974971647117,-0.09975974971647117,1.35760164,4.026592005,0.370800793,0.368805325,21.29806636,25.97546007,10.67069935,16.87122591,16.87122591,22.59698044,31.13359775,24.58916278,24.43981763,24.43981763,7.305198296,4.1e-05,1.146068802,16.38,20.99961,1.778313789,0.680227158,99.31977284,1488.015,0.061,0.006848859,0.0,0.0,,,,,debt_too_low,-0.047596957,-0.068996957,monthly_compounded,0.07910314399715884,0.36573212137343314,0.9048041525852405,0.21286587803371104,60.0
SBFG,2018,0.0,-0.11324672336582431,-0.0951467233658243,1.876595624,6.130852378,0.631413222,0.55630919,21.58687943,6.605457733,27.02531646,13.00542096,13.00542096,22.15799615,6.993312513,31.61404713,14.84973997,14.84973997,6.894495759,0.042047854,0.874873386,13.5,30.88089,2.975039848,15.01372451,76.86693412,986.828,41.494,0.195320975,0.0,0.0,16.42810582996002,6.018008070027648e-61,,,no_sigma_E,-0.233813723,-0.251913723,monthly_compounded,0.07678578272234217,0.5968314581343376,0.0023647500593844562,0.2080650001596906,60.0
SBFG,2019,0.0,0.2005816631575664,0.2219816631575664,1.2702047,5.135548919,0.648141582,0.559437167,20.28455285,12.60859825,39.34309668,20.41737954,20.41737954,21.58687943,6.605457733,27.02531646,13.00542096,13.00542096,6.945606786,0.037796909,1.06965312,13.4,30.88089,1.840927227,16.97945166,74.0163864,1038.577,39.255,0.229401251,0.0,0.0,16.43471348121321,5.3966807268709926e-61,,,no_sigma_E,-0.003009894,-0.024409894,monthly_compounded,0.08594794153915714,0.6225530065057157,0.3246250078293988,0.14356584841684217,60.0
SBFG,2020,1.0,-0.05170318222446772,-0.04730318222446772,0.954307811,6.444809804,1.175094511,0.972881541,18.99807322,13.30274701,37.28682171,20.02141833,20.02141833,20.28455285,12.60859825,39.34309668,20.41737954,20.41737954,7.137150448,0.030607256,0.898018323,14.16,30.88089,1.51724005,23.11903626,76.88096374,1257.839,38.499,0.300712103,0.0,0.0,20.943226792071023,1.0815107768643998e-97,11.224712545977264,1.541938265351393e-29,converged,-0.122780729,-0.127180729,monthly_compounded,0.07778692328668205,0.5855524332404569,0.4518531479987854,0.3639412519749119,60.0
SBFG,2021,1.0,0.09050900188480333,0.09090900188480333,1.491603995,1.586602182,1.123905255,0.84900306,19.0205481,14.44300266,32.42853018,19.06672947,19.06672947,18.99807322,13.30274701,37.28682171,20.02141833,20.02141833,7.19357612,0.038077806,0.889859553,15.2,19.42675,1.76411585,28.66635548,71.33364452,1330.854,50.676,0.401863043,0.0,0.0,26.58136627533556,5.574477945332113e-156,21.01692189509191,2.2963443355024908e-98,converged,0.098408712,0.098008712,monthly_compounded,0.12135025184509574,0.7697733790786258,1.0778748942985543,0.8257532340502748,60.0
SBFG,2022,1.0,-0.08546935988713879,-0.07126935988713878,3.56845867,6.652494474,0.809112075,0.604849153,17.26625006,17.0994147,34.18528864,20.98564393,20.98564393,19.0205481,14.44300266,32.42853018,19.06672947,19.06672947,7.197160616,0.078484883,0.99263756,14.67,19.42675,4.423585129,29.53442797,70.46557203,1335.633,104.827,0.419132736,0.0,0.0,24.33254867615148,4.43598326258524e-131,9.061331600890291,6.443379860213661e-20,converged,0.006006287,-0.008193713,monthly_compounded,0.13337938845722977,0.8807711675218722,0.8430747392811041,0.6771166435992199,60.0
SBFG,2023,1.0,-0.10546721102215818,-0.05596721102215818,4.078046222,5.986392885,0.733535747,0.521210019,15.2370401,14.50937296,43.54035489,23.07596626,23.07596626,17.26625006,17.0994147,34.18528864,20.98564393,20.98564393,7.202846585,0.094501466,0.835587772,14.67,18.95439,5.068858636,33.45063098,66.54936902,1343.249,126.939,0.502643849,0.0,0.0,20.468613210161948,2.0506284970394224e-93,20.46580019092379,2.1724547906335906e-93,converged,-0.045141193,-0.094641193,monthly_compounded,0.15220524438724026,0.6487584976910582,1.0352354498718432,0.6542651607806357,60.0
UBFO,2018,0.0,-0.11936587395313014,-0.10126587395313014,2.179181704,4.244967579,0.254564923,0.245327773,21.58687943,21.82937674,62.73040195,33.41031557,33.41031557,22.15799615,4.434321837,71.65293983,27.99448197,27.99448197,6.838467364,0.010883568,1.486164763,17.8,32.09777811,3.427675642,5.253749596,94.7462504,933.058,10.155,0.055450739,0.0,0.0,,,,,low_leverage_td_ta,-0.156508796,-0.174608796,monthly_compounded,0.10033636683890489,0.7148983165945095,-0.32038860243753137,0.682238181518363,60.0
UBFO,2019,0.0,0.1586740595692336,0.1800740595692336,1.211395491,4.1140028,0.405152292,0.391487303,20.28455285,18.03078206,60.42555449,30.69646752,30.69646752,21.58687943,21.82937674,62.73040195,33.41031557,33.41031557,6.863718748,0.011294582,1.570246802,17.98,39.73396,1.958504072,5.474779826,94.52522017,956.919,10.808,0.057918721,0.0,0.0,,,,,low_leverage_td_ta,0.032882911,0.011482911,monthly_compounded,0.06215416017093915,0.25699710437782397,0.06998998141262375,0.42106743056032003,60.0
UBFO,2020,1.0,-0.29908111879109706,-0.29468111879109704,1.176247574,5.125659053,0.752465546,0.710097281,18.99807322,18.09111173,57.21634954,29.57107725,29.57107725,20.28455285,18.03078206,60.42555449,30.69646752,30.69646752,6.996364878,0.009997675,1.017933358,17.78,38.60578,2.210709473,8.857595135,91.14240487,1092.654,10.924,0.097184128,0.0,0.0,,,,,low_leverage_td_ta,-0.198590617,-0.202990617,monthly_compounded,0.05272233640370395,0.3834069113521147,0.2557806187575654,0.2635406126181561,60.0
AUBN,2018,0.0,-0.19390817556001838,-0.17580817556001838,1.894916628,5.200776627,0.404743464,0.400798657,21.58687943,20.74963797,76.49122807,37.82866254,37.82866254,22.15799615,21.31877976,57.62411348,31.31879561,31.31879561,6.706956464,0.002811471,1.295433843,17.38,27.20876,2.77389873,1.334097291,98.66590271,818.077,2.3,0.013521361,0.0,0.0,,,,,low_leverage_td_ta,-0.125918529,-0.144018529,monthly_compounded,0.033231299323687576,0.317880500690368,-0.08038284886902534,-0.2297674994035139,60.0
AUBN,2019,0.0,0.6987769020354963,0.7201769020354962,1.24622842,4.538365364,0.460326919,0.458408985,20.28455285,30.47859125,63.45113021,37.95978814,37.95978814,21.58687943,20.74963797,76.49122807,37.82866254,37.82866254,6.718867008,0.001291251,1.922196506,18.12,27.20876,1.638544643,0.571494702,99.4285053,827.879,1.069,0.005747795,0.0,0.0,,,,,low_leverage_td_ta,0.053819029,0.032419029,monthly_compounded,0.05438516528636001,0.3331309419087706,0.2618286796598865,-0.001249719044438853,60.0
AUBN,2020,1.0,-0.20036182867196153,-0.19596182867196155,0.556804247,5.664497732,0.80839996,0.798987645,18.99807322,35.02090883,66.37571731,41.26562901,41.26562901,20.28455285,30.47859125,63.45113021,37.95978814,37.95978814,6.863382195,0.002500531,1.380611444,18.31,26.40944,0.813445029,1.575568208,98.42443179,956.597,2.392,0.016007897,0.0,0.0,,,,,low_leverage_td_ta,-0.042483867,-0.046883867,monthly_compounded,0.05307044520630263,0.39618198434029483,0.19878586008409763,0.2735309493785681,60.0
AUBN,2021,1.0,-0.21870552847121244,-0.21830552847121243,0.89437452,1.501436075,0.61824943,0.604847024,17.43215031,41.7541321,61.44287227,42.82948354,42.82948354,18.99807322,35.02090883,66.37571731,41.26562901,41.26562901,7.007736351,0.003119938,1.096269648,17.06,19.84393,1.001149314,2.69003625,97.30996375,1105.15,3.448,0.027643996,0.0,0.0,,,,,low_leverage_td_ta,0.094432853,0.094032853,monthly_compounded,0.07914403040968462,0.5299152609918311,0.5681267349608331,0.5441760324686128,60.0
AUBN,2022,1.0,-0.25418615687110413,-0.23998615687110414,3.73841582,6.519271931,0.592065946,0.577050447,17.26625006,36.72224572,49.43761639,36.22874146,36.22874146,17.43215031,41.7541321,61.44287227,42.82948354,42.82948354,6.931362425,0.002491483,1.184277068,16.25,19.56899,4.66419427,3.133824088,96.86617591,1023.888,2.551,0.032352099,0.0,0.0,,,,,low_leverage_td_ta,-0.0134647,-0.0276647,monthly_compounded,0.08374045710092862,0.4275148050066672,0.7157040885221626,0.45908370088793515,60.0
