instrument,year,covid,rit_rf,rit,new_wacc,"weighted_average_cost_of_capital,_(%)",beta_levered,beta_unlevered,environmental_pillar_score,social_pillar_score,governance_pillar_score,esg_score,esg_combined_score,environmental_pillar_score_1,social_pillar_score_1,governance_pillar_score_1,esg_score_1,esg_combined_score_1,lnta,td/ta,price_to_book_value_per_share,capital_adequacy_total_(%),"wacc_tax_rate,_(%)","wacc_cost_of_debt,_(%)","wacc_debt_weight,_(%)","wacc_equity_weight,_(%)",total_assets,debt_total,d/e,dummylarge,dummymid,rf,F,ticker_prefix,date,Month,symbol,market_cap,equity_volatility,solver_status,equity_vol,sigmaE_window_end_year,sigmaE_window_start_year,sigma_E_method,sigma_E_window_months,E_t,F_t,rf_t,T,sigma_E_tminus1,asset_value,asset_vol,solver_cost,nfev,status_flag,d1,d2,DD_m,PD_m
ABCB,2016,0,0.36482797,0.36682797,1.954161782,8.819529648,1.360975371,1.246731645,21.15270351,39.29607554,55.73947668,39.55706507,39.55706507,18.2821119,40.15431986,66.39093137,43.81727795,43.81727795,8.838121096,0.091417755,2.355335889,10.106,31.68618,2.387100586,11.82728389,88.17271611,6892.031,630.054,0.134137684,0,0,0.002,630054000.0,ABCB,,,ABCB,3004515065.6,0.2391603397935335,converged,0.2391603397935335,2015,2015,unknown,0,3004515065.6,630054000.0,0.002,1.0,0.2391603397935335,3633310217.128709,0.19777030617943928,0.0,8,converged,8.968234253865191,8.770463947685752,8.770463947685752,8.896579999649308e-19
ABCB,2017,0,0.236120629,0.244120629,1.822848914,7.884872134,1.1911948,1.116321358,22.15799615,41.65562543,68.93388241,45.47738788,45.47738788,21.15270351,39.29607554,55.73947668,39.55706507,39.55706507,8.96905869,0.046681839,2.232416978,13.139,31.49383,2.336282666,8.91751312,91.08248688,7856.203,366.742,0.097905903,0,0,0.008,366742000.0,ABCB,,,ABCB,3321505187.2000003,0.2546242451305512,converged,0.2546242451305512,2016,2016,unknown,0,3321505187.2000003,366742000.0,0.008,1.0,0.2546242451305512,3685324955.712969,0.22948742960096113,0.0,5,converged,10.20442655524751,9.974939125646548,9.974939125646548,9.811087013795718e-24
ABCB,2018,0,-0.368210621,-0.350110621,2.026303985,10.82817279,1.392523336,1.317869321,21.58687943,37.66456892,55.87830335,38.79781539,38.79781539,22.15799615,41.65562543,68.93388241,45.47738788,45.47738788,9.345178473,0.022837826,1.032942789,12.229,31.10399,3.410669159,7.59749613,92.40250387,11443.515,261.345,0.082221756,0,0,0.0181,261345000.00000003,ABCB,,,ABCB,2182408076.32,0.2596273294476337,converged,0.2596273294476337,2017,2017,unknown,0,2182408076.32,261345000.00000003,0.0181,1.0,0.2596273294476337,2439065284.3197093,0.2323073452130151,0.0,5,converged,9.80860997048562,9.576302625272604,9.576302625272604,5.029064115705634e-22
ABCB,2019,0,0.012035141,0.033435141,1.604610381,9.426956555,1.47480426,1.350583811,20.28455285,37.26774721,52.9672079,37.55299746,37.55299746,21.58687943,37.66456892,55.87830335,38.79781539,38.79781539,9.811513646,0.084796344,1.197244334,12.94,29.85871,2.245540802,11.59273148,88.40726852,18242.579,1546.904,0.131128715,0,0,0.021400000000000002,1546904000.0,ABCB,,,ABCB,2931469515.84,0.2863224626172957,converged,0.2863224626172957,2018,2018,unknown,0,2931469515.84,1546904000.0,0.021400000000000002,1.0,0.2863224626172957,4445621466.609612,0.18880275345511732,0.0,5,converged,5.7991071499180835,5.610304396462967,5.610304396462967,1.0098552087659823e-08
ABCB,2020,1,-0.210822953,-0.206422953,1.690197883,7.940022067,1.467601924,1.191658665,54.42843622,49.6656972,74.30557249,56.3975123,56.3975123,20.28455285,37.26774721,52.9672079,37.55299746,37.55299746,9.925182408,0.027454912,1.000134556,15.27,28.0153,2.564961458,24.33887537,75.66112463,20438.638,561.141,0.321682707,0,0,0.0044,561141000.0,ABCB,,,ABCB,2623437810.72,0.25470125808134,converged,0.25470125808134,2019,2019,unknown,0,2623437810.72,561141000.0,0.0044,1.0,0.25470125808134,3182115214.4924564,0.20998389328208208,0.0,8,converged,8.390052188208792,8.18006829492671,8.18006829492671,1.4184152222312802e-16
ABCB,2021,1,0.218588798,0.218988798,1.839579046,1.594365379,1.290137658,1.165590842,53.38414502,59.17687046,66.63859379,58.53741293,58.53741293,54.42843622,49.6656972,74.30557249,56.3975123,56.3975123,10.07988832,0.036551273,1.165765572,13.78,23.69886,2.159195174,12.28386328,87.71613672,23858.321,872.052,0.140041089,0,0,0.0004,872052000.0,ABCB,,,ABCB,3458186447.04,0.7376649048422735,converged,0.7376649048422735,2020,2020,unknown,0,3458186447.04,872052000.0,0.0004,1.0,0.7376649048422735,4328778053.722974,0.5900762218816662,0.0,7,converged,3.0109440598662656,2.4208678379845994,2.4208678379845994,0.007741752704110768
ABCB,2022,1,0.001457267,0.015657267,3.471070286,8.601081296,1.170387689,1.041076266,54.52979497,48.36522527,63.11737065,52.17831348,52.17831348,53.38414502,59.17687046,66.63859379,58.53741293,58.53741293,10.12876028,0.079991822,1.022723781,12.9,23.69886,4.531524705,13.99982634,86.00017366,25053.286,2004.058,0.16278835,0,0,0.014199999999999999,2004058000.0,ABCB,,,ABCB,3270057017.0,0.3412052307217205,converged,0.3412052307217205,2021,2021,unknown,0,3270057017.0,2004058000.0,0.014199999999999999,1.0,0.3412052307217205,5245858187.708248,0.21269389869831462,0.0,6,converged,4.697285992144593,4.484592093446278,4.484592093446278,3.652677487008412e-06
ABCB,2023,1,-0.08002404,-0.03052404,3.825582127,7.47521268,1.13540901,1.01260711,17.41491575,36.17008205,59.58580095,39.87768543,39.87768543,54.52979497,48.36522527,63.11737065,52.17831348,52.17831348,10.13474605,0.02538917,1.069025446,14.45,23.51765,5.036362748,13.68620669,86.31379331,25203.699,639.901,0.158563379,0,0,0.0495,639901000.0,ABCB,,,ABCB,3663279740.05,0.3190023758500551,converged,0.3190023758500551,2022,2022,unknown,0,3663279740.05,639901000.0,0.0495,1.0,0.3190023758500551,4272276822.524852,0.27352978224705493,0.0,6,converged,7.258799957758077,6.9852701755110225,6.9852701755110225,1.4215415921806602e-12
ACNB,2019,0,0.010970998,0.032370998,1.278689517,2.538262745,0.13409182,0.118916829,20.28455285,29.06964104,49.07460469,32.08539965,32.08539965,21.58687943,7.901509952,51.83544304,22.57990843,22.57990843,7.450226652,0.057974612,1.411774934,15.64,25.44999,1.67813489,14.61557933,85.38442067,1720.253,99.731,0.171173842,0,0,0.021400000000000002,99731000.0,ACNB,,,ACNB,395838053.2662,0.2903463279511778,converged,0.2903463279511778,2018,2018,unknown,0,395838053.2662,99731000.0,0.021400000000000002,1.0,0.2903463279511778,493457484.2386797,0.23290785711070697,0.0,5,converged,7.073540573611922,6.840632716501215,6.840632716501215,3.942208206403412e-12
ACNB,2020,1,-0.254633842,-0.250233842,0.637246828,1.529470514,0.121505256,0.09983081,18.99807322,27.05251393,60.67753951,35.26196114,35.26196114,20.28455285,29.06964104,49.07460469,32.08539965,32.08539965,7.845949176,0.036084516,0.843434212,14.91,25.44999,1.114744063,22.55444715,77.44555285,2555.362,92.209,0.291229726,0,0,0.0044,92209000.0,ACNB,,,ACNB,261659210.25000003,0.2419977785685187,converged,0.2419977785685187,2019,2019,unknown,0,261659210.25000003,92209000.0,0.0044,1.0,0.2419977785685187,353463381.92543805,0.1791442929041812,0.0,5,converged,7.614914602170123,7.435770309265942,7.435770309265942,5.1980172180853075e-14
ACNB,2021,1,0.212867053,0.213267053,0.995293178,1.437059699,0.095294081,0.083041556,17.43215031,23.75423574,45.29309847,28.08761638,28.08761638,18.99807322,27.05251393,60.67753951,35.26196114,35.26196114,7.932716363,0.025081567,0.99769054,18.71,19.22291,1.008905854,15.44479785,84.55520215,2786.987,69.902,0.182659345,0,0,0.0004,69902000.0,ACNB,,,ACNB,271485563.68,0.8653598329847328,converged,0.8653598329847328,2020,2020,unknown,0,271485563.68,69902000.0,0.0004,1.0,0.8653598329847328,340977212.6136265,0.691892351663506,0.0,6,converged,2.6369404105935916,1.9450480589300856,1.9450480589300856,0.025884597207189615
ACNB,2022,1,0.127569598,0.141769598,3.905756544,5.499492672,0.387979876,0.342944255,17.26625006,20.99279741,42.17970205,25.79475059,25.79475059,17.43215031,23.75423574,45.29309847,28.08761638,28.08761638,7.834197114,0.024927272,1.38338296,17.32,19.22291,4.684263449,13.98378516,86.01621484,2525.507,62.954,0.162571501,0,0,0.014199999999999999,62954000.0,ACNB,,,ACNB,338986927.20000005,0.2871137941908202,converged,0.2871137941908202,2021,2021,unknown,0,338986927.20000005,62954000.0,0.014199999999999999,1.0,0.2871137941908202,401053297.4996782,0.24268052389119246,0.0,7,converged,7.810008470920068,7.5673279470288755,7.5673279470288755,1.9048962893296925e-14
ACNB,2023,1,0.024222961,0.073722961,3.981961066,5.748060666,0.584907718,0.504535153,15.2370401,19.45467306,33.20644915,21.77666183,21.77666183,17.26625006,20.99279741,42.17970205,25.79475059,25.79475059,7.791046259,0.104253804,1.373067337,17.41,19.22291,4.853334129,16.47244182,83.52755818,2418.847,252.174,0.197209666,0,0,0.0495,252174000.0,ACNB,,,ACNB,380972636.28,0.2820453516864416,converged,0.2820453516864416,2022,2022,unknown,0,380972636.28,252174000.0,0.0495,1.0,0.2820453516864416,620967932.6045109,0.17303882676964982,0.0,6,converged,5.580431586719154,5.407392759949504,5.407392759949504,3.1974404252257974e-08
ALRS,2020,1,-0.015796487,-0.011396487,1.81125748,5.538694633,0.861756247,0.766357457,20.85479836,34.75793799,75.9055673,44.83330989,44.83330989,22.06022092,39.43171869,75.21277725,46.89042848,46.89042848,8.010947398,0.019488873,1.41965829,16.79,28.88722,2.560659561,14.89728816,85.10271184,3013.771,58.735,0.175050687,0,0,0.0044,58735000.0,ALRS,,,ALRS,694259209.0,0.1751370269219032,converged,0.1751370269219032,2019,2019,unknown,0,694259209.0,58735000.0,0.0044,1.0,0.1751370269219032,752736342.7218597,0.16153131831711942,0.0,4,converged,15.898622217018493,15.737090898701375,15.737090898701375,4.211392725686103e-56
ALRS,2021,1,0.072837546,0.073237546,1.706068707,1.581584816,0.670397237,0.616689287,19.0205481,35.90302821,75.87159496,45.35040546,45.35040546,20.85479836,34.75793799,75.9055673,44.83330989,44.83330989,8.129378691,0.017370577,1.402282609,18.64,24.05389,2.159907368,10.28770718,89.71229282,3392.691,58.933,0.114674443,0,0,0.0004,58933000.0,ALRS,,,ALRS,742707696.0,0.4561830221955594,converged,0.4561830221955594,2020,2020,unknown,0,742707696.0,58933000.0,0.0004,1.0,0.4561830221955594,801617127.5095953,0.42265893502143154,0.0,4,converged,6.388011598252392,5.965352663230961,5.965352663230961,1.2205311526171396e-09
ALRS,2022,1,-0.072396417,-0.058196417,3.368981311,6.301563299,0.632423343,0.529436556,17.26625006,32.76956609,70.48324022,41.84463694,41.84463694,19.0205481,35.90302821,75.87159496,45.35040546,45.35040546,8.237383252,0.115599196,1.308048127,16.48,23.73583,4.478316148,20.3227089,79.6772911,3779.637,436.923,0.255062749,0,0,0.014199999999999999,436923000.0,ALRS,,,ALRS,592289095.0,0.4050453207978267,converged,0.4050453207978267,2021,2021,unknown,0,592289095.0,436923000.0,0.014199999999999999,1.0,0.4050453207978267,1023047422.2977377,0.2345159063888621,0.0,6,converged,3.8056395052453498,3.5711235988564876,3.5711235988564876,0.0001777265482970607
ALRS,2023,1,-0.048601476,0.000898524,3.38636152,5.339488226,0.684421263,0.382470984,15.2370401,38.94594852,84.19385613,49.79980098,49.79980098,17.26625006,32.76956609,70.48324022,41.84463694,41.84463694,8.270707571,0.095484494,1.197002614,14.76,23.65597,4.435081289,50.83816953,49.16183047,3907.713,373.126,1.034098386,0,0,0.0495,373126000.0,ALRS,,,ALRS,567938023.0,0.2992745855226287,converged,0.2992745855226287,2022,2022,unknown,0,567938023.0,373126000.0,0.0495,1.0,0.2992745855226287,923043959.8178014,0.18414012212661773,0.0,6,converged,5.279753686071795,5.095613563945178,5.095613563945178,1.7380678174704708e-07
AMTB,2020,1,-0.435393268,-0.430993268,1.429964123,4.075076424,0.61578078,0.499788631,18.99807322,42.41611639,68.6590154,45.75563928,45.75563928,20.28455285,26.65912672,48.70741802,30.75759734,30.75759734,8.958140366,0.150916375,0.734227164,13.96,30.219,2.512704254,24.95798495,75.04201505,7770.893,1172.755,0.332586817,0,0,0.0044,1172755000.0,AMTB,,,AMTB,637679520.0,0.2378046831098632,converged,0.2378046831098632,2019,2019,unknown,0,637679520.0,1172755000.0,0.0044,1.0,0.2378046831098632,1805285731.294438,0.08399955000198349,0.0,6,converged,5.229684678455323,5.145685128453339,5.145685128453339,1.3327309381995283e-07
AMTB,2021,1,0.496032825,0.496432825,2.024546522,1.587478602,1.448600892,1.316364471,17.43215031,38.46229689,64.55770527,42.31807315,42.31807315,18.99807322,42.41611639,68.6590154,45.75563928,45.75563928,8.940943305,0.122100063,1.485672813,14.56,25.30041,2.12445634,11.85386528,88.14613472,7638.399,932.649,0.134479695,0,0,0.0004,932649000.0,AMTB,,,AMTB,1449462329.9999998,0.6550777488618563,converged,0.6550777488618563,2020,2020,unknown,0,1449462329.9999998,932649000.0,0.0004,1.0,0.6550777488618563,2379800193.18207,0.4012352740204247,0.0,5,converged,2.536261951205508,2.135026677185083,2.135026677185083,0.016379415549548255
AMTB,2022,1,0.202692544,0.216892544,3.806654738,8.905050483,1.260289589,1.103554235,22.70569188,37.63834853,43.71801632,35.3880167,35.3880167,17.43215031,38.46229689,64.55770527,42.31807315,42.31807315,9.119080419,0.116036453,1.282252621,12.39,21.8938,4.638727218,15.3861282,84.6138718,9127.804,1059.158,0.181839312,0,0,0.014199999999999999,1059157999.9999999,AMTB,,,AMTB,1126007784.0,0.2978261819473289,converged,0.2978261819473289,2021,2021,unknown,0,1126007784.0,1059157999.9999999,0.014199999999999999,1.0,0.2978261819473289,2170231971.262431,0.15452488843687645,0.0,8,converged,4.811514742292277,4.656989853855401,4.656989853855401,1.60433125774408e-06
AMTB,2023,1,0.152715007,0.202215007,4.064090686,8.983340129,1.754215972,1.454168362,42.5731461,37.10406492,65.5896251,44.94988446,44.94988446,22.70569188,37.63834853,43.71801632,35.3880167,35.3880167,9.181562945,0.082146062,1.121678508,12.12,20.76622,4.92675644,20.66101847,79.33898153,9716.327,798.158,0.260414466,0,0,0.0495,798158000.0,AMTB,,,AMTB,1030775382.0,0.2671130394526987,converged,0.2671130394526987,2022,2022,unknown,0,1030775382.0,798158000.0,0.0495,1.0,0.2671130394526987,1790386467.2488074,0.15378442203008644,0.0,7,converged,5.652100641524052,5.498316219493965,5.498316219493965,1.9171743769776388e-08
AROW,2017,0,0.1158279,0.1238279,1.446312422,5.013335612,0.619601145,0.553659664,22.15799615,30.5175293,8.289865019,18.12104594,18.12104594,21.15270351,31.4707733,7.282423208,18.23117591,18.23117591,7.923154423,0.088740846,1.896079487,15.0,30.08052,1.917215905,14.55477282,85.44522718,2760.465,244.966,0.170340384,0,0,0.008,244966000.0,AROW,,,AROW,468535590.2864,0.2394821667222893,converged,0.2394821667222893,2016,2016,unknown,0,468535590.2864,244966000.0,0.008,1.0,0.2394821667222893,711549680.3365237,0.15769231785233467,0.0,5,converged,6.891643567876543,6.733951250024209,6.733951250024209,8.255826001648338e-12
AROW,2018,0,-0.15814885,-0.14004885,1.635243053,6.05340398,0.622665674,0.561684289,21.58687943,22.91036508,11.20253165,15.39645247,15.39645247,22.15799615,30.5175293,8.289865019,18.12104594,18.12104594,8.00247132,0.118346544,1.719592234,14.9,29.7094,2.498989189,13.37919468,86.62080532,2988.334,353.659,0.154457057,0,0,0.0181,353659000.0,AROW,,,AROW,455157045.8032,0.2366435924379933,converged,0.2366435924379933,2017,2017,unknown,0,455157045.8032,353659000.0,0.0181,1.0,0.2366435924379933,802472401.0831951,0.13422268335341989,0.0,7,converged,6.306476181267568,6.172253497914149,6.172253497914149,3.3661721178919e-10
AROW,2019,0,0.066134827,0.087534827,1.285904064,4.732924173,0.594509045,0.522352876,20.28455285,22.51587105,52.38352966,30.02594272,30.02594272,21.58687943,22.91036508,11.20253165,15.39645247,15.39645247,8.065979913,0.074225059,1.878980283,14.8,29.7094,1.725332219,16.42447009,83.57552991,3184.275,236.353,0.196522476,0,0,0.021400000000000002,236353000.0,AROW,,,AROW,553437861.392,0.232554383096372,converged,0.232554383096372,2018,2018,unknown,0,553437861.392,236353000.0,0.021400000000000002,1.0,0.232554383096372,784786643.3017656,0.16399922391352337,0.0,5,converged,7.530116801300407,7.366117577386883,7.366117577386883,8.783445019234056e-14
AROW,2020,1,-0.179781542,-0.175381542,0.698529107,3.987268628,0.633919553,0.536885399,18.99807322,18.95256987,48.17980469,26.74520435,26.74520435,20.28455285,22.51587105,52.38352966,30.02594272,30.02594272,8.213012021,0.02377654,1.38783661,15.5,29.17827,1.183610401,20.3312656,79.6687344,3688.636,87.703,0.255197547,0,0,0.0044,87703000.0,AROW,,,AROW,451056148.114,0.2210767499753025,converged,0.2210767499753025,2019,2019,unknown,0,451056148.114,87703000.0,0.0044,1.0,0.2210767499753025,538374102.6540831,0.18522070300847285,0.0,7,converged,9.913313657027887,9.728092954019415,9.728092954019415,1.144214232374156e-22
AROW,2021,1,0.230513245,0.230913245,1.895743907,1.543761519,0.662189186,0.637723954,17.43215031,17.67301815,44.26701319,24.70194175,24.70194175,18.99807322,18.95256987,48.17980469,26.74520435,26.74520435,8.301013337,0.017420515,1.522470067,15.7,21.27914,2.128484023,4.646882214,95.35311779,4027.952,70.169,0.048733406,0,0,0.0004,70169000.0,AROW,,,AROW,565115143.0334799,0.5816109351339804,converged,0.5816109351339804,2020,2020,unknown,0,565115143.0334799,70169000.0,0.0004,1.0,0.5816109351339804,635255848.1101248,0.5173949613851385,0.0,5,converged,4.517573918527238,4.000178957142099,4.000178957142099,3.1647300528475604e-05
AROW,2022,1,0.059101412,0.073301412,3.464948814,6.812876327,0.670815154,0.644057921,15.8938172,25.42706308,46.86126629,29.48187915,29.48187915,17.43215031,17.67301815,44.26701319,24.70194175,24.70194175,8.286397688,0.020133221,1.587107485,15.1,21.27914,4.313115919,5.012922273,94.98707773,3969.509,79.919,0.052774782,0,0,0.014199999999999999,79919000.0,AROW,,,AROW,561100620.940994,0.2461805327666392,converged,0.2461805327666392,2021,2021,unknown,0,561100620.940994,79919000.0,0.014199999999999999,1.0,0.2461805327666392,639892790.5732195,0.2158674893301476,0.0,6,converged,9.810585275667055,9.594717786336908,9.594717786336908,4.207353190807661e-22
ASB,2016,0,0.316896117,0.318896117,1.727344495,6.444819083,1.211613167,0.869455671,21.15270351,51.36160457,54.43117179,45.07057771,45.07057771,18.2821119,46.74700286,54.13398693,42.67474871,42.67474871,10.27984357,0.13225534,1.281778915,12.68,29.66529,2.174938562,34.67078609,61.96618728,29139.315,3853.83,0.559511366,0,0,0.002,3853830000.0,ASB,,,ASB,4095507000.0,0.235476086166865,converged,0.235476086166865,2015,2015,unknown,0,4095507000.0,3853830000.0,0.002,1.0,0.235476086166865,7941637043.2072525,0.12143516343084618,0.0,8,converged,6.031409688067826,5.909974524636979,5.909974524636979,1.7108032145999507e-09
ASB,2017,0,0.186351273,0.194351273,1.828800619,7.019117242,1.182026603,0.986122367,22.15799615,55.95320385,58.34019675,48.75525994,48.75525994,21.15270351,51.36160457,54.43117179,45.07057771,45.07057771,10.32494392,0.133636867,1.261481048,13.22,30.20409,2.410563459,21.42974031,75.28940467,30483.594,4073.732,0.284631555,0,0,0.008,4073732000.0,ASB,,,ASB,4211574000.0,0.2693993840025863,converged,0.2693993840025863,2016,2016,unknown,0,4211574000.0,4073732000.0,0.008,1.0,0.2693993840025863,8252846142.434837,0.13747930425263935,0.0,8,converged,5.262238405039752,5.124759100787113,5.124759100787113,1.489592024487842e-07
ASB,2018,0,-0.29805053,-0.27995053,2.114752569,8.075832362,1.066817217,0.922192982,49.46342334,54.75894649,35.5374195,42.02091281,42.02091281,22.15799615,55.95320385,58.34019675,48.75525994,48.75525994,10.4227313,0.134673199,0.923416031,13.47,30.20409,3.342762277,17.52583241,77.9990597,33615.122,4527.056,0.224692868,0,0,0.0181,4527056000.0,ASB,,,ASB,3281379900.0,0.2269424697362276,converged,0.2269424697362276,2017,2017,unknown,0,3281379900.0,4527056000.0,0.0181,1.0,0.2269424697362276,7727233286.4835,0.0963714221836396,0.0,6,converged,5.7841085443465285,5.687737122162889,5.687737122162889,6.4366891798677476e-09
ASB,2019,0,0.025128639,0.046528639,1.602613937,7.344833488,1.212277798,1.016668937,51.40386566,65.72278597,46.00551841,51.79833238,51.79833238,49.46342334,54.75894649,35.5374195,42.02091281,42.02091281,10.38549627,0.129542428,0.945066493,13.21,30.20409,2.246902417,20.36161662,73.86407441,32386.478,4195.423,0.275663329,0,0,0.021400000000000002,4195423000.0,ASB,,,ASB,3654452400.0,0.2450793025273925,converged,0.2450793025273925,2018,2018,unknown,0,3654452400.0,4195423000.0,0.021400000000000002,1.0,0.2450793025273925,7761047197.568662,0.11540074859681435,0.0,6,converged,5.573462722533288,5.4580619739364735,5.4580619739364735,2.4067982901596472e-08
ASB,2020,1,-0.240059316,-0.235659316,1.458704485,5.277634893,1.219278569,0.736506911,49.67131823,62.29109343,46.61129568,50.34298772,50.34298772,51.40386566,65.72278597,46.00551841,51.79833238,51.79833238,10.41690331,0.072846224,0.700445794,14.02,28.48654,2.196761976,43.66962993,47.64335788,33419.783,2434.505,0.916594293,0,0,0.0044,2434505000.0,ASB,,,ASB,2827060500.0,0.2276159131740882,converged,0.2276159131740882,2019,2019,unknown,0,2827060500.0,2434505000.0,0.0044,1.0,0.2276159131740882,5250877209.728077,0.12254789867660261,0.0,8,converged,6.3694335188869236,6.246885620210321,6.246885620210321,2.0935872425180996e-10
ASB,2021,1,0.244409493,0.244809493,1.366752365,1.922769597,1.134023776,0.998924739,51.67527036,72.07186715,43.24541309,54.76490108,54.76490108,49.67131823,62.29109343,46.61129568,50.34298772,50.34298772,10.46607757,0.063372179,0.880469596,13.1,22.48194681,1.50709914,14.14496048,81.07465475,35104.253,2224.633,0.174468341,0,0,0.0004,2224633000.0,ASB,,,ASB,3373650260.19,0.6353157835712371,converged,0.6353157835712371,2020,2020,unknown,0,3373650260.19,2224633000.0,0.0004,1.0,0.6353157835712371,5593709224.181598,0.3850251456102041,0.0,5,converged,2.588331822032288,2.203306676422084,2.203306676422084,0.013786570364970026
ASB,2022,1,0.049694395,0.063894395,3.81532284,7.862610266,1.016004267,0.889902202,50.5324411,72.6085666,66.2694704,63.4980147,63.4980147,51.67527036,72.07186715,43.24541309,54.76490108,54.76490108,10.58166644,0.131297387,0.909031349,11.33,19.88698746,4.698168963,14.25072667,80.56755007,39405.727,5173.869,0.176879236,0,0,0.014199999999999999,5173869000.0,ASB,,,ASB,3473752398.71,0.3144412545759421,converged,0.3144412545759421,2021,2021,unknown,0,3473752398.71,5173869000.0,0.014199999999999999,1.0,0.3144412545759421,8574667373.524616,0.12738802765136215,0.0,8,converged,4.140933037578343,4.013545009926981,4.013545009926981,2.9906795270807126e-05
ASB,2023,1,-0.029892899,0.019607101,3.991673675,6.725299121,1.021308211,0.782368264,42.74738517,87.9108311,68.07526008,70.3186843,70.3186843,50.5324411,72.6085666,66.2694704,63.4980147,63.4980147,10.62171398,0.068467255,0.811755601,12.21,19.61724684,4.949070387,26.11070038,68.72327702,41015.855,2808.243,0.379939687,0,0,0.0495,2808243000.0,ASB,,,ASB,3230674456.86,0.3028700267292935,converged,0.3028700267292935,2022,2022,unknown,0,3230674456.86,2808243000.0,0.0495,1.0,0.3028700267292935,5903293694.350538,0.16575069381013427,0.0,7,converged,4.863859422017963,4.6981087282078295,4.6981087282078295,1.3129082194397522e-06
ATLO,2018,0,-0.163846779,-0.145746779,1.610707381,5.941922712,0.626006246,0.54967526,21.58687943,28.33782733,17.88252276,20.49327055,20.49327055,22.15799615,28.29339618,22.36902311,22.08637282,22.08637282,7.283233474,0.0379714,1.36659084,16.1,27.88763,2.403082714,16.14736382,83.85263618,1455.687351,55.274486,0.19256835,0,0,0.0181,55274486.0,ATLO,,,ATLO,226633535.2,0.259397758668954,converged,0.259397758668954,2017,2017,unknown,0,226633535.2,55274486.0,0.0181,1.0,0.259397758668954,280916552.85964423,0.20927293344466763,0.0,5,converged,7.959671542305802,7.7503986088611345,7.7503986088611345,4.58022684858997e-15
ATLO,2019,0,0.005117159,0.026517159,1.192711468,4.631537351,0.577518997,0.505421084,20.28455285,20.75660816,20.42767696,17.64924135,17.64924135,21.58687943,28.33782733,17.88252276,20.49327055,20.49327055,7.46001983,0.027074628,1.379630074,14.3,27.88763,1.62326315,16.51466482,83.48533518,1737.182505,47.03357,0.197815159,0,0,0.021400000000000002,47033570.0,ATLO,,,ATLO,250170613.6,0.2381159534138198,converged,0.2381159534138198,2018,2018,unknown,0,250170613.6,47033570.0,0.021400000000000002,1.0,0.2381159534138198,296208358.54167575,0.2011071377945985,0.0,7,converged,9.357318589918256,9.156211452123657,9.156211452123657,2.6875637330022534e-20
ATLO,2021,1,0.124208575,0.124608575,0.8943287,1.438478915,0.716913121,0.630735118,17.43215031,18.39276359,24.56155549,17.96497072,17.96497072,20.28455285,20.75660816,20.42767696,17.64924135,17.64924135,7.667177441,0.020051557,1.071659029,14.8,20.57005,0.992080076,14.67682555,85.32317445,2137.041,42.851,0.172014528,0,0,0.0004,42851000.0,ATLO,,,ATLO,222667169.83,0.6176863949234803,converged,0.6176863949234803,2020,2020,unknown,0,222667169.83,42851000.0,0.0004,1.0,0.6176863949234803,265498151.66141453,0.5180799040761934,0.0,7,converged,3.780270716989488,3.2621908129132944,3.2621908129132944,0.0005527735008385567
ATLO,2022,1,0.028534044,0.042734044,3.694093948,5.996126898,0.528090272,0.453858036,15.8938172,17.13352444,23.06238361,16.80068622,16.80068622,17.43215031,18.39276359,24.56155549,17.96497072,17.96497072,7.666187265,0.037376471,1.423929649,14.1,20.57005,4.606142801,17.07542353,82.92457647,2134.926,79.796,0.205915113,0,0,0.014199999999999999,79796000.0,ATLO,,,ATLO,212305062.87,0.1991968434027569,converged,0.1991968434027569,2021,2021,unknown,0,212305062.87,79796000.0,0.014199999999999999,1.0,0.1991968434027569,290975966.75769955,0.14534017648761124,0.0,5,converged,9.072021327676838,8.926681151189227,8.926681151189227,2.19490192157883e-19
ATLO,2023,1,-0.025727273,0.023772727,3.584683608,5.484925721,0.575283642,0.434347974,14.03688525,16.48253531,28.7092158,18.5106552,18.5106552,15.8938172,17.13352444,23.06238361,16.80068622,16.80068622,7.675769179,0.076355115,1.157459188,14.0,20.57005,4.491763673,29.00280569,70.99719431,2155.481,164.582,0.408506364,0,0,0.0495,164582000.0,ATLO,,,ATLO,191892843.78,0.1672680866178351,converged,0.1672680866178351,2022,2022,unknown,0,191892843.78,164582000.0,0.0495,1.0,0.1672680866178351,348526382.123484,0.09209503462262689,0.0,8,converged,8.730609136692754,8.638514102070127,8.638514102070127,2.847441503221137e-18
AUB,2016,0,0.311665117,0.313665117,1.491839278,5.410668161,1.096554491,0.694260541,21.15270351,32.46773657,45.93714448,32.64136935,32.64136935,18.2821119,29.31857732,41.34191176,29.42510259,29.42510259,9.039171552,0.117492977,1.556990176,13.56,27.00616,1.804238285,44.25377204,55.74622796,8426.793,990.089,0.793843345,0,0,0.002,990089000.0,AUB,,,AUB,5091806320.0,0.2364840051229442,converged,0.2364840051229442,2015,2015,unknown,0,5091806320.0,990089000.0,0.002,1.0,0.2364840051229442,6079917121.100186,0.19805052568086062,0.0,7,converged,9.273206947767077,9.075156422086216,9.075156422086216,5.675716710450146e-20
AUB,2017,0,0.201013932,0.209013932,2.032469539,7.265477598,1.251939168,1.017848911,22.15799615,38.02659317,48.27613818,36.24059996,36.24059996,21.15270351,32.46773657,45.93714448,32.64136935,32.64136935,9.139400499,0.130906126,1.512139883,12.43,25.78772,2.523713017,23.65840566,76.34159434,9315.179,1219.414,0.309901907,0,0,0.008,1219414000.0,AUB,,,AUB,5153067560.0,0.2602568778080121,converged,0.2602568778080121,2016,2016,unknown,0,5153067560.0,1219414000.0,0.008,1.0,0.2602568778080121,6362765165.399131,0.2107764846630533,0.0,5,converged,7.981469127116795,7.770692642453742,7.770692642453742,3.902904908007345e-15
AUB,2018,0,-0.293065182,-0.274965182,2.418130227,9.698229379,1.357275064,1.146883846,21.58687943,36.96643062,56.48567622,38.67019303,38.67019303,22.15799615,38.02659317,48.27613818,36.24059996,36.24059996,9.529927933,0.127584568,0.967761251,12.88,25.7864,3.555411151,19.81952701,80.18047299,13765.599,1756.278,0.247186457,0,0,0.0181,1756278000.0,AUB,,,AUB,4021871640.0,0.245226588249759,converged,0.245226588249759,2017,2017,unknown,0,4021871640.0,1756278000.0,0.0181,1.0,0.245226588249759,5746646967.4313345,0.17162527405211456,0.0,5,converged,7.098298171188109,6.926672897135994,6.926672897135994,2.154266151484032e-12
AUB,2019,0,0.055218101,0.076618101,1.770958296,9.389811279,1.453559934,1.333665483,24.58568943,37.16460784,58.18893883,40.00102714,40.00102714,21.58687943,36.96643062,56.48567622,38.67019303,38.67019303,9.773549126,0.086189652,1.195353192,12.63,25.47476,2.284578519,10.76433607,89.23566393,17562.99,1513.748,0.120628184,0,0,0.021400000000000002,1513748000.0,AUB,,,AUB,5349673400.0,0.2433215292923797,converged,0.2433215292923797,2018,2018,unknown,0,5349673400.0,1513748000.0,0.021400000000000002,1.0,0.2433215292923797,6831371351.446864,0.19054603328321795,0.0,5,converged,8.116099879068875,7.9255538457856565,7.9255538457856565,1.135658508809601e-15
AUB,2020,1,-0.221826346,-0.217426346,1.631227443,7.542689553,1.399704118,1.09936138,46.90029505,47.58773776,66.23273531,51.47848382,51.47848382,24.58568943,37.16460784,58.18893883,40.00102714,40.00102714,9.884735272,0.043372658,0.957546788,14.0,25.23674,2.394830744,26.7602705,73.23219828,19628.449,851.338,0.365416731,0,0,0.0044,851338000.0,AUB,,,AUB,4692895920.0,0.2378046831098632,converged,0.2378046831098632,2019,2019,unknown,0,4692895920.0,851338000.0,0.0044,1.0,0.2378046831098632,5540496261.806241,0.20142467230678254,0.0,7,converged,9.421467845719468,9.220043173412686,9.220043173412686,1.484903089216409e-20
AUB,2021,1,0.267273684,0.267673684,1.940319051,1.954286097,1.295760005,1.158834543,41.22680564,37.46410325,58.60174607,41.59331874,41.59331874,46.90029505,47.58773776,66.23273531,51.47848382,51.47848382,9.906722116,0.025720222,1.041182153,14.18,16.72862,2.048626992,12.42559677,87.5689685,20064.796,516.071,0.141894977,0,0,0.0004,516071000.0,AUB,,,AUB,5312631720.0,0.6550777488618563,converged,0.6550777488618563,2020,2020,unknown,0,5312631720.0,516071000.0,0.0004,1.0,0.6550777488618563,5828490914.8640375,0.5971030214219695,0.0,5,converged,4.35927295694624,3.7621699355242706,3.7621699355242706,8.422276439836896e-05
AUB,2022,1,0.03574061,0.04994061,4.116544673,8.159988885,1.030136869,0.824885703,18.32180562,37.28247265,78.92529456,47.27417816,47.27417816,41.22680564,37.46410325,58.60174607,41.59331874,41.59331874,9.926282659,0.08391459,1.106567215,13.7,16.72862,4.897355968,23.0051336,76.98899766,20461.138,1716.988,0.298810665,0,0,0.014199999999999999,1716988000.0,AUB,,,AUB,5006325520.0,0.2978261819473289,converged,0.2978261819473289,2021,2021,unknown,0,5006325520.0,1716988000.0,0.014199999999999999,1.0,0.2978261819473289,6699104580.622126,0.22256926989235878,0.0,5,converged,6.291842627030907,6.069273357138548,6.069273357138548,6.424514023012023e-10
AUB,2023,1,-1.06e-05,0.049489421,4.253533245,8.864742726,1.782137427,1.273958912,18.32471056,28.57049582,64.33315585,37.96064396,37.96064396,18.32180562,37.28247265,78.92529456,47.27417816,47.27417816,9.960160707,0.062312091,1.07245196,13.55,16.24051,5.03824835,32.25863537,67.7359361,21166.197,1318.91,0.47624108,0,0,0.0495,1318910000.0,AUB,,,AUB,5205780720.0,0.2671130394526987,converged,0.2671130394526987,2022,2022,unknown,0,5205780720.0,1318910000.0,0.0495,1.0,0.2671130394526987,6460994170.11777,0.21521949629280185,0.0,5,converged,7.720663363561906,7.505443867269104,7.505443867269104,3.06104003673065e-14
AUBN,2018,0,-0.144018529,-0.125918529,1.894916628,5.200776627,0.404743464,0.400798657,21.58687943,20.74963797,76.49122807,37.82866254,37.82866254,22.15799615,21.31877976,57.62411348,31.31879561,31.31879561,6.706956464,0.002811471,1.295433843,17.38,27.20876,2.77389873,1.334097291,98.66590271,818.077,2.3,0.013521361,0,0,0.0181,2300000.0,AUBN,,,AUBN,110610542.0,0.3008817103075334,converged,0.3008817103075334,2017,2017,unknown,0,110610542.0,2300000.0,0.0181,1.0,0.3008817103075334,112869286.49027921,0.2948604656801434,0.0,7,converged,13.412759853995842,13.1178993883157,13.1178993883157,1.3002168745602579e-39
AUBN,2019,0,0.032419029,0.053819029,1.24622842,4.538365364,0.460326919,0.458408985,20.28455285,30.47859125,63.45113021,37.95978814,37.95978814,21.58687943,20.74963797,76.49122807,37.82866254,37.82866254,6.718867008,0.001291251,1.922196506,18.12,27.20876,1.638544643,0.571494702,99.4285053,827.879,1.069,0.005747795,0,0,0.021400000000000002,1069000.0,AUBN,,,AUBN,185166100.0,0.3885886926174602,converged,0.3885886926174602,2018,2018,unknown,0,185166100.0,1069000.0,0.021400000000000002,1.0,0.3885886926174602,186212466.44283465,0.3864051323082575,0.0,4,converged,13.6028709406419,13.216465808333643,13.216465808333643,3.524971274414316e-40
AUBN,2020,1,-0.046883867,-0.042483867,0.556804247,5.664497732,0.80839996,0.798987645,18.99807322,35.02090883,66.37571731,41.26562901,41.26562901,20.28455285,30.47859125,63.45113021,37.95978814,37.95978814,6.863382195,0.002500531,1.380611444,18.31,26.40944,0.813445029,1.575568208,98.42443179,956.597,2.392,0.016007897,0,0,0.0044,2392000.0,AUBN,,,AUBN,145652353.0,0.4028250903936931,converged,0.4028250903936931,2019,2019,unknown,0,145652353.0,2392000.0,0.0044,1.0,0.4028250903936931,148033851.32183313,0.3963446379736099,0.0,6,converged,10.617667730312677,10.221323092339068,10.221323092339068,7.957677249259844e-25
AUBN,2021,1,0.094032853,0.094432853,0.89437452,1.501436075,0.61824943,0.604847024,17.43215031,41.7541321,61.44287227,42.82948354,42.82948354,18.99807322,35.02090883,66.37571731,41.26562901,41.26562901,7.007736351,0.003119938,1.096269648,17.06,19.84393,1.001149314,2.69003625,97.30996375,1105.15,3.448,0.027643996,0,0,0.0004,3448000.0,AUBN,,,AUBN,111599374.5,0.6952406175495691,converged,0.6952406175495691,2020,2020,unknown,0,111599374.5,3448000.0,0.0004,1.0,0.6952406175495691,115045995.34911287,0.674412168736251,0.0,4,converged,5.53868052058739,4.864268351851139,4.864268351851139,5.744048170053246e-07
AUBN,2022,1,-0.0276647,-0.0134647,3.73841582,6.519271931,0.592065946,0.577050447,17.26625006,36.72224572,49.43761639,36.22874146,36.22874146,17.43215031,41.7541321,61.44287227,42.82948354,42.82948354,6.931362425,0.002491483,1.184277068,16.25,19.56899,4.66419427,3.133824088,96.86617591,1023.888,2.551,0.032352099,0,0,0.014199999999999999,2551000.0,AUBN,,,AUBN,81192500.10000001,0.2814576928374213,converged,0.2814576928374213,2021,2021,unknown,0,81192500.10000001,2551000.0,0.014199999999999999,1.0,0.2814576928374213,83707531.87875484,0.2730011653783884,0.0,4,converged,12.975433032054752,12.702431866676363,12.702431866676363,2.8660201453256983e-37
BAC,2016,0,0.294272614,0.296272614,1.68557989,4.762380718,1.598445255,0.563856359,93.34922256,76.20075905,53.99551693,69.91846793,38.62590063,92.72934151,70.75346278,57.12465537,68.43271701,37.47722807,14.59852906,0.187863534,0.921933918,14.3,31.88739,2.361766859,69.9379706,25.9621837,2188067.0,411058.0,2.693840064,1,0,0.002,411058000000.0,BAC,,,BAC,166454546585.6,0.2568377087277409,converged,0.2568377087277409,2015,2015,unknown,0,166454546585.6,411058000000.0,0.002,1.0,0.2568377087277409,576691238118.7124,0.07413305702733718,0.0,8,converged,4.631139635245506,4.557006578218169,4.557006578218169,2.5943899835227018e-06
BAC,2017,0,0.284169939,0.292169939,1.512839951,4.784765439,1.329092417,0.618955918,94.32511457,91.14427914,48.57815996,75.38431681,41.9684742,93.34922256,76.20075905,53.99551693,69.91846793,38.62590063,14.64022708,0.191533617,1.240411104,14.8,31.375235,2.049993302,60.67678975,36.2928731,2281234.0,436933.0,1.67186515,1,0,0.008,436933000000.0,BAC,,,BAC,222341095710.72,0.3221871078404479,converged,0.3221871078404479,2016,2016,unknown,0,222341095710.72,436933000000.0,0.008,1.0,0.3221871078404479,655791546023.4313,0.10924165561982895,0.0,7,converged,3.8449616609391017,3.7357200053192727,3.7357200053192727,9.358942431969166e-05
BAC,2018,0,-0.268533597,-0.250433597,1.797409796,6.103296922,1.304886603,0.65281828,94.22387632,86.9951807,57.21303111,76.28986619,43.48201175,94.32511457,91.14427914,48.57815996,75.38431681,41.9684742,14.67184192,0.185418434,0.980461714,15.1,29.3161,2.685247043,56.78119783,40.18132536,2354507.0,436569.0,1.413124065,1,0,0.0181,436569000000.0,BAC,,,BAC,185585521623.04,0.2150440996151039,converged,0.2150440996151039,2017,2017,unknown,0,185585521623.04,436569000000.0,0.0181,1.0,0.2150440996151039,614323705308.9337,0.06496423882955182,0.0,6,converged,5.568998280575475,5.504034041745924,5.504034041745924,1.85598912547196e-08
BAC,2019,0,0.231232155,0.252632155,1.482562011,5.349237711,1.646262365,0.724091742,93.71635181,92.01588734,78.05375406,86.22948996,48.92282579,94.22387632,86.9951807,57.21303111,76.28986619,43.48201175,14.70507901,0.176727625,1.289136553,14.7,28.77183,1.958150658,62.14512496,34.75691033,2434079.0,430169.0,1.787993362,1,0,0.021400000000000002,430169000000.0,BAC,,,BAC,265272811345.92,0.2474696940293085,converged,0.2474696940293085,2018,2018,unknown,0,265272811345.92,430169000000.0,0.021400000000000002,1.0,0.2474696940293085,686333994423.1874,0.09564875159071198,0.0,6,converged,5.155954055727786,5.060305304137074,5.060305304137074,2.092928442873577e-07
BAC,2020,1,-0.148520537,-0.144120537,0.857205216,4.16307957,1.594350872,0.614394316,92.5716326,91.55028176,75.58004541,84.66738501,47.56625065,93.71635181,92.01588734,78.05375406,86.22948996,48.92282579,14.85211516,0.160509883,1.055520927,16.6,28.29134,1.255636554,66.66454954,29.97139261,2819627.0,452578.0,2.224272673,1,0,0.0044,452578000000.0,BAC,,,BAC,228291280860.16,0.231128623120958,converged,0.231128623120958,2019,2019,unknown,0,228291280860.16,452578000000.0,0.0044,1.0,0.231128623120958,678882311685.8977,0.07772282670960827,0.0,6,converged,5.312571595700776,5.234848768991168,5.234848768991168,8.256000184647315e-08
BAC,2021,1,0.425187971,0.425587971,1.382160432,1.630812608,1.488893228,0.686895608,93.99980913,93.5264954,70.21682698,83.9594101,50.49034335,92.5716326,91.55028176,75.58004541,84.66738501,47.56625065,14.96908283,0.156554593,1.464727956,15.8,19.20182099,1.50095176,57.52450314,39.80816052,3169495.0,496199.0,1.445042986,1,0,0.0004,496199000000.0,BAC,,,BAC,359382721788.87,0.584351085104152,converged,0.584351085104152,2020,2020,unknown,0,359382721788.87,496199000000.0,0.0004,1.0,0.584351085104152,854577867190.9865,0.24829993914039228,0.0,6,converged,2.315171724855945,2.0668717857155525,2.0668717857155525,0.019373118479431368
BAC,2022,1,-0.023749422,-0.009549422,3.733547254,6.374252665,1.405726143,0.516898586,92.5540416,94.12852816,70.22801476,83.89270397,49.89027722,93.99980913,93.5264954,70.21682698,83.9594101,50.49034335,14.93110287,0.163385031,1.081917016,16.4,17.51754106,4.53008662,65.04722538,31.20169662,3051375.0,498549.0,2.084733602,1,0,0.014199999999999999,498549000000.0,BAC,,,BAC,264853285472.16,0.2549888593256257,converged,0.2549888593256257,2021,2021,unknown,0,264853285472.16,498549000000.0,0.014199999999999999,1.0,0.2549888593256257,756372909077.616,0.08928753743549434,0.0,6,converged,4.872110775465724,4.78282323803023,4.78282323803023,8.642505795389634e-07
BANC,2017,0,0.271441182,0.279441182,2.675408876,6.881219201,0.982098994,0.859575762,22.15799615,24.86655784,13.40768703,17.16058002,17.16058002,21.15270351,25.09794342,7.433162685,15.1245185,15.1245185,9.242599602,0.181616371,1.405626313,14.56,31.375235,3.621027403,14.15888639,68.16723594,10327.852,1875.707,0.20770809,0,0,0.008,1875707000.0,BANC,,,BANC,3038441000.0,0.5127905198379239,converged,0.5127905198379239,2016,2016,unknown,0,3038441000.0,1875707000.0,0.008,1.0,0.5127905198379239,4898888817.304929,0.31826657531350855,0.0,5,converged,3.2006803035522204,2.8824137282387117,2.8824137282387117,0.0019732059342773803
BANC,2018,0,-0.368283797,-0.350183797,3.252554141,9.576469558,1.226682951,1.082802554,21.58687943,26.90616123,71.25582945,38.99755457,38.99755457,22.15799615,24.86655784,13.40768703,17.16058002,17.16058002,9.271441774,0.15961922,0.943640874,13.71,28.26105,4.875486551,12.96251198,69.98288329,10630.067,1696.763,0.185224034,0,0,0.0181,1696763000.0,BANC,,,BANC,1958433400.0,0.3730526757051798,converged,0.3730526757051798,2017,2017,unknown,0,1958433400.0,1696763000.0,0.0181,1.0,0.3730526757051798,3624754640.7932725,0.20156581249288,0.0,6,converged,3.9564183080403152,3.754852495547435,3.754852495547435,8.672179597943305e-05
BANC,2019,0,0.027175203,0.048575203,2.90117819,9.23060114,1.417062158,1.190484143,20.28455285,22.08563256,66.62527857,34.93957403,34.93957403,21.58687943,26.90616123,71.25582945,38.99755457,38.99755457,8.965514703,0.175594022,1.2186828,15.9,20.99961,3.631497038,16.01040103,66.45647384,7828.41,1374.622,0.240915596,0,0,0.021400000000000002,1374622000.0,BANC,,,BANC,2527865200.0,0.2782833589344706,converged,0.2782833589344706,2018,2018,unknown,0,2527865200.0,1374622000.0,0.021400000000000002,1.0,0.2782833589344706,3873382816.6175776,0.18161458687257082,0.0,5,converged,5.912748537381252,5.731133950508681,5.731133950508681,4.988072161698023e-09
BANC,2020,1,-0.05643583,-0.05203583,2.176342072,9.151999085,1.854563481,1.450775543,59.6320703,26.03722398,53.40078526,37.9013895,37.9013895,20.28455285,22.08563256,66.62527857,34.93957403,34.93957403,8.971744801,0.10176349,1.037583975,15.9,21.00652,2.793478037,20.53231301,58.27415807,7877.334,801.625,0.352339934,0,0,0.0044,801625000.0,BANC,,,BANC,2164429400.0,0.2984829141470236,converged,0.2984829141470236,2019,2019,unknown,0,2164429400.0,801625000.0,0.0044,1.0,0.2984829141470236,2962534998.313999,0.21807175120022698,0.0,5,converged,6.123385164138727,5.905313412938501,5.905313412938501,1.759884771562283e-09
BANC,2021,1,0.128314233,0.128714233,2.677855868,2.588304856,1.617301077,1.239771357,60.77547065,37.22857482,74.91793295,51.69597128,51.69597128,59.6320703,26.03722398,53.40078526,37.9013895,37.9013895,9.147799108,0.083037401,1.267087044,14.98,20.93924,3.277547515,25.91489044,67.28229768,9393.743,780.032,0.38516655,0,0,0.0004,780032000.0,BANC,,,BANC,1229497639.74,0.8133636351819207,converged,0.8133636351819207,2020,2020,unknown,0,1229497639.74,780032000.0,0.0004,1.0,0.8133636351819207,2001499532.4450321,0.5085467195233323,0.0,5,converged,2.1080204476021023,1.5994737280787699,1.5994737280787699,0.054857690801229486
BANC,2022,1,-0.111157373,-0.096957373,3.605307223,8.450735791,1.239085087,1.002579762,61.9919856,34.14939707,73.03272768,49.75201133,49.75201133,60.77547065,37.22857482,74.91793295,51.69597128,51.69597128,9.126634363,0.108989263,0.979783779,14.21,21.24215,4.672445064,23.0486046,76.9513954,9197.016,1002.376,0.299521594,0,0,0.014199999999999999,1002376000.0,BANC,,,BANC,940218150.15,0.332005826271507,converged,0.332005826271507,2021,2021,unknown,0,940218150.15,1002376000.0,0.014199999999999999,1.0,0.332005826271507,1928460106.649774,0.1618710552153052,0.0,7,converged,4.211066325734255,4.0491952705189505,4.0491952705189505,2.5697024929923846e-05
BANC,2023,1,-0.104077093,-0.054577093,4.279569934,6.844454732,1.170415274,0.754068457,59.08980188,59.93591641,74.82969626,62.95244192,62.95244192,61.9919856,34.14939707,73.03272768,49.75201133,49.75201133,10.55929791,0.099857648,0.780552288,16.43,15.37586305,5.096179393,39.48396114,60.51603886,38534.064,3847.921,0.652454488,0,0,0.0495,3847921000.0,BANC,,,BANC,2257551573.8,0.3132564779912147,converged,0.3132564779912147,2022,2022,unknown,0,2257551573.8,3847921000.0,0.0495,1.0,0.3132564779912147,5919634204.453518,0.11946829735360746,0.0,8,converged,4.079559201761522,3.9600909044079144,3.9600909044079144,3.746061902654313e-05
BANF,2016,0,0.275536059,0.277536059,1.76629918,6.141909336,0.719346171,0.704718339,21.15270351,21.28198054,22.69482366,18.72599887,18.72599887,18.2821119,19.10479156,21.51552288,17.22156485,17.22156485,8.856369198,0.00462448,2.068935333,15.33,34.30712,2.279187388,3.062922487,96.93707751,7018.952,32.459,0.031597017,0,0,0.002,32459000.000000004,BANF,,,BANF,1546621270.0,0.233528829729868,converged,0.233528829729868,2015,2015,unknown,0,1546621270.0,32459000.000000004,0.002,1.0,0.233528829729868,1579015416.8907154,0.22873790056472185,0.0,7,converged,17.10577708095616,16.87703918039144,16.87703918039144,3.3196092589414594e-64
BANF,2017,0,0.211474666,0.219474666,1.695404776,5.198330442,0.562811844,0.555926617,22.15799615,19.90234849,24.78723404,18.79496911,18.79496911,21.15270351,21.28198054,22.69482366,18.72599887,18.72599887,8.889191963,0.004530304,2.103334065,15.62,34.30712,2.252894559,1.850422566,98.14957743,7253.156,32.859,0.018853087,0,0,0.008,32859000.0,BANF,,,BANF,1700369220.0,0.2467857712322841,converged,0.2467857712322841,2016,2016,unknown,0,1700369220.0,32859000.0,0.008,1.0,0.2467857712322841,1732966396.7021887,0.24214372728214673,0.0,6,converged,16.5301866644604,16.28804293717825,16.28804293717825,6.000423028008185e-60
BANF,2018,0,-0.257423586,-0.239323586,1.622667877,7.529413924,0.783379486,0.774406871,21.58687943,14.98633453,21.24472574,15.0813232,15.0813232,22.15799615,19.90234849,24.78723404,18.79496911,18.79496911,8.932510672,0.003759972,1.802121988,16.29,33.42944,2.790869349,1.710699938,98.28930006,7574.258,28.479,0.017404742,0,0,0.0181,28479000.0,BANF,,,BANF,1658815720.0,0.2535554738104529,converged,0.2535554738104529,2017,2017,unknown,0,1658815720.0,28479000.0,0.0181,1.0,0.2535554738104529,1686783887.0908346,0.2493513348252253,0.0,6,converged,16.565381704857145,16.31603037003192,16.31603037003192,3.795718391774374e-60
BANF,2019,0,0.110191861,0.131591861,1.560036488,6.839547693,0.871376818,0.862676141,20.28455285,11.1469661,20.53804521,12.92259146,12.92259146,21.58687943,14.98633453,21.24472574,15.0813232,15.0813232,9.055527907,0.003257622,2.031295958,14.42,33.42944,2.148710387,1.492425587,98.50757441,8565.758,27.904,0.015150364,0,0,0.021400000000000002,27904000.0,BANF,,,BANF,2075680432.0,0.2327196102026833,converged,0.2327196102026833,2018,2018,unknown,0,2075680432.0,27904000.0,0.021400000000000002,1.0,0.2327196102026833,2102993630.5247633,0.22969710296978324,0.0,5,converged,19.02560991091882,18.795912807949037,18.795912807949037,4.078235501919156e-79
BANF,2020,1,-0.171907814,-0.167507814,1.300648758,9.160356382,1.405930314,1.387176471,20.0319078,35.38460418,12.084477,22.05004758,22.05004758,20.28455285,11.1469661,20.53804521,12.92259146,12.92259146,9.128301014,0.003028975,1.798560063,15.64,33.42944,2.200405797,1.990420718,98.00957928,9212.357,27.904,0.02030843,0,0,0.0044,27904000.0,BANF,,,BANF,1951352360.0,0.2088704208106217,converged,0.2088704208106217,2019,2019,unknown,0,1951352360.0,27904000.0,0.0044,1.0,0.2088704208106217,1979133852.11745,0.20593846756166878,0.0,6,converged,20.81811090856546,20.61217244100379,20.61217244100379,1.0671718594314856e-94
BANF,2021,1,0.293350321,0.293750321,2.006201047,1.544777472,1.363029479,1.315685953,18.48795725,38.53599035,22.15250799,27.24079029,27.24079029,20.0319078,35.38460418,12.084477,22.05004758,22.05004758,9.149061811,0.009142095,1.963309084,17.3,21.24418,2.190677304,4.369407545,95.63059245,9405.612,85.987,0.045690479,0,0,0.0004,85987000.0,BANF,,,BANF,2300476006.08,0.7512429082610202,converged,0.7512429082610202,2020,2020,unknown,0,2300476006.08,85987000.0,0.0004,1.0,0.7512429082610202,2386428480.50731,0.72418550770758,0.0,4,converged,4.951741414624537,4.227555906916956,4.227555906916956,1.1812174334715482e-05
BANF,2022,1,0.009041259,0.023241259,3.490277906,8.970059868,1.137779202,1.110544264,16.94937276,44.86363711,22.60256009,30.54128564,30.54128564,18.48795725,38.53599035,22.15250799,27.24079029,27.24079029,9.424472482,0.006970048,2.317623478,16.61,20.45447,4.35943006,2.990801928,97.00919807,12387.863,86.344,0.030830086,0,0,0.014199999999999999,86344000.0,BANF,,,BANF,2898966880.8,0.2934499707736127,converged,0.2934499707736127,2021,2021,unknown,0,2898966880.8,86344000.0,0.014199999999999999,1.0,0.2934499707736127,2984093460.1433244,0.2850787878485511,0.0,4,converged,12.619483015640238,12.334404227791687,12.334404227791687,2.9562308883141076e-35
BANF,2023,1,0.060921671,0.110421671,0.110421671,7.792237282,1.115607807,1.115607807,14.98557002,40.31887931,25.31391435,29.260079,29.260079,16.94937276,44.86363711,22.60256009,30.54128564,30.54128564,9.423194529,0.007230173,2.235435359,16.9,19.56257,0.0,0.0,100.0,12372.042,89.452,0.0,0,0,0.0495,89452000.0,BANF,,,BANF,3205370641.94,0.300543085015569,converged,0.300543085015569,2022,2022,unknown,0,3205370641.94,89452000.0,0.0495,1.0,0.300543085015569,3290502571.7456226,0.29276743000262345,0.0,4,converged,12.629307177032146,12.336539747029523,12.336539747029523,2.8788806475953766e-35
BANR,2016,0,0.271661317,0.273661317,1.527523883,8.2611278,1.255529529,1.149897266,21.15270351,27.65481043,37.73748578,27.30228085,27.30228085,18.2821119,23.76090842,34.38112745,24.16261646,24.16261646,9.189491333,0.026047544,1.358165746,13.4,31.88739,1.888614485,11.88405187,88.11594813,9793.668,255.101,0.134868342,0,0,0.002,255101000.0,BANR,,,BANR,1847450989.02,0.2539004777379036,converged,0.2539004777379036,2015,2015,unknown,0,1847450989.02,255101000.0,0.002,1.0,0.2539004777379036,2102042296.8885148,0.223149025317791,0.0,6,converged,9.571643295250047,9.348494269932255,9.348494269932255,4.445215720790059e-21
BANR,2017,0,0.177577543,0.185577543,1.571641895,7.204809401,1.049713213,0.983216058,22.15799615,31.16594429,57.29924502,36.08603658,36.08603658,21.15270351,27.65481043,37.73748578,27.30228085,27.30228085,9.186376416,0.019949281,1.380906517,13.81,31.375235,2.044033137,8.971228445,91.02877156,9763.209,194.769,0.098553768,0,0,0.008,194769000.0,BANR,,,BANR,1856909310.62,0.2475029222289251,converged,0.2475029222289251,2016,2016,unknown,0,1856909310.62,194769000.0,0.008,1.0,0.2475029222289251,2050126374.6415217,0.22417665881765123,0.0,5,converged,10.647718969494587,10.423542310676936,10.423542310676936,9.680259429239149e-26
BANR,2018,0,-0.253049506,-0.234949506,1.485651221,7.894237981,0.917943584,0.857752395,21.58687943,27.64934071,55.92271819,33.84625154,33.84625154,22.15799615,31.16594429,57.29924502,36.08603658,36.08603658,9.381880433,0.065138097,1.249781585,13.12,33.3473,2.54786528,9.525334225,90.47466577,11871.317,773.275,0.105281784,0,0,0.0181,773275000.0,BANR,,,BANR,1816261143.06,0.2282467222069543,converged,0.2282467222069543,2017,2017,unknown,0,1816261143.06,773275000.0,0.0181,1.0,0.2282467222069543,2575665771.0969615,0.1609508722873144,0.0,5,converged,7.668682769798073,7.507731897510759,7.507731897510759,3.00802766502317e-14
BANR,2019,0,0.057329093,0.078729093,1.285807353,6.043018305,0.809516123,0.748819911,20.28455285,30.48412377,59.84081503,36.6628188,36.6628188,21.58687943,27.64934071,55.92271819,33.84625154,33.84625154,9.441771962,0.054568098,1.246519872,12.93,33.3473,1.823803646,10.8423868,89.1576132,12604.031,687.778,0.121609209,0,0,0.021400000000000002,687778000.0,BANR,,,BANR,1921881395.98,0.2377328994817905,converged,0.2377328994817905,2018,2018,unknown,0,1921881395.98,687778000.0,0.021400000000000002,1.0,0.2377328994817905,2595097316.760891,0.17606061775637677,0.0,5,converged,7.751942899266471,7.575882281510094,7.575882281510094,1.7834756810310564e-14
BANR,2020,1,-0.196029824,-0.191629824,1.086553589,6.051228145,1.102514299,0.894948867,18.99807322,45.57936492,63.03030303,45.29827409,45.29827409,20.28455285,30.48412377,59.84081503,36.6628188,36.6628188,9.617911461,0.036586868,0.983077788,14.73,31.65856,1.799242525,25.33799856,74.66200144,15031.623,549.96,0.339369399,0,0,0.0044,549960000.0,BANR,,,BANR,1611082200.0,0.2532327433690378,converged,0.2532327433690378,2019,2019,unknown,0,1611082200.0,549960000.0,0.0044,1.0,0.2532327433690378,2158627691.8134174,0.18899913442534133,0.0,5,converged,7.352640863836612,7.163641729411271,7.163641729411271,3.9280779534935064e-13
BANR,2021,1,0.245629636,0.246029636,1.476710763,1.532577802,1.099396639,0.91707277,17.53574147,31.44788252,70.68341515,41.05909631,41.05909631,18.99807322,45.57936492,63.03030303,45.29827409,45.29827409,9.729424123,0.031709197,1.229411341,14.71,20.12428,1.602131037,19.92953975,80.07046025,16804.872,532.869,0.248900027,0,0,0.0004,532869000.0,BANR,,,BANR,2078107183.44,0.7014645322494301,converged,0.7014645322494301,2020,2020,unknown,0,2078107183.44,532869000.0,0.0004,1.0,0.7014645322494301,2610344260.853635,0.5589394830259671,0.0,7,converged,3.123000794962061,2.5640613119360935,2.5640613119360935,0.005172763380149847
BANR,2022,1,0.033181615,0.047381615,3.56840971,7.787657948,0.999193048,0.86037899,20.47425428,34.5319134,68.4273743,42.44060208,42.44060208,17.53574147,31.44788252,70.68341515,41.05909631,41.05909631,9.66987887,0.028837906,1.483805586,14.04,19.86252,4.403643259,16.75890873,83.24109127,15833.431,456.603,0.201329758,0,0,0.014199999999999999,456603000.0,BANR,,,BANR,2161061937.6,0.3332960026955242,converged,0.3332960026955242,2021,2021,unknown,0,2161061937.6,456603000.0,0.014199999999999999,1.0,0.3332960026955242,2611226992.876233,0.2758371189114487,0.0,8,converged,6.511104317133749,6.2352671982223,6.2352671982223,2.2550380355811543e-10
BANR,2023,1,0.011640194,0.061140194,4.053211335,6.945536043,1.011457464,0.847321044,22.19748002,52.96715923,72.87715757,53.68261335,53.68261335,20.47425428,34.5319134,68.4273743,42.44060208,42.44060208,9.659528287,0.042445718,1.113153423,14.58,18.85453,4.934168059,19.27164505,80.72835495,15670.391,665.141,0.238722133,0,0,0.0495,665141000.0,BANR,,,BANR,1839698643.64,0.2768816417286632,converged,0.2768816417286632,2022,2022,unknown,0,1839698643.64,665141000.0,0.0495,1.0,0.2768816417286632,2472716764.2273555,0.20599964707287785,0.0,5,converged,6.717446502553334,6.511446855480456,6.511446855480456,3.7215181082481086e-11
BCBP,2018,0,-0.186578601,-0.168478601,1.676644676,5.844790989,0.576865953,0.524260326,21.58687943,32.89985547,71.94981124,42.22026036,42.22026036,22.15799615,28.09817446,58.80233356,35.10553462,35.10553462,7.891604094,0.105572112,0.921621824,12.01,39.93828,3.0318904,14.31502522,85.68497478,2674.731,282.377,0.167065757,0,0,0.0181,282377000.0,BCBP,,,BCBP,179692422.0,0.2229914882719278,converged,0.2229914882719278,2017,2017,unknown,0,179692422.0,282377000.0,0.0181,1.0,0.2229914882719278,457004375.2208192,0.08767942491109487,0.0,6,converged,5.741298467450626,5.653619042539531,5.653619042539531,7.855210650225423e-09
BCBP,2019,0,0.037254386,0.058654386,1.227069119,5.92031936,0.818864123,0.741287539,20.28455285,22.92548168,65.4897591,34.94735219,34.94735219,21.58687943,32.89985547,71.94981124,42.22026036,42.22026036,7.975037878,0.097201414,1.126365929,13.84,39.81596,1.955839266,14.81279418,85.18720582,2907.468,282.61,0.173885198,0,0,0.021400000000000002,282610000.0,BCBP,,,BCBP,236672254.0,0.1900623031884381,converged,0.1900623031884381,2018,2018,unknown,0,236672254.0,282610000.0,0.021400000000000002,1.0,0.1900623031884381,513298652.88435435,0.0876341160127772,0.0,6,converged,7.098033132057534,7.010399016044756,7.010399016044756,1.188197059919081e-12
BCML,2019,0,-0.052949599,-0.031549599,1.749079544,5.935711191,0.719561972,0.704154357,20.28455285,20.05820731,52.35487637,28.79662632,28.79662632,21.58687943,24.04282904,55.88385521,32.04343108,32.04343108,7.597986713,0.004133033,1.11317336,14.96,27.15013864,2.442982219,2.915993141,97.08400686,1994.177,8.242,0.030035772,0,0,0.021400000000000002,8242000.000000001,BCML,,,BCML,250296906.0,0.293577353671719,converged,0.293577353671719,2018,2018,unknown,0,250296906.0,8242000.000000001,0.021400000000000002,1.0,0.293577353671719,258364401.06247106,0.28441032508164366,0.0,4,converged,12.330679549748428,12.046269224666784,12.046269224666784,1.0146432647355116e-33
BCML,2020,1,-0.306433732,-0.302033732,1.720690247,5.047734615,0.931070544,0.651917566,18.99807322,18.9413821,53.05446491,28.49453289,28.49453289,20.28455285,20.05820731,52.35487637,28.79662632,28.79662632,7.694240696,0.034929721,0.678374022,18.64,27.15190638,2.62314548,37.01987294,62.98012706,2195.666,76.694,0.587802449,0,0,0.0044,76694000.0,BCML,,,BCML,166974673.0,0.2884566410181874,converged,0.2884566410181874,2019,2019,unknown,0,166974673.0,76694000.0,0.0044,1.0,0.2884566410181874,243331960.69993153,0.1979392811117194,0.0,5,converged,5.9543163889844,5.75637710787268,5.75637710787268,4.296914582820706e-09
BCML,2021,1,0.191019256,0.191419256,1.588905949,1.651782589,1.046671967,0.832077373,19.0205481,33.353367,37.86408702,30.40307064,30.40307064,18.99807322,18.9413821,53.05446491,28.49453289,28.49453289,7.762467159,0.030605816,0.762980581,17.64,28.63838282,2.029524393,26.54630265,73.45369735,2350.697,71.945,0.361401857,0,0,0.0004,71945000.0,BCML,,,BCML,206489444.00000003,0.7411795057742891,converged,0.7411795057742891,2020,2020,unknown,0,206489444.00000003,71945000.0,0.0004,1.0,0.7411795057742891,278229813.42156434,0.5518294634989139,0.0,5,converged,2.727660407632536,2.175830944133622,2.175830944133622,0.014783951969448358
BCML,2022,1,0.11964876,0.13384876,3.03046344,6.413445139,0.719119011,0.584924027,17.26625006,33.52812535,46.75605214,33.65975928,33.65975928,19.0205481,33.353367,37.86408702,30.40307064,30.40307064,7.829365438,0.028724793,0.768326587,18.21,26.88975467,4.005710341,23.88515009,76.11484991,2513.334,72.195,0.313804075,0,0,0.014199999999999999,72195000.0,BCML,,,BCML,208910962.0,0.2306253494841209,converged,0.2306253494841209,2021,2021,unknown,0,208910962.0,72195000.0,0.014199999999999999,1.0,0.2306253494841209,280088037.369348,0.17201792720197806,0.0,5,converged,8.049906702552505,7.877888775350527,7.877888775350527,1.66479447105359e-15
BCML,2023,1,-0.08253283,-0.03303283,2.87648695,5.850047699,0.733971474,0.595348724,15.2370401,27.01019924,50.46937607,31.73885651,31.73885651,17.26625006,33.52812535,46.75605214,33.65975928,33.65975928,7.84461697,0.028388376,0.870953923,19.34,26.90051,3.969302307,24.15789607,75.84210393,2551.96,72.446,0.318528823,0,0,0.0495,72446000.0,BCML,,,BCML,259652771.0,0.2552474366295292,converged,0.2552474366295292,2022,2022,unknown,0,259652771.0,72446000.0,0.0495,1.0,0.2552474366295292,328600002.8863539,0.2016911248610885,0.0,5,converged,7.842880610873424,7.641189486012335,7.641189486012335,1.0761202127442249e-14
BFC,2019,0,-0.000601121,0.020798879,1.424923546,4.445919271,0.510984701,0.458693948,20.28455285,54.55131923,33.53602887,39.13042473,39.13042473,21.58687943,11.21203672,29.88341106,16.31919819,16.31919819,7.70082381,0.051705119,2.145359551,10.35,33.52027,2.116689071,14.6378701,85.3621299,2210.168,114.277,0.171479673,0,0,0.021400000000000002,114277000.0,BFC,,,BFC,670753057.1416,0.2433215292923797,converged,0.2433215292923797,2018,2018,unknown,0,670753057.1416,114277000.0,0.021400000000000002,1.0,0.2433215292923797,782610510.8343631,0.20854391648504927,0.0,7,converged,9.432809790608205,9.224265874123157,9.224265874123157,1.427549602274086e-20
BFC,2020,1,-0.113738715,-0.109338715,1.039129639,4.131637217,0.600452708,0.544937827,23.1918911,49.54542869,29.26306252,35.71314491,35.71314491,20.28455285,54.55131923,33.53602887,39.13042473,39.13042473,7.907657481,0.028456786,1.687588388,11.74,33.52027,1.705692298,13.28780874,86.71219126,2718.016,77.346,0.153240375,0,0,0.0044,77346000.0,BFC,,,BFC,621028614.13076,0.3575512436426417,converged,0.3575512436426417,2019,2019,unknown,0,621028614.13076,77346000.0,0.0044,1.0,0.3575512436426417,698035039.3447015,0.31810660067875757,0.0,5,converged,7.088744271051879,6.770637670373121,6.770637670373121,6.4108005588751395e-12
BFC,2021,1,0.098585722,0.098985722,1.128389382,1.505733009,0.573955983,0.547143076,20.96683625,45.30235084,28.89113485,33.37976934,33.37976934,23.1918911,49.54542869,29.26306252,35.71314491,35.71314491,7.98533186,0.022683173,1.705295936,12.44,23.72035,1.357346345,6.036608226,93.96339177,2937.552,66.633,0.064244256,0,0,0.0004,66632999.99999999,BFC,,,BFC,695084209.53532,0.5552027623751111,converged,0.5552027623751111,2020,2020,unknown,0,695084209.53532,66632999.99999999,0.0004,1.0,0.5552027623751111,761690545.4980618,0.5066529383296462,0.0,5,converged,5.062812865594601,4.5561599272649556,4.5561599272649556,2.6048638199469735e-06
BFC,2022,1,0.030260666,0.044460666,3.237591097,5.210948631,0.311726353,0.296838888,24.13992042,46.32169997,23.45530726,32.62624801,32.62624801,20.96683625,45.30235084,28.89113485,33.37976934,33.37976934,8.205336452,0.033500144,1.848131475,12.23,23.72035,4.189680137,6.169304142,93.83069586,3660.432,122.625,0.065749317,0,0,0.014199999999999999,122625000.0,BFC,,,BFC,893102378.99188,0.2516229247522431,converged,0.2516229247522431,2021,2021,unknown,0,893102378.99188,122625000.0,0.014199999999999999,1.0,0.2516229247522431,1013998408.7357297,0.22162266843251793,0.0,5,converged,9.706967323186252,9.485344654753733,9.485344654753733,1.2079170105541977e-21
BFC,2023,1,-0.022234498,0.027265502,3.677090915,4.84731346,0.279936306,0.266818573,24.8306913,41.85944506,27.95172677,32.37921446,32.37921446,24.13992042,46.32169997,23.45530726,32.62624801,32.62624801,8.348026805,0.030115054,1.449250002,13.99,23.72035,4.786959977,6.054915656,93.94508434,4221.842,127.141,0.06445165,0,0,0.0495,127141000.0,BFC,,,BFC,833831634.5950401,0.2271015708525472,converged,0.2271015708525472,2022,2022,unknown,0,833831634.5950401,127141000.0,0.0495,1.0,0.2271015708525472,954832380.1092194,0.1983222171521693,0.0,6,converged,10.515236169181817,10.316913952029648,10.316913952029648,2.9546002476313657e-25
BFIN,2018,0,-0.203215892,-0.185115892,1.543036306,5.240916438,0.440561191,0.417680036,22.59698044,31.13359775,24.58916278,24.43981763,24.43981763,23.13346995,33.14605027,31.91146191,28.06903545,28.06903545,7.368544713,0.013277404,1.316583672,15.3,28.26105,2.390638813,7.094482525,92.90551747,1585.325,21.049,0.076362338,0,0,0.0181,21049000.0,BFIN,,,BFIN,186287465.0,0.1674013122245939,converged,0.1674013122245939,2017,2017,unknown,0,186287465.0,21049000.0,0.0181,1.0,0.1674013122245939,206958905.32277277,0.15068095793548386,0.0,5,converged,15.364380494698167,15.213699536762684,15.213699536762684,1.4343165088968177e-52
BFIN,2019,0,-0.068996957,-0.047596957,1.35760164,4.026592005,0.370800793,0.368805325,21.29806636,25.97546007,10.67069935,16.87122591,16.87122591,22.59698044,31.13359775,24.58916278,24.43981763,24.43981763,7.305198296,4.1e-05,1.146068802,16.38,20.99961,1.778313789,0.680227158,99.31977284,1488.015,0.061,0.006848859,0,0,0.021400000000000002,61000.0,BFIN,,,BFIN,162985956.0,0.1826683960336403,converged,0.1826683960336403,2018,2018,unknown,0,162985956.0,61000.0,0.021400000000000002,1.0,0.1826683960336403,163045664.47530317,0.18260151708884093,0.0,6,converged,35.0,35.0,35.0,1.1249107064724062e-268
BFST,2021,1,0.170551464,0.170951464,1.444016853,1.542927489,0.884384102,0.726882632,17.43215031,32.21945226,50.08566753,34.01168863,34.01168863,20.28455285,23.97750321,44.5006898,27.91308992,27.91308992,8.460914438,0.039690012,1.33266388,11.94,20.36714,1.644586892,21.38980709,78.61019291,4726.378,187.59,0.272099664,0,0,0.0004,187590000.0,BFST,,,BFST,840665450.0,0.8021158697868437,converged,0.8021158697868437,2020,2020,unknown,0,840665450.0,187590000.0,0.0004,1.0,0.8021158697868437,1027761643.288197,0.6572579072904423,0.0,6,converged,2.9170798577826487,2.2598219504922064,2.2598219504922064,0.011916151750575647
BFST,2022,1,0.002697866,0.016897866,3.86779372,6.376712024,0.853088321,0.689499124,15.8938172,27.93656508,57.06052142,34.41765933,34.41765933,17.43215031,32.21945226,50.08566753,34.01168863,34.01168863,8.697923483,0.093502502,1.093188942,12.75,19.24161,4.774826872,20.37719166,69.3603186,5990.46,560.123,0.293787458,0,0,0.014199999999999999,560123000.0,BFST,,,BFST,657447300.0,0.3006210752144577,converged,0.3006210752144577,2021,2021,unknown,0,657447300.0,560123000.0,0.014199999999999999,1.0,0.3006210752144577,1209672738.1982708,0.16338519760543402,0.0,7,converged,4.881079242965367,4.7176940453599325,4.7176940453599325,1.192664258710637e-06
BFST,2023,1,-0.049618761,-0.000118761,4.26169377,6.32184791,0.914189132,0.529200899,14.03688525,24.62306942,59.86929975,33.77828542,33.77828542,15.8938172,27.93656508,57.06052142,34.41765933,34.41765933,8.792481275,0.09644896,1.09189311,12.85,19.24161,5.27716271,43.89740781,48.73036292,6584.55,635.073,0.900822509,0,0,0.0495,635073000.0,BFST,,,BFST,731981750.0,0.2774241931000373,converged,0.2774241931000373,2022,2022,unknown,0,731981750.0,635073000.0,0.0495,1.0,0.2774241931000373,1336383997.7560282,0.1519544230061494,0.0,7,converged,5.297824444743547,5.145870021737398,5.145870021737398,1.3314187878697203e-07
BHB,2017,0,0.134513681,0.142513681,1.667090536,5.715397779,0.777567838,0.690811662,22.15799615,39.66854724,63.34134065,42.47848207,42.47848207,21.15270351,27.22938214,51.90557452,32.19178037,32.19178037,8.178970944,0.232728802,1.176156821,13.73,28.25284,2.154519248,14.89647678,85.10352322,3565.184,829.721,0.175039484,0,0,0.008,829721000.0,BHB,,,BHB,413841818.0,0.26535233397263,converged,0.26535233397263,2016,2016,unknown,0,413841818.0,829721000.0,0.008,1.0,0.26535233397263,1236951490.172208,0.08877800918113517,0.0,6,converged,4.632413223334089,4.543635214152953,4.543635214152953,2.7646154956931768e-06
BHB,2018,0,-0.219405899,-0.201305899,2.885476792,7.396805531,0.839373328,0.743061748,21.58687943,33.78781017,75.47523873,43.92983979,43.92983979,22.15799615,39.66854724,63.34134065,42.47848207,42.47848207,8.19104385,0.200581573,0.939570468,14.23,28.25284,4.259374773,15.30121951,84.69878049,3608.487,723.796,0.180654543,0,0,0.0181,723796000.0,BHB,,,BHB,343667974.0,0.3045286618509912,converged,0.3045286618509912,2017,2017,unknown,0,343667974.0,723796000.0,0.0181,1.0,0.3045286618509912,1054480428.4589653,0.09925243784141394,0.0,7,converged,4.023270227856191,3.924017790014777,3.924017790014777,4.35421502227987e-05
BHB,2019,0,0.026018064,0.047418064,1.482577074,6.676804502,1.007396834,0.871561255,21.29806636,31.99290535,77.10920089,43.77373932,43.77373932,21.58687943,33.78781017,75.47523873,43.92983979,43.92983979,8.207709311,0.144807159,0.996503458,13.61,28.25284,2.012095277,17.84595724,82.15404276,3669.128,531.316,0.217225551,0,0,0.021400000000000002,531316000.00000006,BHB,,,BHB,389020502.0,0.2764677951520791,converged,0.2764677951520791,2018,2018,unknown,0,389020502.0,531316000.00000006,0.021400000000000002,1.0,0.2764677951520791,909087118.3923761,0.11830740162832103,0.0,6,converged,4.7797711254036,4.661463723775278,4.661463723775278,1.569842067515956e-06
BHB,2020,1,-0.212482509,-0.208082509,1.585563787,4.626764763,0.89034974,0.588898341,28.80592618,56.38963868,81.98772604,58.89717298,58.89717298,21.29806636,31.99290535,77.10920089,43.77373932,43.77373932,8.222627481,0.090225077,0.827756502,13.56,28.23778,2.378708533,41.63360269,58.36639731,3724.275,336.023,0.713314589,0,0,0.0044,336023000.0,BHB,,,BHB,346119462.0,0.2978436226529102,converged,0.2978436226529102,2019,2019,unknown,0,346119462.0,336023000.0,0.0044,1.0,0.2978436226529102,680667189.3423269,0.1514537122830855,0.0,8,converged,4.765568110181103,4.6141143978980175,4.6141143978980175,1.973874770559443e-06
BHB,2021,1,0.214191907,0.214591907,1.571238549,1.552434742,0.877017842,0.759150991,28.52218556,51.61722315,87.37619824,58.65453912,58.65453912,28.80592618,56.38963868,81.98772604,58.89717298,58.89717298,8.218580396,0.048129627,1.023202918,14.32,20.18439,1.743508997,16.28472378,83.71527622,3709.233,178.524,0.194525116,0,0,0.0004,178524000.0,BHB,,,BHB,433988447.97,0.738594973749814,converged,0.738594973749814,2020,2020,unknown,0,433988447.97,178524000.0,0.0004,1.0,0.738594973749814,611893218.4117033,0.5262728858994524,0.0,5,converged,2.6045733184224424,2.07830043252299,2.07830043252299,0.018840848323412023
BHB,2022,1,0.061620572,0.075820572,3.646073414,7.128647903,0.825482426,0.71154787,30.1593517,51.94007351,84.02705407,58.06625289,58.06625289,28.52218556,51.61722315,87.37619824,58.65453912,58.65453912,8.271242268,0.100835259,1.228235668,13.5,19.18442,4.433292607,16.5367938,83.4632062,3909.803,394.246,0.198132741,0,0,0.014199999999999999,394246000.0,BHB,,,BHB,483249323.52,0.338646898550271,converged,0.338646898550271,2021,2021,unknown,0,483249323.52,394246000.0,0.014199999999999999,1.0,0.338646898550271,871936397.705332,0.18768774533676166,0.0,6,converged,4.3985543450688676,4.210866599732106,4.210866599732106,1.2719646989852979e-05
BHB,2023,1,-0.004473501,0.045026499,4.255998165,6.335741122,0.763659205,0.659601987,28.25113014,51.88047291,74.54573226,54.61602944,54.61602944,30.1593517,51.94007351,84.02705407,58.06625289,58.06625289,8.286744271,0.083483908,1.031002169,14.24,19.18442,5.219693541,16.33247757,83.66752243,3970.885,331.505,0.195206899,0,0,0.0495,331505000.0,BHB,,,BHB,445453766.16,0.3213288296258163,converged,0.3213288296258163,2022,2022,unknown,0,445453766.16,331505000.0,0.0495,1.0,0.3213288296258163,760948758.6704419,0.18810368595824611,0.0,6,converged,4.77457218704736,4.586468501089113,4.586468501089113,2.2540318993992635e-06
BKU,2016,0,0.371925652,0.373925652,1.52355148,7.131183567,1.01460311,0.931372262,21.15270351,57.45239879,47.92662116,45.74997342,45.74997342,19.9220048,38.84986348,34.85906863,32.05494157,32.05494157,10.23567028,0.202371824,1.623389464,12.45,31.88739,1.751503616,11.59829474,88.40170526,27880.151,5642.157,0.131199898,0,0,0.002,5642157000.0,BKU,,,BKU,2834736661.76,0.2244919385205117,converged,0.2244919385205117,2015,2015,unknown,0,2834736661.76,5642157000.0,0.002,1.0,0.2244919385205117,8465620621.934956,0.0751717531191062,0.0,6,converged,5.46178942390627,5.386617670787164,5.386617670787164,3.589796573141151e-08
BKU,2017,0,0.262959392,0.270959392,1.588948892,7.455255845,1.115972283,1.039761356,22.15799615,62.68986555,67.49942805,55.39396741,55.39396741,21.15270351,57.45239879,47.92662116,45.74997342,45.74997342,10.32045248,0.170489089,1.437795423,12.45,32.4312293,1.989833347,9.786127681,90.21387232,30346.986,5173.83,0.108476972,0,0,0.008,5173830000.0,BKU,,,BKU,3062628730.88,0.2941777138244469,converged,0.2941777138244469,2016,2016,unknown,0,3062628730.88,5173830000.0,0.008,1.0,0.2941777138244469,8195231629.455182,0.10993764258531265,0.0,8,converged,4.311374897391212,4.201437254805899,4.201437254805899,1.3261288017243802e-05
BKU,2018,0,-0.37448478,-0.35638478,2.09648861,8.427562717,1.038411832,0.934546409,25.55841295,57.14501966,57.68154564,49.68118701,49.68118701,22.15799615,62.68986555,67.49942805,55.39396741,55.39396741,10.37861323,0.167071712,1.015205977,13.08,28.26105,3.352526777,13.41411983,86.58588017,32164.326,5373.749,0.154922717,0,0,0.0181,5373749000.0,BKU,,,BKU,2251844405.76,0.2310925076685125,converged,0.2310925076685125,2017,2017,unknown,0,2251844405.76,5373749000.0,0.0181,1.0,0.2310925076685125,7529203498.143157,0.06911546881045079,0.0,6,converged,5.1761485020815465,5.107033033271096,5.107033033271096,1.636282779915645e-07
BKU,2019,0,0.05225581,0.07365581,1.943891269,7.558900112,1.148110139,1.004412147,24.56383212,51.80921536,65.83147618,50.01291846,50.01291846,25.55841295,57.14501966,57.68154564,49.68118701,49.68118701,10.400355,0.152407725,1.166771547,12.79,20.99961,2.381670557,15.33289666,84.66710334,32871.293,5009.839,0.181096271,0,0,0.021400000000000002,5009839000.0,BKU,,,BKU,2749747210.24,0.2493708947948304,converged,0.2493708947948304,2018,2018,unknown,0,2749747210.24,5009839000.0,0.021400000000000002,1.0,0.2493708947948304,7653514634.478447,0.08959375376080203,0.0,6,converged,5.013460138979143,4.923866385218341,4.923866385218341,4.242539172550979e-07
BKU,2020,1,-0.198575081,-0.194175081,1.812935373,6.160049038,1.372298406,0.845372816,25.55404648,52.36474624,64.755372,50.2289082,50.2289082,24.56383212,51.80921536,65.83147618,50.01291846,50.01291846,10.4634031,0.114979643,1.08510715,14.66,21.00652,2.432441382,44.10471046,55.89528954,35010.493,4025.494,0.789059522,0,0,0.0044,4025494000.0,BKU,,,BKU,2615870021.12,0.2407480131198383,converged,0.2407480131198383,2019,2019,unknown,0,2615870021.12,4025494000.0,0.0044,1.0,0.2407480131198383,6623690751.724668,0.09507773904444022,0.0,6,converged,5.331689489339612,5.236611750295172,5.236611750295172,8.177561576722513e-08
BKU,2021,1,0.259638257,0.260038257,1.771106027,1.605742438,1.28958549,1.080728254,23.52029672,59.91277317,60.22065699,52.27286509,52.27286509,25.55404648,52.36474624,64.755372,50.2289082,50.2289082,10.48613314,0.078888308,1.192906976,14.29,20.93924,1.975880252,19.64256147,80.35743853,35815.396,2825.416,0.244439866,0,0,0.0004,2825416000.0,BKU,,,BKU,3623766287.66,0.8000647714838925,converged,0.8000647714838925,2020,2020,unknown,0,3623766287.66,2825416000.0,0.0004,1.0,0.8000647714838925,6418909752.195568,0.46198273001435053,0.0,5,converged,2.008098211253495,1.5461154812391444,1.5461154812391444,0.061038340287419196
BKU,2022,1,-0.013707999,0.000492001,3.684229103,8.292435494,1.172953852,0.966056332,39.15047945,58.23033709,69.97686176,55.32377097,55.32377097,23.52029672,59.91277317,60.22065699,52.27286509,52.27286509,10.51939488,0.170982587,1.055289725,12.68,21.24215,4.677428712,21.37939318,78.62060682,37026.712,6330.923,0.271931165,0,0,0.014199999999999999,6330923000.0,BKU,,,BKU,2570665720.39,0.3574234540105945,converged,0.3574234540105945,2021,2021,unknown,0,2570665720.39,6330923000.0,0.014199999999999999,1.0,0.3574234540105945,8812228964.617598,0.10430688342810723,0.0,6,converged,3.358688556461728,3.254381673033621,3.254381673033621,0.0005681974491542339
BKU,2023,1,-0.042115233,0.007384767,4.02780592,7.680362577,1.388620742,1.04335831,35.05488485,52.33024574,67.78089984,51.45702423,51.45702423,39.15047945,58.23033709,69.97686176,55.32377097,55.32377097,10.48463017,0.162855461,0.935599011,13.38,21.84145,5.146740518,29.74512594,70.25487406,35761.607,5823.973,0.423388787,0,0,0.0495,5823973000.0,BKU,,,BKU,2411900337.15,0.3442714560209514,converged,0.3442714560209514,2022,2022,unknown,0,2411900337.15,5823973000.0,0.0495,1.0,0.3442714560209514,7954558046.187505,0.1044096919158514,0.0,6,converged,3.512251724649629,3.407842032733778,3.407842032733778,0.0003273939455917396
BLFY,2022,1,0.006781352,0.020981352,2.607800919,5.271747985,0.306334443,0.29917916,15.8938172,48.49985024,44.80540037,40.18586985,40.18586985,17.43215031,28.49513127,27.66868804,24.0943128,24.0943128,7.622340024,0.156509594,0.898291072,21.9,31.28221211,3.765047599,3.407745808,97.91312217,2043.338,319.802,0.03480377,0,0,0.014199999999999999,319802000.0,BLFY,,,BLFY,279112280.0,0.1862483495963501,converged,0.1862483495963501,2021,2021,unknown,0,279112280.0,319802000.0,0.014199999999999999,1.0,0.1862483495963501,594405181.96368,0.08745583497497253,0.0,6,converged,7.293777696692007,7.206321861717035,7.206321861717035,2.874171949037026e-13
BLFY,2023,1,-0.050720988,-0.001220988,3.660751973,6.536080786,0.482757212,0.466543673,18.8284145,49.20674807,57.76172158,45.89074703,45.89074703,15.8938172,48.49985024,44.80540037,40.18586985,40.18586985,7.623134975,0.198746383,0.666435768,21.12,23.25648923,4.7719115,5.119778184,113.0595611,2044.963,406.429,0.045283903,0,0,0.0495,406429000.0,BLFY,,,BLFY,210040136.0,0.2132413010835941,converged,0.2132413010835941,2022,2022,unknown,0,210040136.0,406429000.0,0.0495,1.0,0.2132413010835941,596840711.6941632,0.07504386201680327,0.0,6,converged,5.817355212048611,5.742311350031807,5.742311350031807,4.669644965847385e-09
BMRC,2017,0,0.135517489,0.143517489,1.545370691,6.24680313,0.770158287,0.763619462,24.17324669,48.94157876,70.89338824,50.08683891,50.08683891,23.24383959,46.69594949,73.61916951,49.96521557,49.96521557,7.811225782,0.00232522,1.584596771,14.91,36.58443,2.213597204,1.332299379,98.66770062,2468.154,5.739,0.013502893,0,0,0.008,5739000.0,BMRC,,,BMRC,551347400.0,0.2375025985384496,converged,0.2375025985384496,2016,2016,unknown,0,551347400.0,5739000.0,0.008,1.0,0.2375025985384496,557040671.1594294,0.2350751881057555,0.0,5,converged,19.614930378496595,19.37985519039084,19.37985519039084,5.708386909757081e-84
BMRC,2018,0,-0.210218413,-0.192118413,1.537155598,6.2584816,0.573525101,0.56991499,23.52538211,43.21106858,70.46968688,47.08092167,47.08092167,24.17324669,48.94157876,70.89338824,50.08683891,50.08683891,7.832368086,0.003824043,1.804451601,14.93,36.25868,2.709990266,0.983999465,99.01600053,2520.892,9.64,0.009937782,0,0,0.0181,9640000.0,BMRC,,,BMRC,668751964.0,0.2681826018734529,converged,0.2681826018734529,2017,2017,unknown,0,668751964.0,9640000.0,0.0181,1.0,0.2681826018734529,678219049.5973308,0.26443911228004907,0.0,6,converged,16.285840600731742,16.021401488451694,16.021401488451694,4.529266585925256e-58
BMRC,2019,0,0.035846619,0.057246619,1.377314248,5.008363472,0.54210727,0.540310292,22.06022092,41.1487342,67.637695,45.01503857,45.01503857,23.52538211,43.21106858,70.46968688,47.08092167,47.08092167,7.90369972,0.001078573,1.816110462,15.07,36.25868,2.07144247,0.519060678,99.48093932,2707.28,2.92,0.00521769,0,0,0.021400000000000002,2920000.0,BMRC,,,BMRC,730535305.0,0.2662754129129087,converged,0.2662754129129087,2018,2018,unknown,0,730535305.0,2920000.0,0.021400000000000002,1.0,0.2662754129129087,733393480.8775108,0.26523768627536515,0.0,3,converged,21.047816937023214,20.782579250747848,20.782579250747848,3.1112143651366963e-96
BMRC,2020,1,-0.196970769,-0.192570769,1.250677,5.942827105,0.846659479,0.842633306,20.85479836,35.41537054,70.09262056,43.06673561,43.06673561,22.06022092,41.1487342,67.637695,45.01503857,45.01503857,7.976569997,0.000973582,1.29407306,16.03,34.19793,2.191206957,0.720895093,99.27910491,2911.926,2.835,0.007261297,0,0,0.0044,2835000.0,BMRC,,,BMRC,556860874.0,0.2038595789429655,converged,0.2038595789429655,2019,2019,unknown,0,556860874.0,2835000.0,0.0044,1.0,0.2038595789429655,559683427.4025979,0.20283148966696382,0.0,3,converged,26.180844472484672,25.97801298281771,25.97801298281771,4.388266103208483e-149
BMRC,2021,1,0.213793838,0.214193838,1.793018694,1.515703803,0.755582651,0.755174387,19.0205481,33.68672278,61.27923766,38.99786934,38.99786934,20.85479836,35.41537054,70.09262056,43.06673561,43.06673561,8.369669273,9.71e-05,1.316802519,14.58,25.48846,2.119108198,0.072502878,99.92749712,4314.209,0.419,0.000725555,0,0,0.0004,419000.0,BMRC,,,BMRC,593045716.89,0.6018184158720171,converged,0.6018184158720171,2020,2020,unknown,0,593045716.89,419000.0,0.0004,1.0,0.6018184158720171,593464549.323515,0.601393687770025,0.0,3,converged,12.366440112124822,11.765046424354797,11.765046424354797,2.954691571847547e-32
BMRC,2022,1,0.053245382,0.067445382,3.109318282,7.342040552,0.756933801,0.756505229,17.26625006,27.70510615,68.45344507,38.58260321,38.58260321,19.0205481,33.68672278,61.27923766,38.99786934,38.99786934,8.330252342,0.027110302,1.278932999,15.9,25.48846,4.082487277,0.075972818,99.92402718,4147.464,112.439,0.000760306,0,0,0.014199999999999999,112439000.0,BMRC,,,BMRC,527038057.44000006,0.2650034656237867,converged,0.2650034656237867,2021,2021,unknown,0,527038057.44000006,112439000.0,0.014199999999999999,1.0,0.2650034656237867,637891706.3271182,0.2189508283213996,0.0,8,converged,8.101944274350886,7.882993446029487,7.882993446029487,1.5981492000666137e-15
BMRC,2023,1,0.005828468,0.055328468,3.711237617,6.969067138,0.882376764,0.881629953,15.2370401,27.97942848,54.95802328,33.83550721,33.83550721,17.26625006,27.70510615,68.45344507,38.58260321,38.58260321,8.243782924,0.006913426,0.810382712,16.89,25.48846,4.906584909,0.113555364,99.88644464,3803.903,26.298,0.001136845,0,0,0.0495,26298000.0,BMRC,,,BMRC,355808254.26,0.2439214466490194,converged,0.2439214466490194,2022,2022,unknown,0,355808254.26,26298000.0,0.0495,1.0,0.2439214466490194,380836196.5086765,0.2278913215331833,0.0,4,converged,12.059887451250983,11.8319961297178,11.8319961297178,1.3336120148161782e-32
BOH,2016,0,0.317419393,0.319419393,1.265469854,6.373341693,0.912418459,0.807923607,24.18016917,39.58828892,56.99232082,40.58898185,40.58898185,19.06124469,43.76052802,49.83047386,39.75638761,39.75638761,9.710652947,0.048563799,3.25550102,14.49,30.49195,1.433160727,15.68834428,84.31165572,16492.367,800.932,0.186075628,0,0,0.002,800932000.0,BOH,,,BOH,3524079412.0,0.2012301717801126,converged,0.2012301717801126,2015,2015,unknown,0,3524079412.0,800932000.0,0.002,1.0,0.2012301717801126,4323411149.227758,0.16402584332818285,0.0,8,converged,10.373220110102967,10.209194266774784,10.209194266774784,9.017812902795154e-25
BOH,2017,0,0.195358389,0.203358389,1.400656109,6.512574684,0.950520346,0.862269646,29.75275646,42.17156853,60.50674903,43.79317313,43.79317313,24.18016917,39.58828892,56.99232082,40.58898185,40.58898185,9.746193304,0.044824546,2.949832015,14.46,30.49195,1.760081095,12.83464501,87.16535499,17089.052,766.009,0.147244797,0,0,0.008,766009000.0,BOH,,,BOH,3405272360.0,0.2205858775632418,converged,0.2205858775632418,2016,2016,unknown,0,3405272360.0,766009000.0,0.008,1.0,0.2205858775632418,4165177735.4743342,0.18034165388513648,0.0,8,converged,9.524044098053336,9.3437024441682,9.3437024441682,4.6511516881178734e-21
BOH,2018,0,-0.311732225,-0.293632225,1.383466723,6.680355406,0.742426151,0.669658651,55.6867529,47.48032904,69.42681107,51.50705898,51.50705898,29.75275646,42.17156853,60.50674903,43.79317313,43.79317313,9.749402021,0.037338951,2.202943647,14.21,30.09815,2.34270536,13.45375538,86.54624462,17143.974,640.138,0.155451637,0,0,0.0181,640138000.0,BOH,,,BOH,2674946735.9999995,0.1996622716015631,converged,0.1996622716015631,2017,2017,unknown,0,2674946735.9999995,640138000.0,0.0181,1.0,0.1996622716015631,3303602466.215369,0.16166773913775434,0.0,5,converged,10.343765974632415,10.18209823549466,10.18209823549466,1.1918265732952935e-24
BOH,2019,0,0.011746139,0.033146139,1.136491646,6.425365236,0.935453868,0.832906546,66.5241828,44.99435913,66.74136672,53.13387964,53.13387964,55.6867529,47.48032904,69.42681107,51.50705898,51.50705898,9.803418347,0.038123907,2.960897286,13.28,30.09815,1.585522167,14.97556253,85.02443747,18095.496,689.871,0.176132451,0,0,0.021400000000000002,689871000.0,BOH,,,BOH,3781163568.0,0.1833790850837409,converged,0.1833790850837409,2018,2018,unknown,0,3781163568.0,689871000.0,0.021400000000000002,1.0,0.1833790850837409,4456428174.496434,0.15559239344113007,0.0,7,converged,12.20562713431043,12.050034740869298,12.050034740869298,9.693410211025547e-34
BOH,2020,1,-0.208135106,-0.203735106,0.599011505,6.727538206,1.261001763,1.039921978,62.36912126,40.69599706,60.28542334,48.04474599,48.04474599,66.5241828,44.99435913,66.74136672,53.13387964,53.13387964,9.933223572,0.032085139,2.236395803,13.31,29.76603,1.075557809,23.23588863,76.76411137,20603.651,661.071,0.302692081,0,0,0.0044,661071000.0,BOH,,,BOH,3044480376.0,0.1849753789266408,converged,0.1849753789266408,2019,2019,unknown,0,3044480376.0,661071000.0,0.0044,1.0,0.1849753789266408,3702649053.6167264,0.1520948744576497,0.0,8,converged,11.433054449841364,11.280959575383715,11.280959575383715,8.147932763036921e-30
BOH,2021,1,0.207807183,0.208207183,0.977346819,1.413826051,1.225727918,1.104731027,64.31027812,36.77278918,66.17945431,48.83306156,48.83306156,62.36912126,40.69599706,60.28542334,48.04474599,48.04474599,10.03385511,0.020227439,2.355114235,14.81,20.96135,1.015677153,11.61850712,83.84403762,22784.941,460.881,0.138572848,0,0,0.0004,460881000.0,BOH,,,BOH,3371607445.6800003,0.5776544666001724,converged,0.5776544666001724,2020,2020,unknown,0,3371607445.6800003,460881000.0,0.0004,1.0,0.5776544666001724,3832301938.9097567,0.5082150706830791,0.0,5,converged,4.422581036204161,3.9143659655210814,3.9143659655210814,4.532103557461455e-05
BOH,2022,1,0.022432881,0.036632881,3.655240645,7.824117364,1.003998236,0.901986017,58.16328628,36.05468222,63.60619746,46.77148453,46.77148453,64.31027812,36.77278918,66.17945431,48.83306156,48.83306156,10.06929335,0.048112421,2.717391695,13.17,20.96135,4.58607136,11.90252912,83.18142912,23606.877,1135.784,0.143091183,0,0,0.014199999999999999,1135784000.0,BOH,,,BOH,3089660770.0,0.2797411872880994,converged,0.2797411872880994,2021,2021,unknown,0,3089660770.0,1135784000.0,0.014199999999999999,1.0,0.2797411872880994,4209430606.8451114,0.2053259580374889,0.0,5,converged,6.551941200093074,6.346615242055585,6.346615242055585,1.100518421979332e-10
BOKF,2016,0,0.317423811,0.319423811,1.561839722,6.369694939,0.883686,0.792381541,21.15270351,42.75339483,28.55659841,31.48605926,31.48605926,18.2821119,15.57174376,22.50612745,15.82579079,15.82579079,10.39733835,0.174455419,1.656751829,12.81,33.83572,1.949380924,14.83231354,85.16768646,32772.281,5717.302,0.174154238,0,0,0.002,5717302000.0,BOKF,,,BOKF,5336299872.0,0.2386607286826258,converged,0.2386607286826258,2015,2015,unknown,0,5336299872.0,5717302000.0,0.002,1.0,0.2386607286826258,11042178694.19997,0.1153364074147525,0.0,6,converged,5.782012891322058,5.666676483907305,5.666676483907305,7.279693158223033e-09
BOKF,2017,0,0.251061747,0.259061747,1.717237069,6.957898042,0.99324395,0.931319598,22.15799615,47.95849797,33.08510638,35.69805329,35.69805329,21.15270351,42.75339483,28.55659841,31.48605926,31.48605926,10.38196022,0.181411377,1.727217938,13.54,32.78916,2.204252847,9.002306354,90.99769365,32272.16,5854.537,0.098928951,0,0,0.008,5854537000.0,BOKF,,,BOKF,5932649376.0,0.3101078194407364,converged,0.3101078194407364,2016,2016,unknown,0,5932649376.0,5854537000.0,0.008,1.0,0.3101078194407364,11740535993.436153,0.15670199954519204,0.0,7,converged,4.569873472410365,4.413171472865173,4.413171472865173,5.093362513364859e-06
BOKF,2018,0,-0.330501801,-0.312401801,1.548986238,8.733912034,1.106812724,1.004864808,27.25519359,48.40689047,18.65756163,31.5427771,31.5427771,22.15799615,47.95849797,33.08510638,35.69805329,35.69805329,10.54588087,0.195124031,1.193286222,12.5,32.78916,2.708515315,13.11520732,86.88479268,38020.504,7418.714,0.1509494,0,0,0.0181,7418714000.0,BOKF,,,BOKF,4712317794.0,0.2051723051255104,converged,0.2051723051255104,2017,2017,unknown,0,4712317794.0,7418714000.0,0.0181,1.0,0.2051723051255104,11997960994.226704,0.08058345121890861,0.0,6,converged,6.230532821799416,6.149949370580508,6.149949370580508,3.8753842310631945e-10
BOKF,2019,0,0.066805528,0.088205528,1.118145766,6.237230119,1.292463197,0.892552862,26.24660667,44.82933614,21.41886873,30.80467922,30.80467922,27.25519359,48.40689047,18.65756163,31.5427771,31.5427771,10.64951227,0.204432413,1.270370118,12.94,32.2915,1.573015872,39.82200943,60.17799057,42172.021,8621.328,0.661737108,0,0,0.021400000000000002,8621328000.0,BOKF,,,BOKF,5616481320.0,0.2239526691305662,converged,0.2239526691305662,2018,2018,unknown,0,5616481320.0,8621328000.0,0.021400000000000002,1.0,0.2239526691305662,14055273004.541595,0.08949139501577925,0.0,6,converged,5.745388703031621,5.655897308015842,5.655897308015842,7.751707361223561e-09
BOKF,2020,1,-0.126995584,-0.122595584,1.195791624,6.264152913,1.577607374,0.968454525,68.978075,55.63437145,22.11313398,43.65664739,43.65664739,26.24660667,44.82933614,21.41886873,30.80467922,30.80467922,10.75088015,0.08187855,0.905533987,13.82,31.41134,1.836661667,47.83661813,52.16338187,46671.088,3821.361,0.917053619,0,0,0.0044,3821361000.0,BOKF,,,BOKF,4400648064.0,0.2411737312528518,converged,0.2411737312528518,2019,2019,unknown,0,4400648064.0,3821361000.0,0.0044,1.0,0.2411737312528518,8205232012.4217005,0.12934682766145522,0.0,8,converged,6.006569114761327,5.8772222870998725,5.8772222870998725,2.0860390671490986e-09
BOKF,2021,1,0.220248776,0.220648776,1.091289262,1.466267002,1.4334847,1.271829007,69.95224128,54.01505876,21.90377812,43.16474578,43.16474578,68.978075,55.63437145,22.11313398,43.65664739,43.65664739,10.8247545,0.04964092,1.346574599,13.29,22.84115,1.168819263,14.14329916,85.85670084,50249.431,2494.428,0.164731454,0,0,0.0004,2494428000.0,BOKF,,,BOKF,7222665268.28,0.7094339485371219,converged,0.7094339485371219,2020,2020,unknown,0,7222665268.28,2494428000.0,0.0004,1.0,0.7094339485371219,9712043601.358965,0.5288017496192995,0.0,5,converged,2.8356996277256283,2.3068978781063287,2.3068978781063287,0.01053025692892392
BOKF,2022,1,-0.048798287,-0.034598287,3.462690881,9.137477058,1.275462619,1.156635889,69.17626043,54.50803658,21.84083433,43.17742017,43.17742017,69.95224128,54.01505876,21.90377812,43.16474578,43.16474578,10.77458513,0.149370038,1.484125038,12.67,22.58196,4.512172892,11.71547485,88.28452515,47790.642,7138.49,0.132701341,0,0,0.014199999999999999,7138490000.0,BOKF,,,BOKF,6949636622.860001,0.2980978960979943,converged,0.2980978960979943,2021,2021,unknown,0,6949636622.860001,7138490000.0,0.014199999999999999,1.0,0.2980978960979943,13987475859.277012,0.1481092550797633,0.0,8,converged,4.711584388908914,4.563475133829151,4.563475133829151,2.5156885756784946e-06
BOKF,2023,1,-0.027364605,0.022135395,3.543022272,6.898350701,1.233439206,0.864490186,67.09544575,51.98305691,20.31276146,41.1293084,41.1293084,69.17626043,54.50803658,21.84083433,43.17742017,43.17742017,10.81626873,0.179738697,1.08206154,13.16,21.36025,4.48713767,35.17881127,64.82118873,49824.83,8955.45,0.542705433,0,0,0.0495,8955450000.0,BOKF,,,BOKF,5564438710.05,0.2858073654196821,converged,0.2858073654196821,2022,2022,unknown,0,5564438710.05,8955450000.0,0.0495,1.0,0.2858073654196821,14087385585.026178,0.11289269144146447,0.0,9,converged,4.507730708533492,4.394838017092027,4.394838017092027,5.5427692309038e-06
BRBS,2022,1,-0.055774198,-0.041574198,4.388154793,5.608329827,0.382353463,0.338168609,21.88710314,10.19462959,50.3603352,24.04929012,24.04929012,20.53988512,14.0111554,25.48175955,16.57048033,16.57048033,8.048936835,0.112338263,0.951351562,11.15,21.32509284,5.622895615,14.2422126,85.7577874,3130.465,351.671,0.166074861,0,0,0.014199999999999999,351671000.0,BRBS,,,BRBS,1138810722.0,0.2674832687971854,converged,0.2674832687971854,2021,2021,unknown,0,1138810722.0,351671000.0,0.014199999999999999,1.0,0.2674832687971854,1485523282.041729,0.2050542176917689,0.0,5,converged,7.198339643614097,6.993285425922328,6.993285425922328,1.3426121270968868e-12
BRBS,2023,1,-0.102901671,-0.053401671,4.314602387,5.80794871,0.652299251,0.334329276,19.18593674,11.50005249,14.23869491,11.57141962,11.57141962,21.88710314,10.19462959,50.3603352,24.04929012,24.04929012,8.044803999,0.100994241,0.312766284,10.25,21.3328,5.515357392,54.73017443,45.26982557,3117.554,314.855,1.208976923,0,0,0.0495,314855000.0,BRBS,,,BRBS,276268734.0,0.2257547494926218,converged,0.2257547494926218,2022,2022,unknown,0,276268734.0,314855000.0,0.0495,1.0,0.2257547494926218,575917861.5593588,0.10829492022311508,0.0,6,converged,6.08723592201824,5.978941001795125,5.978941001795125,1.1229643728391017e-09
BSRR,2018,0,-0.250270914,-0.232170914,1.570530567,7.202815317,0.802416801,0.744424432,21.58687943,19.56444881,61.98201199,32.01749093,32.01749093,22.15799615,26.66887261,63.58156028,36.11712252,36.11712252,7.833006545,0.042507796,1.346658366,14.89,32.94252,2.652257267,10.40810622,89.59189378,2522.502,107.226,0.11617241,0,0,0.0181,107226000.0,BSRR,,,BSRR,332065764.0,0.2698345399462969,converged,0.2698345399462969,2017,2017,unknown,0,332065764.0,107226000.0,0.0181,1.0,0.2698345399462969,437368432.062303,0.2048680382314145,0.0,5,converged,7.052943183968564,6.848075145737149,6.848075145737149,3.74251238314577e-12
BSRR,2019,0,0.048522842,0.069922842,1.334113771,6.556115532,0.929752725,0.845840099,20.28455285,21.14853775,63.00222859,33.17047701,33.17047701,21.58687943,19.56444881,61.98201199,32.01749093,32.01749093,7.860886586,0.031095462,1.43907964,15.48,32.94252,1.898673049,12.88759341,87.11240659,2593.819,80.656,0.147942112,0,0,0.021400000000000002,80656000.0,BSRR,,,BSRR,402403456.0,0.2249737913935758,converged,0.2249737913935758,2018,2018,unknown,0,402403456.0,80656000.0,0.021400000000000002,1.0,0.2249737913935758,481351755.18871146,0.18807500463137378,0.0,7,converged,9.70618723379131,9.518112229159936,9.518112229159936,8.817671044493853e-22
BUSE,2017,0,0.164015075,0.172015075,1.32927247,5.567447166,0.963724692,0.740660383,22.15799615,24.95022429,47.73164036,29.55870178,29.55870178,21.15270351,24.07519661,48.34328783,29.34488114,29.34488114,8.969623307,0.095373023,1.558954563,14.15,34.66551,1.854352565,31.55211622,68.44788378,7860.64,749.693,0.460965547,0,0,0.008,749693000.0,BUSE,,,BUSE,2679345450.24,0.2102457315220364,converged,0.2102457315220364,2016,2016,unknown,0,2679345450.24,749693000.0,0.008,1.0,0.2102457315220364,3423064832.569937,0.164566250345615,0.0,5,converged,9.358959150936979,9.194392900591364,9.194392900591364,1.88559024605484e-20
BUSE,2018,0,-0.226144108,-0.208044108,1.654552962,7.495845367,1.101778419,0.853125609,21.58687943,41.05874359,46.52120808,37.11277173,37.11277173,22.15799615,24.95022429,47.73164036,29.55870178,29.55870178,8.949281665,0.052664009,1.205459168,14.83,34.66551,2.752631921,30.84876728,69.15123272,7702.357,405.637,0.446105819,0,0,0.0181,405637000.0,BUSE,,,BUSE,2196096771.84,0.2111818769506974,converged,0.2111818769506974,2017,2017,unknown,0,2196096771.84,405637000.0,0.0181,1.0,0.2111818769506974,2594457788.4796095,0.17875636584212323,0.0,7,converged,10.571657508948535,10.392901143106412,10.392901143106412,1.335513170402417e-25
BUSE,2019,0,0.062911309,0.084311309,1.246570381,5.959849856,0.958305386,0.780223399,20.28455285,45.30083039,47.58887828,39.60120805,39.60120805,21.58687943,41.05874359,46.52120808,37.11277173,37.11277173,9.179440758,0.048255474,1.234553634,14.03,34.66551,1.812346575,25.89014484,74.10985516,9695.729,467.872,0.349348205,0,0,0.021400000000000002,467872000.0,BUSE,,,BUSE,2460988640.0,0.2086529300661151,converged,0.2086529300661151,2018,2018,unknown,0,2460988640.0,467872000.0,0.021400000000000002,1.0,0.2086529300661151,2918954552.451376,0.17591657941262132,0.0,7,converged,10.616733082402007,10.440816502989385,10.440816502989385,8.070815179981413e-26
BUSE,2020,1,-0.178028848,-0.173628848,1.06209384,5.436927987,1.110251297,0.805832883,18.99807322,39.56530774,74.46592168,46.43212444,46.43212444,20.28455285,45.30083039,47.58887828,39.60120805,39.60120805,9.263316714,0.045384092,0.923110766,17.04,34.48955,1.789361431,36.5745456,63.4254544,10544.047,478.532,0.576654057,0,0,0.0044,478532000.0,BUSE,,,BUSE,1928520188.8,0.2069784659530688,converged,0.2069784659530688,2019,2019,unknown,0,1928520188.8,478532000.0,0.0044,1.0,0.2069784659530688,2404951273.403347,0.16597515078651845,0.0,5,converged,9.83722988102491,9.671254730238392,9.671254730238392,1.997251083834628e-22
BUSE,2021,1,0.235657486,0.236057486,1.339520104,1.538134564,0.986974355,0.746983512,17.43215031,38.84128492,54.19289633,38.77472,38.77472,18.99807322,39.56530774,74.46592168,46.43212444,46.43212444,9.461852814,0.04885227,1.139702132,15.7,26.13289,1.59071284,30.31083053,69.68916947,12859.689,628.225,0.434943202,0,0,0.0004,628225000.0,BUSE,,,BUSE,1503394759.2,0.6275256246223233,converged,0.6275256246223233,2020,2020,unknown,0,1503394759.2,628225000.0,0.0004,1.0,0.6275256246223233,2130925363.035503,0.4433716688101629,0.0,5,converged,2.977417222978375,2.534045554168212,2.534045554168212,0.005637703632108332
BUSE,2022,1,0.030594795,0.044794795,3.477641874,6.871756193,0.897964834,0.658215864,22.85316423,35.33617607,67.75046555,42.94126218,42.94126218,17.43215031,38.84128492,54.19289633,38.77472,38.77472,9.420331974,0.073334821,1.192432261,16.12,23.41972,4.501531645,32.23244615,67.76755385,12336.677,904.708,0.475632428,0,0,0.014199999999999999,904708000.0,BUSE,,,BUSE,1366499945.28,0.289652061246395,converged,0.289652061246395,2021,2021,unknown,0,1366499945.28,904708000.0,0.014199999999999999,1.0,0.289652061246395,2258451871.6059375,0.17525701793814163,0.0,6,converged,5.388543794423123,5.213286776484981,5.213286776484981,9.276187524593804e-08
BUSE,2023,1,0.023819226,0.073319226,3.865318735,6.175447727,0.833984544,0.605807354,50.18702759,66.91662779,73.39676361,63.64388444,63.64388444,22.85316423,35.33617607,67.75046555,42.94126218,42.94126218,9.416005258,0.041704282,1.077971317,17.44,21.73221,4.875338791,32.488637,67.511363,12283.415,512.271,0.48123213,0,0,0.0495,512270999.99999994,BUSE,,,BUSE,1371159033.58,0.2549192813622827,converged,0.2549192813622827,2022,2022,unknown,0,1371159033.58,512270999.99999994,0.0495,1.0,0.2549192813622827,1858689986.6437185,0.18805442434495837,0.0,5,converged,7.2104427556239346,7.022388331278976,7.022388331278976,1.0905365586297388e-12
BWB,2020,1,-0.225963344,-0.221563344,1.531129793,5.180021162,0.860995197,0.703813698,18.99807322,36.28521951,39.88019732,32.35433991,32.35433991,20.28455285,30.48412377,35.65212777,27.95489139,27.95489139,7.981851148,0.048589763,1.324437096,14.58,28.55140583,2.379236042,23.81370113,76.18629887,2927.345,142.239,0.312571965,0,0,0.0044,142239000.0,BWB,,,BWB,342724351.0,0.2107401284892945,converged,0.2107401284892945,2019,2019,unknown,0,342724351.0,142239000.0,0.0044,1.0,0.2107401284892945,484338874.2563326,0.14912239674674876,0.0,5,converged,8.320646968201775,8.171524571455025,8.171524571455025,1.5225823352242635e-16
BWB,2021,1,0.133204459,0.133604459,1.654958433,1.43277123,0.751157729,0.656747714,17.43215031,28.68386063,33.94648186,26.44792834,26.44792834,18.99807322,36.28521951,39.88019732,32.35433991,32.35433991,8.154114645,0.038744167,1.595400126,15.55,23.33636555,2.026986495,14.17481018,75.59397109,3477.659,134.739,0.187512443,0,0,0.0004,134739000.0,BWB,,,BWB,485411831.00000006,0.5479326819814312,converged,0.5479326819814312,2020,2020,unknown,0,485411831.00000006,134739000.0,0.0004,1.0,0.5479326819814312,620091352.0611347,0.4289599661715373,0.0,5,converged,3.774083106527201,3.3451231403556636,3.3451231403556636,0.00041123022910103746
BWB,2022,1,0.065966439,0.080166439,3.240673074,6.005639168,0.720066015,0.476528635,23.56427534,42.08723265,49.65122087,39.85425288,39.85425288,17.43215031,28.68386063,33.94648186,26.44792834,26.44792834,8.376933385,0.109685245,1.503036462,13.15,23.75372,4.192394444,36.89625147,55.04581141,4345.662,476.655,0.670282634,0,0,0.014199999999999999,476655000.0,BWB,,,BWB,486783826.0,0.3207211670057338,converged,0.3207211670057338,2021,2021,unknown,0,486783826.0,476655000.0,0.014199999999999999,1.0,0.3207211670057338,956718003.3178303,0.16318558405993994,0.0,7,converged,4.438078850427991,4.274893266368051,4.274893266368051,9.561444140588924e-06
BWB,2023,1,-0.098997958,-0.049497958,3.583919066,5.89615886,0.677712208,0.534810367,22.90914385,46.92135114,50.82473537,42.84750014,42.84750014,23.56427534,42.08723265,49.65122087,39.85425288,39.85425288,8.436414713,0.089449023,1.045027749,13.97,23.75372,4.74099369,21.88581837,62.45158213,4611.99,412.538,0.350444578,0,0,0.0495,412538000.0,BWB,,,BWB,370987448.0,0.2431945832493158,converged,0.2431945832493158,2022,2022,unknown,0,370987448.0,412538000.0,0.0495,1.0,0.2431945832493158,763601990.5659935,0.11815336317410263,0.0,9,converged,5.689203138010585,5.5710497748364824,5.5710497748364824,1.2660448418209099e-08
BWFG,2018,0,-0.257148102,-0.239048102,1.803709613,5.08391239,0.415951832,0.388568598,21.58687943,30.97273639,9.02633903,18.6119593,18.6119593,22.15799615,36.02208448,13.21602286,22.62472213,22.62472213,7.535651685,0.098819693,1.292518774,12.86,31.06091618,2.930975482,9.274313717,90.72568628,1873.665,185.155,0.102223682,0,0,0.0181,185155000.0,BWFG,,,BWFG,226045026.9,0.28162481014555,converged,0.28162481014555,2017,2017,unknown,0,226045026.9,185155000.0,0.0181,1.0,0.28162481014555,407878867.6927381,0.15607548673705812,0.0,7,converged,5.254231277513032,5.098155790775974,5.098155790775974,1.7148925062868804e-07
BWFG,2019,0,-0.045779108,-0.024379108,1.838994096,4.082327627,0.410934478,0.377553972,20.28455285,29.95958643,64.65359272,38.13524825,38.13524825,21.58687943,30.97273639,9.02633903,18.6119593,18.6119593,7.540187021,0.093087172,1.244188657,13.72,24.32950171,2.459112612,10.46156746,89.53843254,1882.182,175.207,0.11683885,0,0,0.021400000000000002,175207000.0,BWFG,,,BWFG,227068567.6,0.1881403732975522,converged,0.1881403732975522,2018,2018,unknown,0,227068567.6,175207000.0,0.021400000000000002,1.0,0.1881403732975522,398565972.0468106,0.10718618331381792,0.0,7,converged,7.921257349746968,7.81407116643315,7.81407116643315,2.768490301459833e-15
BWFG,2020,1,-0.34741672,-0.34301672,1.781947673,5.048932756,0.780467337,0.666211949,18.99807322,20.04058031,37.53046747,23.45109613,23.45109613,20.28455285,29.95958643,64.65359272,38.13524825,38.13524825,7.720349443,0.088855581,0.876671187,13.35,24.3344197,2.724598752,18.47750634,81.52249366,2253.747,200.258,0.226655313,0,0,0.0044,200258000.0,BWFG,,,BWFG,153924774.5,0.2086680946614298,converged,0.2086680946614298,2019,2019,unknown,0,153924774.5,200258000.0,0.0044,1.0,0.2086680946614298,353303574.9568661,0.09091102297437438,0.0,6,converged,6.338654280346219,6.2477432573718445,6.2477432573718445,2.0821271526166212e-10
BWFG,2021,1,0.227870898,0.228270898,1.870650279,1.551642837,0.831441324,0.789446211,17.43215031,20.2388475,50.9802961,28.39137496,28.39137496,18.99807322,20.04058031,37.53046747,23.45109613,23.45109613,7.806396775,0.034377819,1.268675565,12.0,20.84137772,2.092953973,6.296969847,93.70303015,2456.264,84.441,0.067201347,0,0,0.0004,84441000.0,BWFG,,,BWFG,256255971.44000003,0.5733640382870648,converged,0.5733640382870648,2020,2020,unknown,0,256255971.44000003,84441000.0,0.0004,1.0,0.5733640382870648,340651497.26448286,0.4314356967318165,0.0,5,converged,3.4495876868067112,3.0181519900748945,3.0181519900748945,0.001271606585635101
BWFG,2022,1,0.150268367,0.164468367,3.827032422,6.533928971,0.704321023,0.566959325,17.26625006,19.90128586,56.83547399,30.52943876,30.52943876,17.43215031,20.2388475,50.9802961,28.39137496,28.39137496,8.08716353,0.048873633,0.954063092,11.07,21.05696495,4.688426852,23.48317721,76.51682279,3252.449,158.959,0.306902147,0,0,0.014199999999999999,158959000.0,BWFG,,,BWFG,227514471.57,0.2500648681406323,converged,0.2500648681406323,2021,2021,unknown,0,227514471.57,158959000.0,0.014199999999999999,1.0,0.2500648681406323,384232204.4255079,0.14807029655316306,0.0,6,converged,6.130623014977672,5.982552718424509,5.982552718424509,1.0983368931732375e-09
BWFG,2023,1,-0.062231868,-0.012731868,3.910737972,6.176431077,0.784588863,0.608758505,15.2370401,16.99565667,56.90925788,29.10967298,29.10967298,17.26625006,19.90128586,56.83547399,30.52943876,30.52943876,8.075732548,0.049512017,0.895185552,12.72,20.59977,4.937106301,26.67386063,73.32613937,3215.482,159.205,0.363770149,0,0,0.0495,159205000.0,BWFG,,,BWFG,237897350.88,0.2226036222412751,converged,0.2226036222412751,2022,2022,unknown,0,237897350.88,159205000.0,0.0495,1.0,0.2226036222412751,389413570.5818794,0.13599118281681563,0.0,6,converged,7.009249008030719,6.873257825213903,6.873257825213903,3.1375999706657544e-12
BY,2018,0,-0.304227085,-0.286127085,2.079770895,7.093393918,0.745262424,0.707564026,21.58687943,23.47659706,68.64645792,36.35711699,36.35711699,22.15799615,25.10361278,41.84969115,27.51728075,27.51728075,8.505641527,0.100339216,0.945714163,13.99,28.26105,3.26601667,6.832617107,91.99938929,4942.574,495.934,0.07426807,0,0,0.0181,495934000.0,BY,,,BY,761718524.0,0.245226588249759,converged,0.245226588249759,2017,2017,unknown,0,761718524.0,495934000.0,0.0181,1.0,0.245226588249759,1248756867.1525972,0.14958366991327635,0.0,6,converged,6.3693357270800055,6.219752057166729,6.219752057166729,2.4897055365846686e-10
BY,2019,0,0.072472976,0.093872976,1.822617429,6.44337685,0.8624106,0.798197187,20.28455285,20.10535673,66.81417807,34.02536105,34.02536105,21.58687943,23.47659706,68.64645792,36.35711699,36.35711699,8.616460803,0.10448967,1.01217113,14.43,20.99961,2.200731822,9.115568419,89.51533215,5521.809,576.972,0.101832482,0,0,0.021400000000000002,576972000.0,BY,,,BY,894767798.0,0.249978477896611,converged,0.249978477896611,2018,2018,unknown,0,894767798.0,576972000.0,0.021400000000000002,1.0,0.249978477896611,1459523774.8454533,0.15325046173435675,0.0,6,converged,6.272180733069481,6.118930271335125,6.118930271335125,4.710280629459577e-10
BY,2020,1,-0.131083753,-0.126683753,1.118609225,4.772916059,1.403065356,0.668494015,18.99807322,22.02640914,72.74237391,37.11235354,37.11235354,20.28455285,20.10535673,66.81417807,34.02536105,34.02536105,8.762591577,0.118562863,0.75047726,16.18,21.00652,1.482483335,57.59954558,41.40700764,6390.652,757.694,1.391057912,0,0,0.0044,757694000.0,BY,,,BY,706395630.0,0.2185387329012893,converged,0.2185387329012893,2019,2019,unknown,0,706395630.0,757694000.0,0.0044,1.0,0.2185387329012893,1460763100.1291065,0.10568093205234545,0.0,6,converged,6.305951849891012,6.200270917838667,6.200270917838667,2.818302435604544e-10
BY,2021,1,0.226016808,0.226416808,1.324512095,1.552745201,1.351796037,1.080446108,21.19032025,27.71662378,57.62056021,35.03202354,35.03202354,18.99807322,22.02640914,72.74237391,37.11235354,37.11235354,8.809291299,0.094105408,1.248844046,14.7,20.93924,1.459809197,23.90369219,75.24876396,6696.172,630.146,0.317662257,0,0,0.0004,630146000.0,BY,,,BY,1250480290.0,0.6798630343168309,converged,0.6798630343168309,2020,2020,unknown,0,1250480290.0,630146000.0,0.0004,1.0,0.6798630343168309,1879079766.2682972,0.4543558573106482,0.0,5,converged,2.6327503314414797,2.1783944741308314,2.1783944741308314,0.014688340469084293
CAC,2017,0,0.154628659,0.162628659,1.504351946,4.35610718,0.790293065,0.489832076,44.36416185,20.40783329,57.79112331,31.77536557,31.77536557,42.36482472,19.52010579,24.31171786,19.44102017,19.44102017,8.310266926,0.150415285,1.621305658,14.14,31.76895,2.079277339,47.34065539,52.65934461,4065.398,611.498,0.898998188,0,0,0.008,611498000.0,CAC,,,CAC,712089686.0,0.2013765961628952,converged,0.2013765961628952,2016,2016,unknown,0,712089686.0,611498000.0,0.008,1.0,0.2013765961628952,1318715217.9180386,0.10874083959678216,0.0,8,converged,7.195215940593388,7.086475100996606,7.086475100996606,6.878547705098107e-13
CAC,2018,0,-0.217158577,-0.199058577,1.494261185,5.926538956,0.79722009,0.594322045,43.26241135,27.65577517,62.10637353,37.01744575,37.01744575,44.36416185,20.40783329,57.79112331,31.77536557,31.77536557,8.365773612,0.07951115,1.286849416,14.36,31.76895,2.384450978,33.34888857,66.65111143,4297.435,341.694,0.500350075,0,0,0.0181,341694000.0,CAC,,,CAC,607972134.0,0.2431109948644916,converged,0.2431109948644916,2017,2017,unknown,0,607972134.0,341694000.0,0.0181,1.0,0.2431109948644916,943537107.6156243,0.15664959987430657,0.0,5,converged,6.677895401499196,6.5212458016248895,6.5212458016248895,3.486290527387979e-11
CAC,2019,0,0.0418569,0.0632569,1.18288016,4.870390861,0.7973597,0.592609691,50.46610519,53.24881639,71.28986211,56.39520976,56.39520976,43.26241135,27.65577517,62.10637353,37.01744575,37.01744575,8.396046731,0.076657047,1.473476246,14.44,31.45748,1.664402107,33.51395135,66.48604865,4429.521,339.554,0.504074946,0,0,0.021400000000000002,339554000.0,CAC,,,CAC,778515332.0,0.2270437028320144,converged,0.2270437028320144,2018,2018,unknown,0,778515332.0,339554000.0,0.021400000000000002,1.0,0.2270437028320144,1110880075.8051987,0.15911438825874677,0.0,5,converged,7.663251306654956,7.50413691839621,7.50413691839621,3.09173236107085e-14
CAC,2020,1,-0.135346362,-0.130946362,0.867880787,4.759113694,0.983858104,0.694811241,48.14695699,46.16672274,62.60341889,49.66133396,49.66133396,50.46610519,53.24881639,71.28986211,56.39520976,56.39520976,8.496734329,0.051380098,1.007809147,15.4,30.36549,1.364057344,37.398902,62.601098,4898.745,251.698,0.597416071,0,0,0.0044,251698000.0,CAC,,,CAC,604760716.0,0.2135712959799117,converged,0.2135712959799117,2019,2019,unknown,0,604760716.0,251698000.0,0.0044,1.0,0.2135712959799117,855353677.6671407,0.15100131471600706,0.0,5,converged,8.205794672749386,8.054793358033379,8.054793358033379,3.9806596839428395e-16
CAC,2021,1,0.178765418,0.179165418,1.105922917,1.436877775,0.909329177,0.706277088,49.61299999,55.83293612,71.8065599,58.56383736,58.56383736,48.14695699,46.16672274,62.60341889,49.66133396,49.66133396,8.612568096,0.047399659,1.311443099,14.71,20.0841,1.218980559,26.45699524,73.54300476,5500.356,260.715,0.359748631,0,0,0.0004,260714999.99999997,CAC,,,CAC,709876280.9599999,0.5946799432129005,converged,0.5946799432129005,2020,2020,unknown,0,709876280.9599999,260714999.99999997,0.0004,1.0,0.5946799432129005,970410750.2393737,0.43528315367415493,0.0,5,converged,3.2379550623016975,2.8026719086275427,2.8026719086275427,0.002534059907987616
CAC,2022,1,0.005497672,0.019697672,3.729305831,6.349729462,0.727462017,0.518341894,72.62942338,62.64023866,85.1325989,72.27332979,72.27332979,49.61299999,55.83293612,71.8065599,58.56383736,58.56383736,8.643270622,0.055382812,1.345759774,13.8,20.0841,4.650158742,33.54737074,66.45262926,5671.85,314.123,0.504831353,0,0,0.014199999999999999,314123000.0,CAC,,,CAC,607311779.25,0.2718573470464041,converged,0.2718573470464041,2021,2021,unknown,0,607311779.25,314123000.0,0.014199999999999999,1.0,0.2718573470464041,917005753.1451893,0.18004485648955282,0.0,5,converged,6.119237249082628,5.939192392593076,5.939192392593076,1.4321478451244533e-09
CADE,2019,0,0.065623726,0.087023726,1.108584685,7.969935029,1.436738649,1.167018937,25.86909308,43.61559962,52.43022392,41.31239181,41.31239181,21.58687943,38.81436859,51.22029758,37.69123395,37.69123395,9.954778207,0.073151238,1.303838955,14.17,31.72771,1.528541118,25.29087967,74.70912033,21052.576,1540.022,0.338524662,0,0,0.021400000000000002,1540022000.0,CADE,,,CADE,5764519998.72,0.2433195150745384,converged,0.2433195150745384,2018,2018,unknown,0,5764519998.72,1540022000.0,0.021400000000000002,1.0,0.2433195150745384,7271935660.100292,0.19288127347192582,0.0,5,converged,8.254961051141697,8.062079777669771,8.062079777669771,3.750361084523808e-16
CADE,2020,1,-0.166070528,-0.161670528,0.748678439,6.382704724,1.331631866,1.019462823,24.72489026,41.62728586,48.09356243,38.78547791,38.78547791,25.86909308,43.61559962,52.43022392,41.31239181,41.31239181,10.08918648,0.039008323,1.059801909,14.48,31.72771,1.251283368,29.29629286,65.31887536,24081.194,939.367,0.448511899,0,0,0.0044,939367000.0,CADE,,,CADE,5035925780.4800005,0.2215270967563352,converged,0.2215270967563352,2019,2019,unknown,0,5035925780.4800005,939367000.0,0.0044,1.0,0.2215270967563352,5971168645.583178,0.1868301005603086,0.0,7,converged,10.016289846838184,9.829459746277875,9.829459746277875,4.2034273600315764e-23
CADE,2021,1,0.241102388,0.241502388,1.237460254,1.636328708,1.127763503,0.905867682,27.56693167,37.56950687,37.10782393,33.45270054,33.45270054,24.72489026,41.62728586,48.09356243,38.78547791,38.78547791,10.77205232,0.037017164,1.104228588,13.86,21.78734,1.355934722,22.94724995,73.26951983,47669.751,1764.599,0.313189577,0,0,0.0004,1764599000.0,CADE,,,CADE,5610578831.82,0.6467061322800877,converged,0.6467061322800877,2020,2020,unknown,0,5610578831.82,1764599000.0,0.0004,1.0,0.6467061322800877,7373548965.681019,0.49248382209672537,0.0,5,converged,3.150653384418304,2.6581695623215786,2.6581695623215786,0.003928317663485617
CADE,2022,1,-0.006601186,0.007598814,3.635163224,6.8354756,1.03475953,0.638822574,25.84508103,36.56144268,46.24405228,36.21531638,36.21531638,27.56693167,37.56950687,37.10782393,33.45270054,33.45270054,10.79247726,0.091905596,1.0855428,12.81,20.99236,4.595744389,43.09110161,54.93016472,48653.414,4471.521,0.784470643,0,0,0.014199999999999999,4471521000.0,CADE,,,CADE,4498902954.9,0.323202039709812,converged,0.323202039709812,2021,2021,unknown,0,4498902954.9,4471521000.0,0.014199999999999999,1.0,0.323202039709812,8907375273.531723,0.16324257218155866,0.0,7,converged,4.390246097538526,4.2270035253569676,4.2270035253569676,1.1841197929149693e-05
CATY,2016,0,0.315908343,0.317908343,2.072880529,7.794082909,1.19372151,1.057775652,21.15270351,12.34368913,55.38538111,26.06120701,26.06120701,18.2821119,13.35311779,39.58129085,20.87241113,20.87241113,9.583335248,0.057627664,1.655736538,14.97,35.90576,2.820957427,16.70262491,83.29737509,14520.769,836.798,0.200518022,0,0,0.002,836798000.0,CATY,,,CATY,2667169246.88,0.256067809467186,converged,0.256067809467186,2015,2015,unknown,0,2667169246.88,836798000.0,0.002,1.0,0.256067809467186,3502295323.360822,0.19500816563681228,0.0,5,converged,7.448945655907769,7.253937490270957,7.253937490270957,2.024135039813898e-13
CATY,2017,0,0.233176133,0.241176133,2.114649142,8.731155081,1.334601081,1.275050711,22.15799615,18.92275381,40.37634409,23.92116976,23.92116976,21.15270351,12.34368913,55.38538111,26.06120701,26.06120701,9.657598907,0.047417403,1.728711741,14.11,35.90576,2.948554291,6.79190549,93.20809451,15640.186,741.617,0.072868194,0,0,0.008,741617000.0,CATY,,,CATY,2957521092.32,0.2663530747159154,converged,0.2663530747159154,2016,2016,unknown,0,2957521092.32,741617000.0,0.008,1.0,0.2663530747159154,3693228824.905714,0.21329434861018362,0.0,5,converged,7.67095184455247,7.4576574959422866,7.4576574959422866,4.403712766462753e-14
CATY,2018,0,-0.310166802,-0.292066802,2.742142509,10.51556764,1.3056801,1.253066463,21.58687943,12.83079232,44.18720853,22.27146806,22.27146806,22.15799615,18.92275381,40.37634409,23.92116976,23.92116976,9.728225241,0.043893807,1.272102157,14.15,33.14203,4.512477559,5.909065632,94.09093437,16784.737,736.746,0.062801647,0,0,0.0181,736746000.0,CATY,,,CATY,2351569414.88,0.2358679709196647,converged,0.2358679709196647,2017,2017,unknown,0,2351569414.88,736746000.0,0.0181,1.0,0.2358679709196647,3075100270.1225495,0.18037132374303966,0.0,5,converged,8.112245740486282,7.931874416743242,7.931874416743242,1.0793133403700546e-15
CATY,2019,0,0.078190353,0.099590353,2.367463467,8.916655849,1.290980799,1.229501964,54.47154472,15.52302205,35.30192083,25.46231604,25.46231604,21.58687943,12.83079232,44.18720853,22.27146806,22.27146806,9.803343629,0.046636138,1.32228866,14.11,27.47571155,3.135910326,6.449958345,93.55004165,18094.144,843.841,0.068946611,0,0,0.021400000000000002,843841000.0,CATY,,,CATY,2668571912.8,0.2298332341167659,converged,0.2298332341167659,2018,2018,unknown,0,2668571912.8,843841000.0,0.021400000000000002,1.0,0.2298332341167659,3494546567.1327453,0.17550961230868217,0.0,5,converged,8.306078586074815,8.130568973766133,8.130568973766133,2.1364004895974485e-16
CATY,2020,1,-0.175855119,-0.171455119,1.753629929,9.450281504,1.525753226,1.438936337,54.53495251,22.28932169,28.1576563,26.22091857,26.22091857,54.47154472,15.52302205,35.30192083,25.46231604,25.46231604,9.854461896,0.015378246,1.058403077,15.47,27.13165,2.62387488,7.646733694,92.35326631,19043.134,292.85,0.082798736,0,0,0.0044,292850000.0,CATY,,,CATY,2257590798.24,0.2249690734296108,converged,0.2249690734296108,2019,2019,unknown,0,2257590798.24,292850000.0,0.0044,1.0,0.2249690734296108,2549155088.8787174,0.19923782314788563,0.0,5,converged,10.982375402083248,10.783137578935362,10.783137578935362,2.0676747463161513e-27
CATY,2021,1,0.265340704,0.265740704,3.424840729,1.618977234,1.363455071,1.317246762,61.31882512,48.47428161,35.81576668,43.27530503,43.27530503,54.53495251,22.28932169,28.1576563,26.22091857,26.22091857,9.946868973,0.007769577,1.331232796,14.41,20.26840847,3.976214469,4.214278977,95.78572102,20886.723,162.281,0.043996944,0,0,0.0004,162281000.0,CATY,,,CATY,3256529557.38,0.6418586980783755,converged,0.6418586980783755,2020,2020,unknown,0,3256529557.38,162281000.0,0.0004,1.0,0.6418586980783755,3418745632.7682395,0.6114031792761305,0.0,4,converged,5.291118237021133,4.679715057745003,4.679715057745003,1.4363694369283803e-06
CATY,2022,1,-0.006459286,0.007740714,4.543991416,9.079181202,1.166768095,1.12249533,60.19661961,49.12357113,38.3603352,44.43860767,44.43860767,61.31882512,48.47428161,35.81576668,43.27530503,43.27530503,9.996430205,0.028555526,1.199314619,13.73,20.32829508,5.69413675,4.716974564,95.28302544,21947.976,626.736,0.049504878,0,0,0.014199999999999999,626736000.0,CATY,,,CATY,2967152339.29,0.3163501545357775,converged,0.3163501545357775,2021,2021,unknown,0,2967152339.29,626736000.0,0.014199999999999999,1.0,0.3163501545357775,3585051577.955732,0.2618258382534158,0.0,8,converged,6.846074235830358,6.584248397576942,6.584248397576942,2.285961111536024e-11
CATY,2023,1,0.005983315,0.055483315,4.021805258,7.78676718,1.158988799,1.109265882,59.18040323,54.66516954,24.86452967,42.36373809,42.36373809,60.19661961,49.12357113,38.3603352,44.43860767,44.43860767,10.04678818,0.029240821,1.18354296,14.31,20.1031,4.967989242,5.312323037,94.68767696,23081.534,674.923,0.056103637,0,0,0.0495,674923000.0,CATY,,,CATY,3238854076.39,0.2939855581934529,converged,0.2939855581934529,2022,2022,unknown,0,3238854076.39,674923000.0,0.0495,1.0,0.2939855581934529,3881181777.0750947,0.2453315516663721,0.0,7,converged,7.454769394192024,7.209437842525651,7.209437842525651,2.809166813381175e-13
CBAN,2018,0,-0.201780805,-0.183680805,2.234837367,6.265685395,0.640702571,0.576663133,21.58687943,27.08905285,6.521208083,15.78380512,15.78380512,22.15799615,28.90675839,3.53809197,15.61146527,15.61146527,7.132400477,0.054501297,1.28845826,15.86,31.14839,3.475600355,13.88896911,86.11103089,1251.878468,68.229,0.161291404,0,0,0.0181,68229000.0,CBAN,,,CBAN,254673640.0,0.3559344956905157,converged,0.3559344956905157,2017,2017,unknown,0,254673640.0,68229000.0,0.0181,1.0,0.3559344956905157,321678804.1353341,0.28179392913605383,0.0,5,converged,5.708028433374088,5.426234504238034,5.426234504238034,2.8777665642373257e-08
CBAN,2019,0,-0.012680421,0.008719579,1.565909577,5.107440876,0.639566792,0.573564435,20.28455285,32.18150305,41.1620503,30.78036362,30.78036362,21.58687943,27.08905285,6.521208083,15.78380512,15.78380512,7.323377297,0.056616686,1.200940336,13.17,30.75027,2.250452796,14.2493925,85.7506075,1515.313,85.792,0.166172496,0,0,0.021400000000000002,85792000.0,CBAN,,,CBAN,287816100.0,0.3850531011446373,converged,0.3850531011446373,2018,2018,unknown,0,287816100.0,85792000.0,0.021400000000000002,1.0,0.3850531011446373,371791653.5466227,0.29808226195016824,0.0,5,converged,5.140307147530882,4.8422248855807135,4.8422248855807135,6.419666675383988e-07
CBAN,2020,1,-0.109001369,-0.104601369,0.900807005,2.579762253,0.62438565,0.28771724,18.99807322,24.8597114,54.30081546,31.87871042,31.87871042,20.28455285,32.18150305,41.1620503,30.78036362,30.78036362,7.475324497,0.094718516,0.963105386,13.78,30.75027,1.35696719,62.82160536,37.17839464,1763.974,167.081,1.689734212,0,0,0.0044,167081000.0,CBAN,,,CBAN,255545810.0,0.2678918883197427,converged,0.2678918883197427,2019,2019,unknown,0,255545810.0,167081000.0,0.0044,1.0,0.2678918883197427,421893268.54155874,0.16226532861171175,0.0,6,converged,5.816637883402984,5.654372554791272,5.654372554791272,7.820830348042106e-09
CBAN,2021,1,0.091844677,0.092244677,1.895587538,1.611376924,0.533705108,0.478134691,17.43215031,25.79477719,45.32967562,29.11289271,29.11289271,18.99807322,24.8597114,54.30081546,31.87871042,31.87871042,7.897933816,0.032859348,1.07214485,12.05,20.11219,2.272009316,12.70059763,87.29940237,2691.715,88.448,0.145483214,0,0,0.0004,88448000.0,CBAN,,,CBAN,233413438.86,0.660306300797764,converged,0.660306300797764,2020,2020,unknown,0,233413438.86,88448000.0,0.0004,1.0,0.660306300797764,321740116.0082967,0.47984197547218804,0.0,5,converged,2.9319099838033407,2.452068008331153,2.452068008331153,0.007101890701002265
CBAN,2022,1,-0.002079417,0.012120583,3.567665717,5.951007912,0.54790811,0.448317202,21.53291673,28.39948292,46.4699873,31.64670463,31.64670463,17.43215031,25.79477719,45.32967562,29.11289271,29.11289271,7.984997513,0.069248136,0.969827249,15.11,19.41349,4.415334883,21.60913561,78.39086439,2936.57,203.352,0.275658851,0,0,0.014199999999999999,203352000.0,CBAN,,,CBAN,223320180.87,0.2660583304821097,converged,0.2660583304821097,2021,2021,unknown,0,223320180.87,203352000.0,0.014199999999999999,1.0,0.2660583304821097,423804987.40676224,0.14019702208431128,0.0,8,converged,5.409262891105894,5.269065869021583,5.269065869021583,6.855987889213345e-08
CBFV,2018,0,-0.213041557,-0.194941557,1.755813645,4.676639223,0.375428126,0.331008811,21.58687943,29.52820138,23.92071952,23.25744691,23.25744691,22.15799615,34.53351889,33.98421414,29.36294246,29.36294246,7.155943381,0.039774487,0.978108058,12.57,29.02301,2.704762034,15.90041854,84.09958146,1281.701,50.979,0.18906656,0,0,0.0181,50979000.0,CBFV,,,CBFV,122591120.4,0.2744108009275041,converged,0.2744108009275041,2017,2017,unknown,0,122591120.4,50979000.0,0.0181,1.0,0.2744108009275041,172655700.95992303,0.19484052568529509,0.0,5,converged,6.451260954075696,6.256420428390401,6.256420428390401,1.9695697027785088e-10
CBFV,2019,0,-0.026695591,-0.005295591,1.129564584,3.372944018,0.313854103,0.276032412,20.28455285,20.38825328,28.74986735,20.46252587,20.46252587,21.58687943,29.52820138,23.92071952,23.25744691,23.25744691,7.186550732,0.033726638,1.089894412,12.54,29.02301,1.597705531,16.18101265,83.81898735,1321.537,44.571,0.193047103,0,0,0.021400000000000002,44571000.0,CBFV,,,CBFV,149108005.2,0.2480525168958115,converged,0.2480525168958115,2018,2018,unknown,0,149108005.2,44571000.0,0.021400000000000002,1.0,0.2480525168958115,192735319.25355318,0.1919036745440472,0.0,5,converged,7.8375150201892625,7.645611345645215,7.645611345645215,1.0397745480815552e-14
CBFV,2020,1,-0.123128264,-0.118728264,0.683059336,4.37613568,0.80562894,0.623303423,18.99807322,16.21995753,36.072687,21.03126626,21.03126626,20.28455285,20.38825328,28.74986735,20.46252587,20.46252587,7.25609962,0.034625755,0.808309104,13.04,28.36308453,1.071184648,28.99390409,71.00609591,1416.72,49.055,0.408329788,0,0,0.0044,49055000.0,CBFV,,,CBFV,98993071.8,0.2174663299739361,converged,0.2174663299739361,2019,2019,unknown,0,98993071.8,49055000.0,0.0044,1.0,0.2174663299739361,147832703.95673656,0.145621770030207,0.0,5,converged,7.678398551532909,7.532776781502702,7.532776781502702,2.4836243177804117e-14
CBFV,2021,1,0.086510777,0.086910777,0.799699376,1.373578037,0.778273835,0.61691401,17.43215031,29.53492805,24.71748965,23.54762059,23.54762059,18.99807322,16.21995753,36.072687,21.03126626,21.03126626,7.262263177,0.039893257,0.951176159,13.18,23.2939722,0.958058287,25.42821278,74.57178722,1425.479,56.867,0.340989719,0,0,0.0004,56867000.0,CBFV,,,CBFV,126782195.2,0.4835705343718557,converged,0.4835705343718557,2020,2020,unknown,0,126782195.2,56867000.0,0.0004,1.0,0.4835705343718557,183624571.3753057,0.3339167776091269,0.0,5,converged,3.678546217995897,3.3446294403867705,3.3446294403867705,0.00041196286300817315
CBFV,2022,1,0.004854797,0.019054797,3.555706972,6.025146826,0.575332775,0.465120237,17.26625006,36.41527085,48.26722533,35.65514114,35.65514114,17.43215031,29.53492805,24.71748965,23.54762059,23.54762059,7.250591508,0.016110006,0.992211432,13.58,19.72154672,4.410890578,22.78983779,77.21016221,1408.938,22.698,0.295166298,0,0,0.014199999999999999,22698000.0,CBFV,,,CBFV,109297050.27,0.2440364547727429,converged,0.2440364547727429,2021,2021,unknown,0,109297050.27,22698000.0,0.014199999999999999,1.0,0.2440364547727429,131675016.29701343,0.20256284263111993,0.0,8,converged,8.850467852732553,8.647905010101432,8.647905010101432,2.6226731719576766e-18
CBFV,2023,1,-0.082524697,-0.033024697,4.289947497,5.750448469,0.55134152,0.497371557,15.2370401,32.64461886,60.03529861,37.97726075,37.97726075,17.26625006,36.41527085,48.26722533,35.65514114,35.65514114,7.283510727,0.023815819,0.871721604,14.61,19.01264,5.333017656,11.81535796,88.18464204,1456.091,34.678,0.133984305,0,0,0.0495,34678000.0,CBFV,,,CBFV,121947514.26,0.2630776161032252,converged,0.2630776161032252,2022,2022,unknown,0,121947514.26,34678000.0,0.0495,1.0,0.2630776161032252,154950745.73385602,0.2070442526061786,0.0,5,converged,7.572948576792295,7.365904324186117,7.365904324186117,8.797499188867452e-14
CBNK,2020,1,-0.183111424,-0.178711424,1.102641866,5.665651569,0.877731256,0.810279252,18.99807322,25.30722212,36.97875768,25.86473493,25.86473493,20.28455285,26.57072155,29.84505996,23.92329947,23.92329947,7.537213178,0.019192228,1.202595295,13.4,38.48625,2.04840603,11.91973359,88.08026641,1876.593,36.016,0.135328083,0,0,0.0044,36016000.0,CBNK,,,CBNK,230740699.0,0.296750230301487,converged,0.296750230301487,2019,2019,unknown,0,230740699.0,36016000.0,0.0044,1.0,0.296750230301487,266598576.72681955,0.256836914666136,0.0,6,converged,7.939526091781762,7.682689177115625,7.682689177115625,7.789162324800635e-15
CBNK,2021,1,0.151744883,0.152144883,1.514828753,1.528815805,0.967851807,0.943208093,17.43215031,25.51192986,50.68075902,30.89899046,30.89899046,18.99807322,25.30722212,36.97875768,25.86473493,25.86473493,7.628177102,0.016572763,1.848446718,13.79,28.06919,1.901850616,3.505003738,96.49499626,2055.3,34.062,0.036323166,0,0,0.0004,34062000.0,CBNK,,,CBNK,433984660.0,0.968112991167838,converged,0.968112991167838,2020,2020,unknown,0,433984660.0,34062000.0,0.0004,1.0,0.968112991167838,467980103.4189031,0.8981277283269594,0.0,5,converged,3.3669599549754623,2.468832226648503,2.468832226648503,0.006777737811145794
CBNK,2022,1,0.076304498,0.090504498,3.294985693,6.297499856,0.546843365,0.532293324,15.8938172,22.32307711,41.89864947,26.15576006,26.15576006,17.43215031,25.51192986,50.68075902,30.89899046,30.89899046,7.66089394,0.056064662,1.485739949,14.21,26.50767,4.364709479,3.58600785,96.41399215,2123.655,119.062,0.037193853,0,0,0.014199999999999999,119062000.0,CBNK,,,CBNK,389923622.0,0.3499412664621776,converged,0.3499412664621776,2021,2021,unknown,0,389923622.0,119062000.0,0.014199999999999999,1.0,0.3499412664621776,507306888.5167862,0.2689700669782919,0.0,5,converged,5.576249516318318,5.307279449340026,5.307279449340026,5.563675889278461e-08
CBSH,2016,0,0.187774542,0.189774542,1.074864621,5.166022594,0.730360492,0.601935294,30.73447629,49.04051306,10.51353097,29.48874091,29.48874091,26.1134372,49.52661419,11.00556061,29.6549133,29.6549133,10.15196445,0.0712111,2.499261592,13.32,31.86374,1.370220189,23.30590549,74.42928304,25641.424,1825.954,0.313128174,0,0,0.002,1825954000.0,CBSH,,,CBSH,5220470968.58,0.1986820934272367,converged,0.1986820934272367,2015,2015,unknown,0,5220470968.58,1825954000.0,0.002,1.0,0.1986820934272367,7042776710.054632,0.14727346093961716,0.0,5,converged,9.253158367594077,9.10588490665446,9.10588490665446,4.2783007149411435e-20
CBSH,2017,0,0.161500943,0.169500943,1.330998741,5.456801239,0.788015425,0.670086362,31.81773704,48.3433345,17.16628552,31.54915939,31.54915939,30.73447629,49.04051306,10.51353097,29.48874091,29.48874091,10.1199454,0.060760713,2.319021233,14.35,31.64375,1.753746496,20.08086204,77.99567361,24833.415,1508.896,0.25746123,0,0,0.008,1508896000.0,CBSH,,,CBSH,5294700519.78,0.2173317241956719,converged,0.2173317241956719,2016,2016,unknown,0,5294700519.78,1508896000.0,0.008,1.0,0.2173317241956719,6791573507.949984,0.16943148619632864,0.0,5,converged,9.010473464395103,8.841041978198774,8.841041978198774,4.741500929681148e-19
CBSH,2018,0,-0.199520166,-0.181420166,1.44761867,6.288771989,0.741054675,0.626528427,29.86282066,40.79493097,17.16367899,27.60494573,27.60494573,31.81773704,48.3433345,17.16628552,31.54915939,31.54915939,10.14501476,0.077171819,2.252200325,15.82,30.95996,2.301222281,20.5990211,77.80067462,25463.842,1965.091,0.264766613,0,0,0.0181,1965091000.0,CBSH,,,CBSH,5612202228.5,0.1898133824391494,converged,0.1898133824391494,2017,2017,unknown,0,5612202228.5,1965091000.0,0.0181,1.0,0.1898133824391494,7542045039.807345,0.14124432860085662,0.0,5,converged,9.720955239647488,9.57971091104663,9.57971091104663,4.865847203645137e-22
CBSH,2019,0,0.053136363,0.074536363,1.212867066,5.30523463,0.773121659,0.642688958,32.48947929,38.15179891,16.27022929,26.53808421,26.53808421,29.86282066,40.79493097,17.16367899,27.60494573,27.60494573,10.16837897,0.071096639,2.552953443,15.48,30.39641,1.661026634,22.1932432,76.1143887,26065.789,1853.19,0.2915775,0,0,0.021400000000000002,1853190000.0,CBSH,,,CBSH,7102317641.02,0.1935310675050646,converged,0.1935310675050646,2018,2018,unknown,0,7102317641.02,1853190000.0,0.021400000000000002,1.0,0.1935310675050646,8916270707.608242,0.15415852208859013,0.0,5,converged,10.406506898364954,10.252348376276364,10.252348376276364,5.775130937802025e-25
CBSH,2020,1,-0.056910211,-0.052510211,0.331132977,5.398074649,0.966695858,0.811217685,33.89991115,47.59557136,33.4504536,37.79543135,37.79543135,32.48947929,38.15179891,16.27022929,26.53808421,26.53808421,10.40192599,0.063760491,2.270040949,14.82,27.24381,0.512251494,20.85026333,79.14973667,32922.974,2099.185,0.263428082,0,0,0.0044,2099185000.0,CBSH,,,CBSH,7211559535.46,0.185593084507679,converged,0.185593084507679,2019,2019,unknown,0,7211559535.46,2099185000.0,0.0044,1.0,0.185593084507679,9301528411.800724,0.1438920055975839,0.0,5,converged,10.44798844968469,10.304096444087106,10.304096444087106,3.376160564193693e-25
CBSH,2021,1,0.134574257,0.134974257,0.68249935,1.343279454,0.910856532,0.745748045,31.61132708,44.69416846,27.97123715,34.27975439,34.27975439,33.89991115,47.59557136,33.4504536,37.79543135,37.79543135,10.51023466,0.082736507,2.433482935,15.12,20.51088,0.725796619,21.78508122,78.21491878,36689.088,3035.527,0.278528464,0,0,0.0004,3035527000.0,CBSH,,,CBSH,8364580820.04441,0.4930864963078544,converged,0.4930864963078544,2020,2020,unknown,0,8364580820.04441,3035527000.0,0.0004,1.0,0.4930864963078544,11398829068.692694,0.36185445652726883,0.0,5,converged,3.838545816853452,3.476691360326183,3.476691360326183,0.0002538209116142964
CBSH,2022,1,-0.044893804,-0.030693804,3.455862737,6.752071119,0.779362957,0.632001245,29.64458076,47.5852399,19.16490889,32.49384074,32.49384074,31.61132708,44.69416846,27.97123715,34.27975439,34.27975439,10.36960649,0.089453262,3.631501552,14.89,20.51088,4.377448246,22.68031618,77.31968382,31875.931,2851.406,0.293331724,0,0,0.014199999999999999,2851406000.0,CBSH,,,CBSH,8526363078.108771,0.2412648424133256,converged,0.2412648424133256,2021,2021,unknown,0,8526363078.108771,2851406000.0,0.014199999999999999,1.0,0.2412648424133256,11337565235.745838,0.18144209992404428,0.0,5,converged,7.776420036157894,7.59497793623385,7.59497793623385,1.5392244169038378e-14
CBSH,2023,1,-0.007798997,0.041701003,3.441230329,5.943130911,0.805577764,0.590084546,26.32386064,45.68936809,42.34841856,39.67668171,39.67668171,29.64458076,47.5852399,19.16490889,32.49384074,32.49384074,10.36410543,0.091801943,2.366583113,16.03,20.51088,4.293237469,31.47971729,68.52028271,31701.061,2910.219,0.459421883,0,0,0.0495,2910219000.0,CBSH,,,CBSH,6967488182.609535,0.2313576685716883,converged,0.2313576685716883,2022,2022,unknown,0,6967488182.609535,2910219000.0,0.0495,1.0,0.2313576685716883,9737158616.21635,0.16554950835974133,0.0,5,converged,7.677004590841718,7.511455082481977,7.511455082481977,2.923686754180269e-14
CBU,2016,0,0.163759158,0.165759158,2.349914811,7.655777241,1.021593708,0.98810136,21.15270351,28.51426153,66.57423208,38.10979727,38.10979727,18.2821119,29.64382078,44.16053922,30.60112922,30.60112922,9.067213028,0.028658836,2.291785221,19.1,29.34983,3.102248965,4.57803647,95.42196353,8666.437,248.37,0.047976758,0,0,0.002,248370000.0,CBU,,,CBU,3265694185.0,0.2136891758663626,converged,0.2136891758663626,2015,2015,unknown,0,3265694185.0,248370000.0,0.002,1.0,0.2136891758663626,3513567941.4090714,0.19861391915010326,0.0,4,converged,13.449165565744828,13.250551646594724,13.250551646594724,2.239493972686742e-40
CBU,2017,0,0.140559429,0.148559429,1.737232598,7.144441189,1.087679007,0.979669259,22.15799615,33.30641096,47.78883551,33.72396062,33.72396062,21.15270351,28.51426153,66.57423208,38.10979727,38.10979727,9.282307297,0.04521562,1.666293123,17.45,29.56049,2.283915171,13.53363196,86.46636804,10746.198,485.896,0.156519029,0,0,0.008,485896000.0,CBU,,,CBU,2840768125.0,0.2258871260609439,converged,0.2258871260609439,2016,2016,unknown,0,2840768125.0,485896000.0,0.008,1.0,0.2258871260609439,3322792464.335083,0.1931185774510455,0.0,7,converged,10.093351044062269,9.900232466611223,9.900232466611223,2.0765427412219666e-23
CBU,2018,0,-0.1754255,-0.1573255,1.914136105,8.501468192,1.031685645,0.951284577,21.58687943,27.13136714,63.75638463,36.40945657,36.40945657,22.15799615,33.30641096,47.78883551,33.72396062,33.72396062,9.269297251,0.038999764,1.743704506,19.06,29.56049,2.916838721,10.71326782,89.28673218,10607.295,413.682,0.119987232,0,0,0.0181,413682000.0,CBU,,,CBU,3081242450.0,0.2339461064689606,converged,0.2339461064689606,2017,2017,unknown,0,3081242450.0,413682000.0,0.0181,1.0,0.2339461064689606,3487504161.9920106,0.2066935670694838,0.0,5,converged,10.504947990977298,10.298254423907814,10.298254423907814,3.587572231320812e-25
CBU,2019,0,0.042795598,0.064195598,1.314337011,7.186696395,1.015673822,0.94762808,20.28455285,32.56459212,61.82638226,38.40953531,38.40953531,21.58687943,27.13136714,63.75638463,36.40945657,36.40945657,9.342271297,0.030224722,1.980483808,17.99,29.56049,1.78320398,9.250997565,90.74900243,11410.295,344.873,0.101940488,0,0,0.021400000000000002,344873000.0,CBU,,,CBU,3749285410.0,0.2217253156102619,converged,0.2217253156102619,2018,2018,unknown,0,3749285410.0,344873000.0,0.021400000000000002,1.0,0.2217253156102619,4086856536.5083847,0.203410979441009,0.0,4,converged,12.361393506991789,12.15798252755078,12.15798252755078,2.601386928298859e-34
CBU,2020,1,-0.047138912,-0.042738912,0.542623828,4.78487287,0.732511715,0.672107583,23.13132301,28.42021858,66.10993658,38.49119355,38.49119355,20.28455285,32.56459212,61.82638226,38.40953531,38.40953531,9.541878599,0.026651819,1.587080763,19.87,29.53646,0.823870366,11.31174256,88.68825744,13931.094,371.289,0.127544986,0,0,0.0044,371289000.0,CBU,,,CBU,3293176965.0,0.2053125574325644,converged,0.2053125574325644,2019,2019,unknown,0,3293176965.0,371289000.0,0.0044,1.0,0.2053125574325644,3662835882.213528,0.1845921048205097,0.0,5,converged,12.516512270650194,12.331920165829684,12.331920165829684,3.0488067832291396e-35
CBU,2021,1,0.111530364,0.111930364,0.684648662,1.452946571,0.706341592,0.660940582,21.4921009,35.48350782,71.072288,43.77047644,43.77047644,23.13132301,28.42021858,66.10993658,38.49119355,38.49119355,9.651986771,0.021210845,1.910140694,19.28,20.82136,0.734609287,7.982949271,92.01705073,15552.657,329.885,0.086755109,0,0,0.0004,329885000.0,CBU,,,CBU,4012836940.56,0.5090023146968465,converged,0.5090023146968465,2020,2020,unknown,0,4012836940.56,329885000.0,0.0004,1.0,0.5090023146968465,4342590010.951123,0.4703514025768519,0.0,4,converged,5.7159334981413785,5.245582095564527,5.245582095564527,7.789483462993216e-08
CBU,2022,1,-0.041187977,-0.026987977,3.428011906,6.728575629,0.680501411,0.625853957,19.99044701,37.78452035,64.16480447,42.4303664,42.4303664,21.4921009,35.48350782,71.072288,43.77047644,43.77047644,9.67001907,0.071848957,2.180027663,16.4,20.82136,4.360164952,9.932467656,90.06753234,15835.651,1137.775,0.110278004,0,0,0.014199999999999999,1137775000.0,CBU,,,CBU,3382759824.55,0.2509050593013068,converged,0.2509050593013068,2021,2021,unknown,0,3382759824.55,1137775000.0,0.014199999999999999,1.0,0.2509050593013068,4504492588.984648,0.1884233434986094,0.0,5,converged,7.472281847036788,7.283858503538179,7.283858503538179,1.622026329703749e-13
CBU,2023,1,-0.011874641,0.037625359,3.41885275,5.992286042,0.675430381,0.605367807,17.78270514,36.37623512,63.82465178,41.55888533,41.55888533,19.99044701,37.78452035,64.16480447,42.4303664,42.4303664,9.652185817,0.049190676,1.636617317,15.46,20.82136,4.276438346,12.75291979,87.24708021,15555.753,765.198,0.146170161,0,0,0.0495,765198000.0,CBU,,,CBU,2778873096.6,0.2327761991305504,converged,0.2327761991305504,2022,2022,unknown,0,2778873096.6,765198000.0,0.0495,1.0,0.2327761991305504,3507115980.1956987,0.18444086849292224,0.0,5,converged,8.61481474659869,8.430373878105767,8.430373878105767,1.72281282891301e-17
CCB,2020,1,-0.180390595,-0.175990595,1.427924424,5.488209195,1.573746235,0.78988768,18.99807322,24.40940373,30.2718212,23.00491988,23.00491988,20.28455285,16.78721599,17.48912236,14.62254318,14.62254318,7.476541461,0.108878096,1.79037397,13.61,32.90868,2.234138943,59.66325126,40.33674874,1766.122,192.292,1.479128912,0,0,0.0044,192292000.0,CCB,,,CCB,315552300.0,0.2895811886722919,converged,0.2895811886722919,2019,2019,unknown,0,315552300.0,192292000.0,0.0044,1.0,0.2895811886722919,507000073.54206574,0.18023273905183448,0.0,6,converged,5.4936634925553935,5.313430753503559,5.313430753503559,5.379016394455487e-08
CCB,2021,1,0.278765667,0.279165667,2.040947747,1.565143196,1.250939015,1.182816764,17.43215031,30.13597862,20.89421504,22.46936281,22.46936281,18.99807322,24.40940373,30.2718212,23.00491988,23.00491988,7.876834647,0.020061718,3.238952228,13.88,20.87143,2.250416531,6.784623572,93.21537643,2635.517,52.873,0.072784382,0,0,0.0004,52873000.0,CCB,,,CCB,760631306.0,0.9165628114703276,converged,0.9165628114703276,2020,2020,unknown,0,760631306.0,52873000.0,0.0004,1.0,0.9165628114703276,813451553.2634208,0.8571744845007966,0.0,4,converged,3.6178953811058405,2.760720896605044,2.760720896605044,0.002883697038084169
CCB,2022,1,0.003939444,0.018139444,3.735810183,8.923917728,1.146592815,1.099394927,16.94937276,20.94650563,17.39385475,16.82258985,16.82258985,17.43215031,30.13597862,20.89421504,22.46936281,22.46936281,8.053399679,0.015133566,2.568513826,11.94,20.87143,4.699445772,5.146240385,94.85375961,3144.467,47.587,0.054254469,0,0,0.014199999999999999,47587000.0,CCB,,,CCB,714049776.0,0.4354296927111392,converged,0.4354296927111392,2021,2021,unknown,0,714049776.0,47587000.0,0.014199999999999999,1.0,0.4354296927111392,760965815.6924797,0.4085840232703563,0.0,4,converged,7.023522973268132,6.614938949997775,6.614938949997775,1.8585255680218986e-11
CCB,2023,1,0.027195507,0.076695507,4.204254242,7.672171456,1.139782071,1.069008866,14.98557002,21.03369871,25.62678878,19.79496913,19.79496913,16.94937276,20.94650563,17.39385475,16.82258985,16.82258985,8.229512452,0.01272905,2.00301614,11.87,20.77182,5.217175653,7.711772028,92.28822797,3750.005,47.734,0.083561817,0,0,0.0495,47734000.0,CCB,,,CCB,667317983.0,0.3107300552567362,converged,0.3107300552567362,2022,2022,unknown,0,667317983.0,47734000.0,0.0495,1.0,0.3107300552567362,712746677.018496,0.2909248971893208,0.0,4,converged,9.608324375984855,9.317399478795535,9.317399478795535,5.961330607804234e-21
CCBG,2017,0,0.090039535,0.098039535,1.806178085,5.315383584,0.659217717,0.596821204,22.15799615,21.13294252,43.91786776,26.29237189,26.29237189,21.15270351,22.34340265,35.52758817,23.87225945,23.87225945,7.972050067,0.025643078,1.371262573,17.1,28.62855075,2.410858852,12.77683791,87.22316209,2898.794,74.334,0.146484461,0,0,0.008,74334000.0,CCBG,,,CCBG,391239406.0,0.2755088008361248,converged,0.2755088008361248,2016,2016,unknown,0,391239406.0,74334000.0,0.008,1.0,0.2755088008361248,464981106.3761285,0.23181565913200075,0.0,7,converged,8.059410562927448,7.827594903795448,7.827594903795448,2.4864561726551225e-15
CCBG,2018,0,-0.209559842,-0.191459842,1.680861462,6.945860758,0.794676973,0.710723625,21.58687943,23.62458951,46.18365534,28.34391232,28.34391232,22.15799615,21.13294252,43.91786776,26.29237189,26.29237189,7.992668496,0.025343482,1.284625985,17.13,32.37173011,2.726451983,14.8694362,85.1305638,2959.183,74.996,0.174666248,0,0,0.0181,74996000.0,CCBG,,,CCBG,395844229.0,0.3040504626860075,converged,0.3040504626860075,2017,2017,unknown,0,395844229.0,74996000.0,0.0181,1.0,0.3040504626860075,469495012.35570765,0.25635335802187265,0.0,7,converged,7.35383937675728,7.097486018735408,7.097486018735408,6.352332711732803e-13
CCBG,2019,0,-0.036650302,-0.015250302,1.428071032,5.529033065,0.712768439,0.651241796,20.28455285,19.30971019,28.76896954,19.93444529,19.93444529,21.58687943,23.62458951,46.18365534,28.34391232,28.34391232,8.035587478,0.021303335,1.564241786,17.9,31.61897003,2.107997065,12.13896426,87.86103574,3088.953,65.805,0.138160951,0,0,0.021400000000000002,65805000.00000001,CCBG,,,CCBG,520174450.0,0.2664033168511006,converged,0.2664033168511006,2018,2018,unknown,0,520174450.0,65805000.00000001,0.021400000000000002,1.0,0.2664033168511006,584586184.1170346,0.23705007528538483,0.0,5,converged,9.422923669041346,9.18587359375596,9.18587359375596,2.0410016982943112e-20
CCBG,2020,1,-0.246080753,-0.241680753,0.70139132,4.570647503,0.862822705,0.660501744,24.33537481,33.05754843,22.87023054,25.39839845,25.39839845,20.28455285,19.30971019,28.76896954,19.93444529,19.93444529,8.242248585,0.035701808,1.203814887,17.3,32.84715,1.291627048,31.32549792,68.67450208,3798.071,135.598,0.456144522,0,0,0.0044,135598000.0,CCBG,,,CCBG,419209442.0,0.24607296572185,converged,0.24607296572185,2019,2019,unknown,0,419209442.0,135598000.0,0.0044,1.0,0.24607296572185,554212121.4656254,0.18613109792470076,0.0,5,converged,7.680475142558841,7.49434404463414,7.49434404463414,3.3315369879781054e-14
CCBG,2021,1,0.160433867,0.160833867,1.304210594,1.523270552,0.755238361,0.635280749,22.22374927,26.56503108,55.18432958,33.73260432,33.73260432,24.33537481,33.05754843,22.87023054,25.39839845,25.39839845,8.357927552,0.020715555,1.126527636,17.15,24.41855,1.555310378,19.98920351,80.01079649,4263.849,88.328,0.249831328,0,0,0.0004,88328000.0,CCBG,,,CCBG,445950384.0,0.6819013384378655,converged,0.6819013384378655,2020,2020,unknown,0,445950384.0,88328000.0,0.0004,1.0,0.6819013384378655,534217573.0176019,0.5693946581846092,0.0,7,converged,3.4462058049347357,2.8768111467501267,2.8768111467501267,0.002008579678612392
CCBG,2022,1,0.095728211,0.109928211,3.290841583,6.494718696,0.672728227,0.583910596,19.68436486,26.70374176,61.4981378,35.94955973,35.94955973,22.22374927,26.56503108,55.18432958,33.73260432,33.73260432,8.416095355,0.024383174,1.39398369,15.3,23.68359,4.191997814,16.61890771,83.38109229,4519.223,110.193,0.199312665,0,0,0.014199999999999999,110193000.0,CCBG,,,CCBG,552070512.5,0.3102504868997652,converged,0.3102504868997652,2021,2021,unknown,0,552070512.5,110193000.0,0.014199999999999999,1.0,0.3102504868997652,660709829.2022355,0.2592365694139861,0.0,7,converged,7.093455933569669,6.834219364155683,6.834219364155683,4.122638709765747e-12
CCBG,2023,1,-0.059708285,-0.010208285,3.954445683,5.65170331,0.544762046,0.473915147,17.41491575,17.54843959,77.24861668,36.99996443,36.99996443,19.68436486,26.70374176,61.4981378,35.94955973,35.94955973,8.367410923,0.020569979,1.113413849,16.57,19.88837,4.946907975,15.72600071,84.27399929,4304.477,88.543,0.186605606,0,0,0.0495,88543000.0,CCBG,,,CCBG,498845033.46,0.2461503219033661,converged,0.2461503219033661,2022,2022,unknown,0,498845033.46,88543000.0,0.0495,1.0,0.2461503219033661,583111863.2849559,0.21057857743906172,0.0,7,converged,9.291364895380985,9.080786317941923,9.080786317941923,5.389662973486784e-20
CCNE,2017,0,0.14740795,0.15540795,1.600875624,5.05279969,0.824469264,0.601770244,22.15799615,17.63289604,51.65637154,27.34221019,27.34221019,21.15270351,26.11209571,29.23350398,23.47566091,23.47566091,7.926159541,0.118456443,1.64219088,14.32,27.2264,2.058240811,33.71015459,66.28984541,2768.773,327.979,0.508526674,0,0,0.008,327979000.0,CCNE,,,CCNE,550496832.0,0.2635627876452315,converged,0.2635627876452315,2016,2016,unknown,0,550496832.0,327979000.0,0.008,1.0,0.2635627876452315,875862467.38152,0.16565440943364565,0.0,6,converged,6.060690995640356,5.89503658620671,5.89503658620671,1.8729918657490217e-09
CCNE,2018,0,-0.234973037,-0.216873037,2.052524333,7.4489651,0.872409956,0.778800517,21.58687943,25.22998587,41.38685321,27.41334015,27.41334015,22.15799615,17.63289604,51.65637154,27.34221019,27.34221019,8.077608887,0.098008674,1.327881516,13.21,27.19669,3.07495052,14.1703234,85.8296766,3221.521,315.737,0.16509818,0,0,0.0181,315737000.0,CCNE,,,CCNE,481474935.0,0.3009314377580658,converged,0.3009314377580658,2017,2017,unknown,0,481474935.0,315737000.0,0.0181,1.0,0.3009314377580658,791548501.4461318,0.18304747949496555,0.0,6,converged,5.211406129522481,5.028358650027515,5.028358650027515,2.4734798517792774e-07
CCNE,2019,0,0.024025259,0.045425259,1.712214485,6.644982332,0.981702883,0.852366523,22.14194822,26.08449311,39.72938555,27.50795231,27.50795231,21.58687943,25.22998587,41.38685321,27.41334015,27.41334015,8.233146901,0.079485416,1.633966245,12.51,25.88271,2.259268555,16.9936294,83.0063706,3763.659,299.156,0.204726809,0,0,0.021400000000000002,299156000.0,CCNE,,,CCNE,685603524.0,0.254215188115899,converged,0.254215188115899,2018,2018,unknown,0,685603524.0,299156000.0,0.021400000000000002,1.0,0.254215188115899,978425600.3052706,0.1781339621268778,0.0,5,converged,6.861383492995301,6.683249530868423,6.683249530868423,1.168505663464552e-11
CCNE,2020,1,-0.1982176,-0.1938176,1.701614876,4.803960341,0.948508711,0.783366713,20.74828207,31.32614844,38.77277761,29.74799964,29.74799964,22.14194822,26.08449311,39.72938555,27.50795231,27.50795231,8.461553412,0.015048424,1.000063458,14.32,25.87781,2.468266703,18.77086072,65.99940316,4729.399,71.17,0.284409552,0,0,0.0044,71170000.0,CCNE,,,CCNE,446649297.0,0.2571156478437014,converged,0.2571156478437014,2019,2019,unknown,0,446649297.0,71170000.0,0.0044,1.0,0.2571156478437014,517506836.92122203,0.22191112433996105,0.0,6,converged,9.071080301734435,8.849169177394474,8.849169177394474,4.408661290956938e-19
CCNE,2021,1,0.204095514,0.204495514,2.031917472,2.276614712,0.955180085,0.730570465,22.45895173,25.7656817,37.19222254,26.89283764,26.89283764,20.74828207,31.32614844,38.77277761,29.74799964,29.74799964,8.580907435,0.019656821,1.159966818,14.92,18.32627,2.322800881,24.81349131,65.91799979,5328.939,104.75,0.376429676,0,0,0.0004,104750000.0,CCNE,,,CCNE,446659143.0,0.7045378126426679,converged,0.7045378126426679,2020,2020,unknown,0,446659143.0,104750000.0,0.0004,1.0,0.7045378126426679,551297428.654336,0.5712152351610555,0.0,7,converged,3.193614618067099,2.6223993829060435,2.6223993829060435,0.004365652256045066
CCNE,2022,1,0.04523158,0.05943158,3.69961303,7.212463176,0.846971062,0.722593939,20.8198309,22.62274275,31.52048417,23.27760068,23.27760068,22.45895173,25.7656817,37.19222254,26.89283764,26.89283764,8.607980248,0.043352555,1.056628602,16.08,18.32627,4.474903667,15.88363141,75.36782798,5475.179,237.363,0.210748164,0,0,0.014199999999999999,237363000.0,CCNE,,,CCNE,499761026.31,0.2954470986218673,converged,0.2954470986218673,2021,2021,unknown,0,499761026.31,237363000.0,0.014199999999999999,1.0,0.2954470986218673,733777289.6821718,0.2012231066000284,0.0,5,converged,5.779954084579784,5.578730977979756,5.578730977979756,1.2113980234075994e-08
CCNE,2023,1,-0.016644529,0.032855471,4.415589621,6.565500733,0.822341859,0.670854652,18.32471056,23.12927584,51.56554093,30.66545748,30.66545748,20.8198309,22.62274275,31.52048417,23.27760068,23.27760068,8.657469262,0.018282946,0.919348573,15.99,18.32627,5.378215121,19.35525742,70.00576735,5752.957,105.181,0.276480898,0,0,0.0495,105181000.0,CCNE,,,CCNE,472050557.01,0.24627370496015,converged,0.24627370496015,2022,2022,unknown,0,472050557.01,105181000.0,0.0495,1.0,0.24627370496015,572151857.2925416,0.20318669437891465,0.0,8,converged,8.68100240064018,8.477815706261266,8.477815706261266,1.1473052720137477e-17
CFFI,2018,0,-0.175126667,-0.157026667,3.2764108,6.736134203,0.88804163,0.573424186,21.58687943,2.496568291,36.84099489,14.50105603,14.50105603,22.15799615,5.772985033,20.46785633,10.23182885,10.23182885,7.327393473,0.109563425,1.224561139,15.3,29.33188876,4.761422013,43.7062467,56.2937533,1521.411,166.691,0.776396032,0,0,0.0181,166691000.0,CFFI,,,CFFI,172354639.4,0.2127382609113189,converged,0.2127382609113189,2017,2017,unknown,0,172354639.4,166691000.0,0.0181,1.0,0.2127382609113189,336055673.1600473,0.10910819481813301,0.0,9,converged,6.646497463972239,6.537389269154106,6.537389269154106,3.130098047551357e-11
CFFI,2019,0,-0.055495627,-0.034095627,1.733151912,4.050324571,0.632837281,0.381713788,20.28455285,27.69641406,39.44073013,27.93608422,27.93608422,21.58687943,2.496568291,36.84099489,14.50105603,14.50105603,7.413024696,0.097240792,1.154331434,14.9,26.44439,2.380715746,47.21294717,52.78705283,1657.432,161.17,0.894403924,0,0,0.021400000000000002,161170000.0,CFFI,,,CFFI,179221616.2,0.2720009334270515,converged,0.2720009334270515,2018,2018,unknown,0,179221616.2,161170000.0,0.021400000000000002,1.0,0.2720009334270515,336979220.6079951,0.14466307405873877,0.0,8,converged,5.318739889250532,5.174076815191793,5.174076815191793,1.1452029433550851e-07
CFFI,2020,1,-0.21339564,-0.20899564,1.476335614,3.043001445,0.5838391,0.283052122,18.99807322,27.91676901,24.2102084,22.56239245,22.56239245,20.28455285,27.69641406,39.44073013,27.93608422,27.93608422,7.643152234,0.036508956,0.702793375,15.2,24.88559,2.080674559,58.58726748,41.41273252,2086.31,76.169,1.414716294,0,0,0.0044,76169000.0,CFFI,,,CFFI,120204485.4,0.3018834649404109,converged,0.3018834649404109,2019,2019,unknown,0,120204485.4,76169000.0,0.0044,1.0,0.3018834649404109,196039077.44532773,0.1851046751972283,0.0,6,converged,5.223484105242456,5.038379430045227,5.038379430045227,2.3474501101066146e-07
CFFI,2021,1,0.109403506,0.109803506,1.37389275,1.574496396,0.528651576,0.383361424,17.43215031,19.95600017,24.36711907,18.67033895,18.67033895,18.99807322,27.91676901,24.2102084,22.56239245,22.56239245,7.725118537,0.039947079,0.862964222,15.8,23.25542,1.694436543,33.0581103,66.9418897,2264.521,90.461,0.493832942,0,0,0.0004,90461000.0,CFFI,,,CFFI,181496909.26,0.6776295611940346,converged,0.6776295611940346,2020,2020,unknown,0,181496909.26,90461000.0,0.0004,1.0,0.6776295611940346,271743913.9773289,0.4544230416044545,0.0,5,converged,2.64861451040313,2.1941914687986754,2.1941914687986754,0.014110823815425635
CFFI,2022,1,0.087930457,0.102130457,3.532747561,4.89231891,0.269226121,0.194683953,15.8938172,19.19959987,13.59962756,14.41886746,14.41886746,17.43215031,19.95600017,24.36711907,18.67033895,18.67033895,7.754617473,0.039481769,1.035516821,15.4,23.25542,4.51447018,33.28495289,66.71504711,2332.317,92.084,0.498912229,0,0,0.014199999999999999,92084000.0,CFFI,,,CFFI,202582297.78,0.2961400172954483,converged,0.2961400172954483,2021,2021,unknown,0,202582297.78,92084000.0,0.014199999999999999,1.0,0.2961400172954483,293367945.0739829,0.20449652504645588,0.0,5,converged,5.837927155798412,5.633430630751956,5.633430630751956,8.83297980308883e-09
CFG,2016,0,0.419556315,0.421556315,1.910496296,5.347639752,1.158132807,0.648921936,21.15270351,42.14945319,67.7460182,45.29469533,45.29469533,18.2821119,32.13164792,56.42361111,36.24979737,36.24979737,11.91518544,0.114693686,0.935433439,14.0,34.226565,2.614951715,53.92799353,45.20220012,149520.0,17149.0,1.193039131,0,1,0.002,17149000000.0,CFG,,,CFG,15450913584.96,0.23983765157262,converged,0.23983765157262,2015,2015,unknown,0,15450913584.96,17149000000.0,0.002,1.0,0.23983765157262,32565649856.57909,0.1137920129362692,0.0,6,converged,5.710352413476595,5.5965604005403256,5.5965604005403256,1.0932308505027384e-08
CFG,2017,0,0.284639564,0.292639564,1.924617281,5.988760859,1.249201545,0.808410057,61.11029612,59.28591744,62.21089774,57.69968745,57.69968745,21.15270351,42.14945319,67.7460182,45.29469533,45.29469533,11.93384389,0.094764205,1.029032914,13.9,32.684565,2.620637605,44.43169629,54.85371659,152336.0,14436.0,0.810003388,0,1,0.008,14436000000.0,CFG,,,CFG,18204584684.16,0.3211867159829733,converged,0.3211867159829733,2016,2016,unknown,0,18204584684.16,14436000000.0,0.008,1.0,0.3211867159829733,32525555440.199165,0.17976880849441063,0.0,6,converged,4.652973082831697,4.473204274337287,4.473204274337287,3.852805020017561e-06
CFG,2018,0,-0.413463612,-0.395363612,2.073343078,7.224603756,1.35224846,0.81014682,63.18226927,58.30754806,81.18988375,64.25490469,64.25490469,61.11029612,59.28591744,62.21089774,57.69968745,57.69968745,11.98616136,0.107414745,0.693518414,13.3,31.829885,3.329800141,48.80651133,49.72271139,160518.0,17242.0,0.981573811,0,1,0.0181,17242000000.0,CFG,,,CFG,12892384532.16,0.2455523907253041,converged,0.2455523907253041,2017,2017,unknown,0,12892384532.16,17242000000.0,0.0181,1.0,0.2455523907253041,29825111674.466274,0.10614397667128457,0.0,6,converged,5.386416962459695,5.28027298578841,5.28027298578841,6.44957777129288e-08
CFG,2019,0,0.057691708,0.079091708,1.560562546,6.519585371,1.475102424,0.920110427,62.4867593,62.67575442,81.02030889,66.4628819,66.4628819,63.18226927,58.30754806,81.18988375,64.25490469,64.25490469,12.01813334,0.086410069,0.852554272,13.0,31.78233,2.228358909,45.19614528,51.11537006,165733.0,14321.0,0.88419873,0,1,0.021400000000000002,14321000000.0,CFG,,,CFG,17610485565.12,0.2604232053706957,converged,0.2604232053706957,2018,2018,unknown,0,17610485565.12,14321000000.0,0.021400000000000002,1.0,0.2604232053706957,31628272116.018684,0.1450025198200965,0.0,7,converged,5.684296264077,5.539293744256904,5.539293744256904,1.5184694218171185e-08
CFG,2020,1,-0.250938316,-0.246538316,1.355001421,7.146289177,1.837902819,1.150251439,61.26114298,59.98081933,84.90031241,66.31182903,66.31182903,62.4867593,62.67575442,81.02030889,66.4628819,66.4628819,12.11914672,0.046845088,0.737735347,13.4,30.91004,2.135510053,42.26497644,48.84499158,183349.0,8589.0,0.865287823,0,1,0.0044,8589000000.0,CFG,,,CFG,15507287953.92,0.2563296921431716,converged,0.2563296921431716,2019,2019,unknown,0,15507287953.92,8589000000.0,0.0044,1.0,0.2563296921431716,24058579373.577732,0.16522082566129784,0.0,5,converged,6.34337896137331,6.178158135712012,6.178158135712012,3.2426869551776816e-10
CFG,2021,1,0.308958765,0.309358765,1.920668081,1.964402041,1.570129055,1.237792841,63.24046111,57.7425825,79.87900603,64.01186402,64.01186402,61.26114298,59.98081933,84.90031241,66.31182903,66.31182903,12.14637041,0.03718506,0.931794009,12.7,22.49198,2.202189243,23.93964882,69.10901716,188409.0,7006.0,0.346404128,0,1,0.0004,7006000000.0,CFG,,,CFG,19945982558.25,0.7703544160738605,converged,0.7703544160738605,2020,2020,unknown,0,19945982558.25,7006000000.0,0.0004,1.0,0.7703544160738605,26925136395.774437,0.5730743700259605,0.0,7,converged,2.6364823831558404,2.0634080131298798,2.0634080131298798,0.019536939634275285
CFG,2022,1,0.007684088,0.021884088,3.614861806,8.254732547,1.343459654,1.01657904,65.21847322,50.91189585,82.95336675,62.1143396,62.1143396,63.24046111,57.7425825,79.87900603,64.01186402,64.01186402,12.33152839,0.070082432,0.894129386,12.8,22.10279,4.622204368,26.96113368,65.31486586,226733.0,15890.0,0.412787094,0,1,0.014199999999999999,15890000000.0,CFG,,,CFG,19381148560.46,0.3280117959905519,converged,0.3280117959905519,2021,2021,unknown,0,19381148560.46,15890000000.0,0.014199999999999999,1.0,0.3280117959905519,35047101079.68744,0.18139201068977126,0.0,6,converged,4.529716876823183,4.348324866133411,4.348324866133411,6.8590650003394495e-06
CFR,2016,0,0.292879642,0.294879642,1.826834803,7.479171239,1.200664668,1.008613325,21.15270351,32.65251856,56.19311718,36.42517139,36.42517139,18.2821119,30.51684269,60.0755719,36.76355986,36.76355986,10.31547531,0.040174069,1.959499027,14.93,18.22567,1.948977056,18.40436035,79.03966227,30196.319,1213.109,0.232849684,0,0,0.002,1213109000.0,CFR,,,CFR,5672121417.0,0.2588331617341645,converged,0.2588331617341645,2015,2015,unknown,0,5672121417.0,1213109000.0,0.002,1.0,0.2588331617341645,6882806624.247331,0.2133044364930766,0.0,8,converged,8.25388089818729,8.040576461694213,8.040576461694213,4.470840746144867e-16
CFR,2017,0,0.215323239,0.223323239,2.021161543,7.895308154,1.323603286,1.133949897,22.15799615,34.79846265,63.70510181,40.19387412,40.19387412,21.15270351,32.65251856,56.19311718,36.42517139,36.42517139,10.36558123,0.043548105,1.90524768,15.15,17.27466,2.223003129,16.49233701,81.57442441,31747.88,1382.56,0.20217534,0,0,0.008,1382560000.0,CFR,,,CFR,6084849735.0,0.3421841306647075,converged,0.3421841306647075,2016,2016,unknown,0,6084849735.0,1382560000.0,0.008,1.0,0.3421841306647075,7456393379.084536,0.279242109625514,0.0,5,converged,6.202943614657168,5.923701505031654,5.923701505031654,1.5738729852885564e-09
CFR,2018,0,-0.280869903,-0.262769903,2.451724336,9.472658383,1.294937484,1.104362648,21.58687943,31.72235032,50.62958028,33.96093466,33.96093466,22.15799615,34.79846265,63.70510181,40.19387412,40.19387412,10.38260471,0.049623748,1.717814692,15.09,12.65514,3.053697863,16.20451664,82.01996676,32292.966,1602.498,0.197567949,0,0,0.0181,1602498000.0,CFR,,,CFR,5653477926.0,0.2321744474333641,converged,0.2321744474333641,2017,2017,unknown,0,5653477926.0,1602498000.0,0.0181,1.0,0.2321744474333641,7227231632.792394,0.18161768990357974,0.0,5,converged,8.484222514426017,8.302604824522437,8.302604824522437,5.0926608009193275e-17
CFR,2019,0,0.085381733,0.106781733,2.00079277,8.271964671,1.397533441,1.135631125,20.28455285,30.59020998,57.8616152,36.00292562,36.00292562,21.58687943,31.72235032,50.62958028,33.96093466,33.96093466,10.43492218,0.056733821,1.626620432,14.57,10.88131,2.151830031,20.14140487,77.83169728,34027.428,1930.506,0.258781519,0,0,0.021400000000000002,1930506000.0,CFR,,,CFR,6286070862.0,0.2301321825202809,converged,0.2301321825202809,2018,2018,unknown,0,6286070862.0,1930506000.0,0.021400000000000002,1.0,0.2301321825202809,8175702944.391458,0.1769422417606032,0.0,5,converged,8.366791440962688,8.189849199202085,8.189849199202085,1.3077684282660383e-16
CFR,2020,1,-0.176536303,-0.172136303,0.633442319,7.237989874,1.553178683,1.101670868,18.99807322,22.94380612,52.3879996,30.23980769,30.23980769,20.28455285,30.59020998,57.8616152,36.00292562,36.00292562,10.65469883,0.055491907,1.325228608,15.44,10.88131,0.843093161,31.50122372,68.49877628,42391.317,2352.375,0.459880095,0,0,0.0044,2352375000.0,CFR,,,CFR,5607833517.0,0.2385678542501207,converged,0.2385678542501207,2019,2019,unknown,0,5607833517.0,2352375000.0,0.0044,1.0,0.2385678542501207,7949880804.629401,0.16828539220039632,0.0,5,converged,7.3463979836373134,7.178112591436917,7.178112591436917,3.5340172137196117e-13
CFR,2021,1,0.270100528,0.270500528,1.06063313,1.45409377,1.404947233,1.087855787,17.43215031,25.32757401,21.0212725,20.13013481,20.13013481,18.99807322,22.94380612,52.3879996,30.23980769,30.23980769,10.83719552,0.058746103,1.87856341,15.45,10.61451,0.961644558,24.23868106,74.32977337,50878.49,2988.913,0.326096528,0,0,0.0004,2988913000.0,CFR,,,CFR,8066744772.519999,0.6425817588066908,converged,0.6425817588066908,2020,2020,unknown,0,8066744772.519999,2988913000.0,0.0004,1.0,0.6425817588066908,11052357791.883629,0.4695914071483249,0.0,5,converged,3.0204812675925146,2.5508898604441894,2.5508898604441894,0.0053724137790110635
CFR,2022,1,0.00522104,0.01942104,4.488653093,8.08085424,1.111303838,0.890787453,17.26625006,25.44168154,18.13128492,19.35605154,19.35605154,17.43215031,25.32757401,21.0212725,20.13013481,20.13013481,10.87601449,0.093296905,2.875958201,14.84,9.84761,4.962284562,21.25785215,77.4158442,52892.376,4934.695,0.274593042,0,0,0.014199999999999999,4934695000.0,CFR,,,CFR,8604222721.5,0.2791968974971751,converged,0.2791968974971751,2021,2021,unknown,0,8604222721.5,4934695000.0,0.014199999999999999,1.0,0.2791968974971751,13469340220.537973,0.17835114848587977,0.0,6,converged,5.798839621470628,5.620488472984748,5.620488472984748,9.52091484639269e-09
CHCO,2017,0,0.097005007,0.105005007,1.186342065,5.543853064,0.823242122,0.700982019,22.15799615,21.53733036,33.88583848,22.88141771,22.88141771,21.15270351,21.63865275,39.63737201,25.00222569,25.00222569,8.326584834,0.065201761,2.096982563,16.4,34.26228,1.678419751,20.96835125,79.03164875,4132.281,269.432,0.265315878,0,0,0.008,269432000.0,CHCO,,,CHCO,977134275.0,0.2361971774794387,converged,0.2361971774794387,2016,2016,unknown,0,977134275.0,269432000.0,0.008,1.0,0.2361971774794387,1244419417.878381,0.18546508874549134,0.0,5,converged,8.385982449858934,8.200517361113443,8.200517361113443,1.196773339026031e-16
CHCO,2018,0,-0.148370689,-0.130270689,1.439533646,6.307181368,0.703050118,0.619658367,21.58687943,27.59464785,45.9526982,30.22991669,30.22991669,22.15799615,21.53733036,33.88583848,22.88141771,22.88141771,8.496788831,0.054327689,1.862565418,15.7,32.4863,2.293094501,16.62031071,83.37968929,4899.012,266.152,0.199332845,0,0,0.0181,266152000.0,CHCO,,,CHCO,978872175.0,0.229879087016321,converged,0.229879087016321,2017,2017,unknown,0,978872175.0,266152000.0,0.0181,1.0,0.229879087016321,1240250158.9788933,0.18143294743049931,0.0,5,converged,8.67295485580719,8.49152190837669,8.49152190837669,1.019742355420525e-17
CHCO,2019,0,0.040447484,0.061847484,1.092937265,5.641336636,0.768290147,0.690991877,20.28455285,27.36636809,56.34723549,33.85872335,33.85872335,21.58687943,27.59464785,45.9526982,30.22991669,30.22991669,8.520937373,0.042931555,2.030549157,16.5,32.32685,1.536596264,14.18540087,85.81459913,5018.756,215.463,0.165302886,0,0,0.021400000000000002,215463000.0,CHCO,,,CHCO,1186840875.0,0.2237102910749121,converged,0.2237102910749121,2018,2018,unknown,0,1186840875.0,215463000.0,0.021400000000000002,1.0,0.2237102910749121,1397741953.4826434,0.18995532080634026,0.0,7,converged,10.051130054716479,9.861174733910138,9.861174733910138,3.0663810754542424e-23
CHCO,2020,1,-0.173576669,-0.169176669,0.376388194,3.902761884,0.660114389,0.547774912,23.90095542,23.12840429,47.28178798,29.19914724,29.19914724,20.28455285,27.36636809,56.34723549,33.85872335,33.85872335,8.658456615,0.051393385,1.564143199,16.8,32.32685,0.748035991,23.25695668,76.74304332,5758.64,295.956,0.303049706,0,0,0.0044,295956000.0,CHCO,,,CHCO,1007257875.0,0.1960702515096569,converged,0.1960702515096569,2019,2019,unknown,0,1007257875.0,295956000.0,0.0044,1.0,0.1960702515096569,1301914529.256914,0.1516945240630168,0.0,5,converged,9.870402401269061,9.718707877206045,9.718707877206045,1.2547279691761281e-22
CHCO,2021,1,0.193554656,0.193954656,0.719576512,1.356786686,0.595884777,0.498703967,23.63341889,29.41118234,44.27952642,31.42155863,31.42155863,23.90095542,23.12840429,47.28178798,29.19914724,29.19914724,8.700130392,0.052044283,1.808692295,16.5,21.26675,0.716472575,19.83983704,80.16016296,6003.695,312.458,0.247502454,0,0,0.0004,312458000.0,CHCO,,,CHCO,1231909365.8200002,0.4856005328824896,converged,0.4856005328824896,2020,2020,unknown,0,1231909365.8200002,312458000.0,0.0004,1.0,0.4856005328824896,1544241332.6163309,0.3873879770364408,0.0,5,converged,4.319320121681045,3.9319321446446045,3.9319321446446045,4.213292666618713e-05
CHCO,2022,1,0.061026191,0.075226191,3.516561466,6.01210971,0.552104269,0.466595786,26.10871978,37.85164997,38.72603944,34.2060739,34.2060739,23.63341889,29.41118234,44.27952642,31.42155863,31.42155863,8.67898988,0.049499618,2.382320716,16.6,20.78709,4.362254954,18.78842427,81.21157573,5878.106,290.964,0.231351554,0,0,0.014199999999999999,290964000.0,CHCO,,,CHCO,1376628790.41,0.2408832258604448,converged,0.2408832258604448,2021,2021,unknown,0,1376628790.41,290964000.0,0.014199999999999999,1.0,0.2408832258604448,1663490298.3546097,0.1993439922143645,0.0,8,converged,8.916961625306742,8.717617633092377,8.717617633092377,1.4205828378775783e-18
CHCO,2023,1,0.029605089,0.079105089,3.481964935,5.475546258,0.52625099,0.452313729,23.16515903,35.31408687,50.41310242,36.97897539,36.97897539,26.10871978,37.85164997,38.72603944,34.2060739,34.2060739,8.727138346,0.070501351,2.415357059,16.2,20.46764,4.295542764,17.04907933,82.95092067,6168.052,434.856,0.205532129,0,0,0.0495,434856000.0,CHCO,,,CHCO,1635356142.42,0.206447318636091,converged,0.206447318636091,2022,2022,unknown,0,1635356142.42,434856000.0,0.0495,1.0,0.206447318636091,2049210840.666593,0.16475361339970818,0.0,5,converged,9.791997539342814,9.627243925943105,9.627243925943105,3.0676474826098065e-22
CHMG,2018,0,-0.125423906,-0.107323906,2.331975048,2.979931299,0.044154455,0.043508108,23.52538211,33.56903872,61.77548301,39.16856148,39.16856148,24.17324669,10.35372316,58.17547472,26.36881366,26.36881366,7.470419558,0.002451942,1.206849062,13.14,30.51764,3.50744035,2.093310665,97.90668934,1755.343,4.304,0.021380671,0,0,0.0181,4304000.0,CHMG,,,CHMG,197910013.5,0.2672628017046189,converged,0.2672628017046189,2017,2017,unknown,0,197910013.5,4304000.0,0.0181,1.0,0.2672628017046189,202136811.88517246,0.26167419347896675,0.0,7,converged,14.91066647321873,14.648992279739764,14.648992279739764,6.8364265884981364e-49
CHMG,2019,0,-0.051578248,-0.030178248,1.589400805,3.427358263,0.267444624,0.263715139,22.06022092,29.33780339,44.69807917,30.89855519,30.89855519,23.52538211,33.56903872,61.77548301,39.16856148,39.16856148,7.488756195,0.002284897,1.130396861,13.98,30.51764,2.330054812,1.994750222,98.00524978,1787.827,4.085,0.020353504,0,0,0.021400000000000002,4085000.0,CHMG,,,CHMG,203611125.0,0.2814844768836071,converged,0.2814844768836071,2018,2018,unknown,0,203611125.0,4085000.0,0.021400000000000002,1.0,0.2814844768836071,207609634.74859765,0.2760631655575734,0.0,7,converged,14.445401506913585,14.169338341356012,14.169338341356012,7.09152635077339e-46
CHMG,2020,1,-0.149205685,-0.144805685,1.648596121,1.389086799,0.072198046,0.070784236,20.85479836,33.88824021,48.86036444,34.66566676,34.66566676,22.06022092,29.33780339,44.69807917,30.89855519,30.89855519,7.731689903,0.001688564,0.793559638,13.62,29.50585,2.538383666,2.755290121,97.24470988,2279.451,3.849,0.028333573,0,0,0.0044,3849000.0,CHMG,,,CHMG,162649357.5,0.2861134836446426,converged,0.2861134836446426,2019,2019,unknown,0,162649357.5,3849000.0,0.0044,1.0,0.2861134836446426,166481459.1037348,0.279527669552027,0.0,4,converged,13.632061675015326,13.352534005463298,13.352534005463298,5.72435360774039e-41
CHMG,2021,1,0.061469628,0.061869628,1.912913575,1.528545457,0.060940908,0.060100678,19.0205481,31.64618133,54.09664068,35.40002586,35.40002586,20.85479836,33.88824021,48.86036444,34.66566676,34.66566676,7.790892455,0.007510518,1.026589044,14.21,19.30119,2.295074156,1.702913269,98.29708673,2418.475,18.164,0.017324148,0,0,0.0004,18164000.0,CHMG,,,CHMG,213946237.68,0.7861543300804973,converged,0.7861543300804973,2020,2020,unknown,0,213946237.68,18164000.0,0.0004,1.0,0.7861543300804973,232100539.98449984,0.7247014675818177,0.0,5,converged,3.878459284062179,3.1537578164803612,3.1537578164803612,0.0008059139292389774
CHMG,2022,1,0.061483737,0.075683737,3.94205242,4.175451735,0.071866309,0.07087835,17.26625006,28.80149052,56.76256983,34.93703012,34.93703012,19.0205481,31.64618133,54.09664068,35.40002586,35.40002586,7.880635396,0.037473073,1.294219453,12.57,19.30119,4.792702326,1.697934628,98.30206537,2645.553,99.137,0.017272624,0,0,0.014199999999999999,99137000.0,CHMG,,,CHMG,215342586.36,0.2867953358425078,converged,0.2867953358425078,2021,2021,unknown,0,215342586.36,99137000.0,0.014199999999999999,1.0,0.2867953358425078,313081788.8002479,0.19726235011882845,0.0,5,converged,6.000222278881002,5.802959928762173,5.802959928762173,3.2577183331571792e-09
CHMG,2023,1,-0.067398708,-0.017898708,4.270743287,4.71184296,0.237482658,0.234326827,15.2370401,25.17337349,53.63194047,31.9786092,31.9786092,17.26625006,28.80149052,56.76256983,34.93703012,34.93703012,7.904899098,0.012901541,1.208368977,13.26,19.30119,5.314016639,1.641483989,98.35851601,2710.529,34.97,0.016688784,0,0,0.0495,34970000.0,CHMG,,,CHMG,235923167.4,0.1882361243364649,converged,0.1882361243364649,2022,2022,unknown,0,235923167.4,34970000.0,0.0495,1.0,0.1882361243364649,269204296.78062147,0.16496491074679684,0.0,6,converged,12.754753172820669,12.589788262073872,12.589788262073872,1.2015856379445562e-36
CIVB,2018,0,-0.253749317,-0.235649317,1.923821056,6.927477519,0.772107269,0.679730242,23.52538211,33.20870928,32.17743726,28.3345416,28.3345416,22.15799615,33.50860488,38.22580645,30.38155834,30.38155834,7.668072203,0.114647627,0.938794589,16.1,26.30892,2.871431764,15.03929231,81.54830475,2138.954,245.226,0.184421888,0,0,0.0181,245226000.0,CIVB,,,CIVB,270342722.0,0.2842345038175419,converged,0.2842345038175419,2017,2017,unknown,0,270342722.0,245226000.0,0.0181,1.0,0.2842345038175419,511170056.69026107,0.150323250551222,0.0,8,converged,5.0818528038436925,4.931529553292471,4.931529553292471,4.079411048102072e-07
CIVB,2019,0,0.016382651,0.037782651,1.613549011,6.056207733,0.806462713,0.735515285,22.06022092,28.48911375,35.86861934,27.29899959,27.29899959,23.52538211,33.20870928,32.17743726,28.3345416,28.3345416,7.74481101,0.118897693,1.213176205,16.1,26.30892,2.145329682,11.30541744,86.36873704,2309.557,274.601,0.130897103,0,0,0.021400000000000002,274601000.0,CIVB,,,CIVB,372458400.0,0.2570015782622084,converged,0.2570015782622084,2018,2018,unknown,0,372458400.0,274601000.0,0.021400000000000002,1.0,0.2570015782622084,641245370.5721368,0.14927577091758282,0.0,7,converged,5.899381155888511,5.7501053849709285,5.7501053849709285,4.4593919307569025e-09
CIVB,2020,1,-0.235200881,-0.230800881,1.72642347,4.442500302,0.980705597,0.522746967,21.88863295,25.51978971,32.41216148,24.74243443,24.74243443,22.06022092,28.48911375,35.86861934,27.29899959,27.29899959,7.926191684,0.06621529,0.79601866,16.0,26.30892,2.48587526,54.31349448,45.68650552,2768.862,183.341,1.188830134,0,0,0.0044,183341000.0,CIVB,,,CIVB,272049823.0,0.2563738769345058,converged,0.2563738769345058,2019,2019,unknown,0,272049823.0,183341000.0,0.0044,1.0,0.2563738769345058,454585894.7330935,0.15342857928716241,0.0,6,converged,6.0237098262417215,5.870281246954559,5.870281246954559,2.1752823613576107e-09
CIVB,2021,1,0.223698371,0.224098371,1.713469056,1.55269066,0.921157064,0.817776769,20.07635504,19.44333939,31.69409953,21.43453765,21.43453765,21.88863295,25.51978971,32.41216148,24.74243443,24.74243443,8.010660009,0.067785078,1.027224531,19.2,15.73395,1.802154446,13.04502181,86.95497819,3012.905,204.23,0.150020414,0,0,0.0004,204230000.0,CIVB,,,CIVB,364882480.0,0.7422703109543715,converged,0.7422703109543715,2020,2020,unknown,0,364882480.0,204230000.0,0.0004,1.0,0.7422703109543715,568070837.2146404,0.4810777853831574,0.0,5,converged,2.3678441761957396,1.8867663908125822,1.8867663908125822,0.029595876745384365
CIVB,2022,1,0.064973522,0.079173522,4.041805087,6.703041709,0.789972696,0.59217184,18.32180562,20.14736324,36.7886406,23.58663312,23.58663312,20.07635504,19.44333939,31.69409953,21.43453765,21.43453765,8.199586476,0.176771733,1.033877672,14.5,14.75306,4.674561638,28.15232829,71.84767171,3639.445,643.351,0.39183355,0,0,0.014199999999999999,643351000.0,CIVB,,,CIVB,346178430.34000003,0.3126489737469692,converged,0.3126489737469692,2021,2021,unknown,0,346178430.34000003,643351000.0,0.014199999999999999,1.0,0.3126489737469692,980457612.4244384,0.11039309770284132,0.0,7,converged,4.000451906291629,3.890058808588788,3.890058808588788,5.010996572032024e-05
CIVB,2023,1,-0.022811008,0.026688992,4.803494314,6.412210033,0.830291351,0.592557216,16.18572488,16.09087745,60.90345354,30.22804648,30.22804648,18.32180562,20.14736324,36.7886406,23.58663312,23.58663312,8.258789753,0.117623629,0.778016297,14.4,14.75306,5.613510999,32.00207372,67.99792628,3861.418,454.194,0.470633083,0,0,0.0495,454194000.0,CIVB,,,CIVB,289423618.56,0.2441347447817786,converged,0.2441347447817786,2022,2022,unknown,0,289423618.56,454194000.0,0.0495,1.0,0.2441347447817786,721682390.3481833,0.09790784236829425,0.0,6,converged,5.284088386407271,5.186180544038977,5.186180544038977,1.073253635684592e-07
CLBK,2019,0,-0.069732098,-0.048332098,1.417446215,3.485519915,0.417163121,0.294475479,22.06022092,25.15623882,69.4205667,37.72459467,37.72459467,21.58687943,30.78613721,44.26715523,31.20609994,31.20609994,9.010509701,0.171824958,1.961478179,17.25,33.26732,2.168654611,38.43609599,61.56390401,8188.694,1407.022,0.624328437,0,0,0.021400000000000002,1407022000.0,CLBK,,,CLBK,1777480320.0000002,0.1837631032337522,converged,0.1837631032337522,2018,2018,unknown,0,1777480320.0000002,1407022000.0,0.021400000000000002,1.0,0.1837631032337522,3154711943.1731844,0.1035388676231267,0.0,7,converged,8.05670318524295,7.953164317619824,7.953164317619824,9.090347377463256e-16
CLBK,2020,1,-0.191231174,-0.186831174,1.504647095,3.505614386,0.580429905,0.378311774,20.85479836,27.81328216,68.16571026,38.60241207,38.60241207,22.06022092,25.15623882,69.4205667,37.72459467,37.72459467,9.082340623,0.090851933,1.706956143,18.54,33.16476,2.406632061,44.4251103,55.5748897,8798.536,799.364,0.799373792,0,0,0.0044,799364000.0,CLBK,,,CLBK,1632679680.0,0.1646863698050834,converged,0.1646863698050834,2019,2019,unknown,0,1632679680.0,799364000.0,0.0044,1.0,0.1646863698050834,2428534204.9073853,0.11071702800362128,0.0,5,converged,10.13173750558897,10.021020477585347,10.021020477585347,6.16119956173218e-24
CLBK,2021,1,0.07016003,0.07056003,1.348729464,1.627263408,0.371137197,0.295140764,19.0205481,29.06772487,66.75425931,38.67785417,38.67785417,20.85479836,27.81328216,68.16571026,38.60241207,38.60241207,9.129574578,0.040904709,2.076998455,17.13,32.45194,1.921066826,27.59910799,72.40089201,9224.097,377.309,0.381198452,0,0,0.0004,377309000.0,CLBK,,,CLBK,2188798080.0,0.4141933279283645,converged,0.4141933279283645,2020,2020,unknown,0,2188798080.0,377309000.0,0.0004,1.0,0.4141933279283645,2565956184.969582,0.35331296129528256,0.0,6,converged,5.603635390198648,5.250322428903366,5.250322428903366,7.59166039306425e-08
CLBK,2022,1,0.09048066,0.10468066,3.884550955,5.089701567,0.263381267,0.217360954,17.26625006,34.81510584,65.55400372,41.08469952,41.08469952,19.0205481,29.06772487,66.75425931,38.67785417,38.67785417,9.250346258,0.108284848,2.236098018,15.39,27.05003,5.213734356,22.49446371,77.50553629,10408.169,1127.047,0.290230412,0,0,0.014199999999999999,1127047000.0,CLBK,,,CLBK,2268543360.0,0.2216436091255575,converged,0.2216436091255575,2021,2021,unknown,0,2268543360.0,1127047000.0,0.014199999999999999,1.0,0.2216436091255575,3379699385.539543,0.1487730358346217,0.0,5,converged,7.551452656169806,7.402679620335184,7.402679620335184,6.673174071718821e-14
CLBK,2023,1,-0.07904675,-0.02954675,3.363959668,4.602572986,0.213485783,0.133091815,15.2370401,50.60291535,60.46540408,47.03941378,47.03941378,17.26625006,34.81510584,65.55400372,41.08469952,41.08469952,9.272898934,0.143599195,1.944408761,14.08,26.26972,4.58454881,45.03285088,54.96714912,10645.568,1528.695,0.819268447,0,0,0.0495,1528695000.0,CLBK,,,CLBK,2023011840.0,0.2749432689641583,converged,0.2749432689641583,2022,2022,unknown,0,2023011840.0,1528695000.0,0.0495,1.0,0.2749432689641583,3477878755.172788,0.1599289502181451,0.0,6,converged,5.529310096191219,5.369381145973074,5.369381145973074,3.950364257610322e-08
CMA,2016,0,0.431144516,0.433144516,2.330678866,7.127002812,1.434263848,0.960237949,78.58892961,66.19708753,83.6826442,70.2645224,70.2645224,75.27350074,61.35511994,89.46125668,70.1419999,70.1419999,11.1979133,0.071048809,1.531633392,13.27,31.17048,3.019695652,41.76612332,58.23387668,72978.0,5185.0,0.717213514,0,0,0.002,5185000000.0,CMA,,,CMA,8950539430.0,0.2838618407605295,converged,0.2838618407605295,2015,2015,unknown,0,8950539430.0,5185000000.0,0.002,1.0,0.2838618407605295,14125179790.03568,0.17987145329262413,0.0,6,converged,5.672751372964808,5.492879919672184,5.492879919672184,1.9771583702240787e-08
CMA,2017,0,0.266058084,0.274058084,2.057521711,8.025168851,1.515698071,1.199098783,77.56599209,69.2163282,85.30576574,71.89236027,71.89236027,78.58892961,66.19708753,83.6826442,70.2645224,70.2645224,11.17838935,0.064722568,1.884444629,13.84,31.17048,2.70152374,27.72485124,72.27514876,71567.0,4632.0,0.383601441,0,0,0.008,4632000000.0,CMA,,,CMA,11407962530.0,0.3258517598414623,converged,0.3258517598414623,2016,2016,unknown,0,11407962530.0,4632000000.0,0.008,1.0,0.3258517598414623,16003054346.017197,0.2322872035450691,0.0,5,converged,5.487902533532282,5.255615329987213,5.255615329987213,7.376518294523769e-08
CMA,2018,0,-0.435550044,-0.417450044,2.093652228,9.008984642,1.376931314,1.067644122,77.12367301,67.43231928,83.74008542,70.34675514,70.34675514,77.56599209,69.2163282,85.30576574,71.89236027,71.89236027,11.16786848,0.091883419,1.464785638,13.21,31.11831,3.466109076,29.605402,70.394598,70818.0,6507.0,0.42056355,0,0,0.0181,6507000000.0,CMA,,,CMA,9026758970.0,0.2243388158400785,converged,0.2243388158400785,2017,2017,unknown,0,9026758970.0,6507000000.0,0.0181,1.0,0.2243388158400785,15417041747.432804,0.13135155607423016,0.0,7,converged,6.770544836055918,6.639193279981688,6.639193279981688,1.577022955872258e-11
CMA,2019,0,-0.008876887,0.012523113,1.61961698,8.546458884,1.563829625,1.240990016,73.91916113,66.00667415,87.34558316,70.75209137,70.75209137,77.12367301,67.43231928,83.74008542,70.34675514,70.34675514,11.20370646,0.099997275,1.391477901,12.13,30.53333,2.31838649,27.24582506,72.75417494,73402.0,7340.0,0.374491568,0,0,0.021400000000000002,7340000000.0,CMA,,,CMA,9428882750.0,0.2401427851591278,converged,0.2401427851591278,2018,2018,unknown,0,9428882750.0,7340000000.0,0.021400000000000002,1.0,0.2401427851591278,16613475538.123678,0.13629166097073878,0.0,7,converged,6.218744457399129,6.082452796428391,6.082452796428391,5.917887423571749e-10
CMA,2020,1,-0.258900302,-0.254500302,1.52802146,7.637910172,1.689525612,1.20965795,72.40611765,64.40558159,90.56804338,71.10040384,71.10040384,73.91916113,66.00667415,87.34558316,70.75209137,70.75209137,11.38655693,0.064995631,1.015398462,13.2,28.80597,2.365415593,34.15768602,61.30178486,88129.0,5728.0,0.557205408,0,0,0.0044,5728000000.0,CMA,,,CMA,7340730180.0,0.2684997107407304,converged,0.2684997107407304,2019,2019,unknown,0,7340730180.0,5728000000.0,0.0044,1.0,0.2684997107407304,13043582341.138319,0.15110756502178446,0.0,7,converged,5.550658939588037,5.3995513745662524,5.3995513745662524,3.340387547230782e-08
CMA,2021,1,0.237267923,0.237667923,1.921034211,1.777555029,1.505833564,1.244117475,75.21471037,61.60142822,87.57195717,70.4196058,70.4196058,72.40611765,64.40558159,90.56804338,71.10040384,71.10040384,11.45758187,0.029551027,1.515374094,12.35,21.80157,2.223963349,20.59227083,76.54789318,94616.0,2796.0,0.269011595,0,0,0.0004,2796000000.0,CMA,,,CMA,11369851824.0,0.7671844286923288,converged,0.7671844286923288,2020,2020,unknown,0,11369851824.0,2796000000.0,0.0004,1.0,0.7671844286923288,14159768168.982435,0.6170437205921697,0.0,7,converged,2.938181376084975,2.321137655492805,2.321137655492805,0.010139707829059279
CMA,2022,1,0.010765501,0.024965501,3.654606653,8.048005629,1.206881993,0.930521531,73.61015305,61.6662083,91.07209489,71.56753801,71.56753801,75.21471037,61.60142822,87.57195717,70.4196058,70.4196058,11.35517163,0.073004239,1.82893978,12.45,21.61074,4.639717935,26.65802142,70.36148469,85406.0,6235.0,0.378872355,0,0,0.014199999999999999,6235000000.0,CMA,,,CMA,8755134724.699999,0.3372893981714759,converged,0.3372893981714759,2021,2021,unknown,0,8755134724.699999,6235000000.0,0.014199999999999999,1.0,0.3372893981714759,14902221846.14289,0.1981598066299415,0.0,6,converged,4.567855660383895,4.369695853753953,4.369695853753953,6.220985314124595e-06
CMA,2023,1,-0.117245335,-0.067745335,3.622383505,6.360804905,1.334647203,0.66850927,73.51660185,73.04791623,88.40918043,76.42206733,40.15714145,73.61015305,61.6662083,91.07209489,71.56753801,71.56753801,11.36017048,0.113836009,1.224424762,13.52,21.61074,4.657903345,54.25075505,42.67815336,85834.0,9771.0,1.27115985,0,0,0.0495,9771000000.0,CMA,,,CMA,7361241667.360001,0.3704148911447169,converged,0.3704148911447169,2022,2022,unknown,0,7361241667.360001,9771000000.0,0.0495,1.0,0.3704148911447169,16660260217.99844,0.16368767884343924,0.0,6,converged,3.6441610834695544,3.480473404626115,3.480473404626115,0.000250264257137499
CNOB,2017,0,0.259798419,0.267798419,1.937270648,6.870865716,0.943976043,0.900531159,22.15799615,23.08167358,58.36078701,32.45839342,32.45839342,21.15270351,22.45083404,60.81200228,33.0279345,33.0279345,8.538649744,0.141878091,1.460552449,11.04,30.48364,2.426552661,6.489528219,93.51047178,5108.442,724.776,0.069398946,0,0,0.008,724776000.0,CNOB,,,CNOB,1292819950.0,0.2816823355325353,converged,0.2816823355325353,2016,2016,unknown,0,1292819950.0,724776000.0,0.008,1.0,0.2816823355325353,2011820872.8722105,0.18101240985676853,0.0,5,converged,5.774828385297834,5.593815975441065,5.593815975441065,1.1106619843612564e-08
CNOB,2018,0,-0.330519079,-0.312419079,1.893226807,7.284292271,0.845040526,0.754621196,21.58687943,22.01597592,51.7377304,29.545507,29.545507,22.15799615,23.08167358,58.36078701,32.45839342,32.45839342,8.605587146,0.133384242,0.972604513,13.15,28.71092,3.030886603,14.38923359,85.61076641,5462.092,728.557,0.168077383,0,0,0.0181,728557000.0,CNOB,,,CNOB,927315902.0,0.2652659289990734,converged,0.2652659289990734,2017,2017,unknown,0,927315902.0,728557000.0,0.0181,1.0,0.2652659289990734,1642804644.4341123,0.1497349781153931,0.0,7,converged,5.625970872821506,5.476235894706114,5.476235894706114,2.1723421198237888e-08
CNOB,2019,0,0.093885483,0.115285483,1.750606095,6.761549936,0.972655227,0.870778347,20.28455285,20.85974752,46.11800913,26.94891806,26.94891806,21.58687943,22.01597592,51.7377304,29.545507,29.545507,8.728107388,0.101907149,1.233678712,12.63,28.71092,2.316726858,14.09774274,85.90225726,6174.032,629.178,0.164113764,0,0,0.021400000000000002,629178000.0,CNOB,,,CNOB,1291313752.0,0.2557223420154113,converged,0.2557223420154113,2018,2018,unknown,0,1291313752.0,629178000.0,0.021400000000000002,1.0,0.2557223420154113,1907170389.758959,0.1731453984017717,0.0,5,converged,6.614968811038729,6.441823412636957,6.441823412636957,5.902329115819997e-11
CNOB,2020,1,-0.153692581,-0.149292581,1.784303132,7.461273194,1.391800056,1.102305659,18.99807322,27.02174757,49.0778214,31.0708025,31.0708025,20.28455285,20.85974752,46.11800913,26.94891806,26.94891806,8.92895033,0.083287898,0.860203676,14.0,27.47678,2.611447291,26.58541284,73.41458716,7547.339,628.602,0.362127118,0,0,0.0044,628602000.0,CNOB,,,CNOB,993588614.0,0.2346407840866042,converged,0.2346407840866042,2019,2019,unknown,0,993588614.0,628602000.0,0.0044,1.0,0.2346407840866042,1619430841.1560383,0.14396194373783627,0.0,6,converged,6.6760299528573395,6.532068009119503,6.532068009119503,3.243384277153929e-11
CNOB,2021,1,0.27183613,0.27223613,1.833795802,1.457275313,1.299112127,1.180572795,17.43215031,27.51206455,50.10780633,31.6847943,31.6847943,18.99807322,27.02174757,49.0778214,31.0708025,31.0708025,9.00325224,0.076406363,1.27730325,13.44,21.9418,2.063858808,10.52666739,81.83512079,8129.48,621.144,0.128632637,0,0,0.0004,621144000.0,CNOB,,,CNOB,1294272223.9,0.7484804806164517,converged,0.7484804806164517,2020,2020,unknown,0,1294272223.9,621144000.0,0.0004,1.0,0.7484804806164517,1912564829.103258,0.5100478429048831,0.0,5,converged,2.4607729295818985,1.9507250866770154,1.9507250866770154,0.02554487873229602
CNOB,2022,1,-0.032146468,-0.017946468,3.604789649,8.409231619,1.197359685,1.057618638,15.8938172,28.07787684,51.47951583,32.4713372,32.4713372,17.43215031,27.51206455,50.10780633,31.6847943,31.6847943,9.174189534,0.104808963,0.889730899,13.02,21.9418,4.635876498,13.10283421,77.40854077,9644.948,1010.877,0.169268586,0,0,0.014199999999999999,1010877000.0,CNOB,,,CNOB,950076007.83,0.3097958608592104,converged,0.3097958608592104,2021,2021,unknown,0,950076007.83,1010877000.0,0.014199999999999999,1.0,0.3097958608592104,1946699783.7255085,0.15119465403299595,0.0,8,converged,4.503778029444581,4.352583375411585,4.352583375411585,6.727133980875321e-06
CNOB,2023,1,0.009009403,0.058509403,3.834603932,7.719026739,1.291176933,1.18546469,14.03688525,14.69776534,35.78610952,20.18538612,20.18538612,15.8938172,28.07787684,51.47951583,32.4713372,32.4713372,9.195795405,0.102938805,0.798131064,13.28,21.9418,4.853658876,8.966920547,78.49196267,9855.603,1014.524,0.114239984,0,0,0.0495,1014524000.0,CNOB,,,CNOB,882487930.7,0.2885435117768342,converged,0.2885435117768342,2022,2022,unknown,0,882487930.7,1014524000.0,0.0495,1.0,0.2885435117768342,1848015610.3988712,0.1377890933038099,0.0,8,converged,4.780391428049933,4.642602334746123,4.642602334746123,1.7202406880371026e-06
COFS,2020,1,0.028381348,0.032781348,0.032781348,5.211334836,0.719293199,0.719293199,18.99807322,15.84796424,19.42514849,14.85364372,14.85364372,20.28455285,15.71751342,13.5530086,12.67496975,12.67496975,7.559737698,0.006468884,1.056926647,13.2,25.29917,0.0,0.0,100.0,1919.342,12.416,0.0,0,0,0.0044,12416000.0,COFS,,,COFS,461666283.0,0.2378046831098632,converged,0.2378046831098632,2019,2019,unknown,0,461666283.0,12416000.0,0.0044,1.0,0.2378046831098632,474027772.6108,0.2316033162501312,0.0,4,converged,15.86117183497205,15.629568518721918,15.629568518721918,2.2894656934228996e-55
COFS,2021,1,0.040471882,0.040871882,1.978356603,1.645971351,0.946489849,0.820740097,17.43215031,19.95600017,14.44893638,15.09979318,15.09979318,18.99807322,15.84796424,19.42514849,14.85364372,14.85364372,7.769244253,0.035922443,0.897509078,12.9,17.32592,2.351250835,15.63489493,84.36510507,2366.682,85.017,0.185324192,0,0,0.0004,85017000.0,COFS,,,COFS,396934107.0,0.5958900402320815,converged,0.5958900402320815,2020,2020,unknown,0,396934107.0,85017000.0,0.0004,1.0,0.5958900402320815,481912195.6429338,0.4908520321009979,0.0,7,converged,3.7807290824749704,3.2898770503739723,3.2898770503739723,0.0005011558419653673
COFS,2022,1,-0.07962088,-0.06542088,4.055692841,6.732630721,0.708437119,0.600619337,15.8938172,15.25992537,12.47765363,12.06087829,12.06087829,17.43215031,19.95600017,14.44893638,15.09979318,15.09979318,7.777337978,0.035735556,1.290706929,13.8,16.81636,4.94027638,17.74968773,82.25031227,2385.915,85.262,0.215800855,0,0,0.014199999999999999,85262000.0,COFS,,,COFS,434544700.0,0.3098215851604979,converged,0.3098215851604979,2021,2021,unknown,0,434544700.0,85262000.0,0.014199999999999999,1.0,0.3098215851604979,518604535.2005724,0.25960307242322733,0.0,7,converged,7.1390126847722595,6.879409612349032,6.879409612349032,3.0050558615239375e-12
COFS,2023,1,-0.027824334,0.021675666,4.479762914,5.880888587,0.614243366,0.510667072,14.03688525,16.25696021,12.7676016,12.65978884,12.65978884,15.8938172,15.25992537,12.47765363,12.06087829,12.06087829,7.854267118,0.091398475,1.13049244,13.0,15.28647,5.267487295,19.31743388,80.68256612,2576.706,235.507,0.23942513,0,0,0.0495,235507000.0,COFS,,,COFS,439039990.0,0.2763545583786452,converged,0.2763545583786452,2022,2022,unknown,0,439039990.0,235507000.0,0.0495,1.0,0.2763545583786452,663173216.6602277,0.18295476899655938,0.0,5,converged,6.0207876011018095,5.83783283210525,5.83783283210525,2.644208872390918e-09
COLB,2016,0,0.30054885,0.30254885,1.270882868,9.380046385,1.359067691,1.325375996,21.15270351,13.11719512,60.8205347,28.40152127,28.40152127,18.2821119,13.86666009,62.76756536,29.47418694,29.47418694,9.16005783,0.009181767,2.04216637,12.6347,30.21678,1.403340554,3.510790181,96.37671474,9509.607,87.315,0.036427784,0,0,0.002,87315000.0,COLB,,,COLB,9236067319.430689,0.2462318042005297,converged,0.2462318042005297,2015,2015,unknown,0,9236067319.430689,87315000.0,0.002,1.0,0.2462318042005297,9323207863.946371,0.24393036788413358,0.0,4,converged,19.27800471690276,19.034074349018628,19.034074349018628,4.452602227583199e-81
COLB,2017,0,0.128835173,0.136835173,1.351176156,8.515604141,1.230836953,1.216700138,22.15799615,33.39704961,54.6202242,36.22821732,36.22821732,21.15270351,13.11719512,60.8205347,28.40152127,28.40152127,9.450685996,0.010579084,1.599709574,12.9796,30.21678,1.74337325,1.637742086,98.36225791,12716.886,134.533,0.016650107,0,0,0.008,134533000.0,COLB,,,COLB,8979739632.63344,0.2683896412498471,converged,0.2683896412498471,2016,2016,unknown,0,8979739632.63344,134533000.0,0.008,1.0,0.2683896412498471,9113200662.254253,0.26445913081839495,0.0,6,converged,16.103202957088016,15.83874382626962,15.83874382626962,8.407317526854157e-57
COLB,2018,0,-0.280489011,-0.262389011,1.531783441,9.051840476,1.048182758,1.023614289,21.58687943,27.4820449,47.88696425,30.8704014,30.8704014,22.15799615,33.39704961,54.6202242,36.22821732,36.22821732,9.47999683,0.037882666,1.290187309,13.992,30.21678,2.55856316,3.325098288,96.67490171,13095.145,496.079,0.034394638,0,0,0.0181,496079000.0,COLB,,,COLB,7529640671.814976,0.2343971224564784,converged,0.2343971224564784,2017,2017,unknown,0,7529640671.814976,496079000.0,0.0181,1.0,0.2343971224564784,8016821414.076082,0.22015285303971044,0.0,4,converged,12.831520018939639,12.611367165899928,12.611367165899928,9.139712017371603e-37
COLB,2019,0,-0.053470557,-0.032070557,1.361153379,7.960961722,1.077821357,1.061308597,20.67727151,38.84135925,77.00201634,47.04259156,47.04259156,21.58687943,27.4820449,47.88696425,30.8704014,30.8704014,9.552476822,0.074802458,1.350963272,13.6,29.98711,1.988957649,2.173974342,97.82602566,14079.524,1053.183,0.022222863,0,0,0.021400000000000002,1053183000.0,COLB,,,COLB,8504661704.617056,0.2470314863001743,converged,0.2470314863001743,2018,2018,unknown,0,8504661704.617056,1053183000.0,0.021400000000000002,1.0,0.2470314863001743,9535546035.175158,0.22032500450482073,0.0,5,converged,10.207107701876252,9.986782697371432,9.986782697371432,8.707111562867005e-24
COLB,2020,1,-0.270738199,-0.266338199,0.909777516,6.441354324,0.954950583,0.931165616,57.88153549,62.9473338,77.26238312,62.10574611,62.10574611,20.67727151,38.84135925,77.00201634,47.04259156,47.04259156,9.716240626,0.007016373,1.094888625,14.45,29.74722,1.660819204,3.508341635,96.49165836,16584.779,116.365,0.036359015,0,0,0.0044,116365000.0,COLB,,,COLB,7546431587.2,0.2400834397382935,converged,0.2400834397382935,2019,2019,unknown,0,7546431587.2,116365000.0,0.0044,1.0,0.2400834397382935,7662285705.9806795,0.23645336999073843,0.0,6,converged,17.84575499481769,17.60930162482695,17.60930162482695,1.0450392680836435e-69
COLB,2021,1,0.16813419,0.16853419,1.444981087,1.517475988,0.735602159,0.719720978,58.62216408,64.32492151,74.4362644,62.32851343,62.32851343,57.88153549,62.9473338,77.26238312,62.10574611,62.10574611,9.949671132,0.005427558,0.992327517,14.21,19.82827,1.597771724,2.67858709,97.32141291,20945.333,113.682,0.027523101,0,0,0.0004,113682000.0,COLB,,,COLB,7087986556.32,0.6608694476412348,converged,0.6608694476412348,2020,2020,unknown,0,7087986556.32,113682000.0,0.0004,1.0,0.6608694476412348,7201623092.73545,0.6504414028433692,0.0,6,converged,6.70405300534585,6.053611602502481,6.053611602502481,7.081693341834685e-10
COLB,2022,1,0.086333467,0.100533467,3.851349952,6.967645069,0.690699605,0.674273031,58.15195391,59.65828156,74.73017282,60.47943573,60.47943573,58.62216408,64.32492151,74.4362644,62.32851343,62.32851343,9.916692137,0.052787984,1.070691443,13.98,19.82827,4.682175771,2.949100124,97.05089988,20265.843,1069.793,0.030387149,0,0,0.014199999999999999,1069792999.9999999,COLB,,,COLB,6539846571.21,0.3616955519681161,converged,0.3616955519681161,2021,2021,unknown,0,6539846571.21,1069792999.9999999,0.014199999999999999,1.0,0.3616955519681161,7594555858.548523,0.31146435330326633,0.0,6,converged,6.494070620357917,6.18260626705465,6.18260626705465,3.1525919190978055e-10
COLB,2023,1,-0.10007196,-0.05057196,4.175517904,5.788836057,0.719413689,0.38130465,77.66516497,67.63206083,56.70530712,63.51457035,63.51457035,58.15195391,59.65828156,74.73017282,60.47943573,60.47943573,10.86233182,0.088674241,1.114114321,11.86,19.82827,5.23816929,52.5170957,47.4829043,52173.596,4626.454,1.106021135,0,0,0.0495,4626454000.0,COLB,,,COLB,5565038915.559999,0.3240179293269639,converged,0.3240179293269639,2022,2022,unknown,0,5565038915.559999,4626454000.0,0.0495,1.0,0.3240179293269639,9968058288.595423,0.18089541743961546,0.0,6,converged,4.60739524243103,4.4264998249914145,4.4264998249914145,4.7887230054119535e-06
CPF,2017,0,0.212707495,0.220707495,2.101968663,7.859622573,1.174109494,1.10244617,22.15799615,43.21739915,24.5790437,30.28428571,30.28428571,21.15270351,39.67423403,20.9798066,27.23115045,27.23115045,8.634746512,0.022189097,1.791205678,15.9,31.375235,2.769202103,8.652750093,91.34724991,5623.708,124.785,0.094723707,0,0,0.008,124785000.0,CPF,,,CPF,804691097.0,0.2568555880621403,converged,0.2568555880621403,2016,2016,unknown,0,804691097.0,124785000.0,0.008,1.0,0.2568555880621403,928481799.4998667,0.22261007810470537,0.0,6,converged,9.162820313228215,8.940210235123509,8.940210235123509,1.942153419589215e-19
CPF,2018,0,-0.277466799,-0.259366799,2.053120816,7.503556486,0.942405831,0.796990359,21.58687943,38.95145979,34.29935598,31.66769221,31.66769221,22.15799615,43.21739915,24.5790437,30.28428571,30.28428571,8.666823843,0.054962041,1.434468169,14.7,28.26105,3.150168078,20.2763474,79.7236526,5807.026,319.166,0.254332895,0,0,0.0181,319166000.0,CPF,,,CPF,656863165.0,0.2623055822563725,converged,0.2623055822563725,2017,2017,unknown,0,656863165.0,319166000.0,0.0181,1.0,0.2623055822563725,970304227.378797,0.17757201309786175,0.0,5,converged,6.452391934485111,6.274819921387249,6.274819921387249,1.7501959269279285e-10
CPF,2019,0,0.091717614,0.113117614,1.481542106,7.239688762,1.040412337,0.96273977,20.28455285,35.19317253,31.57911493,28.82429495,28.82429495,21.58687943,38.95145979,34.29935598,31.66769221,31.66769221,8.701624521,0.041836142,1.583282037,13.6,35.82586,2.152046414,11.16783377,88.83216623,6012.672,251.547,0.125718355,0,0,0.021400000000000002,251547000.0,CPF,,,CPF,797947122.0,0.2315123455034874,converged,0.2315123455034874,2018,2018,unknown,0,797947122.0,251547000.0,0.021400000000000002,1.0,0.2315123455034874,1044168206.746342,0.17692035498538003,0.0,5,converged,8.254541589375908,8.077621234390527,8.077621234390527,3.30211800189545e-16
CPF,2020,1,-0.194930493,-0.190530493,1.223994704,7.287571,1.297314225,1.108236806,33.04569227,66.62780711,37.57371991,48.59678864,48.59678864,20.28455285,35.19317253,31.57911493,28.82429495,28.82429495,8.794003833,0.019316612,0.980025597,15.2,35.75228,2.139447149,20.98308898,79.01691102,6594.583,127.385,0.265551876,0,0,0.0044,127385000.0,CPF,,,CPF,512811859.00000006,0.2012407895560279,converged,0.2012407895560279,2019,2019,unknown,0,512811859.00000006,127385000.0,0.0044,1.0,0.2012407895560279,639637596.2802604,0.16133927086055538,0.0,5,converged,10.10977014347693,9.948430872616374,9.948430872616374,1.2809535449669586e-23
CPF,2021,1,0.290202253,0.290602253,1.813114149,1.590904239,1.267168307,1.142915083,32.34761076,77.60964619,30.27081913,51.5397057,51.5397057,33.04569227,66.62780711,37.57371991,48.59678864,48.59678864,8.911811552,0.01423571,1.398564685,14.0,25.94448,2.106138989,12.80109949,87.19890051,7419.089,105.616,0.146803451,0,0,0.0004,105616000.0,CPF,,,CPF,780705380.07,0.6808666796967169,converged,0.6808666796967169,2020,2020,unknown,0,780705380.07,105616000.0,0.0004,1.0,0.6808666796967169,886270607.172905,0.5998033184230466,0.0,5,converged,3.8470851931781698,3.247281874755123,3.247281874755123,0.0005825646746051004
CPF,2022,1,0.019243548,0.033443548,3.354774144,8.206191289,1.094576629,0.959838101,28.76230062,60.85902251,36.84242677,45.30241042,45.30241042,32.34761076,77.60964619,30.27081913,51.5397057,51.5397057,8.913652939,0.014914911,1.21020869,13.5,25.15816,4.444856878,15.79400797,84.20599203,7432.763,110.859,0.187563944,0,0,0.014199999999999999,110859000.0,CPF,,,CPF,548068419.6,0.3226903999425043,converged,0.3226903999425043,2021,2021,unknown,0,548068419.6,110859000.0,0.014199999999999999,1.0,0.3226903999425043,657364345.9387004,0.26903865911049796,0.0,7,converged,6.803372449655324,6.534333790544826,6.534333790544826,3.1946652767160765e-11
CPF,2023,1,0.038832921,0.088332921,3.754830525,7.255172273,1.191682756,0.94657431,25.72914216,58.13634869,34.48064524,42.93234623,42.93234623,28.76230062,60.85902251,36.84242677,45.30241042,45.30241042,8.941518784,0.020424724,1.056431923,14.6,25.1506,4.92883299,25.70311883,74.29688117,7642.796,156.102,0.345951518,0,0,0.0495,156102000.0,CPF,,,CPF,532246249.44,0.3032562488722015,converged,0.3032562488722015,2022,2022,unknown,0,532246249.44,156102000.0,0.0495,1.0,0.3032562488722015,680809328.0346601,0.23708106578446267,0.0,5,converged,6.539435571337222,6.302354505552759,6.302354505552759,1.4657884546883935e-10
CTBI,2017,0,0.115578007,0.123578007,1.588342198,4.815023499,0.685094856,0.536802707,22.15799615,36.32188925,43.92473118,33.8285603,33.8285603,21.15270351,39.12418532,45.62144482,35.82931606,35.82931606,8.327540266,0.075264655,1.570261401,18.41,30.68417,2.163978982,28.49681956,71.50318044,4136.231,311.312,0.398539189,0,0,0.008,311312000.0,CTBI,,,CTBI,853023390.0,0.2214253945063212,converged,0.2214253945063212,2016,2016,unknown,0,853023390.0,311312000.0,0.008,1.0,0.2214253945063212,1161854829.4717612,0.1625685377062341,0.0,5,converged,8.231553638100477,8.068985100394244,8.068985100394244,3.544245732559291e-16
CTBI,2018,0,-0.184806964,-0.166706964,1.924468275,5.721868912,0.654519836,0.515354804,23.52538211,34.09666398,50.167666,35.25144948,35.25144948,22.15799615,36.32188925,43.92473118,33.8285603,33.8285603,8.343224492,0.069894298,1.245055938,19.29,28.97199,2.879503867,27.54590664,72.45409336,4201.616,293.669,0.380184271,0,0,0.0181,293669000.0,CTBI,,,CTBI,717372749.0,0.2437731892032042,converged,0.2437731892032042,2017,2017,unknown,0,717372749.0,293669000.0,0.0181,1.0,0.2437731892032042,1005774155.6289221,0.1738722772834584,0.0,5,converged,7.271287576566413,7.097415299282955,7.097415299282955,6.355582956005448e-13
CTBI,2019,0,0.039303243,0.060703243,1.288246018,4.719315789,0.690411081,0.540804902,22.06022092,45.31887257,60.64416852,44.56575767,44.56575767,23.52538211,34.09666398,50.167666,35.25144948,35.25144948,8.381603224,0.067461016,1.349637519,20.05,28.76444,1.747052178,27.97153163,72.02846837,4366.003,294.535,0.388339948,0,0,0.021400000000000002,294535000.0,CTBI,,,CTBI,844692376.0,0.2245673894940349,converged,0.2245673894940349,2018,2018,unknown,0,844692376.0,294535000.0,0.021400000000000002,1.0,0.2245673894940349,1132991291.09644,0.1674243776581801,0.0,5,converged,8.25826091359325,8.09083653593507,8.09083653593507,2.962816791746837e-16
CUBI,2017,0,0.298049989,0.306049989,2.299060956,5.127116583,0.639780113,0.49573721,22.15799615,37.95794495,39.2736216,32.96564447,32.96564447,21.15270351,35.27384441,23.83816837,26.07756744,26.07756744,9.194165765,0.209586409,1.159402088,13.047,34.11847,3.209501889,26.6009528,60.31433194,9839.555,2062.237,0.441038671,0,0,0.008,2062237000.0,CUBI,,,CUBI,820966922.0,0.3311480906181248,converged,0.3311480906181248,2016,2016,unknown,0,820966922.0,2062237000.0,0.008,1.0,0.3311480906181248,2866761169.874746,0.09484714970745267,0.0,6,converged,3.6046371060939584,3.5097899563865056,3.5097899563865056,0.00022423040024911105
CUBI,2018,0,-0.386608583,-0.368508583,2.81185066,6.749098664,0.757788744,0.627959426,21.58687943,41.33667469,45.50632911,36.88526913,36.88526913,22.15799615,37.95794495,39.2736216,32.96564447,32.96564447,9.193542576,0.169617198,0.763182424,13.005,33.80078,4.594576062,19.46905701,62.33853586,9833.425,1667.918,0.312311746,0,0,0.0181,1667918000.0,CUBI,,,CUBI,574897960.0,0.2531460292755959,converged,0.2531460292755959,2017,2017,unknown,0,574897960.0,1667918000.0,0.0181,1.0,0.2531460292755959,2212898156.285891,0.06576598771377885,0.0,6,converged,4.60708476218462,4.541318774470841,4.541318774470841,2.795171438067122e-06
CUBI,2019,0,0.128489328,0.149889328,1.300506828,5.327152482,1.090643881,0.666573162,20.28455285,36.00686126,55.60967845,37.87888742,37.87888742,21.58687943,41.33667469,45.50632911,36.88526913,36.88526913,9.351902172,0.146930525,0.893221066,12.205,31.91986,1.81327205,41.16535931,44.05162041,11520.717,1692.745,0.934480024,0,0,0.021400000000000002,1692745000.0,CUBI,,,CUBI,752105518.0,0.3084049676555307,converged,0.3084049676555307,2018,2018,unknown,0,752105518.0,1692745000.0,0.021400000000000002,1.0,0.3084049676555307,2409008375.4479413,0.09628971396148125,0.0,6,converged,3.9349954182237314,3.8387057042622503,3.8387057042622503,6.184228499965075e-05
CUBI,2020,1,-0.264212257,-0.259812257,1.54004586,2.868035635,1.555638415,0.127872195,40.93186965,39.5659396,49.99447398,38.25137542,38.25137542,20.28455285,36.00686126,55.60967845,37.87888742,37.87888742,9.822236715,0.315655335,0.640716862,11.855,31.91986,2.283290077,91.03385634,5.55063151,18439.248,5820.447,16.40063048,0,0,0.0044,5820447000.0,CUBI,,,CUBI,574266204.0,0.3016650561216208,converged,0.3016650561216208,2019,2019,unknown,0,574266204.0,5820447000.0,0.0044,1.0,0.3016650561216208,6369148743.716839,0.02720589906515562,0.0,9,converged,3.4867012765071905,3.459495377442035,3.459495377442035,0.0002705942832386897
CUBI,2021,1,0.399992274,0.400392274,1.902704766,2.21481657,1.607299376,1.31857019,46.85631707,49.00967119,44.88616859,43.81602172,43.81602172,40.93186965,39.5659396,49.99447398,38.25137542,38.25137542,9.882009951,0.060268573,1.751465305,12.888,24.65361,2.142851332,20.91454115,71.96533581,19575.028,1179.759,0.290619656,0,0,0.0004,1179759000.0,CUBI,,,CUBI,2151540263.79,0.8252044411447718,converged,0.8252044411447718,2020,2020,unknown,0,2151540263.79,1179759000.0,0.0004,1.0,0.8252044411447718,3319480376.1906557,0.5428453891157415,0.0,5,converged,2.177855166682134,1.6350097775663923,1.6350097775663923,0.051023498976271384
CUBI,2022,1,0.021423703,0.035623703,4.430798936,8.82930449,1.608527833,1.05216888,52.11168017,52.1544648,35.60442228,43.80490635,43.80490635,46.85631707,49.00967119,44.88616859,43.81602172,43.81602172,9.947318392,0.05290611,0.725177445,12.2,24.48714,5.842027466,37.97059624,54.22489339,20896.112,1105.532,0.700242893,0,0,0.014199999999999999,1105532000.0,CUBI,,,CUBI,917470572.98,0.4514002249786522,converged,0.4514002249786522,2021,2021,unknown,0,917470572.98,1105532000.0,0.014199999999999999,1.0,0.4514002249786522,2007279511.4237669,0.20655106111704932,0.0,6,converged,3.0597050836825543,2.853154022565505,2.853154022565505,0.002164381764382254
CVBF,2016,0,0.240157765,0.242157765,1.328505708,8.169312291,1.460485444,1.206831308,23.24383959,6.314639686,75.30858931,30.54427703,30.54427703,18.2821119,5.279091622,76.34599673,30.10298827,30.10298827,8.996368011,0.084447206,2.505109616,18.19,33.73211,1.727320295,24.07966127,75.92033873,8073.707,681.802,0.317170098,0,0,0.002,681802000.0,CVBF,,,CVBF,3159868466.56,0.2399126041128237,converged,0.2399126041128237,2015,2015,unknown,0,3159868466.56,681802000.0,0.002,1.0,0.2399126041128237,3840308225.597925,0.19740402760968748,0.0,8,converged,8.865334778532443,8.667930750922755,8.667930750922755,2.200221050351658e-18
CVBF,2017,0,0.084044469,0.092044469,1.351796588,8.496153436,1.469495538,1.296081905,24.17324669,25.34566631,79.64195836,41.53275158,41.53275158,23.24383959,6.314639686,75.30858931,30.54427703,30.54427703,9.020460644,0.070073269,2.427793236,18.01,34.49982,1.947116702,16.96226322,83.03773678,8270.586,579.547,0.204271743,0,0,0.008,579547000.0,CVBF,,,CVBF,3246685611.52,0.273410180993073,converged,0.273410180993073,2016,2016,unknown,0,3246685611.52,579547000.0,0.008,1.0,0.273410180993073,3821614731.7619486,0.2322779699327066,0.0,7,converged,8.270943995503083,8.038666025570377,8.038666025570377,4.541087163928404e-16
CVBF,2018,0,-0.209474906,-0.191374906,1.422912759,9.040128088,1.203899492,1.076684126,23.52538211,21.30385933,61.29136131,32.91074868,32.91074868,24.17324669,25.34566631,79.64195836,41.53275158,41.53275158,9.35263415,0.064881523,1.529934984,14.13,36.10386,2.47968327,15.60589711,84.39410289,11529.153,748.029,0.184916915,0,0,0.0181,748029000.0,CVBF,,,CVBF,2787794988.16,0.243975901804763,converged,0.243975901804763,2017,2017,unknown,0,2787794988.16,748029000.0,0.0181,1.0,0.243975901804763,3522406458.213769,0.1930937852720326,0.0,5,converged,8.21466389171387,8.021570106441837,8.021570106441837,5.220098364961446e-16
CVBF,2019,0,-0.043624886,-0.022224886,0.919579219,7.084970181,1.047066586,0.956468091,22.06022092,19.22860196,60.62506633,31.61810665,31.61810665,23.52538211,21.30385933,61.29136131,32.91074868,32.91074868,9.3310037,0.040277865,1.516180006,16.01,36.10386,1.469470252,12.91046399,87.08953601,11282.45,454.433,0.148243573,0,0,0.021400000000000002,454433000.0,CVBF,,,CVBF,2973831727.36,0.220187179545531,converged,0.220187179545531,2018,2018,unknown,0,2973831727.36,454433000.0,0.021400000000000002,1.0,0.220187179545531,3418643178.931667,0.1915378671698975,0.0,6,converged,10.743003144525902,10.551465277356005,10.551465277356005,2.5005498627271035e-26
CVBF,2020,1,-0.259742704,-0.255342704,0.314262145,3.872261874,0.611123809,0.532337306,20.85479836,29.94175503,50.72989026,33.38123941,33.38123941,22.06022092,19.22860196,60.62506633,31.61810665,31.61810665,9.576323837,0.032607654,1.316844093,16.24,34.49982,0.797773003,18.43095391,81.56904609,14419.314,470.18,0.225955246,0,0,0.0044,470180000.0,CVBF,,,CVBF,2687197344.0,0.2100058277179022,converged,0.2100058277179022,2019,2019,unknown,0,2687197344.0,470180000.0,0.0044,1.0,0.2100058277179022,3155313096.7195735,0.17884979779297283,0.0,7,converged,10.75830700975766,10.579457211964687,10.579457211964687,1.855508980412686e-26
CVBF,2021,1,0.161585247,0.161985247,0.760364798,1.394060037,0.462664055,0.395559289,19.0205481,27.35634102,78.5378766,42.07111,42.07111,20.85479836,29.94175503,50.72989026,33.38123941,33.38123941,9.673048516,0.040586836,1.393998565,15.63,29.00008,0.886789001,19.28566415,80.71433585,15883.697,644.669,0.238937284,0,0,0.0004,644669000.0,CVBF,,,CVBF,2901612195.25,0.5200585002420499,converged,0.5200585002420499,2020,2020,unknown,0,2901612195.25,644669000.0,0.0004,1.0,0.5200585002420499,3546019016.152235,0.4255551146924651,0.0,5,converged,4.219882121879626,3.7943270071871606,3.7943270071871606,7.402222848046577e-05
CVBF,2022,1,0.106258537,0.120458537,3.062708691,5.598081501,0.422170899,0.385767841,18.32180562,29.95337879,78.88919926,43.62595329,43.62595329,19.0205481,27.35634102,78.5378766,42.07111,42.07111,9.70969283,0.094706231,1.84772912,14.37,28.59994,4.140489479,11.67357622,88.32642378,16476.54,1560.431,0.132164031,0,0,0.014199999999999999,1560431000.0,CVBF,,,CVBF,3600331602.25,0.2761654130589246,converged,0.2761654130589246,2021,2021,unknown,0,3600331602.25,1560431000.0,0.014199999999999999,1.0,0.2761654130589246,5138761062.660061,0.1934877010413211,0.0,5,converged,6.329956299554999,6.1364685985136775,6.1364685985136775,4.2188016377331763e-10
CVBF,2023,1,-0.063662801,-0.014162801,2.870223026,5.38780708,0.477194057,0.440478125,51.15840248,30.90904191,73.46881698,46.92307411,46.92307411,18.32180562,29.95337879,78.88919926,43.62595329,43.62595329,9.681655204,0.146160853,1.353904271,15.5,28.59989,4.037676221,10.45389279,89.54610721,16020.993,2341.642,0.11674313,0,0,0.0495,2341642000.0,CVBF,,,CVBF,2813375166.3900003,0.2185715247103787,converged,0.2185715247103787,2022,2022,unknown,0,2813375166.3900003,2341642000.0,0.0495,1.0,0.2185715247103787,5041927936.38707,0.12196201763051348,0.0,7,converged,6.75516465035193,6.633202632721416,6.633202632721416,1.642401860780648e-11
CWBC,2018,0,-0.273136479,-0.255036479,2.050463764,4.28713418,0.25725667,0.254022796,21.58687943,26.74976666,16.52120808,19.21551918,19.21551918,22.15799615,36.00921389,17.96957218,24.32961608,24.32961608,7.338131512,0.009854757,1.181207572,16.44,26.43008243,3.127857416,1.700980267,98.29901973,1537.836,15.155,0.017304143,0,0,0.0181,15155000.0,CWBC,,,CWBC,359686731.0,0.245226588249759,converged,0.245226588249759,2017,2017,unknown,0,359686731.0,15155000.0,0.0181,1.0,0.245226588249759,374569893.0547665,0.23548275373259647,0.0,4,converged,13.815338564882987,13.579855811150392,13.579855811150392,2.636506998170298e-42
CWBC,2019,0,-0.026365643,-0.004965643,1.692995859,4.215159038,0.414447486,0.402597121,20.28455285,25.23027094,24.19293219,21.22366998,21.22366998,21.58687943,26.74976666,16.52120808,19.21551918,19.21551918,7.375728724,0.003228423,1.23985508,15.79,21.54100309,2.163909829,3.615958653,96.38404135,1596.755,5.155,0.037516155,0,0,0.021400000000000002,5155000.0,CWBC,,,CWBC,413058371.00000006,0.2433215292923797,converged,0.2433215292923797,2018,2018,unknown,0,413058371.00000006,5155000.0,0.021400000000000002,1.0,0.2433215292923797,418104226.01695246,0.24038502554688287,0.0,5,converged,18.49556185395282,18.25517682840594,18.25517682840594,9.41002555620714e-75
CWBC,2020,1,-0.095345602,-0.090945602,1.722061225,5.703452589,0.820101039,0.800407552,18.99807322,26.73356966,36.88815061,26.53958477,26.53958477,20.28455285,25.23027094,24.19293219,21.22366998,21.22366998,7.602948365,0.002572232,0.760227232,15.58,26.27314,2.455102226,3.229452581,96.77054742,2004.096,5.155,0.033372267,0,0,0.0044,5155000.0,CWBC,,,CWBC,283822757.0,0.2378046831098632,converged,0.2378046831098632,2019,2019,unknown,0,283822757.0,5155000.0,0.0044,1.0,0.2378046831098632,288955124.8287627,0.23358084588980138,0.0,6,converged,17.37293257716589,17.13935173127609,17.13935173127609,3.774379339458869e-66
CWBC,2021,1,0.076450295,0.076850295,1.621242184,1.526668998,0.752854468,0.741914149,17.43215031,44.06489377,33.45750313,33.90088844,33.90088844,18.99807322,26.73356966,36.88815061,26.53958477,26.53958477,7.803900037,0.01610276,0.998643674,15.8,26.27314,2.096791898,1.960875412,98.03912459,2450.139,39.454,0.020000948,0,0,0.0004,39454000.0,CWBC,,,CWBC,395903201.0,0.6550777488618563,converged,0.6550777488618563,2020,2020,unknown,0,395903201.0,39454000.0,0.0004,1.0,0.6550777488618563,435340955.76807135,0.5957383935634593,0.0,5,converged,4.328823253226636,3.733084859663177,3.733084859663177,9.457441626561888e-05
CWBC,2022,1,-0.039527566,-0.025327566,3.033263917,6.493980709,0.747134766,0.597761241,17.26625006,43.52957444,42.04189944,36.92338305,36.92338305,17.43215031,44.06489377,33.45750313,33.90088844,33.90088844,7.792563187,0.047718511,1.423070327,14.92,25.36224,4.08940287,25.08248859,74.91751141,2422.519,115.599,0.334801412,0,0,0.014199999999999999,115599000.0,CWBC,,,CWBC,403718334.0,0.2978261819473289,converged,0.2978261819473289,2021,2021,unknown,0,403718334.0,115599000.0,0.014199999999999999,1.0,0.2978261819473289,517687427.92062724,0.2322596291014889,0.0,5,converged,6.6323045768119835,6.400044947710494,6.400044947710494,7.766560908061378e-11
CZNC,2018,0,-0.147072766,-0.128972766,1.74992144,5.142060721,0.397268846,0.392299682,21.58687943,14.28497901,66.21030424,30.92105912,30.92105912,22.15799615,7.955284931,71.71471059,29.76311714,29.76311714,7.163089506,0.037778499,1.643237827,24.42,24.95459,2.500823749,1.659862523,98.34013748,1290.893,48.768,0.01687879,0,0,0.0181,48768000.0,CZNC,,,CZNC,407915720.399,0.2145022958711993,converged,0.2145022958711993,2017,2017,unknown,0,407915720.399,48768000.0,0.0181,1.0,0.2145022958711993,455808960.0619003,0.19196388459963792,0.0,5,converged,11.833082486674144,11.641118602074506,11.641118602074506,1.2732680436957107e-31
CZNC,2019,0,-0.011259452,0.010140548,1.502966421,3.680924559,0.316685071,0.309691698,20.28455285,15.99451629,71.79560649,33.77969842,33.77969842,21.58687943,14.28497901,66.21030424,30.92105912,30.92105912,7.411039538,0.087566084,1.585135615,20.7,24.47267,1.976927107,2.903076413,97.09692359,1654.145,144.847,0.029898748,0,0,0.021400000000000002,144847000.0,CZNC,,,CZNC,437722450.0,0.2450493209412782,converged,0.2450493209412782,2018,2018,unknown,0,437722450.0,144847000.0,0.021400000000000002,1.0,0.2450493209412782,579502655.9346906,0.18509594051865025,0.0,5,converged,7.698831657803101,7.513735717284451,7.513735717284451,2.8731766303208526e-14
CZNC,2020,1,-0.122591429,-0.118191429,2.916840537,3.191791771,0.370387038,0.350937871,18.99807322,10.65404293,64.28571429,28.42726244,28.42726244,20.28455285,15.99451629,71.79560649,33.77969842,33.77969842,7.713829278,0.040723058,1.053169119,17.49,24.26906,3.997008914,6.819059922,93.18094008,2239.1,91.183,0.073180845,0,0,0.0044,91183000.0,CZNC,,,CZNC,307412864.0,0.2439907421739997,converged,0.2439907421739997,2019,2019,unknown,0,307412864.0,91183000.0,0.0044,1.0,0.2439907421739997,398195540.15830714,0.1883644724182067,0.0,5,converged,7.9431927018578214,7.754828229439615,7.754828229439615,4.4231566703727885e-15
CZNC,2021,1,0.094854884,0.095254884,1.852856517,1.583918764,0.388322325,0.352018162,17.43215031,20.5292711,59.5524112,31.6213865,31.6213865,18.99807322,10.65404293,64.28571429,28.42726244,28.42726244,7.752613595,0.033319041,1.365695429,18.21,17.18938,2.135173964,11.07467051,88.92532949,2327.648,77.555,0.124538988,0,0,0.0004,77555000.0,CZNC,,,CZNC,411627430.8,0.7186549255471874,converged,0.7186549255471874,2020,2020,unknown,0,411627430.8,77555000.0,0.0004,1.0,0.7186549255471874,489114455.0413547,0.6050506069606026,0.0,6,converged,3.3469138855410856,2.741863278580483,2.741863278580483,0.003054588218183967
CZNC,2022,1,0.029736574,0.043936574,4.106612262,5.345017244,0.33656214,0.308115515,15.8938172,16.65111531,56.61266294,28.63951186,28.63951186,17.43215031,20.5292711,59.5524112,31.6213865,31.6213865,7.805599719,0.074066121,1.422882592,15.72,17.18938,4.911305798,10.0305805,89.9694195,2454.307,181.781,0.111488777,0,0,0.014199999999999999,181781000.0,CZNC,,,CZNC,354760202.34,0.2806975519014444,converged,0.2806975519014444,2021,2021,unknown,0,354760202.34,181781000.0,0.014199999999999999,1.0,0.2806975519014444,533978152.8367703,0.1864876304786299,0.0,5,converged,5.947531615453191,5.761043984974561,5.761043984974561,4.179762488115724e-09
CZNC,2023,1,-0.039341027,0.010158973,4.497432656,5.370461177,0.425294869,0.377169354,14.03688525,12.35773361,59.84449533,27.69312632,27.69312632,15.8938172,16.65111531,56.61266294,28.63951186,28.63951186,7.830260262,0.084178863,1.307525614,15.67,17.18938,5.420355523,13.35107214,86.64892786,2515.584,211.759,0.15408237,0,0,0.0495,211759000.0,CZNC,,,CZNC,343069878.05,0.2240257973850729,converged,0.2240257973850729,2022,2022,unknown,0,343069878.05,211759000.0,0.0495,1.0,0.2240257973850729,544602010.6322712,0.14112416317553153,0.0,6,converged,7.114759292231564,6.973635129056032,6.973635129056032,1.5442724514040012e-12
DCOM,2017,0,0.216502787,0.224502787,1.547104314,5.287169705,0.693258369,0.614560016,22.15799615,32.73120412,39.09059712,30.30729221,30.30729221,21.15270351,36.51145399,55.44510808,38.06992009,38.06992009,8.396155315,0.14241348,1.607240447,13.3,33.79849,2.052807255,16.20820567,83.79179433,4430.002,630.892,0.193434283,0,0,0.008,630892000.0,DCOM,,,DCOM,1533651000.0,0.2188489911934201,converged,0.2188489911934201,2016,2016,unknown,0,1533651000.0,630892000.0,0.008,1.0,0.2188489911934201,2159515998.8154163,0.15542277731634208,0.0,5,converged,8.046329189304334,7.890906411987992,7.890906411987992,1.4999978556584984e-15
DCOM,2018,0,-0.312265711,-0.294165711,2.111578545,7.770632291,0.891826186,0.823350479,21.58687943,28.75928409,67.3895181,38.52483142,38.52483142,22.15799615,32.73120412,39.09059712,30.30729221,30.30729221,8.455476073,0.068021785,1.111582824,13.6,31.33654205,3.45738988,10.80370961,89.19629039,4700.744,319.753,0.121122858,0,0,0.0181,319753000.0,DCOM,,,DCOM,1116936114.0,0.2371526248317237,converged,0.2371526248317237,2017,2017,unknown,0,1116936114.0,319753000.0,0.0181,1.0,0.2371526248317237,1430953647.2562006,0.18511035050811375,0.0,5,converged,8.285762957905602,8.100652607397489,8.100652607397489,2.73325712938125e-16
DCOM,2019,0,0.046335139,0.067735139,2.046017371,7.522186569,1.096525249,0.990885018,20.28455285,28.82800024,54.78828399,34.02247035,34.02247035,21.58687943,28.75928409,67.3895181,38.52483142,38.52483142,8.501372705,0.10462601,1.337870767,13.1,21.67368484,2.536053528,11.98055671,88.01944329,4921.52,514.919,0.136112616,0,0,0.021400000000000002,514919000.0,DCOM,,,DCOM,1469237658.0,0.2360754914046924,converged,0.2360754914046924,2018,2018,unknown,0,1469237658.0,514919000.0,0.021400000000000002,1.0,0.2360754914046924,1973254460.969236,0.17577611451718,0.0,5,converged,7.852480341690016,7.676704227172836,7.676704227172836,8.161686392744409e-15
DCOM,2020,1,-0.188677508,-0.184277508,2.039495092,6.687395581,1.119734478,0.94652354,18.99807322,22.9494,50.46712977,29.55106912,29.55106912,20.28455285,28.82800024,54.78828399,34.02247035,34.02247035,8.769397712,0.045891889,0.921928019,13.0,21.64673379,2.793607336,18.93340494,81.06659506,6434.296,295.282,0.233553721,0,0,0.0044,295282000.0,DCOM,,,DCOM,1059533748.0,0.2450024516029734,converged,0.2450024516029734,2019,2019,unknown,0,1059533748.0,295282000.0,0.0044,1.0,0.2450024516029734,1353519361.3421497,0.1917877004424156,0.0,5,converged,8.057471042854141,7.865683342411725,7.865683342411725,1.8354401832640217e-15
DCOM,2021,1,0.236094437,0.236494437,1.950905326,1.82497746,1.087697092,0.973011462,17.43215031,25.45131972,55.3190875,32.53872608,32.53872608,18.99807322,22.9494,50.46712977,29.55106912,29.55106912,9.398177026,0.018560521,1.303009438,13.4,21.04958005,2.228778006,12.07467757,80.87958961,12066.364,223.958,0.149292023,0,0,0.0004,223958000.0,DCOM,,,DCOM,1402104608.28,0.6286768773501369,converged,0.6286768773501369,2020,2020,unknown,0,1402104608.28,223958000.0,0.0004,1.0,0.6286768773501369,1625963254.0317924,0.5421453648730523,0.0,6,converged,3.928389123840627,3.386243758967575,3.386243758967575,0.00035428207142824107
DCOM,2022,1,0.00493565,0.01913565,3.682351528,8.090124812,1.090696037,0.95602431,26.01833011,33.97398833,35.00651769,30.93070979,30.93070979,17.43215031,25.45131972,55.3190875,32.53872608,32.53872608,9.487208256,0.101034949,1.165966065,12.9,21.40806295,4.666420657,13.97617608,77.97562495,13189.921,1332.643,0.179237756,0,0,0.014199999999999999,1332643000.0,DCOM,,,DCOM,1227778590.0,0.3354862818934845,converged,0.3354862818934845,2021,2021,unknown,0,1227778590.0,1332643000.0,0.014199999999999999,1.0,0.3354862818934845,2541630249.412603,0.16206513491522093,0.0,7,converged,4.152491352192306,3.990426217277085,3.990426217277085,3.2977332418016195e-05
EBC,2022,1,-0.013788787,0.000411213,0.000411213,5.984648123,0.463951816,0.463951816,17.26625006,35.46263466,30.04447519,28.62244354,28.62244354,19.0205481,27.26962398,29.6034267,24.41169639,24.41169639,10.0277764,0.031089699,1.229460536,17.89,22.45779687,0.0,0.0,100.0,22646.858,704.084,0.0,0,0,0.014199999999999999,704084000.0,EBC,,,EBC,3336805500.0,0.2397847375486214,converged,0.2397847375486214,2021,2021,unknown,0,3336805500.0,704084000.0,0.014199999999999999,1.0,0.2397847375486214,4030962158.4120584,0.19849232794765376,0.0,8,converged,8.96136555365741,8.762873225709757,8.762873225709757,9.516783711702092e-19
EBC,2023,1,-0.014950182,0.034549818,0.034549818,6.170671611,0.654852764,0.654852764,15.2370401,31.58862997,25.54857275,25.03826895,25.03826895,17.26625006,35.46263466,30.04447519,28.62244354,28.62244354,9.958604233,0.00083934,0.842146357,19.55,22.17133369,0.0,0.0,100.0,21133.278,17.738,0.0,0,0,0.0495,17738000.0,EBC,,,EBC,2746819600.0,0.251412472587268,converged,0.251412472587268,2022,2022,unknown,0,2746819600.0,17738000.0,0.0495,1.0,0.251412472587268,2763700946.0951343,0.24987678518597425,0.0,4,converged,20.527460972780418,20.277584187594442,20.277584187594442,1.0142619732460281e-91
EBMT,2018,0,-0.206080069,-0.187980069,3.021034211,5.163560497,0.440017521,0.367042499,21.58687943,42.55475423,49.97668221,39.0987637,39.0987637,22.15799615,41.54407016,26.7547472,30.23756779,30.23756779,6.749817604,0.148843604,0.95332846,16.449,20.7385552,4.001084444,20.05369101,79.94630899,853.903,127.098,0.250839485,0,0,0.0181,127098000.0,EBMT,,,EBMT,128586750.6,0.262372791088571,converged,0.262372791088571,2017,2017,unknown,0,128586750.6,127098000.0,0.0181,1.0,0.262372791088571,253404970.8500424,0.13313735163227278,0.0,8,converged,5.385364890377648,5.252227538745375,5.252227538745375,7.513532946887803e-08
EBMT,2019,0,-0.032687605,-0.011287605,2.150219527,4.885086189,0.604703892,0.511894291,20.28455285,39.578069,65.63408681,43.25899348,43.25899348,21.58687943,42.55475423,49.97668221,39.0987637,39.0987637,6.960594378,0.107460209,1.129293154,15.917,18.48341,2.649096796,18.19480822,81.80519178,1054.26,113.291,0.222416302,0,0,0.021400000000000002,113291000.0,EBMT,,,EBMT,170097130.20000002,0.2356445063822548,converged,0.2356445063822548,2018,2018,unknown,0,170097130.20000002,113291000.0,0.021400000000000002,1.0,0.2356445063822548,280989460.1112664,0.14264753670871594,0.0,6,converged,6.589189073502657,6.446541536793941,6.446541536793941,5.721563275767402e-11
EBMT,2022,1,0.02360374,0.03780374,3.57805668,5.79711397,0.524558555,0.403235856,17.26625006,25.08596572,48.95903166,30.26552072,30.26552072,20.28455285,39.578069,65.63408681,43.25899348,43.25899348,7.57475559,0.065817621,0.81669461,14.1,22.67694,4.592216533,28.01153004,71.98846996,1948.384,128.238,0.38911134,0,0,0.014199999999999999,128238000.0,EBMT,,,EBMT,129377493.28,0.2362368075510811,converged,0.2362368075510811,2021,2021,unknown,0,129377493.28,128238000.0,0.014199999999999999,1.0,0.2362368075510811,255807381.6815042,0.11947945793023866,0.0,9,converged,5.958133023954995,5.838653566024756,5.838653566024756,2.631218219487934e-09
EFSC,2017,0,0.197797537,0.205797537,1.395764547,5.597920449,0.880679563,0.719395493,22.15799615,32.1908583,57.18943034,36.55486064,36.55486064,21.15270351,30.16440763,57.72895336,35.74396939,35.74396939,8.573427011,0.102949298,1.900363618,12.21,33.93416,1.880108793,25.33687137,74.66312863,5289.225,544.522,0.339349179,0,0,0.008,544522000.0,EFSC,,,EFSC,1667511405.0,0.2371203084581647,converged,0.2371203084581647,2016,2016,unknown,0,1667511405.0,544522000.0,0.008,1.0,0.2371203084581647,2207694607.330911,0.1791012295805174,0.0,5,converged,7.949886044278136,7.770784814697619,7.770784814697619,3.900065625299734e-15
EFSC,2018,0,-0.265669484,-0.247569484,1.691649027,8.298242923,1.089846013,0.94713964,21.58687943,35.03931154,72.25738397,43.39215675,43.39215675,22.15799615,32.1908583,57.18943034,36.55486064,36.55486064,8.638642742,0.072906596,1.421672236,13.02,33.89776,2.864143979,18.56253986,81.43746014,5645.662,411.606,0.227936134,0,0,0.0181,411606000.0,EFSC,,,EFSC,1389777501.0,0.2341911034082931,converged,0.2341911034082931,2017,2017,unknown,0,1389777501.0,411606000.0,0.0181,1.0,0.2341911034082931,1794000450.5687346,0.18142332480911885,0.0,5,converged,8.304852342643182,8.123429017834063,8.123429017834063,2.26596920823617e-16
EFSC,2019,0,0.086951552,0.108351552,1.29696836,6.981563318,1.165130512,0.962898197,20.28455285,34.67452887,70.27804309,42.49866183,42.49866183,21.58687943,35.03931154,72.25738397,43.39215675,43.39215675,8.900247851,0.085745012,1.475636504,12.9,32.49429091,1.798852277,23.72940343,76.27059657,7333.791,628.836,0.311121251,0,0,0.021400000000000002,628836000.0,EFSC,,,EFSC,1780525467.0,0.2143018991782764,converged,0.2143018991782764,2018,2018,unknown,0,1780525467.0,628836000.0,0.021400000000000002,1.0,0.2143018991782764,2396047345.80417,0.15924977016079492,0.0,5,converged,8.614049937220653,8.454800167059858,8.454800167059858,1.3978286046924938e-17
EFSC,2020,1,-0.21691532,-0.21251532,1.097801318,5.993112975,1.292647077,0.899296767,18.99807322,55.77975413,61.05256318,49.6456808,49.6456808,20.28455285,34.67452887,70.27804309,42.49866183,42.49866183,9.185183679,0.056884988,1.010956643,14.9,29.36780772,1.740061349,38.24343593,61.75656407,9751.571,554.718,0.61926107,0,0,0.0044,554718000.0,EFSC,,,EFSC,1290797865.0,0.2436358609598184,converged,0.2436358609598184,2019,2019,unknown,0,1290797865.0,554718000.0,0.0044,1.0,0.2436358609598184,1843080467.6034143,0.1706299072100321,0.0,5,converged,7.148166719280696,6.977536812070664,6.977536812070664,1.5020006175361325e-12
EFSC,2021,1,0.298113498,0.298513498,1.49699722,1.527940379,1.321752247,1.09739477,22.38150575,61.61489867,53.34511555,50.47793852,50.47793852,18.99807322,55.77975413,61.05256318,49.6456808,49.6456808,9.513208402,0.041275558,1.222213348,14.7,20.16502756,1.577433198,20.38756607,79.61243393,13537.358,558.762,0.2560852,0,0,0.0004,558762000.0,EFSC,,,EFSC,1780921290.98,0.6546609346110234,converged,0.6546609346110234,2020,2020,unknown,0,1780921290.98,558762000.0,0.0004,1.0,0.6546609346110234,2339127413.0770683,0.4988842661810677,0.0,5,converged,3.1202675194450675,2.621383253264,2.621383253264,0.004378687553906596
EFSC,2022,1,0.040302591,0.054502591,3.786844014,8.263636029,1.158286889,0.988328575,20.16909367,64.98864805,49.19473886,50.56011523,50.56011523,22.38150575,61.61489867,53.34511555,50.47793852,50.47793852,9.476863055,0.044395922,1.257638156,14.2,20.07739,4.683976585,17.08907343,79.42315094,13054.172,579.552,0.215164889,0,0,0.014199999999999999,579552000.0,EFSC,,,EFSC,1823921176.32,0.293274691812308,converged,0.293274691812308,2021,2021,unknown,0,1823921176.32,579552000.0,0.014199999999999999,1.0,0.293274691812308,2395301692.758299,0.2233163039587563,0.0,5,converged,6.529501600808278,6.306185296849521,6.306185296849521,1.4299830811875675e-10
EFSC,2023,1,0.044173784,0.093673784,3.958397502,6.984912558,1.057640907,0.886674908,17.76317251,58.81700507,60.60202731,51.52654971,51.52654971,20.16909367,64.98864805,49.19473886,50.56011523,50.56011523,9.583185176,0.031257374,1.016146203,14.2,20.07739,4.862114107,18.66422303,77.36316749,14518.59,453.813,0.241254639,0,0,0.0495,453813000.0,EFSC,,,EFSC,1670625650.2,0.2536051808650914,converged,0.2536051808650914,2022,2022,unknown,0,1670625650.2,453813000.0,0.0495,1.0,0.2536051808650914,2102521823.1293817,0.20151007020047756,0.0,5,converged,7.954990562445635,7.753480492245158,7.753480492245158,4.470376524602537e-15
EGBN,2020,1,-0.15403658,-0.14963658,1.215582828,6.305157666,1.140023313,0.941614504,46.62813102,40.704295,66.50760093,46.97077633,46.97077633,48.65853659,46.61548174,69.73681418,51.15737317,51.15737317,9.316302886,0.053500053,1.057706941,17.04,37.75367,2.132456739,25.29017252,74.70982748,11117.802,594.803,0.338511992,0,0,0.0044,594803000.0,EGBN,,,EGBN,1254586620.0,0.3908910907559255,converged,0.3908910907559255,2019,2019,unknown,0,1254586620.0,594803000.0,0.0044,1.0,0.3908910907559255,1846777695.1293187,0.26554858260462566,0.0,5,converged,4.41586005866289,4.150311476058264,4.150311476058264,1.660115710561827e-05
EGBN,2021,1,0.1563496,0.1567496,1.399441469,1.525834904,1.041609322,1.002355155,45.26791928,39.16809937,30.26181538,33.44110566,33.44110566,46.62813102,40.704295,66.50760093,46.97077633,46.97077633,9.379856117,0.033221719,1.37992513,16.15,27.36304,1.721865334,5.11565271,94.88434729,11847.31,393.588,0.053914611,0,0,0.0004,393588000.0,EGBN,,,EGBN,1863968367.28,0.6219935787464408,converged,0.6219935787464408,2020,2020,unknown,0,1863968367.28,393588000.0,0.0004,1.0,0.6219935787464408,2257358403.710964,0.5136640052801549,0.0,7,converged,3.6579772373622115,3.1443132320820566,3.1443132320820566,0.0008323857027805022
EGBN,2022,1,-0.025284718,-0.011084718,3.25367598,7.74342195,0.888705337,0.84867716,45.18963716,34.61718774,50.90968343,38.95073281,38.95073281,45.26791928,39.16809937,30.26181538,33.44110566,33.44110566,9.319271366,0.096844152,1.12467182,14.94,25.65825,4.390667955,5.965899027,94.03410097,11150.854,1079.895,0.063443995,0,0,0.014199999999999999,1079895000.0,EGBN,,,EGBN,1381458015.21,0.3016269161561115,converged,0.3016269161561115,2021,2021,unknown,0,1381458015.21,1079895000.0,0.014199999999999999,1.0,0.3016269161561115,2446126840.52241,0.1703448307027475,0.0,7,converged,4.968455780079317,4.79811094937657,4.79811094937657,8.008452710529803e-07
EGBN,2023,1,-0.097897424,-0.048397424,3.322332524,7.232350325,1.071108179,0.964298981,42.79851551,31.92670445,52.83629078,38.35979787,38.35979787,45.18963716,34.61718774,50.90968343,38.95073281,38.95073281,9.364308578,0.120065192,0.707816039,14.79,25.65825,4.525659061,12.96722379,87.03277621,11664.538,1400.505,0.148992418,0,0,0.0495,1400505000.0,EGBN,,,EGBN,901957945.68,0.2658674360040496,converged,0.2658674360040496,2022,2022,unknown,0,901957945.68,1400505000.0,0.0495,1.0,0.2658674360040496,2234825752.15596,0.10730204796122639,0.0,6,converged,4.870244795859474,4.762942747898247,4.762942747898247,9.539499271931456e-07
EQBK,2017,0,0.139712691,0.147712691,1.469631317,5.544972394,0.694606316,0.648173562,22.15799615,40.61328091,36.74330817,33.37177827,33.37177827,21.15270351,34.8398216,36.79607509,30.52713855,30.52713855,8.061647422,0.12668376,1.382314146,12.54,30.98098,1.935420685,9.403230015,90.59676998,3170.509,401.652,0.103792111,0,0,0.008,401652000.0,EQBK,,,EQBK,620223854.9999999,0.2602568778080121,converged,0.2602568778080121,2016,2016,unknown,0,620223854.9999999,401652000.0,0.008,1.0,0.2602568778080121,1018675457.6357386,0.15845824410665832,0.0,6,converged,6.003013363661524,5.844555119554866,5.844555119554866,2.539619219891404e-09
EQBK,2018,0,-0.307517769,-0.289417769,1.407666145,6.125931365,0.624930147,0.572731083,21.58687943,35.83074943,43.54541417,33.44840082,33.44840082,22.15799615,40.61328091,36.74330817,33.37177827,33.37177827,8.309360823,0.114403863,1.23492206,11.92,30.98098,2.409950088,11.66479228,88.33520772,4061.716,464.676,0.13205145,0,0,0.0181,464676000.0,EQBK,,,EQBK,617421375.0,0.245226588249759,converged,0.245226588249759,2017,2017,unknown,0,617421375.0,464676000.0,0.0181,1.0,0.245226588249759,1073762398.4899163,0.14100711488235348,0.0,7,converged,6.138875584749861,5.997868469867507,5.997868469867507,9.996217325687283e-10
EQBK,2019,0,-0.079993294,-0.058593294,1.275902457,4.381204885,0.503322419,0.450076386,20.28455285,28.55099737,40.69935265,28.81306165,28.81306165,21.58687943,35.83074943,43.54541417,33.44840082,33.44840082,8.281364017,0.097132402,0.99730092,12.59,29.94585,1.892864827,14.44770384,85.55229616,3949.578,383.632,0.168875699,0,0,0.021400000000000002,383632000.0,EQBK,,,EQBK,540703485.0,0.2433215292923797,converged,0.2433215292923797,2018,2018,unknown,0,540703485.0,383632000.0,0.021400000000000002,1.0,0.2433215292923797,916212980.9742513,0.143596305512849,0.0,6,converged,6.283414020469711,6.139817714956862,6.139817714956862,4.130811442162202e-10
EQBK,2020,1,-0.245968085,-0.241568085,2.528688363,4.817152138,0.753649139,0.536541433,18.99807322,26.15749249,32.19067754,24.56276019,24.56276019,20.28455285,28.55099737,40.69935265,28.81306165,28.81306165,8.297383078,0.033352885,0.770100268,17.35,28.68024,3.761667334,36.19862843,63.80137157,4013.356,133.857,0.567364424,0,0,0.0044,133857000.0,EQBK,,,EQBK,378159645.0,0.2378046831098632,converged,0.2378046831098632,2019,2019,unknown,0,378159645.0,133857000.0,0.0044,1.0,0.2378046831098632,511428968.0374373,0.17583699822351764,0.0,5,converged,7.736119125097991,7.5602821268744735,7.5602821268744735,2.010980187591606e-14
EQBK,2021,1,0.122667292,0.123067292,1.379570013,1.561756843,0.706082417,0.590486824,23.11502907,44.72281949,27.66325343,32.95962424,32.95962424,18.99807322,26.15749249,32.19067754,24.56276019,24.56276019,8.544347357,0.029564404,1.135907888,15.96,26.18029,1.737067648,20.96054872,79.03945128,5137.631,151.891,0.26519097,0,0,0.0004,151891000.0,EQBK,,,EQBK,594300915.0,0.6550777488618563,converged,0.6550777488618563,2020,2020,unknown,0,594300915.0,151891000.0,0.0004,1.0,0.6550777488618563,746076516.8234901,0.5220571632881295,0.0,5,converged,3.3106275873252238,2.7885704240370943,2.7885704240370943,0.0026470617865960266
EQBK,2022,1,0.060057939,0.074257939,3.616232516,6.888656592,0.809343605,0.65516956,45.04618517,32.31722973,28.91779356,29.27688709,29.27688709,23.11502907,44.72281949,27.66325343,32.95962424,32.95962424,8.513516641,0.056554343,1.269178407,16.08,22.28263,4.579714022,23.24157338,76.75842662,4981.651,281.734,0.302788559,0,0,0.014199999999999999,281734000.0,EQBK,,,EQBK,572231385.0,0.2978261819473289,converged,0.2978261819473289,2021,2021,unknown,0,572231385.0,281734000.0,0.014199999999999999,1.0,0.2978261819473289,849993032.4510784,0.2005022197138803,0.0,5,converged,5.678567352717631,5.478065133003751,5.478065133003751,2.1500093069220522e-08
ESQ,2018,0,-0.232458675,-0.214358675,2.383874546,6.17584994,0.555350751,0.554768267,21.58687943,17.72419486,26.13368865,18.19932857,18.19932857,22.15799615,20.82616554,28.96591169,20.75750632,20.75750632,6.498130029,0.000134057,1.761917014,18.7,28.26105,3.621352066,0.146144436,99.85385556,663.899,0.089,0.001463583,0,0,0.0181,89000.0,ESQ,,,ESQ,183614333.0,0.2696039783900788,converged,0.2696039783900788,2017,2017,unknown,0,183614333.0,89000.0,0.0181,1.0,0.2696039783900788,183701736.59108353,0.2694757033050498,0.0,3,converged,28.52517254020804,28.255696836902988,28.255696836902988,6.057470099803966e-176
ESQ,2019,0,0.033921859,0.055321859,2.148203698,5.541813899,0.632755292,0.632522855,20.28455285,17.10842144,38.63525417,22.39446854,22.39446854,21.58687943,17.72419486,26.13368865,18.19932857,18.19932857,6.682118622,0.000107768,1.796222577,17.83,20.99961,2.649236998,0.046494125,99.95350588,798.008,0.086,0.000465158,0,0,0.021400000000000002,86000.0,ESQ,,,ESQ,220591044.3,0.3502180208819969,converged,0.3502180208819969,2018,2018,unknown,0,220591044.3,86000.0,0.021400000000000002,1.0,0.3502180208819969,220675223.45255703,0.35008442610979545,0.0,3,converged,22.659618615640568,22.309534189530773,22.309534189530773,1.492944736352185e-110
ESQ,2020,1,-0.19045874,-0.18605874,1.614907283,8.304130132,1.239177377,1.238537286,18.99807322,33.94697599,35.42837008,29.59191332,29.59191332,20.28455285,17.10842144,38.63525417,22.39446854,22.39446854,6.842378006,5.23e-05,1.186244167,16.69,29.28129755,2.546469447,0.073026587,99.92697341,936.714,0.049,0.0007308,0,0,0.0044,49000.0,ESQ,,,ESQ,162375993.10000002,0.3227807164951268,converged,0.3227807164951268,2019,2019,unknown,0,162375993.10000002,49000.0,0.0044,1.0,0.3227807164951268,162424777.97388938,0.32268378628989114,0.0,6,converged,25.296010306281232,24.973326519991343,24.973326519991343,5.958866058180612e-138
ESQ,2021,1,0.210243753,0.210643753,0.210643753,1.515266,1.061059112,1.061059112,17.43215031,26.64837003,41.395707,28.12004605,28.12004605,18.99807322,33.94697599,35.42837008,29.59191332,29.59191332,7.072226801,4.07e-05,1.772697318,15.89,24.11263383,0.0,0.0,100.0,1178.77,0.048,0.0,0,0,0.0004,48000.0,ESQ,,,ESQ,267552313.8,0.8110375346053001,converged,0.8110375346053001,2020,2020,unknown,0,267552313.8,48000.0,0.0004,1.0,0.8110375346053001,267600294.60395563,0.810892131288575,0.0,5,converged,11.043665829265885,10.23277369797731,10.23277369797731,7.0705061564740165e-25
ESQ,2022,1,0.039727963,0.053927963,0.053927963,7.811595723,0.857564782,0.857564782,15.8938172,22.15740125,52.90316574,30.05454603,30.05454603,17.43215031,26.64837003,41.395707,28.12004605,28.12004605,7.241107654,3.3e-05,2.241619808,15.44,23.31714016,0.0,0.0,100.0,1395.639,0.046,0.0,0,0,0.014199999999999999,46000.0,ESQ,,,ESQ,366044057.4,0.3059891776576836,converged,0.3059891776576836,2021,2021,unknown,0,366044057.4,46000.0,0.014199999999999999,1.0,0.3059891776576836,366089408.81665105,0.3059512744337744,0.0,5,converged,29.556976287630714,29.25102501319694,29.25102501319694,2.1787402170525604e-188
ESQ,2023,1,-0.006925392,0.042574608,0.042574608,6.642349619,0.788876335,0.788876335,14.03688525,17.6699031,47.906888,26.01075162,26.01075162,15.8938172,22.15740125,52.90316574,30.05454603,30.05454603,7.388251171,2.72e-05,2.085371238,15.38,26.49851,0.0,0.0,100.0,1616.876,0.044,0.0,0,0,0.0495,44000.0,ESQ,,,ESQ,422736040.4,0.3175475622055205,converged,0.3175475622055205,2022,2022,unknown,0,422736040.4,44000.0,0.0495,1.0,0.3175475622055205,422777915.4337822,0.3175161119083309,0.0,4,converged,29.196379511473253,28.878863399564924,28.878863399564924,1.100156473565163e-183
EWBC,2016,0,0.370378452,0.372378452,1.815804498,8.908900319,1.317387929,1.250397752,44.44444444,50.46777543,78.21814562,53.9866466,53.9866466,50.26085429,54.41590122,56.5870098,51.44278129,51.44278129,10.45705192,0.026388348,2.137860338,12.4,33.82159,2.223254424,7.489257743,92.51074226,34788.84,918.02,0.080955547,0,0,0.002,918020000.0,EWBC,,,EWBC,7005644343.36,0.2511637549895296,converged,0.2511637549895296,2015,2015,unknown,0,7005644343.36,918020000.0,0.002,1.0,0.2511637549895296,7921830138.192396,0.22211583830108872,0.0,5,converged,9.822919872772106,9.600804034471016,9.600804034471016,3.966159883533769e-22
EWBC,2017,0,0.301077225,0.309077225,1.936535943,9.586959274,1.461646969,1.43391354,51.54142582,56.81775717,80.44040265,60.24360079,60.24360079,44.44444444,50.46777543,78.21814562,53.9866466,53.9866466,10.52195329,0.014694101,2.288564935,12.9,33.5298,2.46155084,2.827464451,97.17253555,37121.563,545.468,0.029097362,0,0,0.008,545468000.0,EWBC,,,EWBC,8383894263.36,0.3270312972671475,converged,0.3270312972671475,2016,2016,unknown,0,8383894263.36,545468000.0,0.008,1.0,0.3270312972671475,8925015927.882414,0.30720346487578787,0.0,4,converged,9.277747681253905,8.970544216378117,8.970544216378117,1.4752648355902798e-19
EWBC,2018,0,-0.391913835,-0.373813835,2.002240499,11.749029,1.482595615,1.45111389,50.22163121,54.58843345,81.43570953,59.27271842,59.27271842,51.54142582,56.81775717,80.44040265,60.24360079,60.24360079,10.62235989,0.014147458,1.426357418,13.7,27.8841,3.279633466,2.920476001,97.079524,41042.356,580.645,0.030083337,0,0,0.0181,580645000.0,EWBC,,,EWBC,5999521901.76,0.2495261671363247,converged,0.2495261671363247,2017,2017,unknown,0,5999521901.76,580645000.0,0.0181,1.0,0.2495261671363247,6569751768.556719,0.2278682296907545,0.0,4,converged,10.84027265226652,10.612404422575766,10.612404422575766,1.3047302665223973e-26
EWBC,2019,0,0.078397399,0.099797399,1.769492176,11.25417457,1.690562161,1.642296119,61.77378366,53.91774884,82.29267734,62.47429529,62.47429529,50.22163121,54.58843345,81.43570953,59.27271842,59.27271842,10.69639174,0.025496686,1.413411237,14.4,24.2433313,2.208943189,3.734562588,96.26543741,44196.096,1126.854,0.038794428,0,0,0.021400000000000002,1126854000.0,EWBC,,,EWBC,6712077110.400001,0.2615556987744546,converged,0.2615556987744546,2018,2018,unknown,0,6712077110.400001,1126854000.0,0.021400000000000002,1.0,0.2615556987744546,7815072631.140408,0.22464052667097553,0.0,6,converged,8.828577331747674,8.603936805076698,8.603936805076698,3.851370128546718e-18
EWBC,2020,1,-0.129563393,-0.125163393,1.561541492,9.543085573,1.9768579,1.492022309,60.48315635,51.03619878,83.39827948,61.22253531,61.22253531,61.77378366,53.91774884,82.29267734,62.47429529,62.47429529,10.86201201,0.02157643,1.362409251,14.3,24.24394021,2.176899056,30.01830937,69.98169063,52156.913,1125.36,0.428945187,0,0,0.0044,1125360000.0,EWBC,,,EWBC,6989105344.32,0.3188756975863198,converged,0.3188756975863198,2019,2019,unknown,0,6989105344.32,1125360000.0,0.0044,1.0,0.3188756975863198,8109524637.962445,0.2748195430438129,0.0,6,converged,7.33972240806762,7.064902865023807,7.064902865023807,8.036419195993923e-13
EWBC,2021,1,0.245382812,0.245782812,1.374702986,1.51172846,1.747232302,1.691741813,59.52324501,51.27244983,82.96105549,61.3769369,61.3769369,60.48315635,51.03619878,83.39827948,61.22253531,61.22253531,11.01650724,0.011521602,1.912780681,14.1,20.13018,1.425589495,3.944779583,96.05522042,60870.701,701.328,0.041067831,0,0,0.0004,701328000.0,EWBC,,,EWBC,11165317820.72,0.6583334501306607,converged,0.6583334501306607,2020,2020,unknown,0,11165317820.72,701328000.0,0.0004,1.0,0.6583334501306607,11866364492.036533,0.6194404507900934,0.0,4,converged,4.876563542597692,4.257123091807599,4.257123091807599,1.0353717812262555e-05
EWBC,2022,1,-0.072928626,-0.058728626,3.922103499,9.806852946,1.397163507,1.288616425,49.44131419,46.1414184,81.68822117,55.76393719,55.76393719,59.52324501,51.27244983,82.96105549,61.3769369,61.3769369,11.06838917,0.007056385,1.552057686,14.0,17.36085,4.810552351,9.250261856,90.74973814,64112.15,452.4,0.101931554,0,0,0.014199999999999999,452400000.0,EWBC,,,EWBC,9288463051.400002,0.335250469354124,converged,0.335250469354124,2021,2021,unknown,0,9288463051.400002,452400000.0,0.014199999999999999,1.0,0.335250469354124,9734484367.240334,0.3198897322227027,0.0,4,converged,9.797838473513446,9.477948741290744,9.477948741290744,1.2966530923024343e-21
FBIZ,2018,0,-0.251395589,-0.233295589,2.107457086,7.131644198,0.807402373,0.724309922,21.58687943,19.70278958,45.55605824,26.1727646,26.1727646,22.15799615,15.42270733,61.7209087,29.86918996,29.86918996,7.583988725,0.1571237,0.948522829,11.85,32.398379,3.412501435,14.50794163,85.49205837,1966.457,308.977,0.16969929,0,0,0.0181,308977000.0,FBIZ,,,FBIZ,162300568.4,0.2147267359310343,converged,0.2147267359310343,2017,2017,unknown,0,162300568.4,308977000.0,0.0181,1.0,0.2147267359310343,465735392.67138994,0.07482847982901736,0.0,6,converged,5.763186118135464,5.688357638306447,5.688357638306447,6.413348852583874e-09
FBIZ,2019,0,0.020859666,0.042259666,2.460436788,6.325631846,0.869711811,0.762358704,20.28455285,28.26220715,65.15800686,37.47493721,37.47493721,21.58687943,19.70278958,45.55605824,26.1727646,26.1727646,7.648157637,0.157111932,1.1616635,12.01,14.9769263,2.851204564,14.20890654,85.79109346,2096.779,329.429,0.165622164,0,0,0.021400000000000002,329429000.0,FBIZ,,,FBIZ,219035057.2,0.2061668449471806,converged,0.2061668449471806,2018,2018,unknown,0,219035057.2,329429000.0,0.021400000000000002,1.0,0.2061668449471806,541489174.0312836,0.08339551158229615,0.0,6,converged,6.257406624576554,6.174011112994258,6.174011112994258,3.3289429042966766e-10
FBIZ,2020,1,-0.288334915,-0.283934915,1.701640319,5.586966529,1.078843147,0.746309862,18.99807322,58.9098543,60.87336254,51.13369824,51.13369824,20.28455285,28.26220715,65.15800686,37.47493721,37.47493721,7.850819189,0.167155859,0.76501845,11.25,15.24643474,2.227326683,34.4573546,65.5426454,2567.837,429.229,0.525724197,0,0,0.0044,429229000.0,FBIZ,,,FBIZ,153149844.4,0.2561160100934635,converged,0.2561160100934635,2019,2019,unknown,0,153149844.4,429229000.0,0.0044,1.0,0.2561160100934635,580494365.7809925,0.0675703789486484,0.0,6,converged,4.566681467567716,4.499111088619068,4.499111088619068,3.411909707139087e-06
FBIZ,2021,1,0.266149595,0.266549595,2.649509365,1.692058568,0.937102496,0.797707872,43.64390868,57.38757813,71.85661284,56.04373291,56.04373291,18.99807322,58.9098543,60.87336254,51.13369824,51.13369824,7.883410545,0.155877048,1.06146209,10.82,7.65266,2.62635835,15.91159978,84.08840022,2652.905,413.527,0.18922467,0,0,0.0004,413527000.0,FBIZ,,,FBIZ,246707141.88000005,0.7174264662543416,converged,0.7174264662543416,2020,2020,unknown,0,246707141.88000005,413527000.0,0.0004,1.0,0.7174264662543416,657150912.2543722,0.2793978023079569,0.0,6,converged,1.7989491841272571,1.5195513818193003,1.5195513818193003,0.06431188248334442
FBIZ,2022,1,0.103758032,0.117958032,4.667776797,6.940075791,0.763998025,0.668734883,40.71150775,56.55641169,73.98608573,56.34954005,56.34954005,43.64390868,57.38757813,71.85661284,56.04373291,56.04373291,7.998540684,0.153465804,1.229184255,11.26,8.676471792,5.00361611,12.99886788,83.33305146,2976.611,456.808,0.155986942,0,0,0.014199999999999999,456808000.0,FBIZ,,,FBIZ,305634206.75,0.2863894858178078,converged,0.2863894858178078,2021,2021,unknown,0,305634206.75,456808000.0,0.014199999999999999,1.0,0.2863894858178078,756001318.2420976,0.11578112549901673,0.0,9,converged,4.531676305708033,4.4158951802090165,4.4158951802090165,5.029641178078927e-06
FBIZ,2023,1,-0.003082368,0.046417632,4.559759803,6.438590734,0.802670106,0.679867109,36.66332749,49.75362203,71.07406655,51.76789666,51.76789666,40.71150775,56.55641169,73.98608573,56.34954005,56.34954005,8.162757453,0.094335954,1.201107357,11.19,8.738069303,4.955522837,15.88492052,80.25826413,3507.846,330.916,0.197922553,0,0,0.0495,330916000.0,FBIZ,,,FBIZ,333422597.8,0.2465541150188553,converged,0.2465541150188553,2022,2022,unknown,0,333422597.8,330916000.0,0.0495,1.0,0.2465541150188553,648357061.9003882,0.12679235035488592,0.0,8,converged,5.758353302248018,5.631560951893133,5.631560951893133,8.929291911012696e-09
FBK,2017,0,0.229758603,0.237758603,2.452321516,7.868642107,1.269010134,1.099265043,22.15799615,33.36218859,50.48615877,34.7226627,34.7226627,21.15270351,28.58301762,7.226962457,16.77888322,16.77888322,8.461196855,0.073522864,2.148691213,12.01,15.77563189,2.673097968,15.49342838,84.50657162,4727.713,347.595,0.183339924,0,0,0.008,347595000.0,FBK,,,FBK,2256954102.0,0.2602568778080121,converged,0.2602568778080121,2016,2016,unknown,0,2256954102.0,347595000.0,0.008,1.0,0.2602568778080121,2601779435.4565563,0.22576388396774213,0.0,6,converged,9.06432644990709,8.838562565939348,8.838562565939348,4.847896870764068e-19
FBK,2018,0,-0.29362889,-0.27552889,2.778298593,6.59111552,0.705019604,0.614280569,21.58687943,23.06479198,44.85343105,27.587372,27.587372,22.15799615,33.36218859,50.48615877,34.7226627,34.7226627,8.544178588,0.044342314,1.601491256,13.0,15.8208943,3.578911718,14.92823642,85.07176358,5136.764,227.776,0.175478159,0,0,0.0181,227776000.0,FBK,,,FBK,1882317996.0,0.3045999312677142,converged,0.3045999312677142,2017,2017,unknown,0,1882317996.0,227776000.0,0.0181,1.0,0.3045999312677142,2106008337.1564567,0.2722467534849518,0.0,5,converged,8.372353682005041,8.10010692852009,8.10010692852009,2.745545126610465e-16
FBK,2019,0,0.069152909,0.090552909,2.068330618,6.071529484,0.885733141,0.735616832,20.28455285,27.51371004,44.44550568,29.64718222,29.64718222,21.58687943,23.06479198,44.85343105,27.587372,27.587372,8.720121137,0.049743499,1.61170378,12.2,22.83640493,2.587641036,20.91500061,79.08499939,6124.921,304.675,0.264462297,0,0,0.021400000000000002,304675000.0,FBK,,,FBK,2127954582.0,0.2677026919250354,converged,0.2677026919250354,2018,2018,unknown,0,2127954582.0,304675000.0,0.021400000000000002,1.0,0.2677026919250354,2426178806.488438,0.2347968623423355,0.0,6,converged,9.045231347707324,8.810434485364988,8.810434485364988,6.233086453175194e-19
FBK,2020,1,-0.102713311,-0.098313311,2.062030326,7.489721093,1.261098067,1.091426609,18.99807322,28.12653967,37.82039666,27.56610647,27.56610647,20.28455285,27.51371004,44.44550568,29.64718222,29.64718222,9.324323308,0.021265011,1.270030492,15.0,22.83935064,2.778433841,16.76888199,83.23111801,11207.33,238.324,0.201473708,0,0,0.0044,238324000.0,FBK,,,FBK,1866730554.0,0.23949694063588,converged,0.23949694063588,2019,2019,unknown,0,1866730554.0,238324000.0,0.0044,1.0,0.23949694063588,2104008231.9995604,0.2124878840412237,0.0,5,converged,10.376798443631369,10.164310559590145,10.164310559590145,1.4306958702033575e-24
FBK,2021,1,0.200431697,0.200831697,1.597677937,1.542566649,1.134803491,1.066084823,18.48795725,41.2023804,43.15429781,36.12396409,36.12396409,18.99807322,28.12653967,37.82039666,27.56610647,27.56610647,9.441268425,0.013635679,1.454421912,14.5,24.20126,1.863601357,7.837461346,92.16253865,12597.686,171.778,0.085039556,0,0,0.0004,171778000.0,FBK,,,FBK,2355316236.0,0.6554945631126893,converged,0.6554945631126893,2020,2020,unknown,0,2355316236.0,171778000.0,0.0004,1.0,0.6554945631126893,2527025106.670171,0.6109551210213819,0.0,4,converged,4.7067748157627225,4.0958196947413406,4.0958196947413406,2.1033862812277957e-05
FBK,2022,1,-0.051562804,-0.037362804,4.157646291,7.763884324,1.046853903,0.799870133,22.8731221,38.94426413,61.90223464,42.62551473,42.62551473,18.48795725,41.2023804,43.15429781,36.12396409,36.12396409,9.460924445,0.032354055,1.274389829,13.1,23.48479,5.468542059,28.75227263,71.24772737,12847.756,415.677,0.403553541,0,0,0.014199999999999999,415677000.0,FBK,,,FBK,1942517772.0,0.3051097405181204,converged,0.3051097405181204,2021,2021,unknown,0,1942517772.0,415677000.0,0.014199999999999999,1.0,0.3051097405181204,2352333869.74497,0.2519545054712074,0.0,8,converged,7.061573545138958,6.8096190396677505,6.8096190396677505,4.892876591430238e-12
FBK,2023,1,-0.016326531,0.033173469,3.635417507,7.345683,1.118364709,0.988123354,20.23783143,36.73967439,56.0408319,39.29051423,39.29051423,22.8731221,38.94426413,61.90223464,42.62551473,42.62551473,9.441801476,0.03101805,1.283295106,14.5,22.83746,4.674656771,14.58955977,85.41044023,12604.403,390.964,0.170817054,0,0,0.0495,390964000.0,FBK,,,FBK,2141929530.0,0.306005085611368,converged,0.306005085611368,2022,2022,unknown,0,2141929530.0,390964000.0,0.0495,1.0,0.306005085611368,2514011985.5062113,0.26071527882440115,0.0,7,converged,7.458350387373907,7.197635108549506,7.197635108549506,3.063291583057714e-13
FBNC,2017,0,0.203739283,0.211739283,4.01795877,7.307539939,1.09497318,0.839275078,22.15799615,40.22283747,34.30221917,32.29932629,32.29932629,21.15270351,36.14618727,46.21302617,34.56519831,34.56519831,8.62101919,0.073470395,1.51024244,12.5,34.91835,5.952115192,31.88604828,68.11395172,5547.037,407.543,0.468128004,0,0,0.008,407543000.0,FBNC,,,FBNC,1462547262.0,0.2001341979754356,converged,0.2001341979754356,2016,2016,unknown,0,1462547262.0,407543000.0,0.008,1.0,0.2001341979754356,1866842924.6684377,0.15679183257131252,0.0,5,converged,9.835648790059341,9.678856957488028,9.678856957488028,1.8541938225351258e-22
FBNC,2018,0,-0.304867275,-0.286767275,3.71036033,9.095436895,1.185494355,0.971220632,21.58687943,32.17597935,43.45214302,31.60205724,31.60205724,22.15799615,40.22283747,34.30221917,32.29932629,32.29932629,8.676607025,0.069338499,1.270317031,13.97,34.70914,6.011102268,25.25645174,74.74354826,5864.116,406.609,0.337908118,0,0,0.0181,406609000.0,FBNC,,,FBNC,1352783731.9999998,0.2261737429904479,converged,0.2261737429904479,2017,2017,unknown,0,1352783731.9999998,406609000.0,0.0181,1.0,0.2261737429904479,1752099313.6513681,0.17462717880154285,0.0,5,converged,8.555742903711424,8.38111572490988,8.38111572490988,2.6214160155954514e-17
FBNC,2019,0,0.036614409,0.058014409,3.143779852,7.590432187,1.131817164,0.954474883,23.06233062,36.13616102,49.73363048,36.22764284,36.22764284,21.58687943,32.17597935,43.45214302,31.60205724,31.60205724,8.723172517,0.048940213,1.385951502,14.89,34.31973,4.717639085,22.05080662,77.94919338,6143.639,300.671,0.282886912,0,0,0.021400000000000002,300671000.0,FBNC,,,FBNC,1653080181.9999998,0.2364263851934608,converged,0.2364263851934608,2018,2018,unknown,0,1653080181.9999998,300671000.0,0.021400000000000002,1.0,0.2364263851934608,1947385181.787729,0.20069567169333657,0.0,7,converged,9.515728644191636,9.3150329724983,9.3150329724983,6.0957333443112866e-21
FBNC,2020,1,-0.202760816,-0.198360816,2.119568114,7.995986495,1.264715279,1.18425578,22.30216678,33.95816376,31.16883117,28.53981792,28.53981792,23.06233062,36.13616102,49.73363048,36.22764284,36.22764284,8.894224668,0.008481634,1.082176156,15.37,34.007,3.484329431,9.334206583,90.66579342,7289.751,61.829,0.102951799,0,0,0.0044,61829000.0,FBNC,,,FBNC,1401245366.0,0.1995484263967838,converged,0.1995484263967838,2019,2019,unknown,0,1401245366.0,61829000.0,0.0044,1.0,0.1995484263967838,1462802916.0278769,0.19115104619867593,0.0,4,converged,16.669574110455315,16.47842306425664,16.47842306425664,2.621738246913589e-61
FBNC,2021,1,0.233110034,0.233510034,3.310025371,1.628936589,1.244731046,1.198041743,20.59743576,30.90623251,40.85186255,30.49196295,30.49196295,22.30216678,33.95816376,31.16883117,28.53981792,28.53981792,9.259977891,0.006412279,1.323743756,14.67,21.31603,3.923969584,4.719160535,95.28083946,10508.901,67.386,0.049528956,0,0,0.0004,67386000.0,FBNC,,,FBNC,1628965972.44,0.6916239771503745,converged,0.6916239771503745,2020,2020,unknown,0,1628965972.44,67386000.0,0.0004,1.0,0.6916239771503745,1696324999.1903644,0.6641604903230304,0.0,4,converged,5.189614215748637,4.525453725425607,4.525453725425607,3.013303382996564e-06
FBNC,2022,1,0.018992361,0.033192361,4.489114769,8.667271593,1.154754552,1.015645544,19.0731221,25.63172149,39.95158287,27.5537236,27.5537236,20.59743576,30.90623251,40.85186255,30.49196295,30.49196295,9.270969606,0.027059358,1.482717999,15.09,20.9966,5.646372998,14.77519785,85.22480215,10625.049,287.507,0.173367347,0,0,0.014199999999999999,287507000.0,FBNC,,,FBNC,1529565957.36,0.3285958452806973,converged,0.3285958452806973,2021,2021,unknown,0,1529565957.36,287507000.0,0.014199999999999999,1.0,0.3285958452806973,1813019207.7811465,0.27722211902830024,0.0,7,converged,6.832527129090414,6.5553050100621135,6.5553050100621135,2.776413131560802e-11
FBNC,2023,1,-0.029948103,0.019551897,3.904882081,6.860317405,1.042607154,0.817769327,16.669483,28.49750754,56.43197863,34.82937013,34.82937013,19.0731221,25.63172149,39.95158287,27.5537236,27.5537236,9.402194846,0.052014942,1.10864383,15.54,20.90113,4.918367737,25.793498,74.206502,12114.942,630.158,0.347590808,0,0,0.0495,630158000.0,FBNC,,,FBNC,1521480618.87,0.2907986659232806,converged,0.2907986659232806,2022,2022,unknown,0,1521480618.87,630158000.0,0.0495,1.0,0.2907986659232806,2121205237.8853908,0.20858167161509727,0.0,5,converged,6.160763215131053,5.952181543515955,5.952181543515955,1.322958173166771e-09
FCBC,2019,0,-0.019526859,0.001873141,0.845308819,5.213001653,0.577687123,0.576257425,20.28455285,30.14818412,14.66518094,20.23296446,20.23296446,21.58687943,29.63436988,8.801909838,17.867335,17.867335,7.936962826,0.000572021,1.329358682,15.21,32.5911,1.251233216,0.366703312,99.63329669,2798.847,1.601,0.00368053,0,0,0.021400000000000002,1601000.0,FCBC,,,FCBC,540372384.1628001,0.2453338283199032,converged,0.2453338283199032,2018,2018,unknown,0,540372384.1628001,1601000.0,0.021400000000000002,1.0,0.2453338283199032,541939486.7586526,0.2446244072750991,0.0,3,converged,24.01987000771635,23.77524560044125,23.77524560044125,3.0121079172389395e-125
FCBC,2020,1,-0.222420156,-0.218020156,0.110808157,4.247138602,0.559326921,0.558186912,18.99807322,42.05810782,9.957716702,24.44559949,24.44559949,20.28455285,30.14818412,14.66518094,20.23296446,20.23296446,8.010072695,0.000320145,0.896238139,15.53,31.68342,0.480378963,0.298061457,99.70193854,3011.136,0.964,0.002989525,0,0,0.0044,964000.0,FCBC,,,FCBC,375926380.3183,0.2128710974190842,converged,0.2128710974190842,2019,2019,unknown,0,375926380.3183,964000.0,0.0044,1.0,0.2128710974190842,376886148.0361484,0.212329005841591,0.0,3,converged,28.237069689125846,28.024740683284254,28.024740683284254,4.058771837864517e-173
FCBC,2021,1,0.1588346,0.1592346,0.696154996,1.513602602,0.495831911,0.495054984,17.43215031,32.72453677,17.1200308,22.39458133,22.39458133,18.99807322,42.05810782,9.957716702,24.44559949,24.44559949,8.069191808,0.000480824,1.31861402,15.65,23.16387,0.699208783,0.203833481,99.79616652,3194.519,1.536,0.002042498,0,0,0.0004,1536000.0,FCBC,,,FCBC,537563323.6019399,0.6222937641117917,converged,0.6222937641117917,2020,2020,unknown,0,537563323.6019399,1536000.0,0.0004,1.0,0.6222937641117917,539098709.3248045,0.6205214338515985,0.0,3,converged,9.755731467580857,9.135210033729258,9.135210033729258,3.263996726104861e-20
FCBC,2022,1,0.092327915,0.106527915,3.363772395,6.284258438,0.530146405,0.528632042,17.26625006,33.038407,15.98789572,22.35965801,22.35965801,17.43215031,32.72453677,17.1200308,22.39458133,22.39458133,8.050566893,0.000597658,1.303461085,14.62,23.08802,4.235542739,0.371080312,99.62891969,3135.572,1.874,0.003724624,0,0,0.014199999999999999,1874000.0,FCBC,,,FCBC,524193494.95642895,0.2861661918691903,converged,0.2861661918691903,2021,2021,unknown,0,524193494.95642895,1874000.0,0.014199999999999999,1.0,0.2861661918691903,526041072.2019751,0.2851611103900446,0.0,3,converged,19.961216070315235,19.67605495992519,19.67605495992519,1.72951519100719e-86
FCBC,2023,1,-0.032160353,0.017339647,3.266896963,5.793422614,0.548508022,0.547717956,15.2370401,29.48904641,15.6220187,20.42331605,20.42331605,17.26625006,33.038407,15.98789572,22.35965801,22.35965801,8.092100211,0.000342354,1.36389246,15.94,22.43297,4.18939529,0.185618936,99.81438106,3268.545,1.119,0.001859641,0,0,0.0495,1119000.0,FCBC,,,FCBC,654181758.906412,0.2514224098981814,converged,0.2514224098981814,2022,2022,unknown,0,654181758.906412,1119000.0,0.0495,1.0,0.2514224098981814,655246716.9783679,0.2510137785877565,0.0,3,converged,25.710064193910288,25.45905041532253,25.45905041532253,2.802459794061388e-143
FCCO,2018,0,-0.186016769,-0.167916769,1.929797471,7.118637284,0.887720831,0.741175309,23.52538211,10.31170344,37.7248501,18.97469533,18.97469533,24.17324669,16.36395489,49.44520705,26.20699224,26.20699224,6.995395208,0.039590691,1.319320265,14.0,24.48864,2.731867375,20.75077567,79.24922433,1091.595,43.217,0.261842003,0,0,0.0181,43217000.0,FCCO,,,FCCO,149253488.0,0.3193232413032896,converged,0.3193232413032896,2017,2017,unknown,0,149253488.0,43217000.0,0.0181,1.0,0.3193232413032896,191695296.94000542,0.24862429250598034,0.0,5,converged,6.188776582753172,5.940152290247191,5.940152290247191,1.4237871109129237e-09
FCCO,2019,0,0.01865242,0.04005242,1.486286841,6.007402908,0.95681031,0.760664603,22.06022092,12.06637987,47.98790194,23.51626532,23.51626532,23.52538211,10.31170344,37.7248501,18.97469533,18.97469533,7.064997461,0.041418328,1.337662128,14.3,24.48864,1.928756272,25.45581811,74.54418189,1170.279,48.471,0.341486317,0,0,0.021400000000000002,48471000.0,FCCO,,,FCCO,165999376.0,0.2461317672575317,converged,0.2461317672575317,2018,2018,unknown,0,165999376.0,48471000.0,0.021400000000000002,1.0,0.2461317672575317,213444116.73926505,0.19142115698808498,0.0,5,converged,7.951735444353447,7.760314287365362,7.760314287365362,4.235958814399011e-15
FCCO,2020,1,-0.155308698,-0.150908698,0.884962476,4.050482033,0.808517728,0.550160452,20.85479836,13.50692378,60.11830364,28.60939193,28.60939193,22.06022092,12.06637987,47.98790194,23.51626532,23.51626532,7.240923492,0.040044948,0.934674686,13.9,22.77747,1.267511343,37.81547848,62.18452152,1395.382,55.878,0.608117222,0,0,0.0044,55878000.0,FCCO,,,FCCO,130510384.0,0.2754229371486713,converged,0.2754229371486713,2019,2019,unknown,0,130510384.0,55878000.0,0.0044,1.0,0.2754229371486713,186143060.90600738,0.1931071355487666,0.0,5,converged,6.350826754154968,6.157719618606202,6.157719618606202,3.6899931141122327e-10
FCCO,2021,1,0.159994562,0.160394562,1.093818663,1.424750018,0.645761119,0.462107275,19.0205481,10.49576716,63.09003807,28.1470435,28.1470435,20.85479836,13.50692378,60.11830364,28.60939193,28.60939193,7.368029228,0.04366024,1.117589031,15.1,20.66671,1.244064428,33.37590618,66.62409382,1584.508,69.18,0.500958501,0,0,0.0004,69180000.0,FCCO,,,FCCO,156709724.88000005,0.4899956865065868,converged,0.4899956865065868,2020,2020,unknown,0,156709724.88000005,69180000.0,0.0004,1.0,0.4899956865065868,225859412.43482,0.34002178702073016,0.0,5,converged,3.65096705133888,3.31094526431815,3.31094526431815,0.00046490697049274195
FCCO,2022,1,0.034682843,0.048882843,3.492297038,5.409584489,0.490542441,0.320501456,18.32180562,9.529489742,58.28412433,26.058542,26.058542,19.0205481,10.49576716,63.09003807,28.1470435,28.1470435,7.422341423,0.093073536,1.401479319,14.5,20.66671,4.365133559,40.07514672,59.92485328,1672.946,155.707,0.668756693,0,0,0.014199999999999999,155707000.0,FCCO,,,FCCO,165880493.68,0.3207376559699034,converged,0.3207376559699034,2021,2021,unknown,0,165880493.68,155707000.0,0.014199999999999999,1.0,0.3207376559699034,319392036.8074996,0.1665799771599831,0.0,7,converged,4.481437233855006,4.314857256695023,4.314857256695023,7.985303222877648e-06
FCCO,2023,1,-0.013997153,0.035502847,3.691082018,5.115192514,0.442553812,0.295605587,16.18572488,10.64237137,65.82049707,29.28342805,29.28342805,18.32180562,9.529489742,58.28412433,26.058542,26.058542,7.510807059,0.091824753,1.249520316,13.6,20.62897,4.622910547,38.51112667,61.48887333,1827.688,167.827,0.626310495,0,0,0.0495,167827000.0,FCCO,,,FCCO,163760883.16,0.2194482036981365,converged,0.2194482036981365,2022,2022,unknown,0,163760883.16,167827000.0,0.0495,1.0,0.2194482036981365,323482704.76996297,0.11109414077808044,0.0,9,converged,6.407924952747735,6.296830811969655,6.296830811969655,1.5189627180009408e-10
FCF,2017,0,0.173346654,0.181346654,1.434480702,5.132756609,0.960460813,0.655891978,22.15799615,35.51659968,45.52619538,34.00566378,34.00566378,21.15270351,26.62346911,70.61717861,38.62742498,38.62742498,8.89679867,0.108829412,1.571370722,12.34,28.45509,1.851298644,39.35881868,60.64118132,7308.539,795.384,0.649044392,0,0,0.008,795384000.0,FCF,,,FCF,1502726480.0,0.2525601080189071,converged,0.2525601080189071,2016,2016,unknown,0,1502726480.0,795384000.0,0.008,1.0,0.2525601080189071,2291772792.5495033,0.16560488168700815,0.0,5,converged,6.521356150749109,6.355751269062101,6.355751269062101,1.0370520344031501e-10
FCF,2018,0,-0.258642174,-0.240542174,1.944934307,7.587793347,1.132821001,0.843898568,21.58687943,32.02476968,53.73639796,35.22938902,35.22938902,22.15799615,35.51659968,45.52619538,34.00566378,34.00566378,8.965494903,0.115846891,1.220134233,14.65,28.26105,2.938106237,32.30615039,67.69384961,7828.255,906.879,0.477239078,0,0,0.0181,906879000.0,FCF,,,FCF,1267663120.0,0.236958748355923,converged,0.236958748355923,2017,2017,unknown,0,1267663120.0,906879000.0,0.0181,1.0,0.236958748355923,2158275269.2073174,0.13917773660704202,0.0,7,converged,6.429482932102156,6.2903051954951135,6.2903051954951135,1.5842121420384573e-10
FCF,2019,0,0.050216613,0.071616613,1.909812112,7.516201107,1.15758278,0.999677936,20.28455285,29.1492057,50.204818,32.5317405,32.5317405,21.58687943,32.02476968,53.73639796,35.22938902,35.22938902,9.025067224,0.052478868,1.351285492,14.26,20.99961,2.341923583,16.66270519,83.33729481,8308.773,436.035,0.199942957,0,0,0.021400000000000002,436035000.0,FCF,,,FCF,1522664890.0,0.3113961503285772,converged,0.3113961503285772,2018,2018,unknown,0,1522664890.0,436035000.0,0.021400000000000002,1.0,0.3113961503285772,1949467875.8657856,0.24322123534436477,0.0,5,converged,6.366909111611542,6.123687876267177,6.123687876267177,4.5716963328987404e-10
FCF,2020,1,-0.222498728,-0.218098728,1.324658809,5.925119776,1.110520624,0.844321318,18.99807322,19.7469014,53.93738045,29.21192006,29.21192006,20.28455285,29.1492057,50.204818,32.5317405,32.5317405,9.11251848,0.038666076,0.984141574,14.88,21.00652,1.8742574,28.5267102,71.4732898,9068.104,350.628,0.399124068,0,0,0.0044,350628000.0,FCF,,,FCF,1148032660.0,0.211446994675424,converged,0.211446994675424,2019,2019,unknown,0,1148032660.0,350628000.0,0.0044,1.0,0.211446994675424,1497121285.906531,0.16214321313271984,0.0,5,converged,9.060624558101413,8.898481344968694,8.898481344968694,2.830800137826742e-19
FCF,2021,1,0.256483301,0.256883301,1.567999273,1.55285363,1.089388474,0.923652196,17.43215031,40.02488175,57.0468765,40.38921689,40.38921689,18.99807322,19.7469014,53.93738045,29.21192006,29.21192006,9.163782479,0.033586263,1.366729479,14.64,20.93924,1.71846754,18.49770912,81.50229088,9545.093,320.584,0.226959376,0,0,0.0004,320584000.0,FCF,,,FCF,1516211415.68,0.6089421153178644,converged,0.6089421153178644,2020,2020,unknown,0,1516211415.68,320584000.0,0.0004,1.0,0.6089421153178644,1836642778.0589304,0.5027518084696084,0.0,7,converged,3.724163560042283,3.2214117515726746,3.2214117515726746,0.0006378036983590136
FCF,2022,1,0.050645085,0.064845085,3.703859707,7.701736033,0.98505936,0.834629282,15.8938172,50.50693108,52.93668529,44.12797987,44.12797987,17.43215031,40.02488175,57.0468765,40.38921689,40.38921689,9.190715661,0.056489585,1.239900527,14.36,21.24215,4.635843545,18.62297367,81.37702633,9805.666,553.918,0.228848049,0,0,0.014199999999999999,553918000.0,FCF,,,FCF,1304467106.5800002,0.3056968923970275,converged,0.3056968923970275,2021,2021,unknown,0,1304467106.5800002,553918000.0,0.014199999999999999,1.0,0.3056968923970275,1850575053.3242881,0.21548520367711044,0.0,5,converged,5.771403155922793,5.555917952245682,5.555917952245682,1.3807828780696114e-08
FCF,2023,1,0.008604664,0.058104664,3.848633796,6.208338975,0.908836401,0.619143168,14.03688525,48.09790236,54.82636901,43.59405241,43.59405241,15.8938172,50.50693108,52.93668529,44.12797987,44.12797987,9.346573312,0.068466584,1.199636006,13.93,19.50034,4.735283926,36.75837164,63.24162836,11459.488,784.592,0.581236957,0,0,0.0495,784592000.0,FCF,,,FCF,1576650412.1599998,0.2471296776958224,converged,0.2471296776958224,2022,2022,unknown,0,1576650412.1599998,784592000.0,0.0495,1.0,0.2471296776958224,2323350665.592586,0.16770482130760267,0.0,5,converged,6.8523032449588035,6.684598423651201,6.684598423651201,1.1577936589591544e-11
FCNCA,2016,0,0.156390746,0.158390746,1.523717553,6.033419071,0.971768051,0.76990952,21.15270351,21.91797436,22.37627986,18.92677603,18.92677603,18.2821119,19.80092668,39.21364379,23.9381714,23.9381714,10.4039851,0.043540243,1.415368331,13.85,36.70965,2.230548301,29.29149687,70.70850313,32990.836,1436.429,0.414257063,0,0,0.002,1436429000.0,FCNCA,,,FCNCA,4360713500.0,0.2467834718881835,converged,0.2467834718881835,2015,2015,unknown,0,4360713500.0,1436429000.0,0.002,1.0,0.2467834718881835,5794272512.943716,0.18572685613873452,0.0,5,converged,7.613099264696589,7.427372408557854,7.427372408557854,5.5388075555565924e-14
FCNCA,2017,0,0.187459847,0.195459847,1.610470125,6.756448614,1.143868028,0.948950709,22.15799615,23.26643699,30.13612446,22.38915755,22.38915755,21.15270351,21.91797436,22.37627986,18.92677603,18.92677603,10.44951173,0.045298572,1.451739743,14.21,35.77237,2.276859001,24.23121536,75.76878464,34527.512,1564.047,0.319804725,0,0,0.008,1564047000.0,FCNCA,,,FCNCA,4950331100.0,0.2603312431531115,converged,0.2603312431531115,2016,2016,unknown,0,4950331100.0,1564047000.0,0.008,1.0,0.2603312431531115,6501915640.305147,0.19820710088795404,0.0,5,converged,7.328007803286886,7.129800702398932,7.129800702398932,5.025717937233504e-13
FCNCA,2018,0,-0.161272394,-0.143172394,1.605112602,8.796723209,1.15023372,1.029116271,21.58687943,17.28665197,42.79480346,23.98030862,23.98030862,22.15799615,23.26643699,30.13612446,22.38915755,22.38915755,10.47471083,0.025195949,1.256677533,13.99,35.77237,2.687492745,15.4862947,84.5137053,35408.629,892.154,0.183240039,0,0,0.0181,892154000.0,FCNCA,,,FCNCA,4631569085.0,0.2459009353443204,converged,0.2459009353443204,2017,2017,unknown,0,4631569085.0,892154000.0,0.0181,1.0,0.2459009353443204,5507720359.342292,0.20678377239417564,0.0,7,converged,8.993680055078197,8.786896282684022,8.786896282684022,7.687430334437472e-19
FCNCA,2019,0,0.145414509,0.166814509,1.212703095,7.583039838,1.145386755,1.043667862,20.28455285,27.46066693,46.43213414,30.33605909,30.33605909,21.58687943,17.28665197,42.79480346,23.98030862,23.98030862,10.59223748,0.033317961,1.577477211,12.12,35.71542,1.661129308,13.16516976,86.83483024,39824.496,1326.871,0.151611625,0,0,0.021400000000000002,1326871000.0,FCNCA,,,FCNCA,6537507977.0,0.2386635244794892,converged,0.2386635244794892,2018,2018,unknown,0,6537507977.0,1326871000.0,0.021400000000000002,1.0,0.2386635244794892,7836285609.137373,0.19910769177519705,0.0,7,converged,9.12653513856161,8.927427446786414,8.927427446786414,2.180149646449662e-19
FCNCA,2020,1,-0.013812697,-0.009412697,0.875529501,5.90187254,1.175696214,0.945450239,18.99807322,23.4416618,29.99395953,22.42488968,22.42488968,20.28455285,27.46066693,46.43213414,30.33605909,30.33605909,10.81893153,0.037825015,1.449418139,13.81,35.71542,1.371861547,25.62091025,67.63134052,49957.68,1889.65,0.378831915,0,0,0.0044,1889650000.0,FCNCA,,,FCNCA,7054160399.0,0.1988672050040619,converged,0.1988672050040619,2019,2019,unknown,0,7054160399.0,1889650000.0,0.0044,1.0,0.1988672050040619,8935514204.013502,0.15699613141115104,0.0,5,converged,10.002577440321843,9.845581308910692,9.845581308910692,3.5811983653437994e-23
FCNCA,2021,1,0.210241669,0.210641669,1.336057229,1.653390682,1.141730115,1.023105791,19.0205481,26.94636989,36.26624314,26.64997628,26.64997628,18.99807322,23.4416618,29.99395953,22.42488968,22.42488968,10.97349699,0.030587136,1.852509066,14.35,23.63595,1.518481851,12.72104579,83.78351259,58308.14,1783.479,0.151832328,0,0,0.0004,1783479000.0,FCNCA,,,FCNCA,8146045525.200001,0.5731745255563696,converged,0.5731745255563696,2020,2020,unknown,0,8146045525.200001,1783479000.0,0.0004,1.0,0.5731745255563696,9928750144.350283,0.4702850899993421,0.0,7,converged,3.886690699246363,3.4164056092470205,3.4164056092470205,0.000317268286563257
FCNCA,2022,1,-0.069155615,-0.054955615,3.48121541,6.688676958,0.950320254,0.630015642,17.26625006,24.85207039,27.68063315,22.48928518,22.48928518,19.0205481,26.94636989,36.26624314,26.64997628,26.64997628,11.60183338,0.069900639,1.252809856,13.18,22.74765,4.547467685,38.09386691,57.88351571,109298.0,7640.0,0.658112529,0,1,0.014199999999999999,7640000000.0,FCNCA,,,FCNCA,11000923348.72,0.3464549076988182,converged,0.3464549076988182,2021,2021,unknown,0,11000923348.72,7640000000.0,0.014199999999999999,1.0,0.3464549076988182,18533198954.216145,0.20564922727066035,0.0,6,converged,4.48098868777953,4.27533946050887,4.27533946050887,9.542314077540254e-06
FDBC,2018,0,-0.080023155,-0.061923155,2.606943157,6.314697569,0.644904728,0.577857907,21.58687943,16.73972335,43.21452365,23.86013129,23.86013129,22.15799615,18.9157816,67.8254404,33.79938622,33.79938622,6.88867643,0.110494118,2.578962137,14.8,25.4285,3.567755595,13.46418673,86.53581327,981.102,108.406,0.155590919,0,0,0.0181,108406000.0,FDBC,,,FDBC,370158150.00000006,0.4122421260896426,converged,0.4122421260896426,2017,2017,unknown,0,370158150.00000006,108406000.0,0.0181,1.0,0.4122421260896426,476619632.1827978,0.3201607121527892,0.0,5,converged,4.841901894605112,4.521741182452322,4.521741182452322,3.0666512138870516e-06
FDBC,2019,0,0.159612105,0.181012105,1.493199589,2.730716539,0.160304687,0.148353249,20.28455285,15.47587262,61.3827868,29.77383607,29.77383607,21.58687943,16.73972335,43.21452365,23.86013129,23.86013129,6.91763333,0.052602812,2.201966724,15.8,23.08002,1.728222176,9.480397939,90.51960206,1009.927,53.125,0.104733093,0,0,0.021400000000000002,53125000.0,FDBC,,,FDBC,358796175.0,0.4546065200668782,converged,0.4546065200668782,2018,2018,unknown,0,358796175.0,53125000.0,0.021400000000000002,1.0,0.4546065200668782,410796377.2627844,0.3970606735333451,0.0,6,converged,5.403906164197305,5.0068454906639595,5.0068454906639595,2.7664652647856983e-07
FDBC,2020,1,-0.067427718,-0.063027718,2.048112973,3.195452013,0.381011549,0.380619088,18.99807322,13.92646508,63.30715796,29.69810354,29.69810354,20.28455285,15.47587262,61.3827868,29.77383607,29.77383607,7.438095253,0.00311325,1.922169497,16.5,20.37888,2.651380907,0.129335093,99.87066491,1699.51,5.291,0.001295026,0,0,0.0044,5291000.0,FDBC,,,FDBC,371196300.0,0.3154369516512266,converged,0.3154369516512266,2019,2019,unknown,0,371196300.0,5291000.0,0.0044,1.0,0.3154369516512266,376464070.7428158,0.3110231215623205,0.0,6,converged,13.881871606572378,13.570848485010059,13.570848485010059,2.981388261923487e-42
FDBC,2021,1,0.25287531,0.25327531,2.209937825,1.56668648,0.234205435,0.222327991,17.43215031,12.08930881,69.16642603,30.89621054,30.89621054,18.99807322,13.92646508,63.30715796,29.69810354,29.69810354,7.791152503,0.004935712,1.57321639,14.5,16.73141,2.3681587,6.028950672,93.97104933,2419.104,11.94,0.064157533,0,0,0.0004,11940000.0,FDBC,,,FDBC,340282500.0,0.7483428777235577,converged,0.7483428777235577,2020,2020,unknown,0,340282500.0,11940000.0,0.0004,1.0,0.7483428777235577,352217712.5581101,0.7229847748143257,0.0,4,converged,5.043133683235512,4.320148908421186,4.320148908421186,7.796197430681024e-06
FDBC,2022,1,0.00102173,0.01522173,4.186583877,5.610838532,0.388738148,0.376428536,15.8938172,10.97671711,62.27560521,27.86366956,27.86366956,17.43215031,12.08930881,69.16642603,30.89621054,30.89621054,7.774171499,0.009110854,1.628939117,14.4,16.18576,4.97759538,3.755101799,96.2448982,2378.372,21.669,0.039016113,0,0,0.014199999999999999,21669000.0,FDBC,,,FDBC,271879950.0,0.4409163201581259,converged,0.4409163201581259,2021,2021,unknown,0,271879950.0,21669000.0,0.014199999999999999,1.0,0.4409163201581259,293243424.5640934,0.40879452715002534,0.0,4,converged,6.61182256639777,6.203028039247744,6.203028039247744,2.7693483268988837e-10
FDBC,2023,1,0.158635109,0.208135109,4.232501622,5.585230512,0.597604735,0.416465755,14.03688525,10.49364054,71.74680405,31.0533673,31.0533673,15.8938172,10.97671711,62.27560521,27.86366956,27.86366956,7.825308813,0.05016581,1.746800422,14.7,15.35751,4.838013615,33.9436615,66.0563385,2503.159,125.573,0.513859264,0,0,0.0495,125573000.0,FDBC,,,FDBC,334688025.0,0.3048824230021678,converged,0.3048824230021678,2022,2022,unknown,0,334688025.0,125573000.0,0.0495,1.0,0.3048824230021678,454196496.8110263,0.22466156564364126,0.0,5,converged,6.055237172558837,5.830575606915196,5.830575606915196,2.761825205921887e-09
FFBC,2016,0,0.312097963,0.314097963,1.649682721,7.904999675,1.18820475,1.081423256,21.15270351,32.38608872,76.15898749,43.4807355,43.4807355,18.2821119,30.30571974,74.47712418,41.8434017,41.8434017,9.040496682,0.109919961,2.037990456,13.1,32.33483,2.032926577,12.73439238,87.26560762,8437.967,927.501,0.145926817,0,0,0.002,927501000.0,FFBC,,,FFBC,2723694890.0,0.2430014287120553,converged,0.2430014287120553,2015,2015,unknown,0,2723694890.0,927501000.0,0.002,1.0,0.2430014287120553,3649342741.7659583,0.1813646446718413,0.0,5,converged,7.654496589702129,7.473131945030287,7.473131945030287,3.915412830257061e-14
FFBC,2017,0,0.204427002,0.212427002,1.667992002,7.645194586,1.146171008,1.072383526,22.15799615,27.4881066,77.83230382,41.65373025,41.65373025,21.15270351,32.38608872,76.15898749,43.4807355,43.4807355,9.093460766,0.10500473,1.757369408,13.07,32.28385,2.178444789,9.223846594,90.77615341,8896.923,934.219,0.101610899,0,0,0.008,934219000.0,FFBC,,,FFBC,2522648870.0,0.2411246595682666,converged,0.2411246595682666,2016,2016,unknown,0,2522648870.0,934219000.0,0.008,1.0,0.2411246595682666,3449423933.4471784,0.17634041559575947,0.0,5,converged,7.541093746127479,7.36475333053172,7.36475333053172,8.873736192516485e-14
FFBC,2018,0,-0.285990451,-0.267890451,2.042433526,8.83604598,1.188396949,1.021715413,21.58687943,41.28519906,62.53497668,42.99005034,42.99005034,22.15799615,27.4881066,77.83230382,41.65373025,41.65373025,9.545859297,0.115211923,1.11731196,14.1,31.59911,3.302201414,19.2574313,80.7425687,13986.66,1611.43,0.238504071,0,0,0.0181,1611430000.0,FFBC,,,FFBC,2270862664.0,0.281299550272319,converged,0.281299550272319,2017,2017,unknown,0,2270862664.0,1611430000.0,0.0181,1.0,0.281299550272319,3853388153.093409,0.16577428423501725,0.0,6,converged,5.451215659558612,5.285441375323594,5.285441375323594,6.270101446652277e-08
FFBC,2019,0,0.07672075,0.09812075,1.531459175,7.707831372,1.242831034,1.068573249,20.28455285,37.09129802,57.19728324,38.98830578,38.98830578,21.58687943,41.28519906,62.53497668,42.99005034,42.99005034,9.582705331,0.11925315,1.114741921,13.39,31.59911,2.123112727,19.25135787,80.74864213,14511.625,1730.557,0.238410918,0,0,0.021400000000000002,1730557000.0,FFBC,,,FFBC,2435528928.0,0.274968100530913,converged,0.274968100530913,2018,2018,unknown,0,2435528928.0,1730557000.0,0.021400000000000002,1.0,0.274968100530913,4129445458.1109986,0.16217498913764464,0.0,6,converged,5.5757683269483564,5.4135933378107115,5.4135933378107115,3.0886185385546904e-08
FFBC,2020,1,-0.233920267,-0.229520267,1.782269106,5.028971247,1.21787421,0.62771817,18.99807322,38.46674139,73.42696064,45.51320956,45.51320956,20.28455285,37.09129802,57.19728324,38.98830578,38.98830578,9.678663465,0.059023858,0.752967444,15.55,23.73906,2.471859065,55.21360526,44.78639474,15973.134,942.796,1.23282094,0,0,0.0044,942796000.0,FFBC,,,FFBC,1678255586.0,0.2463879644287336,converged,0.2463879644287336,2019,2019,unknown,0,1678255586.0,942796000.0,0.0044,1.0,0.2463879644287336,2616912396.4949284,0.15801139475628553,0.0,5,converged,6.567781398633355,6.409770003877069,6.409770003877069,7.28696639611904e-11
FFBC,2021,1,0.300758492,0.301158492,1.886646952,1.593030929,1.103853524,0.964040401,17.43215031,52.93922874,82.01735979,55.78410698,55.78410698,18.99807322,38.46674139,73.42696064,45.51320956,45.51320956,9.700706582,0.043237731,1.01612103,14.1,19.43620673,2.025018232,15.25543661,84.74456339,16329.141,706.035,0.1800167,0,0,0.0004,706035000.0,FFBC,,,FFBC,2295358471.2,0.7162625670362555,converged,0.7162625670362555,2020,2020,unknown,0,2295358471.2,706035000.0,0.0004,1.0,0.7162625670362555,3000101322.382043,0.5489986149261457,0.0,5,converged,2.9104559210634147,2.361457306137269,2.361457306137269,0.009101633898933523
FFBC,2022,1,0.045279922,0.059479922,3.964996131,7.923367042,1.064294457,0.87118162,21.57114738,54.25952279,85.68813415,58.57798714,58.57798714,17.43215031,52.93922874,82.01735979,55.78410698,55.78410698,9.741163663,0.096088786,1.126306329,13.64,18.44134,4.804183197,21.37062335,78.62937665,17003.316,1633.828,0.271789301,0,0,0.014199999999999999,1633828000.0,FFBC,,,FFBC,2299211328.77,0.3406389865429469,converged,0.3406389865429469,2021,2021,unknown,0,2299211328.77,1633828000.0,0.014199999999999999,1.0,0.3406389865429469,3910002422.08507,0.20030763951783004,0.0,6,converged,4.527405161003342,4.327097521485512,4.327097521485512,7.554353924382904e-06
FFBC,2023,1,0.029341733,0.078841733,4.501627535,7.105354105,1.078275353,0.859995432,14.10463592,57.86784009,80.70200015,57.76492484,57.76492484,21.57114738,54.25952279,85.68813415,58.57798714,58.57798714,9.771834395,0.073115628,0.996309722,13.61,15.50938,5.256203588,23.10096146,76.89903854,17532.9,1281.929,0.300406376,0,0,0.0495,1281929000.0,FFBC,,,FFBC,2259604545.0,0.2722634023908359,converged,0.2722634023908359,2022,2022,unknown,0,2259604545.0,1281929000.0,0.0495,1.0,0.2722634023908359,3479622986.5766935,0.17680295378647326,0.0,5,converged,6.0162321693775525,5.839429215591079,5.839429215591079,2.618998249460633e-09
FFIC,2017,0,0.155460391,0.163460391,1.657792552,7.24452288,1.077980731,0.999555939,22.15799615,30.6848622,47.65843057,32.37672666,32.37672666,21.15270351,33.46469985,21.88139932,24.47579488,24.47579488,8.748189668,0.207905387,1.476089948,14.31,38.76947,2.470823943,11.3583695,88.6416305,6299.274,1309.653,0.128138093,0,0,0.008,1309653000.0,FFIC,,,FFIC,928867500.0,0.27150562039733,converged,0.27150562039733,2016,2016,unknown,0,928867500.0,1309653000.0,0.008,1.0,0.27150562039733,2228085038.1079035,0.11318819605885976,0.0,6,converged,4.821934402062921,4.7087462060040615,4.7087462060040615,1.2462258863006994e-06
FFIC,2018,0,-0.270307069,-0.252207069,2.467542558,7.720016608,0.890132009,0.80719686,21.58687943,30.06547832,61.341328,36.99535533,36.99535533,22.15799615,30.6848622,47.65843057,32.37672666,32.37672666,8.829691186,0.183027625,1.09650078,13.7,37.8138,4.316051245,14.17936751,85.82063249,6834.176,1250.843,0.165220963,0,0,0.0181,1250843000.0,FFIC,,,FFIC,727218810.0,0.2863120084291728,converged,0.2863120084291728,2017,2017,unknown,0,727218810.0,1250843000.0,0.0181,1.0,0.2863120084291728,1955624998.6102693,0.10646852576224151,0.0,9,converged,4.420648082060379,4.3141795562981375,4.3141795562981375,8.009835454776926e-06
FFIC,2019,0,-0.020939892,0.000460108,1.469893662,6.024865994,0.854696264,0.751401941,20.28455285,24.68474457,80.8033535,41.33284057,41.33284057,21.58687943,30.06547832,61.341328,36.99535533,36.99535533,8.856201638,0.176299586,1.049449405,13.43,33.80260803,2.219895117,17.1955783,82.8044217,7017.776,1237.231,0.207664977,0,0,0.021400000000000002,1237231000.0,FFIC,,,FFIC,729752085.0,0.2350421439540139,converged,0.2350421439540139,2018,2018,unknown,0,729752085.0,1237231000.0,0.021400000000000002,1.0,0.2350421439540139,1940787631.5083828,0.08837777930788808,0.0,6,converged,5.380576292724375,5.292198513416487,5.292198513416487,6.04273005621651e-08
FFIC,2020,1,-0.171576465,-0.167176465,1.641058217,5.086315618,0.862142459,0.681027909,18.99807322,24.18844532,77.329105,39.83594668,39.83594668,20.28455285,24.68474457,80.8033535,41.33284057,41.33284057,8.984241709,0.12798954,0.827322605,12.3,30.04417799,2.51899932,27.54454744,72.45545256,7976.394,1020.895,0.38015838,0,0,0.0044,1020895000.0,FFIC,,,FFIC,562049280.0,0.2122541953965205,converged,0.2122541953965205,2019,2019,unknown,0,562049280.0,1020895000.0,0.0044,1.0,0.2122541953965205,1578462209.7408133,0.07557819074581881,0.0,6,converged,5.861842175105916,5.786263984360097,5.786263984360097,3.598454211398315e-09
FFIC,2021,1,0.136229329,0.136629329,1.807365331,1.630628072,0.818521562,0.706971734,17.43215031,20.01661031,75.71181057,37.18449052,37.18449052,18.99807322,24.18844532,77.329105,39.83594668,39.83594668,8.992919291,0.1013613,1.091465299,14.13,22.82392479,2.194887579,16.97445694,83.02554306,8045.911,815.544,0.204448611,0,0,0.0004,815544000.0,FFIC,,,FFIC,741790377.9,0.6436267564639189,converged,0.6436267564639189,2020,2020,unknown,0,741790377.9,815544000.0,0.0004,1.0,0.6436267564639189,1554603894.1111238,0.3111117449892949,0.0,7,converged,2.2304395657362344,1.9193278207469395,1.9193278207469395,0.027471429636998626
FFIC,2022,1,0.015988723,0.030188723,3.519183942,6.424484054,0.723314355,0.550431902,17.26625006,18.61973436,72.55865922,35.55413589,35.55413589,17.43215031,20.01661031,75.71181057,37.18449052,37.18449052,9.038714927,0.125012436,0.843604153,14.37,23.25705,4.557763801,29.04122526,70.95877474,8422.946,1052.973,0.409268979,0,0,0.014199999999999999,1052973000.0,FFIC,,,FFIC,571252457.5799999,0.3032763177823672,converged,0.3032763177823672,2021,2021,unknown,0,571252457.5799999,1052973000.0,0.014199999999999999,1.0,0.3032763177823672,1609378183.6027107,0.10765060398101964,0.0,8,converged,4.126540874573418,4.018890270592398,4.018890270592398,2.9236446398885565e-05
FFIC,2023,1,-0.08665236,-0.03715236,3.639145609,5.946434322,0.798063403,0.540759021,16.18572488,33.94944374,79.78631364,45.87142991,45.87142991,17.26625006,18.61973436,72.55865922,35.55413589,35.55413589,9.052192581,0.098542549,0.710185536,12.81,23.25705,4.771876631,38.27232459,61.72767541,8537.236,841.281,0.620018887,0,0,0.0495,841281000.0,FFIC,,,FFIC,475708548.8,0.2315247106724169,converged,0.2315247106724169,2022,2022,unknown,0,475708548.8,841281000.0,0.0495,1.0,0.2315247106724169,1276360015.4485373,0.08629092544913798,0.0,6,converged,5.447443020609557,5.36115209516042,5.36115209516042,4.1346427814686895e-08
FFIN,2016,0,0.184551622,0.186551622,1.434239705,7.987641566,1.294847437,1.1153151,21.15270351,32.94473193,46.96387941,33.24758363,33.24758363,18.2821119,31.03609101,46.97099673,32.30345997,32.30345997,8.826137267,0.065458813,3.538129131,18.45,24.57731,1.697764752,17.58857008,82.41142992,6809.931,445.77,0.213423916,0,0,0.002,445770000.0,FFIN,,,FFIN,3232930000.0,0.2698546022152947,converged,0.2698546022152947,2015,2015,unknown,0,3232930000.0,445770000.0,0.002,1.0,0.2698546022152947,3677809350.958306,0.23721214389549694,0.0,5,converged,9.02316470971709,8.785952565821592,8.785952565821592,7.752251027394691e-19
FFIN,2017,0,0.18716701,0.19516701,1.839838387,8.302772379,1.308221728,1.201597426,22.15799615,30.14451638,53.1308625,34.07879063,34.07879063,21.15270351,32.94473193,46.96387941,33.24758363,33.24758363,8.889406881,0.0456255,3.210655142,19.85,24.48142,2.205010378,10.51466114,89.48533886,7254.715,331.0,0.117501496,0,0,0.008,331000000.0,FFIN,,,FFIN,3222201250.0,0.2965405752019817,converged,0.2965405752019817,2016,2016,unknown,0,3222201250.0,331000000.0,0.008,1.0,0.2965405752019817,3550563813.8122954,0.2691159664818508,0.0,5,converged,8.981091120599258,8.711975154117408,8.711975154117408,1.4931257279437483e-18
FFIN,2018,0,-0.210426462,-0.192326462,1.756861766,8.777713181,1.0635676,0.991670086,21.58687943,29.3641228,65.72507217,38.22563089,38.22563089,22.15799615,30.14451638,53.1308625,34.07879063,34.07879063,8.953103958,0.060620131,3.685283065,20.61,23.84879,2.537673583,8.693077671,91.30692233,7731.854,468.706,0.095207214,0,0,0.0181,468706000.0,FFIN,,,FFIN,4126277250.0,0.2566410796669754,converged,0.2566410796669754,2017,2017,unknown,0,4126277250.0,468706000.0,0.0181,1.0,0.2566410796669754,4586575986.659891,0.23088514220884299,0.0,5,converged,10.072832310725436,9.841947168516594,9.841947168516594,3.7129734792055064e-23
FFIN,2019,0,0.070137306,0.091537306,1.404917266,8.069023735,1.162839477,1.095179711,21.29806636,27.42825171,54.55269023,33.38932727,33.38932727,21.58687943,29.3641228,65.72507217,38.22563089,38.22563089,9.019449443,0.046156563,3.860218514,21.13,23.41699,1.723898106,7.464823252,92.53517675,8262.227,381.356,0.080670114,0,0,0.021400000000000002,381356000.0,FFIN,,,FFIN,5021055000.0,0.2369250032736917,converged,0.2369250032736917,2018,2018,unknown,0,5021055000.0,381356000.0,0.021400000000000002,1.0,0.2369250032736917,5394336684.911957,0.22053007474798106,0.0,4,converged,12.220956067388183,12.000425992640203,12.000425992640203,1.7673620060579188e-33
FFIN,2020,1,-0.005408422,-0.001008422,0.655851472,6.058970889,0.96584823,0.884519143,20.0319078,41.05400564,60.17618041,42.17508392,42.17508392,21.29806636,27.42825171,54.55269023,33.38932727,33.38932727,9.296930827,0.03944179,3.044202871,22.03,22.91892,0.852028051,10.65736027,89.34263973,10904.5,430.093,0.119286382,0,0,0.0044,430093000.0,FFIN,,,FFIN,5174833750.0,0.2351625891552938,converged,0.2351625891552938,2019,2019,unknown,0,5174833750.0,430093000.0,0.0044,1.0,0.2351625891552938,5603038498.001015,0.21719060177705926,0.0,4,converged,11.948255180697503,11.731064578920444,11.731064578920444,4.4170274864655544e-32
FFIN,2021,1,0.120580359,0.120980359,0.740374644,1.446935007,0.874763356,0.808119946,20.07635504,28.72426739,53.13527822,33.75670227,33.75670227,20.0319078,41.05400564,60.17618041,42.17508392,42.17508392,9.480555354,0.051223354,4.091975174,20.34,16.77507,0.757346863,9.01560472,90.98439528,13102.461,671.152,0.099089571,0,0,0.0004,671152000.0,FFIN,,,FFIN,7198700933.96,0.5371600480643509,converged,0.5371600480643509,2020,2020,unknown,0,7198700933.96,671152000.0,0.0004,1.0,0.5371600480643509,7869584471.489488,0.4913670903320338,0.0,5,converged,5.256529713997622,4.765162623665589,4.765162623665589,9.43506960409342e-07
FFIN,2022,1,-0.088000389,-0.073800389,3.964287649,7.069286057,0.760197049,0.685918789,20.35513895,35.18732036,43.02900329,33.60511776,33.60511776,20.07635504,28.72426739,53.13527822,33.75670227,33.75670227,9.470707721,0.049522409,3.851879133,19.29,16.6406,4.834011606,11.4971851,88.5028149,12974.066,642.507,0.129907564,0,0,0.014199999999999999,642507000.0,FFIN,,,FFIN,4875465938.4,0.3029457660496853,converged,0.3029457660496853,2021,2021,unknown,0,4875465938.4,642507000.0,0.014199999999999999,1.0,0.3029457660496853,5508913811.041292,0.2681112495461989,0.0,5,converged,8.201397238528498,7.933285988982299,7.933285988982299,1.0671109384405081e-15
FFIN,2023,1,-0.007238361,0.042261639,3.975903701,6.42869085,0.829879683,0.706296958,18.158558,33.81959242,49.2759445,35.10737874,35.10737874,20.35513895,35.18732036,43.02900329,33.60511776,33.60511776,9.480794441,0.030832712,2.884997833,19.62,16.51951,4.72082171,17.32784993,82.67215007,13105.594,404.081,0.209597185,0,0,0.0495,404081000.0,FFIN,,,FFIN,4296139646.1,0.2851389398469998,converged,0.2851389398469998,2022,2022,unknown,0,4296139646.1,404081000.0,0.0495,1.0,0.2851389398469998,4680705618.105455,0.26171197340218094,0.0,4,converged,9.679860433247336,9.418148459845156,9.418148459845156,2.295561097427696e-21
FFWM,2019,0,-0.132106592,-0.110706592,1.093348241,6.752084135,0.868153651,0.852949897,20.28455285,12.55260831,61.25756129,28.27881579,28.27881579,21.58687943,19.86365094,57.27181879,30.47022563,30.47022563,8.75059372,0.117666883,1.266183711,11.15,39.21062,1.975511387,2.848709708,97.15129029,6314.436,743.0,0.029322407,0,0,0.021400000000000002,743000000.0,FFWM,,,FFWM,1433518070.4,0.2433215292923797,converged,0.2433215292923797,2018,2018,unknown,0,1433518070.4,743000000.0,0.021400000000000002,1.0,0.2433215292923797,2160786795.396065,0.1614253705764316,0.0,5,converged,6.826440713505137,6.665015342928705,6.665015342928705,1.3231885371364277e-11
FFWM,2020,1,-0.174295611,-0.169895611,1.247547824,9.989046674,1.541564401,1.526213769,18.99807322,21.25995414,71.45575355,36.26900853,36.26900853,20.28455285,12.55260831,61.25756129,28.27881579,28.27881579,8.847526624,0.038665202,1.284086352,12.17,34.81689,2.170595608,1.519587342,98.48041266,6957.16,269.0,0.015430351,0,0,0.0044,269000000.0,FFWM,,,FFWM,1647721920.0,0.2378046831098632,converged,0.2378046831098632,2019,2019,unknown,0,1647721920.0,269000000.0,0.0044,1.0,0.2378046831098632,1915540920.1246252,0.20455631499983296,0.0,6,converged,9.72038233065084,9.515826015651008,9.515826015651008,9.013746456625229e-22
FGBI,2018,0,-0.21637399,-0.19827399,2.537898423,5.845096821,0.577216544,0.491428739,21.58687943,45.87171545,13.44103931,27.59114502,27.59114502,22.15799615,49.92465954,11.71013498,28.97827973,28.97827973,7.505058187,0.019006048,1.387896726,12.97,33.35277,4.043706304,20.75621321,79.24378679,1817.211,34.538,0.261928588,0,0,0.0181,34538000.0,FGBI,,,FGBI,247222994.6648,0.2950707416446763,converged,0.2950707416446763,2017,2017,unknown,0,247222994.6648,34538000.0,0.0181,1.0,0.2950707416446763,281141480.3832683,0.25947175220183527,0.0,6,converged,8.280518558319708,8.021046806117873,8.021046806117873,5.242388166762267e-16
FGBI,2019,0,-0.078064273,-0.056664273,2.02386658,4.677021879,0.527682096,0.474767985,20.28455285,45.53657751,19.75061021,29.69636212,29.69636212,21.58687943,45.87171545,13.44103931,27.59114502,27.59114502,7.657857297,0.040972201,1.277244624,12.61,32.85475,3.086538895,14.23577049,85.76422951,2117.216,86.747,0.165987272,0,0,0.021400000000000002,86747000.0,FGBI,,,FGBI,255073177.3324,0.343823261872927,converged,0.343823261872927,2018,2018,unknown,0,255073177.3324,86747000.0,0.021400000000000002,1.0,0.343823261872927,339983513.63731766,0.25795395932097814,0.0,5,converged,5.507073500016188,5.24911954069521,5.24911954069521,7.641394159522199e-08
FGBI,2020,1,-0.359766291,-0.355366291,1.314394361,3.483193709,0.541176619,0.393395003,18.99807322,36.38031554,16.95056881,24.14684128,24.14684128,20.28455285,45.53657751,19.75061021,29.69636212,29.69636212,7.813218808,0.047159855,0.969266403,12.22,32.43432,2.283379117,35.73215237,64.26784763,2473.078,116.63,0.555988005,0,0,0.0044,116630000.0,FGBI,,,FGBI,208206263.5548,0.2916659549311892,converged,0.2916659549311892,2019,2019,unknown,0,208206263.5548,116630000.0,0.0044,1.0,0.2916659549311892,324324218.75134206,0.18724065584352828,0.0,5,converged,5.579272764241767,5.392032108398239,5.392032108398239,3.483265777741414e-08
FGBI,2021,1,0.191288096,0.191688096,1.805429771,1.723764843,0.422887197,0.355149914,17.43215031,34.7625528,30.55443257,28.24182192,28.24182192,18.99807322,36.38031554,16.95056881,24.14684128,24.14684128,7.964892582,0.017245633,1.144511649,11.22,20.43701,2.098168805,17.01581839,70.98194285,2878.12,49.635,0.239720381,0,0,0.0004,49635000.0,FGBI,,,FGBI,218408302.48,0.845712048659918,converged,0.845712048659918,2020,2020,unknown,0,218408302.48,49635000.0,0.0004,1.0,0.845712048659918,267839696.01064694,0.6914867308944291,0.0,6,converged,2.7841016837791077,2.0926149528846785,2.0926149528846785,0.01819177033453939
FGBI,2022,1,0.17873448,0.19293448,3.85945513,5.981940032,0.507935244,0.417142209,15.8938172,30.73843624,23.58752328,23.73777275,23.73777275,17.43215031,34.7625528,30.55443257,28.24182192,28.24182192,8.055585259,0.058187499,1.244516083,11.16,20.43701,4.679389037,19.33928794,70.69410182,3151.347,183.369,0.273562963,0,0,0.014199999999999999,183369000.0,FGBI,,,FGBI,251308866.2,0.2824344936139357,converged,0.2824344936139357,2021,2021,unknown,0,251308866.2,183369000.0,0.014199999999999999,1.0,0.2824344936139357,432092426.01130575,0.16426646423408325,0.0,6,converged,5.386557372685344,5.22229090845126,5.22229090845126,8.836152564898367e-08
FHB,2017,0,0.20608971,0.21408971,1.568260388,9.72829745,1.448594969,1.448587711,22.15799615,34.29297785,18.73141158,23.75262518,23.75262518,21.15270351,34.10499091,13.53384528,21.78825979,21.78825979,9.930589991,1.65e-06,1.608339046,13.5,37.71469,2.174144111,0.000804372,99.99919563,20549.461,0.034,8.04e-06,0,0,0.008,34000.0,FHB,,,FHB,3668480420.0,0.224746190860482,converged,0.224746190860482,2016,2016,unknown,0,3668480420.0,34000.0,0.008,1.0,0.224746190860482,3668514149.085155,0.2247441245090068,0.0,2,converged,35.0,35.0,35.0,1.1249107064724062e-268
FHB,2018,0,-0.318385074,-0.300285074,0.715085911,8.079969804,0.979389083,0.912657555,21.58687943,32.98028615,29.54807906,26.99553039,26.99553039,22.15799615,34.29297785,18.73141158,23.75262518,23.75262518,9.937680165,0.028992817,1.202461043,12.99,37.71469,1.579543263,10.50587249,89.49412751,20695.678,600.026,0.117391753,0,0,0.0181,600026000.0,FHB,,,FHB,2829934690.0,0.2196417411959483,converged,0.2196417411959483,2017,2017,unknown,0,2829934690.0,600026000.0,0.0181,1.0,0.2196417411959483,3419197916.5349326,0.1817887771562569,0.0,8,converged,9.763044205064825,9.581255427908568,9.581255427908568,4.793619418556661e-22
FHB,2019,0,0.018979803,0.040379803,0.33516375,8.55076976,1.157591362,1.157587685,28.61622312,53.65548017,34.42792854,40.20693296,40.20693296,21.58687943,32.98028615,29.54807906,26.99553039,26.99553039,9.911789694,0.029752909,1.41972361,12.81,37.21274,0.46949676,0.000505783,99.99949422,20166.734,600.019,5.06e-06,0,0,0.021400000000000002,600019000.0,FHB,,,FHB,3626993150.0,0.21362514514782,converged,0.21362514514782,2018,2018,unknown,0,3626993150.0,600019000.0,0.021400000000000002,1.0,0.21362514514782,4214308160.9406505,0.18385388870984007,0.0,6,converged,10.810652623918996,10.626798735209155,10.626798735209155,1.1182914739647337e-26
FHB,2020,1,-0.195435073,-0.191035073,1.121730686,8.826599681,1.326182384,1.326177955,28.89051265,56.30284059,68.810003,54.12232129,54.12232129,28.61622312,53.65548017,34.42792854,40.20693296,40.20693296,10.02848146,0.008825464,1.116332097,13.73,37.21274,2.090813874,0.000531962,99.99946804,22662.831,200.01,5.32e-06,0,0,0.0044,200010000.0,FHB,,,FHB,2964454020.0,0.2027175826421042,converged,0.2027175826421042,2019,2019,unknown,0,2964454020.0,200010000.0,0.0044,1.0,0.2027175826421042,3163585909.26033,0.18995752605788446,0.0,4,converged,14.653465266342966,14.463507740285081,14.463507740285081,1.0301243697826399e-47
FHB,2022,1,0.009909458,0.024109458,0.024109458,8.638382219,1.035694623,1.035694623,30.52696623,55.56543839,73.79893489,56.23524746,56.23524746,31.22895817,56.51522712,65.92341427,53.75072212,53.75072212,10.1095754,0.003051606,1.461671982,12.92,25.49293,0.0,0.0,100.0,24577.223,75.0,0.0,0,0,0.014199999999999999,75000000.0,FHB,,,FHB,3273722760.0,0.3086647501283921,converged,0.3086647501283921,2021,2021,unknown,0,3273722760.0,75000000.0,0.014199999999999999,1.0,0.3086647501283921,3347665285.9168196,0.3018470458894839,0.0,7,converged,12.782255817425392,12.480408771535908,12.480408771535908,4.77475641220207e-36
FHB,2023,1,-0.056449071,-0.006949071,-0.006949071,7.566902603,1.051580742,1.051580742,27.37701994,51.88390302,72.87143347,53.88911134,53.88911134,30.52696623,55.56543839,73.79893489,56.23524746,56.23524746,10.12368573,0.020058994,1.173486495,13.57,24.35174,0.0,0.0,100.0,24926.474,500.0,0.0,0,0,0.0495,500000000.0,FHB,,,FHB,2873936340.0,0.2906266593063119,converged,0.2906266593063119,2022,2022,unknown,0,2873936340.0,500000000.0,0.0495,1.0,0.2906266593063119,3349788919.1198044,0.24934183730016088,0.0,6,converged,7.9514541665993335,7.702112329299172,7.702112329299172,6.6917577449901875e-15
FHN,2016,0,0.397703944,0.399703944,1.731167722,5.917471121,1.187212153,0.778428864,26.24009427,63.37673091,67.29379977,56.39321072,56.39321072,23.39728805,57.06349708,74.18096405,55.74522698,55.74522698,10.25959542,0.069727785,2.020203704,12.24,31.88739,2.215230603,42.88245422,55.6202521,28555.231,1991.093,0.770986333,0,0,0.002,1991093000.0,FHN,,,FHN,10149732169.92,0.2345327796108429,converged,0.2345327796108429,2015,2015,unknown,0,10149732169.92,1991093000.0,0.002,1.0,0.2345327796108429,12136846963.96182,0.19613372143045124,0.0,7,converged,9.324232976415438,9.128099254984987,9.128099254984987,3.4856225290191475e-20
FHN,2017,0,0.189287296,0.197287296,1.64317873,5.277601556,1.033437205,0.672525256,27.50916671,64.31984883,55.01143903,52.47733163,52.47733163,26.24009427,63.37673091,67.29379977,56.39321072,56.39321072,10.63160093,0.118308333,1.559031238,11.1,31.375235,2.235020237,43.36459885,55.45280773,41423.388,4900.732,0.782009075,0,0,0.008,4900732000.0,FHN,,,FHN,10139587510.08,0.2766894890986157,converged,0.2766894890986157,2016,2016,unknown,0,10139587510.08,4900732000.0,0.008,1.0,0.2766894890986157,15001270059.93184,0.18701865095711812,0.0,5,converged,6.118311026801312,5.931292375844194,5.931292375844194,1.502797279765562e-09
FHN,2018,0,-0.378007365,-0.359907365,1.964802039,7.191590723,1.11654518,0.779150333,51.98979642,64.30445953,67.43438225,57.87284595,57.87284595,27.50916671,64.31984883,55.01143903,52.47733163,52.47733163,10.61722769,0.056447674,0.954054592,11.94,28.26105,3.048380236,37.24508951,61.70308152,40832.258,2304.886,0.603617981,0,0,0.0181,2304886000.0,FHN,,,FHN,6675186174.72,0.2249671282028986,converged,0.2249671282028986,2017,2017,unknown,0,6675186174.72,2304886000.0,0.0181,1.0,0.2249671282028986,8938729022.345343,0.16799899182460784,0.0,5,converged,8.2594187595278,8.091419767703194,8.091419767703194,2.9486616793899877e-16
FHN,2019,0,-0.053267111,-0.031867111,1.504027607,5.637761258,1.30377734,0.725667471,50.26505859,64.87508797,61.41312471,56.13535867,49.02727529,51.98979642,64.30445953,67.43438225,57.87284595,57.87284595,10.67615961,0.099568238,1.100956097,11.22,21.9362782,1.946682256,50.03814078,49.03178348,43310.9,4312.39,1.020524591,0,0,0.021400000000000002,4312390000.0,FHN,,,FHN,8399778347.519999,0.2278613568781366,converged,0.2278613568781366,2018,2018,unknown,0,8399778347.519999,4312390000.0,0.021400000000000002,1.0,0.2278613568781366,12620863646.290466,0.15165244990444376,0.0,5,converged,7.297991217378559,7.1463387674741154,7.1463387674741154,4.4561478793714844e-13
FHN,2020,1,-0.329880864,-0.325480864,1.184402106,6.286029135,1.567240192,0.9543829,60.23819785,61.64764558,44.09045139,51.24835401,51.24835401,50.26505859,64.87508797,61.41312471,56.13535867,49.02727529,11.34105708,0.045980833,0.939033561,12.57,21.93713999,1.735251332,43.01177212,52.2871639,84209.0,3872.0,0.822606715,0,0,0.0044,3872000000.0,FHN,,,FHN,6472292977.92,0.2303988337689682,converged,0.2303988337689682,2019,2019,unknown,0,6472292977.92,3872000000.0,0.0044,1.0,0.2303988337689682,10327293603.980814,0.14439492201982512,0.0,6,converged,6.896669345479903,6.752274423460078,6.752274423460078,7.27726239712207e-12
FHN,2021,1,0.224738784,0.225138784,1.319287032,1.722359002,1.431142367,1.073951958,57.24378307,58.81992235,61.07099785,56.00423993,56.00423993,60.23819785,61.64764558,44.09045139,51.24835401,51.24835401,11.39742482,0.041732142,1.134693136,12.34,21.86224113,1.49422227,28.68732916,67.39631191,89092.0,3718.0,0.42565132,0,0,0.0004,3718000000.0,FHN,,,FHN,8713308588.779999,0.7664122397950517,converged,0.7664122397950517,2020,2020,unknown,0,8713308588.779999,3718000000.0,0.0004,1.0,0.7664122397950517,12413712826.202868,0.5413276352005695,0.0,5,converged,2.4985490518698628,1.9572214166692934,1.9572214166692934,0.02516072094685402
FHN,2022,1,0.089382979,0.103582979,3.712055359,7.261647722,0.951472811,0.797727969,55.76246496,55.4883447,57.71108965,53.27382011,53.27382011,57.24378307,58.81992235,61.07099785,56.00423993,56.00423993,11.27660802,0.052018289,1.818038832,13.33,21.33956,4.619888983,18.45714671,75.33125463,78953.0,4107.0,0.245013133,0,0,0.014199999999999999,4107000000.0,FHN,,,FHN,13158965067.5,0.3267391852411257,converged,0.3267391852411257,2021,2021,unknown,0,13158965067.5,4107000000.0,0.014199999999999999,1.0,0.3267391852411257,17208057781.071106,0.24985675818696979,0.0,5,converged,5.915786010030509,5.665929251843539,5.665929251843539,7.311492781754993e-09
FHN,2023,1,-0.123637281,-0.074137281,3.636578356,6.329016042,0.983014957,0.669577469,50.44288543,51.90633784,79.33456174,58.90986285,36.04175777,55.76246496,55.4883447,57.71108965,53.27382011,53.27382011,11.31033181,0.045333758,0.933595553,13.96,21.33956,4.679250666,35.43213705,59.53928455,81661.0,3702.0,0.595105187,0,0,0.0495,3702000000.0,FHN,,,FHN,7913155907.04,0.3059013350433742,converged,0.3059013350433742,2022,2022,unknown,0,7913155907.04,3702000000.0,0.0495,1.0,0.3059013350433742,11436368399.45113,0.21166203197298847,0.0,5,converged,5.6685919080912415,5.456929876118253,5.456929876118253,2.4221877869470152e-08
FISI,2017,0,0.183443607,0.191443607,1.697038059,5.901318831,1.259123398,0.796426891,22.15799615,24.71665545,64.02539465,35.30860318,35.30860318,21.15270351,16.27997516,64.28754266,31.21838304,31.21838304,8.320012178,0.118223185,1.361188111,13.19,27.66136,2.202359028,43.5790006,54.26218781,4105.21,485.331,0.803119121,0,0,0.008,485331000.0,FISI,,,FISI,625411670.0,0.2192046666236247,converged,0.2192046666236247,2016,2016,unknown,0,625411670.0,485331000.0,0.008,1.0,0.2192046666236247,1106875511.2787693,0.12385598573535286,0.0,7,converged,6.783164218325701,6.659308232590348,6.659308232590348,1.3755970663471442e-11
FISI,2018,0,-0.291707588,-0.273607588,1.908937295,6.641060348,1.03739717,0.690428166,21.58687943,26.46218388,79.25605152,41.65742175,41.65742175,22.15799615,24.71665545,64.02539465,35.30860318,35.30860318,8.369087073,0.117981825,1.080218407,12.38,27.66136,2.857601823,40.17129846,57.82478532,4311.698,508.702,0.694707265,0,0,0.0181,508702000.0,FISI,,,FISI,516819290.0,0.2176891907303663,converged,0.2176891907303663,2017,2017,unknown,0,516819290.0,508702000.0,0.0181,1.0,0.2176891907303663,1016396611.3810576,0.11069102075576054,0.0,9,converged,6.471914164614279,6.361223143858518,6.361223143858518,1.0007670824056105e-10
FISI,2019,0,0.008184402,0.029584402,1.753099074,6.61805453,0.869264968,0.820622516,20.28455285,18.17812401,80.13477661,37.86486909,37.86486909,21.58687943,26.46218388,79.25605152,41.65742175,41.65742175,8.38575743,0.071797495,1.218382136,12.77,27.10927,2.368776703,7.27884014,89.50812351,4384.178,314.773,0.081320442,0,0,0.021400000000000002,314773000.0,FISI,,,FISI,645521370.0,0.2104037051687778,converged,0.2104037051687778,2018,2018,unknown,0,645521370.0,314773000.0,0.021400000000000002,1.0,0.2104037051687778,953629793.113301,0.14242433384523498,0.0,5,converged,8.004012440407687,7.8615881065624516,7.8615881065624516,1.896467481724075e-15
FISI,2020,1,-0.183424677,-0.179024677,1.767495377,7.185360894,1.157683331,1.037479005,18.99807322,30.46758013,74.86157254,42.06208586,42.06208586,20.28455285,18.17812401,80.13477661,37.86486909,37.86486909,8.499498764,0.016066385,0.800255712,13.61,27.10927,2.624680749,12.93232906,81.35949941,4912.306,78.923,0.158952908,0,0,0.0044,78923000.0,FISI,,,FISI,452468250.0,0.2155012786439536,converged,0.2155012786439536,2019,2019,unknown,0,452468250.0,78923000.0,0.0044,1.0,0.2155012786439536,531044751.66310525,0.18361444542192754,0.0,7,converged,10.498252084797306,10.314637639375379,10.314637639375379,3.0254565059351812e-25
FISI,2021,1,0.183079045,0.183479045,3.330141642,2.038514616,1.151810044,1.027170102,19.55633332,37.13645003,78.37231687,46.93959564,46.93959564,18.99807322,30.46758013,74.86157254,42.06208586,42.06208586,8.616274253,0.0188218,1.026351144,13.12,20.20108,3.97957214,12.80326283,84.19819962,5520.779,103.911,0.152061005,0,0,0.0004,103911000.0,FISI,,,FISI,500705405.4,0.7600160665014862,converged,0.7600160665014862,2020,2020,unknown,0,500705405.4,103911000.0,0.0004,1.0,0.7600160665014862,604457658.6289638,0.6301525312546397,0.0,6,converged,3.1099501621734458,2.479797630918806,2.479797630918806,0.006572848379698992
FISI,2022,1,0.01309272,0.02729272,4.586478959,7.741827988,0.923318899,0.795593972,47.11258854,49.03281429,76.0304565,54.84527313,54.84527313,19.55633332,37.13645003,78.37231687,46.93959564,46.93959564,8.665142741,0.048164378,0.962322725,12.13,20.0829,5.711675137,16.09987271,80.14528537,5797.272,279.222,0.200883591,0,0,0.014199999999999999,279222000.0,FISI,,,FISI,373682424.36,0.312818351494412,converged,0.312818351494412,2021,2021,unknown,0,373682424.36,279222000.0,0.014199999999999999,1.0,0.312818351494412,648967476.1318594,0.18012426847238688,0.0,6,converged,4.851083203509171,4.670958935036785,4.670958935036785,1.4989843725136592e-06
FISI,2023,1,-0.060564332,-0.011064332,3.964123827,6.514005318,0.92680074,0.669798396,39.50483299,58.65913485,74.45190576,58.38978309,58.38978309,47.11258854,49.03281429,76.0304565,54.84527313,54.84527313,8.725975066,0.050241516,0.750113708,12.13,20.0829,4.969245278,31.03913845,64.64819356,6160.881,309.532,0.480123832,0,0,0.0495,309532000.0,FISI,,,FISI,328177747.8,0.269270807413557,converged,0.269270807413557,2022,2022,unknown,0,328177747.8,309532000.0,0.0495,1.0,0.269270807413557,622760948.1212856,0.1418982553723804,0.0,8,converged,5.346568993185103,5.204670737812722,5.204670737812722,9.717043672261488e-08
FITB,2016,0,0.361725891,0.363725891,2.211213345,5.608279197,1.270791469,0.653393242,64.97526488,59.44044488,61.64834326,58.28348276,58.28348276,64.01731298,52.95515868,49.95163904,51.10988516,51.10988516,11.86482804,0.124359074,1.360792436,15.02,28.77828,2.893030086,54.98628127,41.44537449,142177.0,17681.0,1.326716961,0,1,0.002,17681000000.0,FITB,,,FITB,18002258376.96,0.2462119750734547,converged,0.2462119750734547,2015,2015,unknown,0,18002258376.96,17681000000.0,0.002,1.0,0.2462119750734547,35647931715.97482,0.12433741801814405,0.0,8,converged,5.717751101724748,5.593413683706604,5.593413683706604,1.1132396939239313e-08
FITB,2017,0,0.263389702,0.271389702,2.222370172,6.568211141,1.359465808,0.895718919,76.96133554,62.50707575,70.55559635,64.58402315,64.58402315,64.97526488,59.44044488,61.64834326,58.28348276,58.28348276,11.8641526,0.131959938,1.415699809,15.16,27.86469,2.869746808,40.26991172,56.10729325,142081.0,18749.0,0.71773043,0,1,0.008,18749000000.0,FITB,,,FITB,20251706309.12,0.3117085115039431,converged,0.3117085115039431,2016,2016,unknown,0,20251706309.12,18749000000.0,0.008,1.0,0.3117085115039431,38851310116.29393,0.16248208037845926,0.0,7,converged,4.614672537962175,4.452190457583716,4.452190457583716,4.249936058318198e-06
FITB,2018,0,-0.363805194,-0.345705194,2.354661584,7.118726075,1.248538406,0.751411501,76.65388381,63.15912665,73.14168849,65.70384986,65.70384986,76.96133554,62.50707575,70.55559635,64.58402315,64.58402315,11.89183439,0.114007763,1.019855491,14.48,27.86469,3.505213728,46.11830688,50.28423274,146069.0,16653.0,0.917152443,0,1,0.0181,16653000000.0,FITB,,,FITB,15706086007.04,0.2124836975053205,converged,0.2124836975053205,2017,2017,unknown,0,15706086007.04,16653000000.0,0.0181,1.0,0.2124836975053205,32060378167.894802,0.10409381981566256,0.0,6,converged,6.518622577489669,6.414528757674007,6.414528757674007,7.062956254181014e-11
FITB,2019,0,0.064782702,0.086182702,1.736927362,6.502169961,1.406457037,0.892964492,82.38355483,76.92876347,70.86038736,72.73994119,72.73994119,76.65388381,63.15912665,73.14168849,65.70384986,65.70384986,12.03983505,0.092691106,1.121394866,13.84,27.86469,2.344515209,42.27529113,53.03157883,169369.0,15699.0,0.797172026,0,1,0.021400000000000002,15699000000.0,FITB,,,FITB,20518703096.32,0.2643593136214573,converged,0.2643593136214573,2018,2018,unknown,0,20518703096.32,15699000000.0,0.021400000000000002,1.0,0.2643593136214573,35885313741.75948,0.15115683139619146,0.0,7,converged,5.686513098103963,5.535356266707772,5.535356266707772,1.552981783382849e-08
FITB,2020,1,-0.187712313,-0.183312313,1.580286996,6.292732952,1.645132222,0.932607736,87.60113796,80.77419335,69.6733807,77.92706696,77.92706696,82.38355483,76.92876347,70.86038736,72.73994119,72.73994119,12.22920306,0.078126832,0.935975335,15.08,27.86469,2.30631589,48.17580372,45.48582653,204680.0,15991.0,1.0591388,0,1,0.0044,15991000000.0,FITB,,,FITB,18402753557.76,0.2404894255714144,converged,0.2404894255714144,2019,2019,unknown,0,18402753557.76,15991000000.0,0.0044,1.0,0.2404894255714144,34323547724.949043,0.12893969298005853,0.0,8,converged,6.022337121370458,5.8933974283904,5.8933974283904,1.891674913959454e-09
FITB,2021,1,0.265553919,0.265953919,1.858635436,1.870057349,1.445929091,1.087586525,81.19292897,80.11262371,75.36025297,76.06580873,76.06580873,87.60113796,80.77419335,69.6733807,77.92706696,77.92706696,12.26016302,0.059900718,1.479793335,13.42,21.54903,2.141992871,28.1442291,67.01207926,211116.0,12646.0,0.419987402,0,1,0.0004,12646000000.0,FITB,,,FITB,29734967267.2,0.7405018686895816,converged,0.7405018686895816,2020,2020,unknown,0,29734967267.2,12646000000.0,0.0004,1.0,0.7405018686895816,42334353031.97636,0.5227479965967633,0.0,5,converged,2.573497493944827,2.0507494973480638,2.0507494973480638,0.020145674000162532
FITB,2022,1,-0.01838684,-0.00418684,3.676571106,7.638112793,1.229029974,0.849878543,79.52921572,78.81547378,56.13253798,68.34767822,68.34767822,81.19292897,80.11262371,75.36025297,76.06580873,76.06580873,12.24265527,0.089697858,1.474057637,12.79,21.23969,4.671247363,34.06300607,60.13600231,207452.0,18608.0,0.566432832,0,1,0.014199999999999999,18608000000.0,FITB,,,FITB,22421890722.800003,0.3120739668126696,converged,0.3120739668126696,2021,2021,unknown,0,22421890722.800003,18608000000.0,0.014199999999999999,1.0,0.3120739668126696,40767522807.89279,0.1716389780815028,0.0,7,converged,4.737992136330084,4.566353158248582,4.566353158248582,2.4814119935422877e-06
FLG,2016,0,0.177184194,0.179184194,1.277913761,4.81905146,0.646442187,0.528554939,44.74153298,33.61393941,63.98890785,40.6216915,40.6216915,40.89834515,32.09392922,61.17034314,39.32211137,39.32211137,10.79807558,0.279467438,1.265363015,11.71,36.090125,1.791718442,25.87027811,74.12972189,48926.555,13673.379,0.34898658,0,0,0.002,13673379000.0,FLG,,,FLG,19811768400.0,0.2269753783598322,converged,0.2269753783598322,2015,2015,unknown,0,19811768400.0,13673379000.0,0.002,1.0,0.2269753783598322,33457827970.729263,0.134401541018644,0.0,6,converged,6.740003542304408,6.605602001285765,6.605602001285765,1.9795260104159778e-11
FLG,2017,0,0.223239316,0.231239316,1.577017879,4.748769535,0.551649777,0.509958573,46.0982659,32.71484744,67.38160604,41.20808043,41.20808043,44.74153298,33.61393941,63.98890785,40.6216915,40.6216915,10.80210696,0.26287818,1.010744219,13.86,36.30108,2.175251512,10.62359972,82.77405487,49124.195,12913.679,0.128344561,0,0,0.008,12913679000.0,FLG,,,FLG,16213024800.0,0.2163050525568608,converged,0.2163050525568608,2016,2016,unknown,0,16213024800.0,12913679000.0,0.008,1.0,0.2163050525568608,29023806506.60257,0.12083043660140588,0.0,7,converged,6.828819712184574,6.707989275583168,6.707989275583168,9.866221481999162e-12
FLG,2018,0,-0.173243084,-0.155143084,2.36463826,6.673498634,0.684460367,0.639723532,45.34574468,49.26392246,64.86453475,48.60123239,48.60123239,46.0982659,32.71484744,67.38160604,41.20808043,41.20808043,10.85706205,0.273757935,0.724267451,13.54,36.43356,3.921837401,9.100282664,82.71987075,51899.376,14207.866,0.11001326,0,0,0.0181,14207866000.0,FLG,,,FLG,11717708400.0,0.1934079260037815,converged,0.1934079260037815,2017,2017,unknown,0,11717708400.0,14207866000.0,0.0181,1.0,0.1934079260037815,25670725366.70371,0.08828335182553462,0.0,6,converged,6.94980944167907,6.861526089853536,6.861526089853536,3.406437907546803e-12
FLG,2019,0,0.203663345,0.225063345,1.588517183,6.525624355,0.989986553,0.855074393,42.98313557,49.86879202,58.47288549,46.63065091,46.63065091,45.34574468,49.26392246,64.86453475,48.60123239,48.60123239,10.89006564,0.271390197,0.904757675,13.27,36.38481,2.231813877,18.59564904,74.97646714,53640.821,14557.593,0.248019809,0,0,0.021400000000000002,14557593000.0,FLG,,,FLG,14967784800.0,0.2508309565462049,converged,0.2508309565462049,2018,2018,unknown,0,14967784800.0,14557593000.0,0.021400000000000002,1.0,0.2508309565462049,29217155053.414516,0.12849929776115251,0.0,8,converged,5.6521659872113545,5.523666689450202,5.523666689450202,1.659985076813953e-08
FLG,2020,1,-0.0249804,-0.0205804,1.170761471,5.744532415,1.049075654,0.829867978,40.32394932,47.01419617,46.14266688,40.70685056,40.70685056,42.98313557,49.86879202,58.47288549,46.63065091,46.63065091,10.93855851,0.285644687,0.77209582,12.97,30.381305,1.70124773,25.11906546,66.20375232,56306.12,16083.544,0.37942057,0,0,0.0044,16083544000.0,FLG,,,FLG,13137282000.0,0.2556027264980643,converged,0.2556027264980643,2019,2019,unknown,0,13137282000.0,16083544000.0,0.0044,1.0,0.2556027264980643,29150213822.524837,0.1151938494447229,0.0,6,converged,5.258096894383811,5.142903044939088,5.142903044939088,1.352626259968974e-07
FLG,2021,1,0.290464353,0.290864353,2.144761585,2.030837298,0.959636126,0.811031023,29.91767151,43.0395722,38.22720237,36.90733572,36.90733572,40.32394932,47.01419617,46.14266688,40.70685056,40.70685056,10.99418527,0.278226687,0.868038679,12.73,24.68425,2.556737972,18.32871874,75.33931318,59527.0,16562.0,0.243282265,0,0,0.0004,16562000000.0,FLG,,,FLG,5677840988.820001,0.4963544700681856,converged,0.4963544700681856,2020,2020,unknown,0,5677840988.820001,16562000000.0,0.0004,1.0,0.4963544700681856,22224278833.761826,0.1279609968311812,0.0,7,converged,2.365263116789012,2.237302119957831,2.237302119957831,0.012633300381475643
FLG,2022,1,-0.07147626,-0.05727626,3.952715466,7.752376617,1.009809942,0.854710987,53.39089291,48.2123539,11.87435389,32.24620366,32.24620366,29.91767151,43.0395722,38.22720237,36.90733572,36.90733572,11.40916367,0.236643592,0.704058295,11.66,24.68425,5.303805871,17.61955553,73.12925821,90144.0,21332.0,0.240937157,0,0,0.014199999999999999,21332000000.0,FLG,,,FLG,5858469055.2,0.2839687750225513,converged,0.2839687750225513,2021,2021,unknown,0,5858469055.2,21332000000.0,0.014199999999999999,1.0,0.2839687750225513,26889683298.734818,0.06187035957148624,0.0,6,converged,4.002698096883198,3.9408277373117118,3.9408277373117118,4.0600462561473185e-05
FLG,2023,1,0.157763877,0.207263877,3.732537939,7.219569673,1.102981786,0.964209094,64.34519131,59.83445895,24.0703138,44.41238234,25.64930494,53.39089291,48.2123539,11.87435389,32.24620366,32.24620366,11.6444536,0.186459402,0.939310652,11.77,24.51028,4.725144186,15.22733305,79.86911476,114057.0,21267.0,0.190653585,0,1,0.0495,21267000000.0,FLG,,,FLG,7386738934.41,0.3233391199311058,converged,0.3233391199311058,2022,2022,unknown,0,7386738934.41,21267000000.0,0.0495,1.0,0.3233391199311058,27626572050.435482,0.08646550382706088,0.0,6,converged,3.6414479442191525,3.5549824403920915,3.5549824403920915,0.00018900216666474759
FMAO,2018,0,-0.10103158,-0.08293158,1.624431304,5.660609111,0.508485385,0.484754816,21.58687943,25.22676865,58.05129913,33.41094494,33.41094494,22.15799615,7.892535093,77.40219629,31.77948807,31.77948807,7.01765219,0.02883181,2.493284927,13.45,28.53289,2.381579979,6.410707603,93.5892924,1116.163,32.181,0.068498302,0,0,0.0181,32180999.999999996,FMAO,,,FMAO,527811140.6568,0.4631513355447941,converged,0.4631513355447941,2017,2017,unknown,0,527811140.6568,32180999.999999996,0.0181,1.0,0.4631513355447941,559414904.3045391,0.43698591659217856,0.0,4,converged,6.794483392759833,6.357497476167655,6.357497476167655,1.0253351986157009e-10
FMAO,2019,0,0.107428712,0.128828712,1.267518236,4.384477954,0.47641749,0.446226148,20.28455285,26.71216982,65.04616364,36.66585514,36.66585514,21.58687943,25.22676865,58.05129913,33.41094494,33.41094494,7.382329696,0.045341654,1.457722804,12.3,28.52941,1.60881656,8.648043947,91.35195605,1607.33,72.879,0.09466731,0,0,0.021400000000000002,72879000.0,FMAO,,,FMAO,413445206.6184,0.3495238502023614,converged,0.3495238502023614,2018,2018,unknown,0,413445206.6184,72879000.0,0.021400000000000002,1.0,0.3495238502023614,484781165.4594646,0.29809112257278325,0.0,7,converged,6.577606853767032,6.279515731194248,6.279515731194248,1.6981461608437186e-10
FMAO,2020,1,-0.113585878,-0.109185878,0.701142777,2.574220891,0.309882595,0.282312827,18.99807322,20.42935525,74.80821504,37.06391762,37.06391762,20.28455285,26.71216982,65.04616364,36.66585514,36.66585514,7.554619749,0.02518926,1.033258451,12.64,26.97224,1.091981904,11.79523449,88.20476551,1909.544,48.1,0.133725592,0,0,0.0044,48100000.0,FMAO,,,FMAO,315397665.8712,0.3017061298620608,converged,0.3017061298620608,2019,2019,unknown,0,315397665.8712,48100000.0,0.0044,1.0,0.3017061298620608,363286490.8002157,0.2619348969397969,0.0,6,converged,7.866895728368204,7.604960831428407,7.604960831428407,1.424950965065308e-14
FMAO,2021,1,0.225320056,0.225720056,1.51893862,1.54860459,0.364877655,0.303325839,17.43215031,18.72359395,71.83270767,35.14667736,35.14667736,18.99807322,20.42935525,74.80821504,37.06391762,37.06391762,7.877890049,0.0484418,1.442970245,15.22,20.27692,1.679583036,20.28918678,79.71081322,2638.3,127.804,0.254534936,0,0,0.0004,127804000.0,FMAO,,,FMAO,450195886.7736,0.7763957375860653,converged,0.7763957375860653,2020,2020,unknown,0,450195886.7736,127804000.0,0.0004,1.0,0.7763957375860653,577617634.5132234,0.6067218027768566,0.0,7,converged,2.7901913902809636,2.1834695875041072,2.1834695875041072,0.014500623117983785
FMAO,2022,1,0.030678711,0.044878711,3.527682436,5.377927246,0.390307772,0.322110269,15.8938172,17.52822281,72.46834264,34.78260187,34.78260187,17.43215031,18.72359395,71.83270767,35.14667736,35.14667736,8.01147152,0.075041678,1.240614845,12.07,20.27692,4.380439375,20.98425179,79.01574821,3015.351,226.277,0.2655705,0,0,0.014199999999999999,226277000.0,FMAO,,,FMAO,372857958.0,0.2680809143221633,converged,0.2680809143221633,2021,2021,unknown,0,372857958.0,226277000.0,0.014199999999999999,1.0,0.2680809143221633,595944530.224354,0.1677271917099439,0.0,6,converged,5.942112757168066,5.774385565458122,5.774385565458122,3.861719917517187e-09
FMBH,2017,0,0.16545037,0.17345037,1.230481197,2.362669994,0.032878265,0.026874921,22.15799615,25.05132125,4.89704873,14.18839288,14.18839288,21.15270351,30.57694416,4.395620023,16.74858751,16.74858751,7.952101086,0.087888641,1.571641405,12.7,37.44285,1.762660245,26.31253352,73.68746648,2841.539,249.739,0.35708289,0,0,0.008,249739000.0,FMBH,,,FMBH,917077831.922,0.2449565978590198,converged,0.2449565978590198,2016,2016,unknown,0,917077831.922,249739000.0,0.008,1.0,0.2449565978590198,1164826890.3014936,0.1928563527765065,0.0,5,converged,8.122668267230319,7.929811914453812,7.929811914453812,1.0973901905400126e-15
FMBH,2018,0,-0.207319996,-0.189219996,1.607949977,5.148615665,0.48903082,0.420225463,21.58687943,27.44022095,4.116144792,15.09216171,15.09216171,22.15799615,25.05132125,4.89704873,14.18839288,14.18839288,8.253158372,0.090839365,1.116488638,13.63,35.82588,2.740522137,20.32766574,79.67233426,3839.734,348.799,0.255140833,0,0,0.0181,348799000.0,FMBH,,,FMBH,765728880.0,0.2557398911155228,converged,0.2557398911155228,2017,2017,unknown,0,765728880.0,348799000.0,0.0181,1.0,0.2557398911155228,1108271409.9595935,0.17669626649219014,0.0,5,converged,6.733428928665896,6.556732662173706,6.556732662173706,2.7499741160323262e-11
FMBH,2019,0,0.072110903,0.093510903,1.069768238,4.021964133,0.519710519,0.423141824,20.28455285,21.90292854,4.500689802,12.48410088,12.48410088,21.58687943,27.44022095,4.116144792,15.09216171,15.09216171,8.253078155,0.090081695,1.116084485,15.74,35.34636,1.547714516,26.08940282,73.91059718,3839.426,345.862,0.352985956,0,0,0.021400000000000002,345862000.0,FMBH,,,FMBH,845612250.0,0.2426361334777691,converged,0.2426361334777691,2018,2018,unknown,0,845612250.0,345862000.0,0.021400000000000002,1.0,0.2426361334777691,1184151436.762482,0.1732684523217116,0.0,5,converged,7.313234577178842,7.13996612485713,7.13996612485713,4.667696133347371e-13
FMBH,2020,1,-0.11929336,-0.11489336,0.522747859,4.532642423,0.882375917,0.676018514,18.99807322,36.36073694,5.377026075,19.97065491,19.97065491,20.28455285,21.90292854,4.500689802,12.48410088,12.48410088,8.46090809,0.087633412,0.991695284,18.82,32.69424,0.894116706,31.2021291,68.7978709,4726.348,414.186,0.453533353,0,0,0.0044,414186000.0,FMBH,,,FMBH,807469739.9999999,0.2297925625625301,converged,0.2297925625625301,2019,2019,unknown,0,807469739.9999999,414186000.0,0.0044,1.0,0.2297925625625301,1219837325.0468743,0.1521108896674152,0.0,5,converged,7.20610144475438,7.0539905550869655,7.0539905550869655,8.692909250479386e-13
FMBH,2021,1,0.202628817,0.203028817,1.09345264,1.445937434,0.90671924,0.71525407,22.45895173,37.85619547,9.479098165,22.9130077,22.9130077,18.99807322,36.36073694,5.377026075,19.97065491,19.97065491,8.697275911,0.057847533,1.220481919,15.79,24.54386,1.250513676,26.18619741,73.81380259,5986.582,346.309,0.354760174,0,0,0.0004,346309000.0,FMBH,,,FMBH,773656165.37,0.584045208472064,converged,0.584045208472064,2020,2020,unknown,0,773656165.37,346309000.0,0.0004,1.0,0.584045208472064,1119695634.3723154,0.4039275710566677,0.0,5,converged,3.1081301785872655,2.704202607530598,2.704202607530598,0.0034234263669680816
FMBH,2022,1,-0.0049358,0.0092642,3.364005836,6.641073449,0.852572199,0.611841547,20.8198309,32.53163378,18.36233662,23.47481286,23.47481286,22.45895173,37.85619547,9.479098165,22.9130077,22.9130077,8.816440379,0.118679787,1.036258455,15.2,24.22416,4.431370061,34.17727985,65.82272015,6744.215,800.402,0.519232262,0,0,0.014199999999999999,800402000.0,FMBH,,,FMBH,656112222.0799999,0.27025753882489,converged,0.27025753882489,2021,2021,unknown,0,656112222.0799999,800402000.0,0.014199999999999999,1.0,0.27025753882489,1445228819.9131992,0.122692916077286,0.0,9,converged,4.993243577941616,4.87055066186433,4.87055066186433,5.564383076058525e-07
FMNB,2017,0,0.181105942,0.189105942,2.226481831,4.495243851,0.420777347,0.413649789,22.15799615,40.4285175,51.90002288,38.73655291,38.73655291,21.15270351,30.78321242,46.23293515,31.91233002,31.91233002,7.677432389,0.137355036,1.678307906,12.73,23.52352,2.669504071,2.20345175,97.79654825,2159.069,296.559,0.022530977,0,0,0.008,296559000.0,FMNB,,,FMNB,555197375.0,0.2878742111491288,converged,0.2878742111491288,2016,2016,unknown,0,555197375.0,296559000.0,0.008,1.0,0.2878742111491288,849393367.4947863,0.1881660645100954,0.0,5,converged,5.728872840460685,5.540706775950589,5.540706775950589,1.5062664346265195e-08
FMNB,2018,0,-0.218305998,-0.200205998,2.27922287,7.221510363,0.730532192,0.722430572,21.58687943,41.57671717,54.01176993,40.06628889,40.06628889,22.15799615,40.4285175,51.90002288,38.73655291,38.73655291,7.753135874,0.107688555,1.349759144,13.03,23.67823,3.244853633,1.448079483,98.55192052,2328.864,250.792,0.014693569,0,0,0.0181,250792000.0,FMNB,,,FMNB,479539970.0,0.3061659184540851,converged,0.3061659184540851,2017,2017,unknown,0,479539970.0,250792000.0,0.0181,1.0,0.3061659184540851,725833468.3623086,0.20227614952415443,0.0,5,converged,5.444312236969074,5.2420360874449194,5.2420360874449194,7.940714951103404e-08
FMNB,2019,0,0.076416794,0.097816794,1.9116772,6.444028889,0.880561802,0.802131467,20.28455285,37.59779318,55.512045,38.63284161,38.63284161,21.58687943,41.57671717,54.01176993,40.06628889,40.06628889,7.803499571,0.051200045,1.508763387,13.82,23.67823,2.391151043,11.35632556,88.64367444,2449.158,125.397,0.128112081,0,0,0.021400000000000002,125397000.0,FMNB,,,FMNB,614292960.0,0.3108871753220208,converged,0.3108871753220208,2018,2018,unknown,0,614292960.0,125397000.0,0.021400000000000002,1.0,0.3108871753220208,737034973.9280572,0.2591136310371585,0.0,7,converged,7.047566624066675,6.788452993029516,6.788452993029516,5.6671148142116286e-12
FMNB,2020,1,-0.088585422,-0.084185422,1.790841371,5.715556905,0.950188831,0.790106819,18.99807322,31.89961444,52.49068761,34.7188563,34.7188563,20.28455285,37.59779318,55.512045,38.63284161,38.63284161,8.029806712,0.025692673,1.068514104,14.72,23.67823,2.433600039,20.97770325,79.02229675,3071.148,78.906,0.265465623,0,0,0.0044,78906000.0,FMNB,,,FMNB,499489435.0,0.2217376236314955,converged,0.2217376236314955,2019,2019,unknown,0,499489435.0,78906000.0,0.0044,1.0,0.2217376236314955,578049011.2951236,0.1916024399736119,0.0,6,converged,10.512168513601349,10.320566073627736,10.320566073627736,2.844338403127841e-25
FMNB,2021,1,0.187900054,0.188300054,2.006544971,1.529692135,0.957627822,0.940694162,17.43215031,29.12833501,51.27057465,32.90506104,32.90506104,18.99807322,31.89961444,52.49068761,34.7188563,34.7188563,8.329114856,0.021183518,1.331011188,17.6,16.98201,2.194995656,2.12233424,97.87766576,4142.749,87.758,0.02168354,0,0,0.0004,87758000.0,FMNB,,,FMNB,628812277.8000001,0.5336472447403809,converged,0.5336472447403809,2020,2020,unknown,0,628812277.8000001,87758000.0,0.0004,1.0,0.5336472447403809,716535095.9786037,0.4683152854996714,0.0,5,converged,4.718837659269882,4.2505223737702105,4.2505223737702105,1.066362646155501e-05
FMNB,2022,1,-0.031902882,-0.017702882,3.786930865,7.250050385,0.850933916,0.730668407,15.8938172,28.06325838,51.66573557,32.51904096,32.51904096,17.43215031,29.12833501,51.27057465,32.90506104,32.90506104,8.314391338,0.044880457,1.645113208,17.79,16.70115,4.563943992,16.49950163,83.50049837,4082.2,183.211,0.197597643,0,0,0.014199999999999999,183211000.0,FMNB,,,FMNB,480858365.0,0.2790946576199474,converged,0.2790946576199474,2021,2021,unknown,0,480858365.0,183211000.0,0.014199999999999999,1.0,0.2790946576199474,661486153.0107327,0.20288406664022374,0.0,5,converged,6.499433645050461,6.296549578410237,6.296549578410237,1.5217198445567285e-10
FMNB,2023,1,0.018195936,0.067695936,4.625343138,6.667769281,0.864757512,0.738977313,14.03688525,29.99721008,54.71570311,34.57626932,34.57626932,15.8938172,28.06325838,51.66573557,32.51904096,32.51904096,8.532741685,0.087363612,1.339997453,14.06,16.70115,5.485229273,16.96660544,83.03339456,5078.35,443.663,0.20433472,0,0,0.0495,443663000.0,FMNB,,,FMNB,541915069.85,0.2524059001205898,converged,0.2524059001205898,2022,2022,unknown,0,541915069.85,443663000.0,0.0495,1.0,0.2524059001205898,964151435.3949851,0.1418683381287441,0.0,7,converged,5.891000285243572,5.749131947114828,5.749131947114828,4.48513974848962e-09
FNB,2018,0,-0.282396872,-0.264296872,1.782424702,7.25604494,1.077973657,0.80047817,55.6853594,35.24199685,68.37552743,45.76199717,45.76199717,22.15799615,37.95338502,62.12422787,41.189601,41.189601,10.40734898,0.143677119,0.709010212,11.54,30.29951,2.806193456,32.65072225,65.6481047,33102.0,4756.0,0.497359709,0,0,0.0181,4756000000.0,FNB,,,FNB,3540491197.44,0.230458556144432,converged,0.230458556144432,2017,2017,unknown,0,3540491197.44,4756000000.0,0.0181,1.0,0.230458556144432,8211181974.205265,0.09936894543654448,0.0,6,converged,5.727413057039716,5.628044111603172,5.628044111603172,9.113224217470717e-09
FNB,2019,0,0.069883779,0.091283779,1.254599235,6.724279186,1.298151872,0.948125962,60.98359474,50.51673546,63.97478198,54.07916311,54.07916311,55.6853594,35.24199685,68.37552743,45.76199717,45.76199717,10.45204239,0.13161924,0.864255635,11.81,30.29951,1.715938301,33.99129046,64.17550991,34615.0,4556.0,0.529661401,0,0,0.021400000000000002,4556000000.0,FNB,,,FNB,4569536403.2,0.2258627088394041,converged,0.2258627088394041,2018,2018,unknown,0,4569536403.2,4556000000.0,0.021400000000000002,1.0,0.2258627088394041,9029073835.121197,0.11430717442540161,0.0,9,converged,6.228286368731947,6.113979194306546,6.113979194306546,4.858849031365667e-10
FNB,2020,1,-0.265717625,-0.261317625,1.039471455,6.421764562,1.35443623,0.971352329,59.25299762,50.13008246,69.59727774,55.62759813,55.62759813,60.98359474,50.51673546,63.97478198,54.07916311,54.07916311,10.52819528,0.077608824,0.6297363,12.33,28.92898,1.691848473,34.60112922,62.35419905,37354.0,2899.0,0.554912576,0,0,0.0044,2899000000.0,FNB,,,FNB,3418157152.0,0.2426875507757233,converged,0.2426875507757233,2019,2019,unknown,0,3418157152.0,2899000000.0,0.0044,1.0,0.2426875507757233,6304429573.328758,0.1315811666867654,0.0,8,converged,6.003468922460076,5.871887755773311,5.871887755773311,2.1543021918832036e-09
FNB,2021,1,0.314305782,0.314705782,1.680981864,1.702231438,1.287031905,1.013192635,61.47505386,53.45441495,73.45014341,59.31632373,59.31632373,59.25299762,50.13008246,69.59727774,55.62759813,55.62759813,10.58438501,0.056437122,0.767135288,12.18,17.83439,1.763764018,24.22559007,73.64796355,39513.0,2230.0,0.328937677,0,0,0.0004,2230000000.0,FNB,,,FNB,3868663257.96,0.7514146598332491,converged,0.7514146598332491,2020,2020,unknown,0,3868663257.96,2230000000.0,0.0004,1.0,0.7514146598332491,6085951726.632503,0.4825238675356211,0.0,5,converged,2.3227787284288572,1.840254860893236,1.840254860893236,0.03286541451948241
FNB,2022,1,0.070275606,0.084475606,4.040994259,7.831155666,1.104788425,0.844794665,60.28748323,52.47607088,74.80550479,59.25412831,59.25412831,61.47505386,53.45441495,73.45014341,59.31632373,59.31632373,10.6856753,0.056894225,0.848203198,12.06,17.83439,4.844717276,26.73791445,71.38481728,43725.0,2487.7,0.374560242,0,0,0.014199999999999999,2487700000.0,FNB,,,FNB,4704134935.5,0.3298737298532217,converged,0.3298737298532217,2021,2021,unknown,0,4704134935.5,2487700000.0,0.014199999999999999,1.0,0.3298737298532217,7156759155.574628,0.21682591949218108,0.0,5,converged,5.0473919355085,4.830566016016319,4.830566016016319,6.807273185748804e-07
FNB,2023,1,0.031701785,0.081201785,4.291356666,7.118846619,1.090502686,0.873738594,59.45577574,47.47651275,75.98512911,57.24123376,54.36911988,60.28748323,52.47607088,74.80550479,59.25412831,59.25412831,10.73982557,0.097701374,0.831411925,12.16,17.83439,5.148483768,22.7092861,75.21210516,46158.0,4509.7,0.301936584,0,0,0.0495,4509700000.0,FNB,,,FNB,4941081072.09,0.2800020178100855,converged,0.2800020178100855,2022,2022,unknown,0,4941081072.09,4509700000.0,0.0495,1.0,0.2800020178100855,9232985796.639034,0.14984457448720467,0.0,7,converged,5.187231856209288,5.037387281722084,5.037387281722084,2.35964651345038e-07
FNLC,2018,0,-0.163023573,-0.144923573,-0.144923573,6.854896849,0.662863034,0.662863034,21.58687943,25.31041655,70.75616256,38.02618513,38.02618513,22.15799615,26.87455264,75.3042782,40.43931826,40.43931826,7.572796152,0.108156045,1.491514766,15.19,24.72519,0.0,0.0,100.0,1944.57,210.317,0.0,0,0,0.0181,210317000.0,FNLC,,,FNLC,294620490.0,0.2908618204504384,converged,0.2908618204504384,2017,2017,unknown,0,294620490.0,210317000.0,0.0181,1.0,0.2908618204504384,501164995.2867093,0.17098931257735817,0.0,6,converged,5.269558204321188,5.09856889174383,5.09856889174383,1.711154902257015e-07
FNLC,2019,0,0.009576097,0.030976097,0.030976097,5.675130103,0.65578422,0.65578422,20.28455285,23.83016126,64.67473204,35.10266352,35.10266352,21.58687943,25.31041655,70.75616256,38.02618513,38.02618513,7.634722075,0.089402242,1.550450422,15.27,24.72519,0.0,0.0,100.0,2068.796,184.955,0.0,0,0,0.021400000000000002,184955000.0,FNLC,,,FNLC,338645529.0,0.2311573176671234,converged,0.2311573176671234,2018,2018,unknown,0,338645529.0,184955000.0,0.021400000000000002,1.0,0.2311573176671234,519684542.50166374,0.15063059554764605,0.0,5,converged,7.075947688382892,6.925317092835246,6.925317092835246,2.175000210329969e-12
FNLC,2020,1,-0.234541066,-0.230141066,-0.230141066,4.366069083,0.577401088,0.577401088,18.99807322,22.14388071,66.68378133,34.98952611,34.98952611,20.28455285,23.83016126,64.67473204,35.10266352,35.10266352,7.76694049,0.11097493,1.243205263,14.82,24.72519,0.0,0.0,100.0,2361.236,262.038,0.0,0,0,0.0044,262038000.0,FNLC,,,FNLC,284538420.0,0.199318173717395,converged,0.199318173717395,2019,2019,unknown,0,284538420.0,262038000.0,0.0044,1.0,0.199318173717395,545425985.6608177,0.10398052534689028,0.0,9,converged,7.144448975945491,7.040468450598601,7.040468450598601,9.57972946910927e-13
FNLC,2021,1,0.201270386,0.201670386,0.201670386,1.515266,0.529606677,0.529606677,17.43215031,20.60250835,62.73654827,32.80400152,32.80400152,18.99807322,22.14388071,66.68378133,34.98952611,34.98952611,7.834827284,0.053951982,1.405867616,14.27,15.87907,0.0,0.0,100.0,2527.099,136.342,0.0,0,0,0.0004,136342000.0,FNLC,,,FNLC,345361221.0,0.7048347965876601,converged,0.7048347965876601,2020,2020,unknown,0,345361221.0,136342000.0,0.0004,1.0,0.7048347965876601,481385490.787427,0.5072220035787777,0.0,5,converged,2.741480103160948,2.23425809958217,2.23425809958217,0.012733047789796871
FNLC,2022,1,0.101901885,0.116101885,0.116101885,6.257118997,0.522655234,0.522655234,17.26625006,22.12329152,72.41089298,37.2387044,37.2387044,17.43215031,20.60250835,62.73654827,32.80400152,32.80400152,7.915413154,0.037778852,1.444559388,13.58,15.87907,0.0,0.0,100.0,2739.178,103.483,0.0,0,0,0.014199999999999999,103483000.0,FNLC,,,FNLC,330692868.84000003,0.2940576807024087,converged,0.2940576807024087,2021,2021,unknown,0,330692868.84000003,103483000.0,0.014199999999999999,1.0,0.2940576807024087,432716794.18682367,0.22472614732142804,0.0,5,converged,6.541860167053292,6.3171340197318635,6.3171340197318635,1.3322924787082406e-10
FNLC,2023,1,0.006176513,0.055676513,0.055676513,5.760885143,0.538415185,0.538415185,18.32471056,28.64871722,76.36546852,42.31877925,42.31877925,17.26625006,22.12329152,72.41089298,37.2387044,37.2387044,7.9884405,0.023637305,1.288417216,13.66,15.87907,0.0,0.0,100.0,2946.698,69.652,0.0,0,0,0.0495,69652000.0,FNLC,,,FNLC,313187168.54,0.2337067969647312,converged,0.2337067969647312,2022,2022,unknown,0,313187168.54,69652000.0,0.0495,1.0,0.2337067969647312,379475336.2413973,0.19288202989793937,0.0,8,converged,9.142271726542866,8.949389696644927,8.949389696644927,1.7872656256554464e-19
FNWB,2018,0,-0.223261428,-0.205161428,-0.205161428,6.028484155,0.531294193,0.531294193,21.58687943,34.37928964,44.07617144,32.91954938,32.91954938,22.15799615,13.41452078,63.00274537,29.33459064,29.33459064,7.1378808,0.108481535,0.961613378,18.2,23.69118,0.0,0.0,100.0,1258.758,136.552,0.0,0,0,0.0181,136552000.0,FNWB,,,FNWB,132340695.5,0.2155351926134331,converged,0.2155351926134331,2017,2017,unknown,0,132340695.5,136552000.0,0.0181,1.0,0.2155351926134331,266443337.9057871,0.10705495427230768,0.0,9,converged,6.466646005527291,6.359591051254983,6.359591051254983,1.0114579571473777e-10
FNWB,2019,0,0.019441665,0.040841665,0.040841665,4.771467563,0.498094828,0.498094828,20.28455285,37.17344836,46.13074392,35.0450982,35.0450982,21.58687943,34.37928964,44.07617144,32.91954938,32.91954938,7.175746758,0.086381772,1.100161238,18.7,23.69118,0.0,0.0,100.0,1307.336,112.93,0.0,0,0,0.021400000000000002,112930000.0,FNWB,,,FNWB,161789400.5,0.1982821281792448,converged,0.1982821281792448,2018,2018,unknown,0,161789400.5,112930000.0,0.021400000000000002,1.0,0.1982821281792448,272328373.7364738,0.11779876726443973,0.0,7,converged,7.7129730020128395,7.5951742347483995,7.5951742347483995,1.536892842515484e-14
FNWB,2020,1,-0.179972663,-0.175572663,-0.175572663,6.781281429,0.982835209,0.982835209,18.99807322,34.18191912,66.69787577,40.96546716,40.96546716,20.28455285,37.17344836,46.13074392,35.0450982,35.0450982,7.411162857,0.066477509,0.857675249,14.59,22.19782,0.0,0.0,100.0,1654.349,109.977,0.0,0,0,0.0044,109977000.0,FNWB,,,FNWB,139212060.0,0.1929489508160646,converged,0.1929489508160646,2019,2019,unknown,0,139212060.0,109977000.0,0.0044,1.0,0.1929489508160646,248706224.22287974,0.10800220732376536,0.0,8,converged,7.650152560530995,7.54215035320723,7.54215035320723,2.3114215291618476e-14
FNWB,2021,1,0.183935711,0.184335711,1.750317562,1.613752718,1.010953711,0.861838003,21.40868284,33.89633285,70.14557758,42.63760971,42.63760971,18.99807322,34.18191912,66.69787577,40.96546716,40.96546716,7.560643327,0.062090042,1.054919589,14.9,22.22055,2.056488658,18.19707963,81.80292037,1921.081,119.28,0.222450244,0,0,0.0004,119280000.0,FNWB,,,FNWB,201747680.54,0.7508871632213281,converged,0.7508871632213281,2020,2020,unknown,0,201747680.54,119280000.0,0.0004,1.0,0.7508871632213281,320334653.60847133,0.47794552746740115,0.0,5,converged,2.3067660887190913,1.8288205612516901,1.8288205612516901,0.03371324685965851
FNWB,2022,1,0.037274794,0.051474794,0.051474794,7.184823545,0.722527709,0.722527709,19.65513895,27.03509348,60.12211316,35.59499744,35.59499744,21.40868284,33.89633285,70.14557758,42.63760971,42.63760971,7.621719278,0.139739578,0.922474697,14.42,18.7269,0.0,0.0,100.0,2042.07,285.358,0.0,0,0,0.014199999999999999,285358000.0,FNWB,,,FNWB,149047004.16,0.2721458115254915,converged,0.2721458115254915,2021,2021,unknown,0,149047004.16,285358000.0,0.014199999999999999,1.0,0.2721458115254915,430381533.18698084,0.0942480616450028,0.0,9,converged,4.557854140360446,4.463606078715443,4.463606078715443,4.029583520966464e-06
FNWB,2023,1,-0.02168126,0.02781874,4.32681231,6.159170035,0.753897963,0.567517031,34.93700617,24.25372119,62.80580521,35.89478149,35.89478149,19.65513895,27.03509348,60.12211316,35.59499744,35.59499744,7.697029124,0.14576094,0.938002347,14.11,18.14516,5.261703554,28.63341424,71.36658576,2201.797,320.936,0.401215974,0,0,0.0495,320936000.0,FNWB,,,FNWB,143930787.9,0.2593996134565291,converged,0.2593996134565291,2022,2022,unknown,0,143930787.9,320936000.0,0.0495,1.0,0.2593996134565291,449367224.2391619,0.08308492495357295,0.0,6,converged,4.688579199110211,4.605494274156638,4.605494274156638,2.0574365433532162e-06
FRAF,2020,1,-0.194503396,-0.190103396,2.346522566,6.193343498,0.996640823,0.848107738,18.99807322,18.23655272,78.02476593,37.13424588,37.13424588,22.15799615,14.69062589,77.53260124,35.19828689,35.19828689,7.336310415,0.012739098,0.817244349,17.69,16.61597734,3.002527743,17.35768512,82.64231488,1535.038,19.555,0.210033869,0,0,0.0044,19555000.0,FRAF,,,FRAF,120507849.0,0.2299470502729422,converged,0.2299470502729422,2019,2019,unknown,0,120507849.0,19555000.0,0.0044,1.0,0.2299470502729422,139976996.0163644,0.19796413263185947,0.0,6,converged,10.063651223836235,9.865687091204375,9.865687091204375,2.9315820042001036e-23
FRAF,2021,1,0.216697108,0.217097108,2.215127818,1.62349365,0.909752447,0.813978307,17.43215031,17.14773025,78.64472038,36.81737354,36.81737354,18.99807322,18.23655272,78.02476593,37.13424588,37.13424588,7.4808828,0.011042921,0.935851756,18.41,15.62673176,2.399575749,12.23865843,87.76134157,1773.806,19.588,0.139453867,0,0,0.0004,19588000.0,FRAF,,,FRAF,147123900.0,0.638957587426347,converged,0.638957587426347,2020,2020,unknown,0,147123900.0,19588000.0,0.0004,1.0,0.638957587426347,166703532.36284637,0.5639235683075849,0.0,5,converged,4.079816610577896,3.515893042270311,3.515893042270311,0.00021913875417794643
FRAF,2022,1,0.084158012,0.098358012,4.239256137,6.050960466,0.511289449,0.457210167,17.26625006,23.79954139,65.51582868,35.58790119,35.58790119,17.43215031,17.14773025,78.64472038,36.81737354,36.81737354,7.438135852,0.0115458,1.387894005,17.21,16.37640793,4.966405133,12.39171467,87.60828533,1699.579,19.623,0.141444552,0,0,0.014199999999999999,19623000.0,FRAF,,,FRAF,160944630.0,0.2875011434182829,converged,0.2875011434182829,2021,2021,unknown,0,160944630.0,19623000.0,0.014199999999999999,1.0,0.2875011434182829,180290952.45985082,0.25665051161087554,0.0,5,converged,8.825247723699752,8.568597212088877,8.568597212088877,5.23766201779219e-18
FRAF,2023,1,0.054567448,0.104067448,4.303613385,5.219971767,0.432782509,0.267923315,15.2370401,20.96181214,63.63003244,33.4766928,33.4766928,17.26625006,23.79954139,65.51582868,35.58790119,35.58790119,7.515365813,0.081512974,1.043715097,14.45,14.89780959,4.986024168,41.9630198,58.0369802,1836.039,149.661,0.723039339,0,0,0.0495,149661000.0,FRAF,,,FRAF,140659365.0,0.181784459755404,converged,0.181784459755404,2022,2022,unknown,0,140659365.0,149661000.0,0.0495,1.0,0.181784459755404,283092510.715708,0.09032273131547114,0.0,9,converged,7.650124045236039,7.559801313920568,7.559801313920568,2.018427557583341e-14
FRBA,2018,0,-0.25870401,-0.24060401,1.711780048,5.468790121,0.481459658,0.452554279,21.58687943,23.63745842,20.42971352,19.07887624,19.07887624,22.15799615,26.83620551,30.77442233,24.38954997,24.38954997,7.444926198,0.067326882,1.161765786,13.12,32.5968,2.865676705,8.655822694,91.34417731,1711.159,115.207,0.09476053,0,0,0.0181,115207000.0,FRBA,,,FRBA,303529644.0,0.293088593535058,converged,0.293088593535058,2017,2017,unknown,0,303529644.0,115207000.0,0.0181,1.0,0.293088593535058,416670155.4343665,0.21350479586594723,0.0,5,converged,6.2127716985465415,5.999266902680595,5.999266902680595,9.910516685622319e-10
FRBA,2019,0,-0.019594069,0.001805931,1.70793353,3.972396385,0.391295327,0.361044801,20.28455285,11.11455087,25.19049135,14.58139412,14.58139412,21.58687943,23.63745842,20.42971352,19.07887624,19.07887624,7.606679242,0.063352965,0.99856554,12.77,27.53911,2.354807917,10.36449707,89.63550293,2011.587,127.44,0.115629374,0,0,0.021400000000000002,127440000.0,FRBA,,,FRBA,276732885.0,0.1934876231234213,converged,0.1934876231234213,2018,2018,unknown,0,276732885.0,127440000.0,0.021400000000000002,1.0,0.1934876231234213,401474643.1608126,0.13336929012100351,0.0,5,converged,8.831061432733309,8.697692142612306,8.697692142612306,1.6935096323766963e-18
FRBA,2020,1,-0.292176331,-0.287776331,1.449358216,5.561023308,0.907981257,0.774600579,18.99807322,11.77841362,36.44618947,18.96272136,18.96272136,20.28455285,11.11455087,25.19049135,14.58139412,14.58139412,7.760582112,0.081253649,0.776354033,12.9,28.95044,2.365948217,19.50777154,80.49222846,2346.27,190.643,0.242355963,0,0,0.0044,190643000.0,FRBA,,,FRBA,234909906.00000003,0.1669628277229951,converged,0.1669628277229951,2019,2019,unknown,0,234909906.00000003,190643000.0,0.0044,1.0,0.1669628277229951,424715919.53108275,0.09234695706303199,0.0,8,converged,8.767824708612387,8.675477751549355,8.675477751549355,2.0590895434281943e-18
FRBA,2021,1,0.220957081,0.221357081,1.537747622,1.550603887,0.905094923,0.84105444,17.43215031,12.81663052,33.92626817,18.57050528,18.57050528,18.99807322,11.77841362,36.44618947,18.96272136,18.96272136,7.833498792,0.04949036,1.059542655,12.97,28.86817,1.880725585,9.669437854,90.33056215,2523.744,124.901,0.107045031,0,0,0.0004,124901000.0,FRBA,,,FRBA,282544001.64,0.7253364254012042,converged,0.7253364254012042,2020,2020,unknown,0,282544001.64,124901000.0,0.0004,1.0,0.7253364254012042,407028908.95657665,0.5059376625080212,0.0,5,converged,2.5887561749648094,2.082818512456788,2.082818512456788,0.01863388474503741
FRBKQ,2017,0,0.042985993,0.050985993,1.692831365,7.406563752,1.029745822,1.001493761,22.15799615,33.12164755,25.58567833,25.63918139,25.63918139,21.15270351,40.02660897,22.92235495,28.10524583,28.10524583,7.750333591,0.009335814,2.127432873,16.7,31.375235,2.395430458,3.948439054,96.05156095,2322.347,21.681,0.041107495,0,0,0.008,21681000.0,FRBKQ,,,FRBKQ,594972950.0,0.4041191678202191,converged,0.4041191678202191,2016,2016,unknown,0,594972950.0,21681000.0,0.008,1.0,0.4041191678202191,616481193.945583,0.3900199645843277,0.0,4,converged,8.798650363105835,8.408630398521508,8.408630398521508,2.074130255267996e-17
FRBKQ,2018,0,-0.210395004,-0.192295004,2.000770199,9.75102428,1.152524942,1.130789292,21.58687943,34.68219933,24.41150344,25.9905121,25.9905121,22.15799615,33.12164755,25.58567833,25.63918139,25.63918139,7.920554382,0.037293834,1.432052621,15.03,28.26105,3.050013024,2.609472017,97.39052798,2753.297,102.681,0.026793899,0,0,0.0181,102681000.0,FRBKQ,,,FRBKQ,420353670.0,0.2662389911379105,converged,0.2662389911379105,2017,2017,unknown,0,420353670.0,102681000.0,0.0181,1.0,0.2662389911379105,521192862.5401167,0.21472768540322293,0.0,5,converged,7.757020443059188,7.542292757655965,7.542292757655965,2.3088981075048304e-14
FRBKQ,2019,0,-0.052210229,-0.030810229,2.063440258,6.609785034,0.850378354,0.820826007,20.28455285,36.14500154,31.22254059,29.16803538,29.16803538,21.58687943,34.68219933,24.41150344,25.9905121,25.9905121,8.114112239,0.003371452,0.987563165,12.37,20.99961,2.649236998,4.358701133,95.64129887,3341.29,11.265,0.045573421,0,0,0.021400000000000002,11265000.0,FRBKQ,,,FRBKQ,294317980.0,0.2812959502049284,converged,0.2812959502049284,2018,2018,unknown,0,294317980.0,11265000.0,0.021400000000000002,1.0,0.2812959502049284,305344470.1575751,0.27113789158775214,0.0,4,converged,12.384465462336186,12.113327570748433,12.113327570748433,4.488834936120558e-34
FRCB,2016,0,0.494822577,0.496822577,2.032453444,7.153789567,0.990237747,0.933310636,21.15270351,36.37394181,50.95136519,36.38396661,36.38396661,18.2821119,30.57960897,36.86887255,28.44028017,28.44028017,11.20201259,0.092951898,2.464239347,14.46,30.3649,2.317255947,7.384160471,84.30171399,73277.772,6811.308,0.087592056,0,0,0.002,6811308000.0,FRCB,,,FRCB,17158219397.12,0.2219027008766539,converged,0.2219027008766539,2015,2015,unknown,0,17158219397.12,6811308000.0,0.002,1.0,0.2219027008766539,23955918394.65904,0.15893589065329003,0.0,5,converged,8.004872525426626,7.845936634773335,7.845936634773335,2.1486694996649502e-15
FRCB,2017,0,0.421201892,0.429201892,2.094499596,6.621407901,0.947147187,0.865864427,22.15799615,43.10584389,56.75932281,41.81385478,41.81385478,21.15270351,36.37394181,50.95136519,36.38396661,36.38396661,11.38259474,0.114738538,2.05165595,14.11,27.29984,2.384644382,10.85649086,84.07682295,87780.507,10071.807,0.129125846,0,0,0.008,10071807000.0,FRCB,,,FRCB,16134014853.12,0.2726227605801013,converged,0.2726227605801013,2016,2016,unknown,0,16134014853.12,10071807000.0,0.008,1.0,0.2726227605801013,26125568834.697853,0.16835995854265473,0.0,6,converged,5.793223610665877,5.6248636521232225,5.6248636521232225,9.28272783336332e-09
FRCB,2018,0,-0.66556266,-0.64746266,1.846486442,7.665253768,0.905397312,0.833918167,21.58687943,38.74555725,52.45280924,38.10080772,38.10080772,22.15799615,43.10584389,56.75932281,41.81385478,41.81385478,11.50494575,0.105578201,1.851950432,13.43,24.52842161,3.169590924,9.571389477,84.27572594,99205.204,10473.907,0.113572317,0,0,0.0181,10473907000.0,FRCB,,,FRCB,16182431795.2,0.191040756028178,converged,0.191040756028178,2017,2017,unknown,0,16182431795.2,10473907000.0,0.0181,1.0,0.191040756028178,26468466452.302635,0.11679951361941451,0.0,6,converged,8.150616353192952,8.033816839573538,8.033816839573538,4.724310884502971e-16
FRCB,2019,0,-0.167573742,-0.146173742,2.013123315,6.74863594,0.908832993,0.85445229,24.26353182,55.91865254,44.99461777,44.50668703,44.50668703,21.58687943,38.74555725,52.45280924,38.10080772,38.10080772,11.6636156,0.122786494,2.274782765,12.73,18.81773,2.638232185,6.8999813,88.01407063,116263.634,14275.604,0.078396343,0,1,0.021400000000000002,14275604000.0,FRCB,,,FRCB,21871422489.6,0.2329726657499354,converged,0.2329726657499354,2018,2018,unknown,0,21871422489.6,14275604000.0,0.021400000000000002,1.0,0.2329726657499354,35844774198.462845,0.1421530395871936,0.0,6,converged,6.698059131298874,6.55590609171168,6.55590609171168,2.7652513949543624e-11
FRCB,2020,1,0.11419572,0.11859572,1.826030046,6.516784653,1.056269296,0.980876283,25.20943496,53.52827411,49.48689777,45.25974325,45.25974325,24.26353182,55.91865254,44.99461777,44.50668703,44.50668703,11.86711225,0.094942143,2.506849546,12.55,18.62841,2.120764966,7.991076817,84.59822353,142502.134,13529.458,0.094459156,0,1,0.0044,13529458000.0,FRCB,,,FRCB,25565820000.0,0.2308357250030865,converged,0.2308357250030865,2019,2019,unknown,0,25565820000.0,13529458000.0,0.0044,1.0,0.2308357250030865,39035879158.09448,0.15118154689998797,0.0,5,converged,7.11356492563266,6.962383378732672,6.962383378732672,1.6728176567211036e-12
FRME,2016,0,0.315468695,0.317468695,1.6994992,6.824106329,1.096406459,0.898302705,21.15270351,14.01102426,60.28583618,28.65236906,28.65236906,18.2821119,19.31591451,42.85334967,25.00789948,25.00789948,8.883447645,0.096261016,1.708606064,14.21,26.01617,1.966582327,22.96113388,77.03004352,7211.611,694.197,0.29808024,0,0,0.002,694197000.0,FRME,,,FRME,2195258550.0,0.1941729067666536,converged,0.1941729067666536,2015,2015,unknown,0,2195258550.0,694197000.0,0.002,1.0,0.1941729067666536,2888068543.468873,0.14759335775528074,0.0,5,converged,9.74623366001229,9.59864030225701,9.59864030225701,4.050297440883307e-22
FRME,2017,0,0.22139005,0.22939005,1.760400864,6.263330923,0.911334077,0.803682807,22.15799615,18.07911711,63.43056509,31.80224552,31.80224552,21.15270351,14.01102426,60.28583618,28.65236906,28.65236906,9.144999182,0.089072747,1.586384722,13.69,26.01617,2.116928839,15.32878465,84.66619666,9367.478,834.387,0.181049643,0,0,0.008,834387000.0,FRME,,,FRME,2452392420.0,0.2396645910894054,converged,0.2396645910894054,2016,2016,unknown,0,2452392420.0,834387000.0,0.008,1.0,0.2396645910894054,3280130953.3251567,0.17918541512331226,0.0,5,converged,7.77404236503081,7.594856949907498,7.594856949907498,1.540663188332131e-14
FRME,2018,0,-0.304087915,-0.285987915,1.810516113,8.094605821,0.992587589,0.889287938,21.58687943,13.29085581,30.58072396,17.60132511,17.60132511,22.15799615,18.07911711,63.43056509,31.80224552,31.80224552,9.198745005,0.067878632,1.20103374,14.61,25.40861,2.758973447,13.4738253,86.52132426,9884.716,670.961,0.155728376,0,0,0.0181,670961000.0,FRME,,,FRME,1998180890.0,0.2196615728644064,converged,0.2196615728644064,2017,2017,unknown,0,1998180890.0,670961000.0,0.0181,1.0,0.2196615728644064,2657106742.552165,0.1651885301166354,0.0,5,converged,8.523749985613447,8.358561455496812,8.358561455496812,3.174382058861539e-17
FRME,2019,0,0.070585847,0.091985847,1.565253807,7.346524679,1.093677887,0.979404991,20.28455285,14.24998759,41.24482649,21.91613138,21.91613138,21.58687943,13.29085581,30.58072396,17.60132511,17.60132511,9.430058383,0.058817377,1.289122598,14.29,25.40861,1.991803942,13.52553331,86.469347,12457.254,732.703,0.156419977,0,0,0.021400000000000002,732703000.0,FRME,,,FRME,2424988130.0,0.235655597044118,converged,0.235655597044118,2018,2018,unknown,0,2424988130.0,732703000.0,0.021400000000000002,1.0,0.235655597044118,3142177869.718226,0.18186813391673268,0.0,5,converged,8.214022813425855,8.032154679509121,8.032154679509121,4.788775608632358e-16
FRME,2020,1,-0.19572749,-0.19132749,0.879229947,7.099320832,1.334666338,1.081331649,18.99807322,11.68891147,49.80871841,23.72883872,23.72883872,20.28455285,14.24998759,41.24482649,21.91613138,21.91613138,9.551601836,0.048688546,1.075560618,14.36,24.25558,1.353694387,23.62171862,76.37063289,14067.21,684.912,0.309303691,0,0,0.0044,684912000.0,FRME,,,FRME,2181264870.0,0.2542841409135349,converged,0.2542841409135349,2019,2019,unknown,0,2181264870.0,684912000.0,0.0044,1.0,0.2542841409135349,2863169877.4349246,0.19372272247774103,0.0,5,converged,7.503293903559186,7.309571181081445,7.309571181081445,1.3399812908802972e-13
FRME,2021,1,0.269192252,0.269592252,1.578953164,1.523586372,1.217614355,1.092861416,19.0205481,15.08951085,43.09196318,23.22623341,23.22623341,18.99807322,11.68891147,49.80871841,23.72883872,23.72883872,9.64556808,0.041043415,1.169895577,13.92,15.41369,1.585870101,11.8901137,88.10496729,15453.149,634.25,0.134953954,0,0,0.0004,634250000.0,FRME,,,FRME,2237362116.79,0.6091537635360185,converged,0.6091537635360185,2020,2020,unknown,0,2237362116.79,634250000.0,0.0004,1.0,0.6091537635360185,2871234292.147667,0.47482254511083033,0.0,5,converged,3.4185030305717405,2.94368048546091,2.94368048546091,0.0016216732457239684
FRME,2022,1,0.011030469,0.025230469,4.225742035,8.155755427,1.102156124,0.920840927,17.26625006,15.75208013,34.68449677,20.49708092,20.49708092,19.0205481,15.08951085,43.09196318,23.22623341,23.22623341,9.798249196,0.072988028,1.210414112,13.08,15.13275,4.955320093,18.66553592,80.45091734,18002.199,1313.945,0.232011474,0,0,0.014199999999999999,1313945000.0,FRME,,,FRME,2432502667.13,0.3133299803814269,converged,0.3133299803814269,2021,2021,unknown,0,2432502667.13,1313945000.0,0.014199999999999999,1.0,0.3133299803814269,3727921485.776668,0.20445067507136164,0.0,5,converged,5.272258516880403,5.067807841809041,5.067807841809041,2.0121167434900626e-07
FRME,2023,1,0.005387014,0.054887014,4.511233736,7.378158382,1.111835094,0.958589464,16.18572488,24.81612737,36.5550897,25.77806438,25.77806438,17.26625006,15.75208013,34.68449677,20.49708092,20.49708092,9.820425838,0.055893856,0.991387717,13.67,14.64305,5.231661046,15.57626457,83.16618038,18405.887,1028.776,0.187290849,0,0,0.0495,1028776000.0000001,FRME,,,FRME,2203446443.76,0.2674973148492103,converged,0.2674973148492103,2022,2022,unknown,0,2203446443.76,1028776000.0000001,0.0495,1.0,0.2674973148492103,3182537869.5222635,0.18520314017399733,0.0,5,converged,6.457554148598008,6.27235100842401,6.27235100842401,1.7781835618872415e-10
FRST,2017,0,0.147077611,0.155077611,1.826870345,4.116001891,0.393925413,0.351594092,24.17324669,36.50075429,26.61747884,27.97686259,27.97686259,23.24383959,30.32653896,45.80204778,31.83182412,31.83182412,7.868733294,0.155970044,1.188768981,13.8,33.06938,2.533124379,15.24599075,84.75400925,2614.252,407.745,0.179885186,0,0,0.008,407745000.0,FRST,,,FRST,396304881.0,0.1913985081183048,converged,0.1913985081183048,2016,2016,unknown,0,396304881.0,407745000.0,0.008,1.0,0.1913985081183048,800800934.1152345,0.0947203727568362,0.0,6,converged,7.257745825600484,7.163025452843648,7.163025452843648,3.945784509383002e-13
FRST,2018,0,-0.240350619,-0.222250619,1.912531256,6.173632353,0.648396675,0.573761282,23.52538211,25.96798046,25.73728625,22.42468574,22.42468574,24.17324669,36.50075429,26.61747884,27.97686259,27.97686259,7.901486567,0.088377611,0.912948361,14.92,33.40749,3.151198753,16.34170021,83.65829979,2701.295,238.734,0.19533866,0,0,0.0181,238734000.0,FRST,,,FRST,326834094.0,0.2025197837817794,converged,0.2025197837817794,2017,2017,unknown,0,326834094.0,238734000.0,0.0181,1.0,0.2025197837817794,561285879.5525335,0.11792630581561846,0.0,7,converged,7.461725390732485,7.343799084916866,7.343799084916866,1.038073554245594e-13
FRST,2019,0,0.002152939,0.023552939,1.37140318,6.327868503,0.912909751,0.809918986,22.06022092,25.76659565,12.76769606,17.63229823,17.63229823,23.52538211,25.96798046,25.73728625,22.42468574,22.42468574,7.909184635,0.070240286,1.048051725,15.29,33.40749,2.029697736,16.03378,83.96622,2722.17,191.206,0.190955125,0,0,0.021400000000000002,191206000.0,FRST,,,FRST,404216145.00000006,0.1943946146875228,converged,0.1943946146875228,2018,2018,unknown,0,404216145.00000006,191206000.0,0.021400000000000002,1.0,0.1943946146875228,591373808.2995716,0.13287271207716525,0.0,5,converged,8.725076041726014,8.592203329648848,8.592203329648848,4.265861809899062e-18
FRST,2020,1,-0.161039718,-0.156639718,1.628106162,3.945430304,1.00577215,0.426616641,20.85479836,33.38469776,11.61985302,21.00932559,21.00932559,22.06022092,25.76659565,12.76769606,17.63229823,17.63229823,8.035496828,0.074916963,0.7556033,17.09,30.88413139,2.43207606,66.26377196,33.73622804,3088.673,231.394,1.964172517,0,0,0.0044,231394000.0,FRST,,,FRST,299391897.0,0.2004698078447447,converged,0.2004698078447447,2019,2019,unknown,0,299391897.0,231394000.0,0.0044,1.0,0.2004698078447447,529770000.0214094,0.11329262987141342,0.0,7,converged,7.406824925692043,7.29353229582063,7.29353229582063,1.5096614979712528e-13
FRST,2021,1,0.15225762,0.15265762,1.729213788,1.644591785,1.021967718,0.824682817,19.0205481,34.08947455,24.31922278,25.89202886,25.89202886,20.85479836,33.38469776,11.61985302,21.00932559,21.00932559,8.133172304,0.060192284,0.901383209,18.73,21.97215552,2.066412431,23.46486853,76.53513147,3405.586,204.99,0.306589511,0,0,0.0004,204990000.0,FRST,,,FRST,369602269.76,0.731713233582238,converged,0.731713233582238,2020,2020,unknown,0,369602269.76,204990000.0,0.0004,1.0,0.731713233582238,573652953.4734992,0.47529819011411056,0.0,5,converged,2.40358077068058,1.9282825805664694,1.9282825805664694,0.026909993652557595
FRST,2022,1,0.018355417,0.032555417,3.632808034,6.750046651,0.789874053,0.619816055,17.26625006,34.43445701,36.36606102,30.38823832,30.38823832,19.0205481,34.08947455,24.31922278,25.89202886,25.89202886,8.179385984,0.119651585,0.751884858,14.33,21.96275942,4.624357796,26.01288092,73.98711908,3566.664,426.757,0.351586617,0,0,0.014199999999999999,426757000.0,FRST,,,FRST,292459149.45,0.2828783983156107,converged,0.2828783983156107,2021,2021,unknown,0,292459149.45,426757000.0,0.014199999999999999,1.0,0.2828783983156107,713198988.4112304,0.11599925161904413,0.0,9,converged,4.60756090017571,4.491561648556666,4.491561648556666,3.5351414291457935e-06
FRST,2023,1,-0.052286881,-0.002786881,3.775021081,6.052738672,0.791689494,0.571421294,15.2370401,31.33921767,28.76077564,26.08324857,26.08324857,17.26625006,34.43445701,36.36606102,30.38823832,30.38823832,8.257527243,0.038643906,0.831068499,13.44,21.9457,4.838793821,33.05905268,66.94094732,3856.546,149.032,0.493853971,0,0,0.0495,149032000.0,FRST,,,FRST,312615557.52,0.2190092394224687,converged,0.2190092394224687,2022,2022,unknown,0,312615557.52,149032000.0,0.0495,1.0,0.2190092394224687,454450080.64741325,0.15065614112742992,0.0,5,converged,7.80436597983833,7.6537098387109,7.6537098387109,9.763129887314775e-15
FSBC,2022,1,0.07114267,0.08534267,5.170667998,6.73897331,0.691765945,0.575865955,40.79097445,25.04698316,65.15935711,37.34742168,37.34742168,42.64553224,27.47165779,67.38881562,39.21157808,39.21157808,8.079357463,0.053795304,1.857688378,12.46,3.52011,5.286133173,17.25999732,82.74000268,3227.159,173.606,0.20860523,0,0,0.014199999999999999,173606000.0,FSBC,,,FSBC,581873640.0,0.2950329717842519,converged,0.2950329717842519,2021,2021,unknown,0,581873640.0,173606000.0,0.014199999999999999,1.0,0.2950329717842519,753031855.2023792,0.22797429886845452,0.0,5,converged,6.612610787288293,6.384636488419839,6.384636488419839,8.590254433214918e-11
FSBC,2023,1,-0.124061534,-0.074561534,4.502045766,6.46746143,0.829303145,0.693859044,36.44674746,21.8740279,66.64858331,36.14353445,36.14353445,40.79097445,25.04698316,65.15935711,37.34742168,37.34742168,8.186777576,0.067837607,1.580927488,12.3,8.325200791,4.977941597,17.55507875,82.44492125,3593.125,243.749,0.212930991,0,0,0.0495,243749000.0,FSBC,,,FSBC,559230980.0,0.3452192753524162,converged,0.3452192753524162,2022,2022,unknown,0,559230980.0,243749000.0,0.0495,1.0,0.3452192753524162,791208155.824019,0.24400322134377161,0.0,5,converged,5.1503044107863145,4.906301189442543,4.906301189442543,4.640498544998843e-07
FSBW,2018,0,-0.261643876,-0.243543876,1.619765823,7.897219515,0.867478887,0.840993036,21.58687943,40.85605828,46.66999778,37.06580411,37.06580411,22.15799615,44.22139655,55.93342485,42.06984563,42.06984563,7.391195728,0.090657382,1.066332498,13.52,33.99562,2.806205258,4.554135048,95.44586495,1621.644,147.014,0.047714325,0,0,0.0181,147014000.0,FSBW,,,FSBW,164469970.74924,0.2129023284226484,converged,0.2129023284226484,2017,2017,unknown,0,164469970.74924,147014000.0,0.0181,1.0,0.2129023284226484,308846954.35734665,0.11337667413896915,0.0,8,converged,6.763694397120074,6.650317722981105,6.650317722981105,1.4623049593257163e-11
FSBW,2019,0,0.081000436,0.102400436,1.302184309,7.851720335,1.080450945,1.050261195,20.28455285,38.87082764,34.96444869,31.86713204,31.86713204,21.58687943,40.85605828,46.66999778,37.06580411,37.06580411,7.446034189,0.055309926,1.415647032,14.64,31.98499008,1.770103556,4.054900729,95.94509927,1713.056,94.749,0.042262719,0,0,0.021400000000000002,94749000.0,FSBW,,,FSBW,244672095.65058,0.2128345107088836,converged,0.2128345107088836,2018,2018,unknown,0,244672095.65058,94749000.0,0.021400000000000002,1.0,0.2128345107088836,337415008.7389154,0.15433417131226748,0.0,5,converged,8.445257909885335,8.290923738573067,8.290923738573067,5.618615908885067e-17
FSBW,2022,1,-0.06516564,-0.05096564,3.368382029,7.867121437,1.049332244,0.884976299,41.03739362,45.04990686,65.99539672,47.6246658,47.6246658,20.28455285,38.87082764,34.96444869,31.86713204,31.86713204,7.87584042,0.089630893,1.116535934,13.7,21.11338283,4.322197755,19.05611946,80.94388054,2632.898,235.989,0.235423844,0,0,0.014199999999999999,235989000.0,FSBW,,,FSBW,258698026.4,0.3076914206842022,converged,0.3076914206842022,2021,2021,unknown,0,258698026.4,235989000.0,0.014199999999999999,1.0,0.3076914206842022,491359641.3270277,0.16199798013547134,0.0,7,converged,4.695816609013306,4.533818628877835,4.533818628877835,2.8963387308222655e-06
FSBW,2023,1,0.000155022,0.049655022,4.271928023,6.966858236,0.984929752,0.839302225,36.85967475,43.62095413,58.57188039,44.08185833,44.08185833,41.03739362,45.04990686,65.99539672,47.6246658,47.6246658,7.997215481,0.048196755,1.090061338,13.37,19.84157,5.278432616,17.7941963,82.2058037,2972.669,143.273,0.216459125,0,0,0.0495,143273000.0,FSBW,,,FSBW,288308143.2,0.2063304622069786,converged,0.2063304622069786,2022,2022,unknown,0,288308143.2,143273000.0,0.0495,1.0,0.2063304622069786,424661796.32171404,0.14008030145797476,0.0,5,converged,8.17996828318612,8.039887981728146,8.039887981728146,4.49603177826688e-16
FULT,2016,0,0.260842209,0.262842209,2.236377479,6.922749728,1.040357849,0.87662489,21.15270351,35.90554096,66.79607509,41.85573535,41.85573535,18.2821119,32.148766,69.23815359,40.87152323,40.87152323,9.849255576,0.077634123,1.516188149,13.2,25.03272,2.702458499,19.94518314,80.05481686,18944.247,1470.72,0.249144073,0,0,0.002,1470720000.0,FULT,,,FULT,3358153201.392576,0.2137044484096465,converged,0.2137044484096465,2015,2015,unknown,0,3358153201.392576,1470720000.0,0.002,1.0,0.2137044484096465,4825934700.8727665,0.1487074156764078,0.0,5,converged,8.078341634100063,7.929634218423655,7.929634218423655,1.0989614902280937e-15
FULT,2017,0,0.13379635,0.14179635,2.113890621,7.353114159,1.172262879,1.013551506,22.15799615,44.05406365,65.13498055,45.29940857,45.29940857,21.15270351,35.90554096,66.79607509,41.85573535,41.85573535,9.905331102,0.082641007,1.384032318,13.0,24.99097,2.661790725,17.27063706,82.72936294,20036.905,1655.87,0.208760668,0,0,0.008,1655870000.0,FULT,,,FULT,3202366878.007104,0.2499092495354518,converged,0.2499092495354518,2016,2016,unknown,0,3202366878.007104,1655870000.0,0.008,1.0,0.2499092495354518,4845042764.827554,0.1651793683034308,0.0,5,converged,6.630801682641184,6.465622314337754,6.465622314337754,5.0441381518913415e-11
FULT,2018,0,-0.226604822,-0.208504822,2.390020897,7.911036107,1.026571317,0.851801414,21.58687943,37.81899583,53.44326005,37.99779555,37.99779555,22.15799615,44.05406365,65.13498055,45.29940857,45.29940857,9.937026385,0.084471674,1.156288854,12.8,23.99202,3.360443903,21.25619374,78.74380626,20682.152,1747.056,0.269941152,0,0,0.0181,1747056000.0,FULT,,,FULT,2775891787.199808,0.2255881165175439,converged,0.2255881165175439,2017,2017,unknown,0,2775891787.199808,1747056000.0,0.0181,1.0,0.2255881165175439,4491610531.301903,0.1394172971988517,0.0,6,converged,6.972576973591816,6.833159676392964,6.833159676392964,4.153220440396772e-12
FULT,2019,0,0.027346117,0.048746117,1.735493314,6.553977268,1.02117417,0.839818031,20.28455285,44.06941283,37.10601719,35.21659495,35.21659495,21.58687943,37.81899583,53.44326005,37.99779555,37.99779555,9.99360427,0.080645471,1.208144712,11.8,22.38858,2.186995174,21.76750369,78.23249631,21886.04,1765.01,0.2782412,0,0,0.021400000000000002,1765010000.0,FULT,,,FULT,3132905368.785408,0.2366813782248366,converged,0.2366813782248366,2018,2018,unknown,0,3132905368.785408,1765010000.0,0.021400000000000002,1.0,0.2366813782248366,4860545439.184418,0.15255496938460392,0.0,5,converged,6.8567469114241835,6.7041919420395795,6.7041919420395795,1.0126195708251464e-11
FULT,2020,1,-0.249359355,-0.244959355,1.364483064,3.968839908,0.830601486,0.48153207,20.85479836,36.00543242,44.06825732,33.99063554,33.99063554,20.28455285,44.06941283,37.10601719,35.21659495,35.21659495,10.16225818,0.074356307,0.845252186,14.4,20.08966,1.868250163,47.56599782,52.43400218,25906.733,1926.329,0.907159397,0,0,0.0044,1926329000.0,FULT,,,FULT,2293537637.60352,0.2056609927699939,converged,0.2056609927699939,2019,2019,unknown,0,2293537637.60352,1926329000.0,0.0044,1.0,0.2056609927699939,4211409409.7123175,0.11200317742423105,0.0,8,converged,7.078849219209908,6.966846041785677,6.966846041785677,1.6206251645292802e-12
FULT,2021,1,0.242835097,0.243235097,1.749404822,1.796537782,0.8447721,0.613381557,23.38288696,55.05048202,39.94162479,42.54093008,42.54093008,20.85479836,36.00543242,44.06825732,33.99063554,33.99063554,10.15799015,0.040242401,1.079301833,14.1,14.26163,1.853437068,28.99624625,65.90253363,25796.398,1038.109,0.439986821,0,0,0.0004,1038108999.9999999,FULT,,,FULT,2719626918.0,0.6410272415650152,converged,0.6410272415650152,2020,2020,unknown,0,2719626918.0,1038108999.9999999,0.0004,1.0,0.6410272415650152,3756562293.336135,0.46470826699414025,0.0,5,converged,3.000765108751111,2.536056841756971,2.536056841756971,0.005605426774823829
FULT,2022,1,0.085128005,0.099328005,4.376507231,6.794906402,0.828655694,0.602323498,47.87003983,52.34937758,42.04261299,44.3444025,44.3444025,23.38288696,55.05048202,39.94162479,42.54093008,42.54093008,10.20105938,0.106610678,1.181755757,13.6,14.26163,5.027829507,29.00154297,66.17284342,26931.702,2871.207,0.43826956,0,0,0.014199999999999999,2871207000.0,FULT,,,FULT,2820707999.9999995,0.3041666724434526,converged,0.3041666724434526,2021,2021,unknown,0,2820707999.9999995,2871207000.0,0.014199999999999999,1.0,0.3041666724434526,5651431648.487439,0.15181408845941388,0.0,8,converged,4.630006142253148,4.478192053793734,4.478192053793734,3.763893160471522e-06
FULT,2023,1,0.003730271,0.053230271,4.40987433,5.996857883,0.832128897,0.48721809,50.68429578,58.69105105,65.81569735,56.90642114,56.90642114,47.87003983,52.34937758,42.04261299,44.3444025,44.3444025,10.22455296,0.090219559,1.050213136,14.0,14.26163,5.111119106,42.94179703,52.00822594,27571.915,2487.526,0.825673175,0,0,0.0495,2487526000.0,FULT,,,FULT,2696171225.06,0.2685538907459245,converged,0.2685538907459245,2022,2022,unknown,0,2696171225.06,2487526000.0,0.0495,1.0,0.2685538907459245,5063562545.833193,0.14299562780086336,0.0,8,converged,5.388315295956021,5.245319668155157,5.245319668155157,7.800579455846167e-08
FUNC,2018,0,-0.303313052,-0.285213052,2.623099403,5.330915144,0.628288135,0.383872347,21.58687943,16.97458093,61.9853431,30.73411566,30.73411566,22.15799615,10.22841524,64.44978266,28.27521571,28.27521571,7.233105899,0.12902415,0.963722869,15.43,27.99188144,3.852994148,46.92767717,53.07232283,1384.516,178.636,0.884221279,0,0,0.0181,178636000.0,FUNC,,,FUNC,103139789.6,0.2540591352335075,converged,0.2540591352335075,2017,2017,unknown,0,103139789.6,178636000.0,0.0181,1.0,0.2540591352335075,278571561.98563707,0.09406421336560376,0.0,6,converged,4.963086246723573,4.869022033357969,4.869022033357969,5.607595183721782e-07
FUNC,2019,0,-0.027316361,-0.005916361,1.388116538,4.60272492,0.711597699,0.517138263,20.28455285,24.57276469,63.68672397,35.11531192,35.11531192,21.58687943,16.97458093,61.9853431,30.73411566,30.73411566,7.273805042,0.103782384,1.360016119,15.6,27.65302,1.924074091,34.20008964,65.79991036,1442.027,149.657,0.519758909,0,0,0.021400000000000002,149657000.0,FUNC,,,FUNC,156070196.7,0.3315189796861798,converged,0.3315189796861798,2018,2018,unknown,0,156070196.7,149657000.0,0.021400000000000002,1.0,0.3315189796861798,302558476.61512476,0.17101032595175458,0.0,7,converged,4.326936531878944,4.15592620592719,4.15592620592719,1.6198619391473088e-05
FUNC,2020,1,-0.216310563,-0.211910563,1.085925838,4.509082723,1.09218389,0.628146184,18.99807322,27.76014026,80.24161885,42.65601235,42.65601235,20.28455285,24.57276469,63.68672397,35.11531192,35.11531192,7.457848153,0.089470259,0.827108751,16.08,27.65302,1.64592149,50.52221524,49.47778476,1733.414,155.089,1.021109079,0,0,0.0044,155089000.0,FUNC,,,FUNC,100418765.0,0.2416725413675166,converged,0.2416725413675166,2019,2019,unknown,0,100418765.0,155089000.0,0.0044,1.0,0.2416725413675166,254826872.2203596,0.09523508753620649,0.0,6,converged,5.308128657785498,5.212893570249292,5.212893570249292,9.295878624840461e-08
FUNC,2021,1,0.164970932,0.165370932,1.13516444,1.436796154,0.93190448,0.563603626,17.43215031,26.09025164,80.93102372,42.07593335,42.07593335,18.99807322,27.76014026,80.24161885,42.65601235,42.65601235,7.455783041,0.051234856,0.875328512,14.97,22.18912,1.343360167,45.6469943,54.3530057,1729.838,88.628,0.839824656,0,0,0.0004,88628000.0,FUNC,,,FUNC,124937420.85,0.5486853121229758,converged,0.5486853121229758,2020,2020,unknown,0,124937420.85,88628000.0,0.0004,1.0,0.5486853121229758,213488478.7895774,0.32171114887729513,0.0,5,converged,2.8947833105276857,2.5730721616503907,2.5730721616503907,0.005040009416552242
FUNC,2022,1,0.035425696,0.049625696,3.556442758,5.879806834,0.757330237,0.408963036,17.26625006,26.29929775,76.88561409,40.92090309,40.92090309,17.43215031,26.09025164,80.93102372,42.07593335,42.07593335,7.521950698,0.051669517,0.862986503,14.37,22.18912,4.540177657,52.26148704,47.73851296,1848.169,95.494,1.094744763,0,0,0.014199999999999999,95494000.0,FUNC,,,FUNC,130995310.2,0.2906202871992858,converged,0.2906202871992858,2021,2021,unknown,0,130995310.2,95494000.0,0.014199999999999999,1.0,0.2906202871992858,225142877.1356099,0.16909217054609238,0.0,6,converged,5.240738646165763,5.071646475619671,5.071646475619671,1.971942660868614e-07
FUNC,2023,1,-0.095146077,-0.045646077,3.55311835,5.869630443,0.84858519,0.529676302,15.2370401,24.01823071,73.94490081,38.72570115,38.72570115,17.26625006,26.29929775,76.88561409,40.92090309,40.92090309,7.552688629,0.082034882,0.964359509,14.05,22.18912,4.599423862,43.62312382,56.37687618,1905.86,156.347,0.773776888,0,0,0.0495,156347000.0,FUNC,,,FUNC,156103766.88000005,0.324992484398696,converged,0.324992484398696,2022,2022,unknown,0,156103766.88000005,156347000.0,0.0495,1.0,0.324992484398696,304899952.5698148,0.16639173652204287,0.0,7,converged,4.394742928408727,4.228351191886684,4.228351191886684,1.1770506808171867e-05
FVCB,2019,0,-0.111954457,-0.090554457,1.376769208,4.808332545,0.550629386,0.515914286,20.28455285,25.03541842,24.02950228,21.06818836,21.06818836,21.58687943,13.35520036,17.27181879,12.84203414,12.84203414,7.337779657,0.032190959,1.356219695,13.43,32.9944708,2.177521566,9.125797785,90.87420221,1537.295,49.487,0.100422315,0,0,0.021400000000000002,49487000.0,FVCB,,,FVCB,251449204.00000003,0.2692527097174754,converged,0.2692527097174754,2018,2018,unknown,0,251449204.00000003,49487000.0,0.021400000000000002,1.0,0.2692527097174754,299888433.34573996,0.22576189511576936,0.0,7,converged,8.188205204055128,7.962443308939359,7.962443308939359,8.433745003055067e-16
FVCB,2020,1,-0.165876753,-0.161476753,1.370447348,4.396295294,0.69819022,0.574956064,18.99807322,20.99433754,29.57716702,21.06097155,21.06097155,20.28455285,25.03541842,24.02950228,21.06818836,21.06818836,7.507405185,0.037927928,1.048064232,0.0,26.95137387,2.046982357,22.68537812,77.31462188,1821.481,69.085,0.293416401,0,0,0.0044,69085000.0,FVCB,,,FVCB,211580040.0,0.2324974622573549,converged,0.2324974622573549,2019,2019,unknown,0,211580040.0,69085000.0,0.0044,1.0,0.2324974622573549,280361733.7630557,0.17545840405560412,0.0,5,converged,8.09614038488028,7.920681980824677,7.920681980824677,1.181056916581911e-15
FVCB,2021,1,0.011594468,0.011994468,1.779803399,1.563775889,0.694351594,0.657317319,17.43215031,17.9356621,41.99922995,24.01581119,24.01581119,18.99807322,20.99433754,29.57716702,21.06097155,21.06097155,7.697540848,0.020204964,1.287671098,10.55,21.14103226,2.242749043,6.668181454,93.33181855,2202.924,44.51,0.071445961,0,0,0.0004,44510000.0,FVCB,,,FVCB,285129292.0,0.8175018543473077,converged,0.8175018543473077,2020,2020,unknown,0,285129292.0,44510000.0,0.0004,1.0,0.8175018543473077,329565449.2421647,0.7077916951023511,0.0,5,converged,3.183063096956296,2.475271401853945,2.475271401853945,0.00665674804705211
FVCB,2022,1,0.048311855,0.062511855,3.465375216,5.21210645,0.311509673,0.294577097,15.8938172,14.67518704,33.03724395,19.17230059,19.17230059,17.43215031,17.9356621,41.99922995,24.01581119,24.01581119,7.759751513,0.121384776,1.317312127,13.28,21.1426,4.320596946,6.793999294,93.20600071,2344.322,284.565,0.072892295,0,0,0.014199999999999999,284565000.0,FVCB,,,FVCB,274478324.0,0.3393814775035692,converged,0.3393814775035692,2021,2021,unknown,0,274478324.0,284565000.0,0.014199999999999999,1.0,0.3393814775035692,555030702.6513752,0.16783650827409094,0.0,7,converged,4.148955955720387,3.981119447446296,3.981119447446296,3.4295733905524226e-05
FVCB,2023,1,-0.159255206,-0.109755206,3.788684523,4.656225405,0.218140649,0.204251722,14.03688525,11.77520453,23.07288685,14.14674071,14.14674071,15.8938172,14.67518704,33.03724395,19.17230059,19.17230059,7.691911585,0.047759521,1.164622434,13.83,20.90746,4.917974137,7.916769631,92.08323037,2190.558,104.62,0.085974065,0,0,0.0495,104620000.0,FVCB,,,FVCB,255479300.0,0.1889806868237089,converged,0.1889806868237089,2022,2022,unknown,0,255479300.0,104620000.0,0.0495,1.0,0.1889806868237089,355046693.64423937,0.13598395492112364,0.0,5,converged,9.417731621473362,9.281747666552238,9.281747666552238,8.336055498378032e-21
GABC,2017,0,0.119403726,0.127403726,0.127403726,7.990294627,1.104523373,1.104523373,22.15799615,22.82021593,29.07000686,21.78402957,21.78402957,21.15270351,21.82343474,26.00540387,20.18636902,20.18636902,8.053365651,0.087526874,2.222536784,13.62,29.86415,0.0,0.0,100.0,3144.36,275.216,0.0,0,0,0.008,275216000.0,GABC,,,GABC,1324193131.0,0.2382254298263137,converged,0.2382254298263137,2016,2016,unknown,0,1324193131.0,275216000.0,0.008,1.0,0.2382254298263137,1597216186.5746765,0.1975039398570981,0.0,8,converged,9.042681224484477,8.845177284627379,8.845177284627379,4.5691555135900705e-19
GABC,2018,0,-0.208134954,-0.190034954,-0.190034954,8.508844667,0.926179411,0.926179411,21.58687943,24.41281017,38.13124584,25.83600235,25.83600235,22.15799615,22.82021593,29.07000686,21.78402957,21.78402957,8.276163126,0.095800554,1.511744088,12.36,28.38591,0.0,0.0,100.0,3929.09,376.409,0.0,0,0,0.0181,376409000.0,GABC,,,GABC,1040839039.0,0.2541239736450323,converged,0.2541239736450323,2017,2017,unknown,0,1040839039.0,376409000.0,0.0181,1.0,0.2541239736450323,1410496323.452156,0.1875241701222692,0.0,5,converged,7.234818114534364,7.047293944412095,7.047293944412095,9.12153414067594e-13
GABC,2019,0,-0.007603293,0.013796707,1.23227449,6.733286496,0.879098218,0.852090204,20.28455285,23.51779632,31.29045951,22.9293924,22.9293924,21.58687943,24.41281017,38.13124584,25.83600235,25.83600235,8.388830589,0.079516162,1.655630909,14.28,27.85217,1.689667445,4.208346384,95.79165362,4397.672,349.686,0.043932287,0,0,0.021400000000000002,349686000.0,GABC,,,GABC,1335062534.0,0.2277816606863499,converged,0.2277816606863499,2018,2018,unknown,0,1335062534.0,349686000.0,0.021400000000000002,1.0,0.2277816606863499,1677344756.5691783,0.18130009345047174,0.0,5,converged,8.85695391807752,8.675653824627048,8.675653824627048,2.055905932040463e-18
GABC,2020,1,-0.157476657,-0.153076657,1.648218353,5.434624548,0.759052246,0.756526118,18.99807322,16.58915387,26.59720125,17.80321277,17.80321277,20.28455285,23.51779632,31.29045951,22.9293924,22.9293924,8.512698505,0.039081063,1.403783802,15.86,26.46619,2.448673667,0.452039894,99.54796011,4977.577,194.529,0.004540926,0,0,0.0044,194529000.0,GABC,,,GABC,1240236363.0000002,0.1912271051753325,converged,0.1912271051753325,2019,2019,unknown,0,1240236363.0000002,194529000.0,0.0044,1.0,0.1912271051753325,1433911315.6894615,0.16539852095165822,0.0,6,converged,12.18667643945498,12.021277918503321,12.021277918503321,1.3734500131797133e-33
GABC,2021,1,0.133061748,0.133461748,1.950038874,1.517302438,0.688051783,0.686334052,17.43215031,17.55432329,14.14861873,13.8004471,13.8004471,18.99807322,16.58915387,26.59720125,17.80321277,17.80321277,8.632045537,0.027134161,1.548420684,16.2,17.10197,2.191823913,0.300999879,99.69900012,5608.539,152.183,0.003019086,0,0,0.0004,152183000.0,GABC,,,GABC,1035055741.84,0.4959290357374911,converged,0.4959290357374911,2020,2020,unknown,0,1035055741.84,152183000.0,0.0004,1.0,0.4959290357374911,1187177845.517431,0.4323820333623852,0.0,6,converged,4.968124049349458,4.535742015987073,4.535742015987073,2.8700656070920358e-06
GABC,2022,1,0.029766023,0.043966023,3.809059413,7.075827149,0.700552343,0.698952073,19.68436486,41.99463633,25.44484763,30.55465898,30.55465898,17.43215031,17.55432329,14.14861873,13.8004471,13.8004471,8.725181033,0.033106936,1.970110834,15.45,17.10197,4.541983064,0.2754253,99.7245747,6155.991,203.806,0.00276186,0,0,0.014199999999999999,203806000.0,GABC,,,GABC,1100096098.9,0.2902852665993598,converged,0.2902852665993598,2021,2021,unknown,0,1100096098.9,203806000.0,0.014199999999999999,1.0,0.2902852665993598,1301028504.550108,0.24545326489282907,0.0,7,converged,7.732899704815725,7.487446439922896,7.487446439922896,3.511325362881646e-14
GABC,2023,1,-0.05083019,-0.00133019,3.73021555,6.078881259,0.63028136,0.628526015,17.41491575,39.48470947,28.83992936,30.45322686,30.45322686,19.68436486,41.99463633,25.44484763,30.55465898,30.55465898,8.724564695,0.031523205,1.444998657,16.5,17.10197,4.501363029,0.335764108,99.66423589,6152.198,193.937,0.003368953,0,0,0.0495,193937000.0,GABC,,,GABC,958840418.69,0.2431937048498952,converged,0.2431937048498952,2022,2022,unknown,0,958840418.69,193937000.0,0.0495,1.0,0.2431937048498952,1143411261.9857342,0.2039370843128712,0.0,7,converged,9.044618920972999,8.840681836660128,8.840681836660128,4.756810847711621e-19
GBCI,2016,0,0.213206185,0.215206185,1.526157405,8.381381934,1.418163592,1.199003857,21.15270351,8.753509425,59.08134243,25.61102395,25.61102395,18.2821119,16.09201006,75.41666667,35.13163699,35.13163699,9.153833511,0.090558271,2.400865522,16.38,25.17584181,1.808509253,19.6326162,80.3673838,9450.6,855.83,0.244285869,0,0,0.002,855830000.0,GBCI,,,GBCI,4153960397.921,0.2707286164146621,converged,0.2707286164146621,2015,2015,unknown,0,4153960397.921,855830000.0,0.002,1.0,0.2707286164146621,5008080448.820758,0.2245562950830102,0.0,7,converged,7.988860800328167,7.764304505245157,7.764304505245157,4.1047225262743375e-15
GBCI,2017,0,0.168470739,0.176470739,1.72574947,8.361225593,1.426399068,1.238265822,22.15799615,23.81026891,77.61725006,39.7521034,39.7521034,21.15270351,8.753509425,59.08134243,25.61102395,25.61102395,9.180535486,0.087667052,2.521024276,15.64,23.88728,2.074086165,16.63996178,83.36003822,9706.349,850.927,0.199615573,0,0,0.008,850927000.0,GBCI,,,GBCI,4593898819.195,0.2601825124629127,converged,0.2601825124629127,2016,2016,unknown,0,4593898819.195,850927000.0,0.008,1.0,0.2601825124629127,5438045560.55585,0.21979443590958728,0.0,7,converged,8.58531040196127,8.365515966051682,8.365515966051682,2.9926212311774575e-17
GBCI,2018,0,-0.228801142,-0.210701142,1.871792183,9.882350541,1.318181954,1.182101483,21.58687943,24.57688876,82.2562736,41.80239532,41.80239532,22.15799615,23.81026891,77.61725006,39.7521034,39.7521034,9.402239583,0.081323701,2.173315734,14.7,24.15447,2.709095196,13.17777166,86.82222834,12115.484,985.276,0.151778777,0,0,0.0181,985276000.0,GBCI,,,GBCI,4620722782.876,0.2404554785854616,converged,0.2404554785854616,2017,2017,unknown,0,4620722782.876,985276000.0,0.0181,1.0,0.2404554785854616,5588325711.460262,0.19882129482117158,0.0,8,converged,8.919457830737358,8.720636535916187,8.720636535916187,1.3832106594982923e-18
GBCI,2019,0,0.02997393,0.05137393,1.462544163,7.56005599,1.174599239,1.025768871,20.28455285,20.88626907,82.76026743,40.15328573,40.15328573,21.58687943,24.57688876,82.2562736,41.80239532,41.80239532,9.523982473,0.056793997,2.14517669,14.95,24.15447,1.871461452,16.05799714,83.94200286,13683.999,777.169,0.191298713,0,0,0.021400000000000002,777169000.0,GBCI,,,GBCI,5402887864.605,0.2438489596546023,converged,0.2438489596546023,2018,2018,unknown,0,5402887864.605,777169000.0,0.021400000000000002,1.0,0.2438489596546023,6163602141.525246,0.21375302266120322,0.0,6,converged,9.89461561729911,9.680862594637906,9.680862594637906,1.818174043745036e-22
GBCI,2020,1,-0.072387049,-0.067987049,0.807308762,5.446278658,1.029892278,0.799606188,45.28639759,32.44781507,77.96536797,46.1967591,46.1967591,20.28455285,20.88626907,82.76026743,40.15328573,40.15328573,9.825753337,0.063640126,1.894224872,14.63,22.64698,1.107714364,27.13060365,72.86939635,18504.206,1177.61,0.372318216,0,0,0.0044,1177610000.0,GBCI,,,GBCI,5428956552.607,0.2250103817361735,converged,0.2250103817361735,2019,2019,unknown,0,5428956552.607,1177610000.0,0.0044,1.0,0.2250103817361735,6601396451.7139225,0.18504746075583356,0.0,8,converged,9.431718347702708,9.246670886946873,9.246670886946873,1.1579676671943466e-20
GBCI,2021,1,0.121835286,0.122235286,1.068068372,1.455294492,1.134362803,0.956912508,61.50119904,54.43950509,72.88478198,59.60516323,59.60516323,45.28639759,32.44781507,77.96536797,46.1967591,46.1967591,10.16356632,0.046163386,1.971734498,14.21,18.79039,1.192662335,18.58984086,81.41015914,25940.645,1197.508,0.228347924,0,0,0.0004,1197508000.0,GBCI,,,GBCI,6265426961.765323,0.5916606888312821,converged,0.5916606888312821,2020,2020,unknown,0,6265426961.765323,1197508000.0,0.0004,1.0,0.5916606888312821,7462416018.421789,0.49677783755248395,0.0,7,converged,3.9322015924526514,3.4354237549001674,3.4354237549001674,0.0002958139584854499
GBCI,2022,1,-0.04342356,-0.02922356,3.81945192,7.214194527,0.836748708,0.718931276,59.52437106,38.93179754,77.53072626,53.4073603,53.4073603,61.50119904,54.43950509,72.88478198,59.60516323,59.60516323,10.1899955,0.11097989,1.92544869,14.02,18.76972,4.731941724,16.78771776,83.21228224,26635.375,2955.991,0.201745671,0,0,0.014199999999999999,2955991000.0,GBCI,,,GBCI,5474637887.6,0.3275387282148163,converged,0.3275387282148163,2021,2021,unknown,0,5474637887.6,2955991000.0,0.014199999999999999,1.0,0.3275387282148163,8388950357.91181,0.21375216735655692,0.0,5,converged,5.053171884904438,4.839419717547881,4.839419717547881,6.510939001964166e-07
GSBC,2017,0,0.135983857,0.143983857,2.047943257,6.391225676,1.034161741,0.829886378,22.15799615,19.17375316,20.16129032,16.76824608,16.76824608,21.15270351,25.86715215,20.5986917,20.24563648,20.24563648,8.392654613,0.073416119,1.495830745,14.1,24.00929,2.551874424,24.46669636,75.53330364,4414.521,324.097,0.32391932,0,0,0.008,324097000.0,GSBC,,,GSBC,574331044.4017,0.286760669505363,converged,0.286760669505363,2016,2016,unknown,0,574331044.4017,324097000.0,0.008,1.0,0.286760669505363,895845611.6978782,0.18384368231680323,0.0,5,converged,5.66581604921223,5.481972366895427,5.481972366895427,2.103049709331708e-08
GSBC,2018,0,-0.224091358,-0.205991358,2.010411541,7.679024814,1.00300806,0.831066013,21.58687943,23.73719246,22.61936487,19.91661881,19.91661881,22.15799615,19.17375316,20.16129032,16.76824608,16.76824608,8.450241093,0.08502502,1.187269737,14.4,24.00929,2.85866675,21.39980015,78.60019985,4676.2,397.594,0.272261396,0,0,0.0181,397594000.0,GSBC,,,GSBC,511838489.4083,0.239808449277144,converged,0.239808449277144,2017,2017,unknown,0,511838489.4083,397594000.0,0.0181,1.0,0.239808449277144,902300774.7355412,0.13603356938155498,0.0,7,converged,6.2254420239595,6.089408454577946,6.089408454577946,5.666432257793146e-10
GSBC,2019,0,0.009833206,0.031233206,1.563793661,6.570548821,1.047464309,0.85464985,20.28455285,17.07895305,28.30414942,18.66065451,18.66065451,21.58687943,23.73719246,22.61936487,19.91661881,19.91661881,8.520203057,0.082226935,1.472602898,15.0,24.00929,2.026182468,22.89226733,77.10773267,5015.072,412.374,0.296886791,0,0,0.021400000000000002,412374000.0,GSBC,,,GSBC,714139126.1483,0.2321470874280618,converged,0.2321470874280618,2018,2018,unknown,0,714139126.1483,412374000.0,0.021400000000000002,1.0,0.2321470874280618,1117782077.967877,0.14831631447802082,0.0,5,converged,6.941716944786097,6.793400630308076,6.793400630308076,5.476034226539794e-12
GSBC,2020,1,-0.178282468,-0.173882468,1.412120188,4.951727909,1.002543406,0.667771735,18.99807322,15.36129633,25.39112051,16.76000636,16.76000636,20.28455285,17.07895305,28.30414942,18.66065451,18.66065451,8.617295507,0.061497859,1.067903129,17.2,23.68107,1.987797372,39.64572874,60.35427126,5526.42,339.863,0.656883563,0,0,0.0044,339863000.0,GSBC,,,GSBC,560780310.0,0.2125540955104586,converged,0.2125540955104586,2019,2019,unknown,0,560780310.0,339863000.0,0.0044,1.0,0.2125540955104586,899151197.85524,0.1325651925142291,0.0,6,converged,7.43856932591848,7.306004133404251,7.306004133404251,1.3760185546817697e-13
GSBC,2021,1,0.17123357,0.17163357,1.337780845,1.509507431,0.915736458,0.705733402,17.43215031,21.82733831,30.23522476,21.71104071,21.71104071,18.99807322,15.36129633,25.39112051,16.76000636,16.76000636,8.603360612,0.043801001,1.261225274,16.3,18.85158,1.493803454,26.83078,73.16922,5449.944,238.713,0.366694903,0,0,0.0004,238713000.0,GSBC,,,GSBC,777863210.25,0.5382991401793494,converged,0.5382991401793494,2020,2020,unknown,0,777863210.25,238713000.0,0.0004,1.0,0.5382991401793494,1016469895.1585138,0.41197895138836826,0.0,5,converged,3.72371536446147,3.3117364130731017,3.3117364130731017,0.00046359430649135113
GSBC,2022,1,0.036630689,0.050830689,3.655447397,6.456870534,0.764528984,0.555864144,15.8938172,20.1863458,29.96222524,20.7988286,20.7988286,17.43215031,21.82733831,30.23522476,21.71104071,21.71104071,8.644830096,0.06451333,1.364954392,13.5,18.85158,4.461816532,31.6283536,68.3716464,5680.702,366.481,0.462594588,0,0,0.014199999999999999,366481000.0,GSBC,,,GSBC,727639442.1,0.2496665537206927,converged,0.2496665537206927,2021,2021,unknown,0,727639442.1,366481000.0,0.014199999999999999,1.0,0.2496665537206927,1088953186.2433052,0.16682740283706496,0.0,5,converged,6.696388771292348,6.529561368455283,6.529561368455283,3.29812903518786e-11
GSBC,2023,1,-0.032885049,0.016614951,3.988707161,5.971789171,0.727190572,0.541211848,14.03688525,17.79632431,26.10285843,18.23630097,18.23630097,15.8938172,20.1863458,29.96222524,20.7988286,20.7988286,8.66774919,0.07291409,1.225179067,15.2,18.85158,4.900939489,29.74880936,70.25119064,5812.402,423.806,0.423463419,0,0,0.0495,423806000.0,GSBC,,,GSBC,700592920.5,0.1998319938999809,converged,0.1998319938999809,2022,2022,unknown,0,700592920.5,423806000.0,0.0495,1.0,0.1998319938999809,1103931276.7498643,0.12682028601468037,0.0,5,converged,8.00265396482497,7.87583367881029,7.87583367881029,1.6923912768452956e-15
HAFC,2017,0,0.170367589,0.178367589,2.06007304,5.977330196,0.780203446,0.722312617,22.15799615,33.86418729,77.19171814,44.58565543,44.58565543,21.15270351,33.80848029,64.86774744,40.1213953,40.1213953,8.558428221,0.051294649,1.749938005,15.5,31.375235,2.769202103,10.45760872,89.54239128,5210.485,267.27,0.116789473,0,0,0.008,267269999.99999997,HAFC,,,HAFC,916937235.0,0.2999545417042231,converged,0.2999545417042231,2016,2016,unknown,0,916937235.0,267269999.99999997,0.008,1.0,0.2999545417042231,1182077604.8772216,0.23267464586893216,0.0,5,converged,6.5406276120304785,6.3079529661615465,6.3079529661615465,1.4137505254880334e-10
HAFC,2018,0,-0.331388738,-0.313288738,1.742442877,7.78622126,0.917489479,0.840305015,21.58687943,31.09499102,59.6835443,36.9091915,36.9091915,22.15799615,33.86418729,77.19171814,44.58565543,44.58565543,8.612906744,0.031406965,1.102651997,14.54,36.80472,3.190071192,12.69027195,87.30972805,5502.219,172.808,0.145347743,0,0,0.0181,172808000.0,HAFC,,,HAFC,595178370.0,0.2546199629068595,converged,0.2546199629068595,2017,2017,unknown,0,595178370.0,172808000.0,0.0181,1.0,0.2546199629068595,764886682.0000039,0.19812646508123474,0.0,5,converged,7.698484857198215,7.50035839211698,7.50035839211698,3.1821789750592755e-14
HAFC,2019,0,-0.019499597,0.001900403,1.340828649,7.641937386,1.193617207,1.058523885,20.28455285,26.38212385,56.38437865,33.38390974,33.38390974,21.58687943,31.09499102,59.6835443,36.9091915,36.9091915,8.619421928,0.03762551,1.093333147,15.11,36.80472,2.119220853,16.80201548,83.19798452,5538.184,208.377,0.201952194,0,0,0.021400000000000002,208377000.0,HAFC,,,HAFC,604090939.5,0.3235713737303053,converged,0.3235713737303053,2018,2018,unknown,0,604090939.5,208377000.0,0.021400000000000002,1.0,0.3235713737303053,808056047.2153163,0.24189725010852212,0.0,5,converged,5.812135613571161,5.5702383634626385,5.5702383634626385,1.271955311210955e-08
HAFC,2020,1,-0.340177677,-0.335777677,1.209802524,6.712016433,1.322069268,1.01875706,23.18875826,36.59847701,71.8015816,44.60487262,44.60487262,20.28455285,26.38212385,56.38437865,33.38390974,33.38390974,8.732609041,0.043369374,0.603663237,15.21,36.80472,2.275562816,32.02473407,67.97526593,6201.888,268.972,0.471123336,0,0,0.0044,268972000.0,HAFC,,,HAFC,342605214.0,0.2621249499841512,converged,0.2621249499841512,2019,2019,unknown,0,342605214.0,268972000.0,0.0044,1.0,0.2621249499841512,610396336.938549,0.1471263345345944,0.0,7,converged,5.6735204863292275,5.526394151794633,5.526394151794633,1.6343965924450018e-08
HBAN,2016,0,0.325723719,0.327723719,2.465358071,5.90373628,1.224840376,0.684560262,29.82935769,60.45459718,72.90321616,57.48007622,57.48007622,18.38251351,49.02941309,62.5268051,46.84269656,46.84269656,11.51006234,0.120362249,1.55385172,13.05,24.26771,3.053360794,48.64602621,46.67895893,99714.097,12001.813,1.042140342,0,0,0.002,12001813000.0,HBAN,,,HBAN,19259027988.48,0.2310192772857529,converged,0.2310192772857529,2015,2015,unknown,0,19259027988.48,12001813000.0,0.002,1.0,0.2310192772857529,31236861350.17209,0.1424345000791657,0.0,6,converged,6.800914961882079,6.658480461802913,6.658480461802913,1.3833652997237252e-11
HBAN,2017,0,0.241126053,0.249126053,2.347039731,6.570205225,1.341091508,0.865795952,70.24456482,64.62662581,84.31130449,68.20357631,68.20357631,29.82935769,60.45459718,72.90321616,57.48007622,57.48007622,11.55392344,0.136891107,1.602043362,13.39,24.26771,2.915893336,40.37699169,55.70149408,104185.0,14262.0,0.724881663,0,1,0.008,14262000000.0,HBAN,,,HBAN,21211153367.04,0.316081524948731,converged,0.316081524948731,2016,2016,unknown,0,21211153367.04,14262000000.0,0.008,1.0,0.316081524948731,35359511984.81024,0.18960828779863856,0.0,6,converged,4.925651937358041,4.736043649559402,4.736043649559402,1.0896533500923585e-06
HBAN,2018,0,-0.321262996,-0.303162996,2.638906582,8.179809376,1.364420427,0.913186754,83.58072275,74.0567996,92.17890399,80.3323948,80.3323948,70.24456482,64.62662581,84.31130449,68.20357631,68.20357631,11.59709197,0.097829584,1.260477386,12.98,24.15136,3.71095029,37.77754034,57.98819328,108781.0,10642.0,0.651469518,0,1,0.0181,10642000000.0,HBAN,,,HBAN,17365175009.28,0.2231024585504787,converged,0.2231024585504787,2017,2017,unknown,0,17365175009.28,10642000000.0,0.0181,1.0,0.2231024585504787,27816287552.160957,0.13927858749736854,0.0,6,converged,7.098094375902848,6.958815788405479,6.958815788405479,1.7157242221446518e-12
HBAN,2019,0,0.078694031,0.100094031,1.885197358,6.721770532,1.462582643,0.900968815,83.60607327,76.52730109,90.92193888,81.15836513,81.15836513,83.58072275,74.0567996,92.17890399,80.3323948,80.3323948,11.59912151,0.114263958,1.45219529,13.04,23.74462,2.403096736,43.04434412,52.65729562,109002.0,12455.0,0.817443122,0,1,0.021400000000000002,12455000000.0,HBAN,,,HBAN,21968694558.72,0.2299773992432741,converged,0.2299773992432741,2018,2018,unknown,0,21968694558.72,12455000000.0,0.021400000000000002,1.0,0.2299773992432741,34159989269.132233,0.1479011951844834,0.0,5,converged,7.040310164771701,6.892408969587217,6.892408969587217,2.7427697591471626e-12
HBAN,2020,1,-0.177952121,-0.173552121,1.885613591,5.901297806,1.485541959,0.8348092,83.18945847,78.96086781,81.43216455,78.81935473,78.81935473,83.60607327,76.52730109,90.92193888,81.15836513,81.15836513,11.72024853,0.069368813,1.189334871,14.46,22.60813,2.536468603,44.92310964,44.60152497,123038.0,8535.0,1.007210172,0,1,0.0044,8535000000.0,HBAN,,,HBAN,18399510097.92,0.2332337782007544,converged,0.2332337782007544,2019,2019,unknown,0,18399510097.92,8535000000.0,0.0044,1.0,0.2332337782007544,26897038595.680737,0.1595486894228537,0.0,5,converged,7.3016502440954305,7.142101554672577,7.142101554672577,4.595732350996824e-13
HBAN,2021,1,0.269104133,0.269504133,2.132709119,2.02961093,1.294765917,0.995497396,83.83384923,78.5200868,68.03904785,74.14081322,74.14081322,83.18945847,78.96086781,81.43216455,78.81935473,78.81935473,12.06717833,0.042754389,1.294219749,13.14,15.9465,2.317565286,24.51322122,68.53860767,174064.0,7442.0,0.357655664,0,1,0.0004,7442000000.0,HBAN,,,HBAN,22169984292.24,0.6532248283955231,converged,0.6532248283955231,2020,2020,unknown,0,22169984292.24,7442000000.0,0.0004,1.0,0.6532248283955231,29603972972.257748,0.4897232557434508,0.0,5,converged,3.0651666230625074,2.5754433673190564,2.5754433673190564,0.005005583313312161
HBAN,2022,1,-0.009493036,0.004706964,4.193631797,7.738048125,1.149487788,0.852476531,85.4306889,77.98474699,67.77127169,74.03253554,74.03253554,83.83384923,78.5200868,68.03904785,74.14081322,74.14081322,12.11672764,0.064038359,1.307328406,13.09,15.9465,4.985577367,27.11923891,65.42486275,182906.0,11713.0,0.41450968,0,1,0.014199999999999999,11713000000.0,HBAN,,,HBAN,20347259307.6,0.3135053448754011,converged,0.3135053448754011,2021,2021,unknown,0,20347259307.6,11713000000.0,0.014199999999999999,1.0,0.3135053448754011,31895109909.71044,0.19999853500760628,0.0,6,converged,5.179803314804434,4.979804779796828,4.979804779796828,3.182422202281388e-07
HBCP,2018,0,-0.209138521,-0.191038521,-0.191038521,4.629992817,0.308647706,0.308647706,21.58687943,13.74770207,8.828558739,9.997141373,9.997141373,22.15799615,14.50586248,9.371997255,10.5688268,10.5688268,7.674923071,0.029826927,1.101336568,15.59,33.87235,0.0,0.0,100.0,2153.658,64.237,0.0,0,0,0.0181,64236999.99999999,HBCP,,,HBCP,276168498.0,0.2522732059873203,converged,0.2522732059873203,2017,2017,unknown,0,276168498.0,64236999.99999999,0.0181,1.0,0.2522732059873203,339253267.4432215,0.2053625390500423,0.0,5,converged,8.294377618579691,8.089015079529648,8.089015079529648,3.007456263307481e-16
HBCP,2019,0,-0.005299733,0.016100267,1.172583513,4.032503016,0.375199581,0.371459767,20.28455285,12.60859825,4.842406877,7.99713121,7.99713121,21.58687943,13.74770207,8.828558739,9.997141373,9.997141373,7.696423981,0.02097693,1.146282072,15.28,33.33196,1.735048408,1.487684902,98.5123151,2200.465,46.159,0.015101512,0,0,0.021400000000000002,46159000.0,HBCP,,,HBCP,305735690.3,0.2193805624623435,converged,0.2193805624623435,2018,2018,unknown,0,305735690.3,46159000.0,0.021400000000000002,1.0,0.2193805624623435,350917382.19524837,0.1911346412348231,0.0,6,converged,10.820252526652324,10.6291178854175,10.6291178854175,1.0908309115944242e-26
HBCP,2020,1,-0.170476415,-0.166076415,1.383858192,5.315261743,0.749836258,0.736976756,18.99807322,11.93783931,9.303332327,9.270367936,9.270367936,20.28455285,12.60859825,4.842406877,7.99713121,7.99713121,7.860127185,0.013258097,0.760110585,15.18,31.86771136,2.268803168,2.497094161,97.50290584,2591.85,34.363,0.025610459,0,0,0.0044,34363000.0,HBCP,,,HBCP,218360346.3,0.2074704793636805,converged,0.2074704793636805,2019,2019,unknown,0,218360346.3,34363000.0,0.0044,1.0,0.2074704793636805,252572481.24806145,0.17936762452311236,0.0,6,converged,11.235050001699566,11.055682377176455,11.055682377176455,1.0288304270053603e-28
HBCP,2021,1,0.145150163,0.145550163,1.851774201,1.525207644,0.730831567,0.72122882,17.43215031,24.74672682,15.80710367,17.96493382,17.96493382,18.99807322,11.93783931,9.303332327,9.270367936,9.270367936,7.985567403,0.010749618,1.00582237,15.85,19.61243,2.125447351,1.629293322,98.37070668,2938.244,31.585,0.01656279,0,0,0.0004,31585000.0,HBCP,,,HBCP,343946920.31,0.6871449386717079,converged,0.6871449386717079,2020,2020,unknown,0,343946920.31,31585000.0,0.0004,1.0,0.6871449386717079,375518663.04295254,0.6293799720536015,0.0,5,converged,4.248761544396902,3.6193815723433005,3.6193815723433005,0.0001476539606199139
HBCP,2022,1,0.038500786,0.052700786,3.590296556,6.608958923,0.685933587,0.597306739,15.8938172,23.86045164,32.40316574,23.51925902,23.51925902,17.43215031,24.74672682,15.80710367,17.96493382,17.96493382,8.079704767,0.07303115,1.005267227,13.63,19.5536,4.407658256,15.57210237,84.42789763,3228.28,235.765,0.184442617,0,0,0.014199999999999999,235765000.0,HBCP,,,HBCP,331691942.52,0.2693500993264879,converged,0.2693500993264879,2021,2021,unknown,0,331691942.52,235765000.0,0.014199999999999999,1.0,0.2693500993264879,564132737.134239,0.15836921444301202,0.0,6,converged,5.677836025946922,5.51946681150391,5.51946681150391,1.7001490199935895e-08
HBCP,2023,1,-0.045328527,0.004171473,4.264959048,6.073731913,0.677749644,0.572445914,14.03688525,18.87958052,19.66609426,16.44406587,16.44406587,15.8938172,23.86045164,32.40316574,23.51925902,23.51925902,8.107756808,0.076049314,0.932739097,14.23,19.5536,5.29739544,18.61095406,81.38904594,3320.122,252.493,0.228666571,0,0,0.0495,252493000.0,HBCP,,,HBCP,342729384.81,0.240010711260998,converged,0.240010711260998,2022,2022,unknown,0,342729384.81,252493000.0,0.0495,1.0,0.240010711260998,583028275.3050745,0.14108873798851307,0.0,6,converged,6.352776189321276,6.211687451332764,6.211687451332764,2.6209305077407046e-10
HBNC,2017,0,0.21547289,0.22347289,2.028885097,5.344919433,1.000335964,0.639132048,22.15799615,47.43665649,46.74559597,40.35699617,40.35699617,21.15270351,37.49865837,65.30858931,42.1104267,42.1104267,8.28508533,0.151807266,1.552745427,12.91,26.17739,2.576867527,43.36036363,56.63963637,3964.303,601.81,0.765548058,0,0,0.008,601810000.0,HBNC,,,HBNC,817270386.2738999,0.2793808140999523,converged,0.2793808140999523,2016,2016,unknown,0,817270386.2738999,601810000.0,0.008,1.0,0.2793808140999523,1414285111.7589383,0.16144529216054904,0.0,7,converged,5.422703626897532,5.261258334736984,5.261258334736984,7.153642354864079e-08
HBNC,2018,0,-0.336133506,-0.318033506,2.136859987,6.92625798,1.083842783,0.720988272,21.58687943,44.08740393,49.76571175,39.78300858,39.78300858,22.15799615,47.43665649,46.74559597,40.35699617,40.35699617,8.353894664,0.138512883,1.230840994,13.39,26.03218,3.144774413,40.49020425,59.50979575,4246.688,588.221,0.680395618,0,0,0.0181,588221000.0,HBNC,,,HBNC,695855394.0,0.2144248587735829,converged,0.2144248587735829,2017,2017,unknown,0,695855394.0,588221000.0,0.0181,1.0,0.2144248587735829,1273525368.7715838,0.11716193505626032,0.0,8,converged,6.806006970081089,6.688845035024829,6.688845035024829,1.1246938360128077e-11
HBNC,2019,0,-0.009084441,0.012315559,1.792473897,5.443409882,1.003927188,0.650259213,20.28455285,42.41034245,65.35392126,44.56294151,44.56294151,21.58687943,44.08740393,49.76571175,39.78300858,39.78300858,8.565379173,0.115508243,1.302606233,13.95,25.87951,2.408741001,42.32284032,57.67715968,5246.829,606.052,0.733788566,0,0,0.021400000000000002,606052000.0,HBNC,,,HBNC,837848700.0,0.2211212048342357,converged,0.2211212048342357,2018,2018,unknown,0,837848700.0,606052000.0,0.021400000000000002,1.0,0.2211212048342357,1431068976.3508594,0.12945994747194972,0.0,7,converged,6.866920196467362,6.737460248995412,6.737460248995412,8.058950771677073e-12
HBNC,2020,1,-0.137077756,-0.132677756,1.926960717,4.964065084,1.289191321,0.592389986,18.99807322,32.08691666,63.5286419,38.78542175,38.78542175,20.28455285,42.41034245,65.35392126,44.56294151,44.56294151,8.680436239,0.100253049,1.005388077,14.91,25.87951,2.668962476,61.34442614,38.65557386,5886.614,590.151,1.586949048,0,0,0.0044,590151000.0,HBNC,,,HBNC,699383178.0,0.2070279657619085,converged,0.2070279657619085,2019,2019,unknown,0,699383178.0,590151000.0,0.0044,1.0,0.2070279657619085,1286943217.9443364,0.11250836640498407,0.0,8,converged,7.02503948883133,6.912531122426346,6.912531122426346,2.3804075312807248e-12
HBNC,2021,1,0.136270742,0.136670742,2.04409728,1.939357678,1.195058873,0.656465403,37.96102992,45.13567295,57.86827798,44.11265285,44.11265285,18.99807322,32.08691666,63.5286419,38.78542175,38.78542175,8.910840612,0.11174938,1.263076272,15.71,16.66187,2.370136417,49.6088845,50.3911155,7411.889,828.274,0.984476807,0,0,0.0004,828274000.0,HBNC,,,HBNC,907974590.7,0.6929947335051393,converged,0.6929947335051393,2020,2020,unknown,0,907974590.7,828274000.0,0.0004,1.0,0.6929947335051393,1732251168.459872,0.36852941579081266,0.0,6,converged,2.1874510096937407,1.8189215939029282,1.8189215939029282,0.034461696435220165
HBNC,2022,1,-0.036641571,-0.022441571,4.982386087,6.84650459,0.929616478,0.414470642,36.31866942,40.34762337,65.65155154,44.69631537,44.69631537,37.96102992,45.13567295,57.86827798,44.11265285,44.11265285,8.971133239,0.159907161,0.978163301,14.37,16.43014,5.972737894,59.79510746,40.20489254,7872.518,1258.872,1.487259477,0,0,0.014199999999999999,1258872000.0,HBNC,,,HBNC,662583366.12,0.2995307626828863,converged,0.2995307626828863,2021,2021,unknown,0,662583366.12,1258872000.0,0.014199999999999999,1.0,0.2995307626828863,1903704985.0823772,0.10425319365403053,0.0,8,converged,4.155462740856699,4.051209547202668,4.051209547202668,2.5476774543876137e-05
HBNC,2023,1,-0.109343333,-0.059843333,4.47914232,5.813238509,1.021652092,0.279323716,32.79168491,39.7226788,55.82905358,40.74682762,23.21772519,36.31866942,40.34762337,65.65155154,44.69631537,44.69631537,8.979729635,0.184604719,0.878059006,14.11,14.98921,5.285970922,75.76451781,24.23548219,7940.485,1465.851,3.126181573,0,0,0.0495,1465851000.0,HBNC,,,HBNC,631159349.94,0.3630322641324808,converged,0.3630322641324808,2022,2022,unknown,0,631159349.94,1465851000.0,0.0495,1.0,0.3630322641324808,2026193050.3962533,0.11312937699862154,0.0,6,converged,3.3556434642469584,3.242514087248337,3.242514087248337,0.0005924004538473773
HBT,2021,1,0.159663871,0.160063871,1.865939876,1.592806278,0.832835635,0.652780356,17.43215031,21.43084696,41.22148426,25.46943443,25.46943443,18.99807322,22.98016637,38.90768147,25.40492785,25.40492785,8.369679703,0.032053282,1.318120823,16.88,6.160171213,1.856606879,22.71637626,77.28362374,4314.254,138.286,0.293935185,0,0,0.0004,138286000.0,HBT,,,HBT,589908842.0,0.6131157521593409,converged,0.6131157521593409,2020,2020,unknown,0,589908842.0,138286000.0,0.0004,1.0,0.6131157521593409,728123062.7839129,0.4968137806412916,0.0,5,converged,3.59281104456265,3.0959972639213587,3.0959972639213587,0.0009807608570598892
HBT,2022,1,-0.029146262,-0.014946262,4.351751734,6.678986555,0.705833567,0.581404013,17.26625006,19.24345524,32.12942272,21.30897631,21.30897631,17.43215031,21.43084696,41.22148426,25.46943443,25.46943443,8.363280417,0.065377511,1.505997588,16.27,10.84287481,4.894510385,19.35765028,80.64234972,4286.734,280.256,0.240043232,0,0,0.014199999999999999,280256000.0,HBT,,,HBT,616364978.0,0.2637091707722169,converged,0.2637091707722169,2021,2021,unknown,0,616364978.0,280256000.0,0.014199999999999999,1.0,0.2637091707722169,892669464.9403346,0.1820843029061265,0.0,5,converged,6.531536375378588,6.349452072472461,6.349452072472461,1.0804158594597569e-10
HFWA,2017,0,0.091017222,0.099017222,1.644973533,4.617586168,0.464039121,0.446096272,22.15799615,40.48429513,76.14161519,47.49119185,47.49119185,21.15270351,43.11203841,50.85466439,39.69125023,39.69125023,8.321973612,0.035088871,1.801677972,12.8,26.932,2.122847963,5.217514698,94.7824853,4113.27,144.33,0.055047245,0,0,0.008,144330000.0,HFWA,,,HFWA,1043642999.4705,0.2330982855160671,converged,0.2330982855160671,2016,2016,unknown,0,1043642999.4705,144330000.0,0.008,1.0,0.2330982855160671,1186822965.7419927,0.20497698596211464,0.0,6,converged,10.420392646474474,10.21541566051236,10.21541566051236,8.4576301988976e-25
HFWA,2018,0,-0.243818828,-0.225718828,1.788403381,7.085931488,0.727789036,0.706690129,21.58687943,40.90753392,79.37264046,48.86428739,48.86428739,22.15799615,40.48429513,76.14161519,47.49119185,47.49119185,8.578650784,0.009740401,1.435607484,12.9,26.24902,2.719069159,3.890706849,96.10929315,5316.927,51.789,0.040482109,0,0,0.0181,51789000.0,HFWA,,,HFWA,1010103275.61,0.2286457616345599,converged,0.2286457616345599,2017,2017,unknown,0,1010103275.61,51789000.0,0.0181,1.0,0.2286457616345599,1060963327.0553509,0.21768502915429358,0.0,4,converged,14.064119153520105,13.84643412436581,13.84643412436581,6.684285536816727e-44
HFWA,2019,0,-0.067538743,-0.046138743,1.423242489,5.92804765,0.732238638,0.707682991,20.28455285,36.41905757,59.92889738,39.63825561,39.63825561,21.58687943,40.90753392,79.37264046,48.86428739,48.86428739,8.622088199,0.007340936,1.280484302,12.8,26.18122,1.987718895,4.489489069,95.51051093,5552.97,40.764,0.047005183,0,0,0.021400000000000002,40764000.0,HFWA,,,HFWA,965185650.0,0.2568693600126808,converged,0.2568693600126808,2018,2018,unknown,0,965185650.0,40764000.0,0.021400000000000002,1.0,0.2568693600126808,1005086568.3118842,0.246671906704906,0.0,4,converged,13.203178155653363,12.956506248948457,12.956506248948457,1.079285334131885e-38
HFWA,2020,1,-0.293640795,-0.289240795,1.02487359,5.262108072,0.772292381,0.731524235,24.95880839,52.98846431,66.24383369,50.98840429,50.98840429,20.28455285,36.41905757,59.92889738,39.63825561,39.63825561,8.797143148,0.008551365,1.023826712,14.0,26.18122,1.752684948,7.0196665,92.9803335,6615.318,56.57,0.07549625,0,0,0.0044,56570000.0,HFWA,,,HFWA,797727645.0,0.2267356970834385,converged,0.2267356970834385,2019,2019,unknown,0,797727645.0,56570000.0,0.0044,1.0,0.2267356970834385,854049283.7953475,0.21178325081059501,0.0,4,converged,12.94406500183643,12.732281751025834,12.732281751025834,1.9561802463018107e-37
HFWA,2021,1,0.161662601,0.162062601,1.353445688,1.511383355,0.711256654,0.671845951,23.43731268,52.18665281,58.25800418,47.72220468,47.72220468,24.95880839,52.98846431,66.24383369,50.98840429,50.98840429,8.913605715,0.009689856,1.004158597,14.8,17.47881,1.45676373,6.63674278,93.36325722,7432.412,72.019,0.071085168,0,0,0.0004,72019000.0,HFWA,,,HFWA,857985238.76,0.5897898141931743,converged,0.5897898141931743,2020,2020,unknown,0,857985238.76,72019000.0,0.0004,1.0,0.5897898141931743,929975402.4810323,0.5441338759385443,0.0,5,converged,4.974270342134789,4.430136466196244,4.430136466196244,4.7086737618223135e-06
HFWA,2022,1,0.119011086,0.133211086,3.868428311,6.587787952,0.62331398,0.590860414,21.22464922,53.60656499,62.3083329,49.78749589,49.78749589,23.43731268,52.18665281,58.25800418,47.72220468,47.72220468,8.850818522,0.009752009,1.348137151,14.0,17.47881,4.536447433,6.240606974,93.75939303,6980.1,68.07,0.066559806,0,0,0.014199999999999999,68070000.0,HFWA,,,HFWA,1075669196.08,0.3000913381097718,converged,0.3000913381097718,2021,2021,unknown,0,1075669196.08,68070000.0,0.014199999999999999,1.0,0.3000913381097718,1142779432.5283945,0.2824683392338938,0.0,4,converged,10.177339784093947,9.894871444860053,9.894871444860053,2.1908650741443713e-23
HFWA,2023,1,-0.094565414,-0.045065414,4.115427857,5.835684667,0.577457747,0.542343174,18.71185729,50.61473327,67.81629939,50.19197146,50.19197146,21.22464922,53.60656499,62.3083329,49.78749589,49.78749589,8.878352048,0.072720296,0.875047991,14.1,17.47881,5.037754159,7.275179696,92.7248203,7174.957,521.765,0.078459895,0,0,0.0495,521765000.0,HFWA,,,HFWA,746644323.87,0.2602085695022736,converged,0.2602085695022736,2022,2022,unknown,0,746644323.87,521765000.0,0.0495,1.0,0.2602085695022736,1243210765.6665342,0.15627539371715155,0.0,6,converged,5.950689494318774,5.794414100601623,5.794414100601623,3.428005164726224e-09
HIFS,2017,0,0.211354805,0.219354805,1.393351184,6.219695643,0.755718546,0.754809139,22.15799615,12.41071513,13.04850149,10.85317524,10.85317524,21.15270351,11.52291334,14.23065984,10.83840256,10.83840256,7.733945796,0.253863369,2.337300747,12.76,40.86507,1.986038345,0.203326179,99.79667382,2284.599,579.976,0.002037404,0,0,0.008,579976000.0,HIFS,,,HIFS,445001829.375,0.2103321795365548,converged,0.2103321795365548,2016,2016,unknown,0,445001829.375,579976000.0,0.008,1.0,0.2103321795365548,1020356531.2122757,0.091730882119917,0.0,6,converged,6.29153373720213,6.199802855082213,6.199802855082213,2.826696552951763e-10
HIFS,2018,0,-0.216782411,-0.198682411,1.223832037,8.165398415,0.872998443,0.872157297,21.58687943,10.33422403,8.55984899,8.207320757,8.207320757,22.15799615,12.41071513,13.04850149,10.85317524,10.85317524,7.786795547,0.252160707,1.958595488,12.46,40.9751,2.409475219,0.163129435,99.83687056,2408.587,607.351,0.00163396,0,0,0.0181,607351000.0,HIFS,,,HIFS,425818448.89375,0.2164371246338491,converged,0.2164371246338491,2017,2017,unknown,0,425818448.89375,607351000.0,0.0181,1.0,0.2164371246338491,1022275285.3787851,0.09015469912318132,0.0,6,converged,6.021240783762427,5.9310860846392455,5.9310860846392455,1.5046868662800315e-09
HIFS,2019,0,0.1072627,0.1286627,1.035140501,6.505296391,0.802160068,0.801335551,20.28455285,9.626397162,9.131911281,8.062181053,8.062181053,21.58687943,10.33422403,8.55984899,8.207320757,8.207320757,7.859546737,0.195297076,1.797267895,13.57,40.9751,1.536134237,0.174017762,99.82598224,2590.346,505.887,0.001743211,0,0,0.021400000000000002,505887000.0,HIFS,,,HIFS,453791876.4312501,0.2399045016586186,converged,0.2399045016586186,2018,2018,unknown,0,453791876.4312501,505887000.0,0.021400000000000002,1.0,0.2399045016586186,948967910.6337717,0.1147211758242926,0.0,6,converged,5.7272960231188135,5.612574847294521,5.612574847294521,9.966897076000107e-09
HIFS,2020,1,0.00034543,0.00474543,0.00474543,6.063470349,0.862338515,0.862338515,18.99807322,8.595493609,8.282492701,7.245062203,7.245062203,20.28455285,9.626397162,9.131911281,8.062181053,8.062181053,7.957559953,0.142813342,1.569829481,13.75,40.9751,0.0,0.0,100.0,2857.093,408.031,0.0,0,0,0.0044,408031000.0,HIFS,,,HIFS,469195309.89375,0.2227337005644744,converged,0.2227337005644744,2019,2019,unknown,0,469195309.89375,408031000.0,0.0044,1.0,0.2227337005644744,875434917.4935709,0.11937564701473138,0.0,8,converged,6.491298279442943,6.371922632428212,6.371922632428212,9.333652817405909e-11
HIFS,2021,1,0.16246206,0.16286206,0.16286206,1.515266,0.904750383,0.904750383,17.43215031,6.336396157,7.212436231,5.739329537,5.739329537,18.99807322,8.595493609,8.282492701,7.245062203,7.245062203,8.140655133,0.193811723,2.530757468,12.97,28.85628,0.0,0.0,100.0,3431.165,665.0,0.0,0,0,0.0004,665000000.0,HIFS,,,HIFS,897436967.3568,0.4825539103512282,converged,0.4825539103512282,2020,2020,unknown,0,897436967.3568,665000000.0,0.0004,1.0,0.4825539103512282,1562090457.7450907,0.27741084823503454,0.0,5,converged,3.218589303898697,2.9411784556636626,2.9411784556636626,0.0016348305290446333
HIFS,2022,1,-0.09823052,-0.08403052,-0.08403052,8.1263165,0.925370875,0.925370875,17.26625006,5.80909212,6.045623836,5.255364604,5.255364604,17.43215031,6.336396157,7.212436231,5.739329537,5.739329537,8.341362285,0.30425874,1.535359343,12.51,27.60445,0.0,0.0,100.0,4193.799,1276.0,0.0,0,0,0.014199999999999999,1276000000.0,HIFS,,,HIFS,592596504.0,0.2322425824721638,converged,0.2322425824721638,2021,2021,unknown,0,592596504.0,1276000000.0,0.014199999999999999,1.0,0.2322425824721638,1850605341.3995786,0.07436818170116591,0.0,6,converged,5.227342077554377,5.152973895853211,5.152973895853211,1.28193832998527e-07
HIFS,2023,1,0.028980241,0.078480241,0.078480241,7.35744808,0.992065899,0.992065899,15.2370401,6.068898342,8.657698912,6.319439617,6.319439617,17.26625006,5.80909212,6.045623836,5.255364604,5.255364604,8.408258964,0.377496656,1.031280506,13.17,27.60445,0.0,0.0,100.0,4483.947,1692.675,0.0,0,0,0.0495,1692675000.0,HIFS,,,HIFS,420370560.0,0.3143930894416019,converged,0.3143930894416019,2022,2022,unknown,0,420370560.0,1692675000.0,0.0495,1.0,0.3143930894416019,2031292744.7936954,0.06507333188304079,0.0,7,converged,3.5956290411960814,3.5305557093130404,3.5305557093130404,0.0002073438382226862
HOMB,2016,0,0.265523039,0.267523039,1.310619981,7.694368132,1.053786545,1.016045176,21.15270351,23.28879886,55.73805461,31.61694389,31.61694389,18.2821119,13.4215901,50.76184641,24.9313734,24.9313734,9.191001067,0.151635755,2.938563102,12.97,36.18497,1.657622561,5.500607695,94.4993923,9808.465,1487.314,0.058207863,0,0,0.002,1487314000.0,HOMB,,,HOMB,5483575280.0,0.2496971949067572,converged,0.2496971949067572,2015,2015,unknown,0,5483575280.0,1487314000.0,0.002,1.0,0.2496971949067572,6967917624.645897,0.1965053893049807,0.0,5,converged,7.967475082884252,7.770969693579271,7.770969693579271,3.894376725146531e-15
HOMB,2017,0,0.222527761,0.230527761,1.711428129,7.670372174,1.165238864,1.083751034,22.15799615,25.44176468,66.69068863,36.62776319,36.62776319,21.15270351,23.28879886,55.73805461,31.61694389,31.61694389,9.578433084,0.125608176,1.831412846,15.05,36.32805,2.364068099,10.56180413,89.43819587,14449.76,1815.008,0.118090532,0,0,0.008,1815008000.0,HOMB,,,HOMB,4591038000.0,0.2906247183813515,converged,0.2906247183813515,2016,2016,unknown,0,4591038000.0,1815008000.0,0.008,1.0,0.2906247183813515,6391583861.613462,0.2087540670931009,0.0,5,converged,6.173203598527536,5.964449531434435,5.964449531434435,1.227300597902032e-09
HOMB,2018,0,-0.262560268,-0.244460268,1.392622789,9.306248029,1.197069754,1.103583892,21.58687943,20.95429095,61.34687986,32.47820506,32.47820506,22.15799615,25.44176468,66.69068863,36.62776319,36.62776319,9.635767441,0.129708874,1.187106939,15.31,36.55707,2.535013529,11.77950028,88.22049972,15302.438,1984.862,0.133523391,0,0,0.0181,1984862000.0,HOMB,,,HOMB,3226561760.0,0.2793799708604197,converged,0.2793799708604197,2017,2017,unknown,0,3226561760.0,1984862000.0,0.0181,1.0,0.2793799708604197,5175820934.396102,0.17416304540296063,0.0,6,converged,5.694175545804435,5.520012500401474,5.520012500401474,1.6948777390764158e-08
HOMB,2019,0,0.107151951,0.128551951,1.272293126,7.754689599,1.207862317,1.082138721,20.28455285,20.11125041,65.30934946,33.48654601,33.48654601,21.58687943,20.95429095,61.34687986,32.47820506,32.47820506,9.617939668,0.075819547,1.30235302,16.35,36.55707,1.834150253,15.47816716,84.52183284,15032.047,1139.723,0.18312626,0,0,0.021400000000000002,1139723000.0,HOMB,,,HOMB,3882142240.0,0.2520077982550361,converged,0.2520077982550361,2018,2018,unknown,0,3882142240.0,1139723000.0,0.021400000000000002,1.0,0.2520077982550361,4997734289.876787,0.19575472837701818,0.0,5,converged,7.7584811703767995,7.562726441999781,7.562726441999781,1.9735357487629474e-14
HOMB,2020,1,-0.122699762,-0.118299762,0.974232545,8.363950498,1.48497481,1.309621262,22.47551683,34.6601962,50.91009765,36.01984435,36.01984435,20.28455285,20.11125041,65.30934946,33.48654601,33.48654601,9.704963684,0.057275945,1.234211124,17.75,36.55707,1.689575444,17.42703442,82.57296558,16398.804,939.257,0.211050122,0,0,0.0044,939257000.0,HOMB,,,HOMB,3846598720.0,0.2684861056361934,converged,0.2684861056361934,2019,2019,unknown,0,3846598720.0,939257000.0,0.0044,1.0,0.2684861056361934,4781732067.887462,0.2159799619919413,0.0,5,converged,7.66363988905692,7.447659927064979,7.447659927064979,4.75051716280147e-14
HOMB,2021,1,0.255822906,0.256222906,1.581875831,1.549243586,1.134362803,1.031660417,23.59114564,33.22962129,64.046429,40.42550193,40.42550193,22.47551683,34.6601962,50.91009765,36.01984435,36.01984435,9.801019405,0.050519168,1.441243537,19.77,24.91617,1.805512051,11.70647643,88.29352357,18052.138,911.979,0.132585902,0,0,0.0004,911979000.0,HOMB,,,HOMB,3986077516.7,0.6939098862370259,converged,0.6939098862370259,2020,2020,unknown,0,3986077516.7,911979000.0,0.0004,1.0,0.6939098862370259,4897210263.811164,0.5651246086855144,0.0,7,converged,3.25748853958068,2.6923639308951657,2.6923639308951657,0.003547373976841343
HOMB,2022,1,-0.028180232,-0.013980232,3.151660882,8.763152967,1.183690241,1.083098249,22.02378034,32.61447171,48.06988461,34.38398647,34.38398647,23.59114564,33.22962129,64.046429,40.42550193,40.42550193,10.03817525,0.053381751,1.31474131,16.54,24.04859,4.165976457,10.89577245,89.10422755,22883.588,1221.566,0.122281207,0,0,0.014199999999999999,1221566000.0,HOMB,,,HOMB,4636253795.099999,0.3206598081438157,converged,0.3206598081438157,2021,2021,unknown,0,4636253795.099999,1221566000.0,0.014199999999999999,1.0,0.3206598081438157,5840596135.26998,0.25453912891651276,0.0,5,converged,6.3302421059477405,6.075702977031228,6.075702977031228,6.17228604760012e-10
HOMB,2023,1,0.042660155,0.092160155,3.79360294,7.481983214,1.133224816,1.022503499,19.75553826,26.48716249,41.75905033,29.00667183,29.00667183,22.02378034,32.61447171,48.06988461,34.38398647,34.38398647,10.02820904,0.083119893,1.346495676,17.79,23.45486,4.850555438,12.39327942,87.60672058,22656.658,1883.219,0.141464939,0,0,0.0495,1883219000.0,HOMB,,,HOMB,5104666093.02,0.2914858645095185,converged,0.2914858645095185,2022,2022,unknown,0,5104666093.02,1883219000.0,0.0495,1.0,0.2914858645095185,6896935329.19646,0.21573901135687076,0.0,5,converged,6.354280864429708,6.138541853072837,6.138541853072837,4.164118609617135e-10
HONE,2022,1,0.008974476,0.023174476,3.569814532,6.956711701,0.699830737,0.672852598,56.2774253,47.99551343,66.1461825,53.33696744,53.33696744,51.94850383,54.15648243,52.08489749,50.60123746,50.60123746,8.586634362,0.081156143,1.103064273,14.6,22.71025757,4.590237803,4.93180011,95.06819989,5359.545,434.96,0.051876444,0,0,0.014199999999999999,434960000.0,HONE,,,HONE,598746670.0,0.2884816265305236,converged,0.2884816265305236,2021,2021,unknown,0,598746670.0,434960000.0,0.014199999999999999,1.0,0.2884816265305236,1027573881.8315208,0.1680924627905957,0.0,6,converged,5.28298115624855,5.114888693457954,5.114888693457954,1.5696300800194008e-07
HOPE,2017,0,0.229248648,0.237248648,1.703112652,8.924484722,1.343326673,1.310083791,22.15799615,46.21303466,55.25394647,42.81308592,42.81308592,21.15270351,46.81510826,32.54124005,34.93514011,34.93514011,9.56147016,0.093508303,1.28255444,13.82,39.53267,2.440026679,4.027411568,95.97258843,14206.717,1328.446,0.041964186,0,0,0.008,1328446000.0,HOPE,,,HOPE,2337022000.0,0.286467372227337,converged,0.286467372227337,2016,2016,unknown,0,2337022000.0,1328446000.0,0.008,1.0,0.286467372227337,3654882828.2693424,0.18317428705857788,0.0,6,converged,5.660350167499192,5.477175880440614,5.477175880440614,2.1608380714168957e-08
HOPE,2018,0,-0.350914668,-0.332814668,2.246789676,10.79483411,1.437537773,1.325059282,21.58687943,40.4615889,33.67532756,32.19206602,32.19206602,22.15799615,46.21303466,55.25394647,42.81308592,42.81308592,9.635997051,0.073027277,0.789165971,12.94,39.52103,4.197560452,12.30805654,87.69194346,15305.952,1117.752,0.140355614,0,0,0.0181,1117752000.0,HOPE,,,HOPE,1518744160.0,0.2589656490920092,converged,0.2589656490920092,2017,2017,unknown,0,1518744160.0,1117752000.0,0.0181,1.0,0.2589656490920092,2616446842.3483963,0.1503193425252829,0.0,7,converged,5.8535092187821,5.7031898762568165,5.7031898762568165,5.879293655336177e-09
HOPE,2019,0,0.036895865,0.058295865,1.27660397,9.436261679,1.526245718,1.387262659,20.28455285,34.12088428,16.81205561,22.97629862,22.97629862,21.58687943,40.4615889,33.67532756,32.19206602,32.19206602,9.659339953,0.059198759,0.917844859,13.23,39.52103,2.02813081,14.21116138,85.78883862,15667.44,927.493,0.165652801,0,0,0.021400000000000002,927493000.0,HOPE,,,HOPE,1902912160.0,0.2482107109015778,converged,0.2482107109015778,2018,2018,unknown,0,1902912160.0,927493000.0,0.021400000000000002,1.0,0.2482107109015778,2810767680.259132,0.16804063293890742,0.0,5,converged,6.809344149104219,6.641303516165312,6.641303516165312,1.554605140587969e-11
HOPE,2020,1,-0.248115797,-0.243715797,1.222257973,8.643756653,1.64811014,1.367418621,18.99807322,31.44082306,27.6432095,25.54620366,25.54620366,20.28455285,34.12088428,16.81205561,22.97629862,22.97629862,9.747223374,0.0326623,0.654813361,12.87,37.51943,2.249827231,24.7291693,75.2708307,17106.664,558.743,0.328535889,0,0,0.0044,558743000.0,HOPE,,,HOPE,1397090960.0,0.2589846667627764,converged,0.2589846667627764,2019,2019,unknown,0,1397090960.0,558743000.0,0.0044,1.0,0.2589846667627764,1953380891.5081618,0.1852302017944669,0.0,5,converged,6.873514277931232,6.688284076136765,6.688284076136765,1.1290124844720289e-11
HOPE,2021,1,0.272325097,0.272725097,1.817597797,1.608554294,1.493463892,1.315691509,17.43215031,33.34952573,25.58979743,25.75369184,25.75369184,18.99807322,31.44082306,27.6432095,25.54620366,25.54620366,9.791944688,0.034745423,0.843434901,12.42,25.30769549,2.12424914,15.31869904,84.68130096,17889.061,621.563,0.180898249,0,0,0.0004,621563000.0,HOPE,,,HOPE,1765294908.92,0.6191706186484733,converged,0.6191706186484733,2020,2020,unknown,0,1765294908.92,621563000.0,0.0004,1.0,0.6191706186484733,2386348108.7207484,0.45838545103521966,0.0,5,converged,3.164892826528783,2.706507375493563,2.706507375493563,0.00339975359953862
HOPE,2022,1,0.032962453,0.047162453,3.324678894,8.551589434,1.207590985,1.041772954,15.8938172,31.0697752,31.28133104,26.67188767,26.67188767,17.43215031,33.34952573,25.58979743,25.75369184,25.75369184,9.860814419,0.06202685,0.758041104,11.97,25.61834,4.417526787,17.6269762,82.3730238,19164.491,1188.713,0.21398967,0,0,0.014199999999999999,1188713000.0,HOPE,,,HOPE,1530733627.29,0.3217087811787671,converged,0.3217087811787671,2021,2021,unknown,0,1530733627.29,1188713000.0,0.014199999999999999,1.0,0.3217087811787671,2702686036.6624084,0.18220805548013375,0.0,6,converged,4.676932549023109,4.494724493542975,4.494724493542975,3.4830039203110608e-06
HOPE,2023,1,-0.036307694,0.013192306,3.655212985,7.762892737,1.19000058,1.106364752,15.2370401,27.08799477,42.62549611,28.97331844,28.97331844,15.8938172,31.0697752,31.28133104,26.67188767,26.67188767,9.85909262,0.099521355,0.684094927,13.92,25.61834,4.898032311,9.225540811,90.77445919,19131.522,1903.995,0.10163146,0,0,0.0495,1903995000.0,HOPE,,,HOPE,1451131574.88,0.2963667371798656,converged,0.2963667371798656,2022,2022,unknown,0,1451131574.88,1903995000.0,0.0495,1.0,0.2963667371798656,3263173172.4093084,0.13179454251566294,0.0,8,converged,4.529251869949544,4.397457327433881,4.397457327433881,5.4763204698485915e-06
HTBK,2018,0,-0.284532563,-0.266432563,1.39761955,7.072192998,0.740410393,0.713324094,21.58687943,13.42227179,77.6182545,34.60001843,34.60001843,22.15799615,15.04601655,71.01921757,33.02974253,33.02974253,8.038047743,0.012713777,1.335890735,15.0,37.72658,2.647581852,5.747175279,94.25282472,3096.562,39.369,0.06097616,0,0,0.0181,39369000.0,HTBK,,,HTBK,698492970.0,0.207083811503299,converged,0.207083811503299,2017,2017,unknown,0,698492970.0,39369000.0,0.0181,1.0,0.207083811503299,737155801.2064724,0.19622254386315388,0.0,4,converged,15.121464381225556,14.925241837362401,14.925241837362401,1.1290770411880165e-50
HTBK,2019,0,0.031115817,0.052515817,1.309000866,6.518250896,0.863506571,0.823866394,20.28455285,11.13905151,66.91817892,29.61551396,29.61551396,21.58687943,13.42227179,77.6182545,34.60001843,34.60001843,8.321047642,0.009704918,1.320761012,14.6,37.72658,2.023739185,7.172226765,92.82777323,4109.463,39.882,0.077263803,0,0,0.021400000000000002,39882000.0,HTBK,,,HTBK,790270265.0,0.2289019121169252,converged,0.2289019121169252,2018,2018,unknown,0,790270265.0,39882000.0,0.021400000000000002,1.0,0.2289019121169252,829307857.5845019,0.21812692728453625,0.0,4,converged,14.119559050454836,13.901432123170299,13.901432123170299,3.1043265522693996e-44
HTBK,2020,1,-0.324244274,-0.319844274,1.000495771,7.742354661,1.238956586,1.166590595,18.99807322,6.301510349,73.64039062,29.63608976,29.63608976,20.28455285,11.13905151,66.91817892,29.61551396,29.61551396,8.441200305,0.008575534,0.919671154,16.5,37.72658,2.073703018,9.058863227,90.94113677,4634.114,39.74,0.099612382,0,0,0.0044,39740000.0,HTBK,,,HTBK,546352085.0,0.2376401058585436,converged,0.2376401058585436,2019,2019,unknown,0,546352085.0,39740000.0,0.0044,1.0,0.2376401058585436,585917613.1196266,0.22159287314574175,0.0,4,converged,12.273737023794238,12.052144150648497,12.052144150648497,9.448470736681341e-34
HTBK,2021,1,0.308848664,0.309248664,1.76083835,1.54372663,1.166699328,1.120833772,22.77871804,22.7213379,68.48301088,36.69357327,36.69357327,18.99807322,6.301510349,73.64039062,29.63608976,29.63608976,8.612395911,0.007259871,1.204722277,14.4,28.14853,2.043455807,5.388333756,94.61166624,5499.409,39.925,0.056952107,0,0,0.0004,39925000.0,HTBK,,,HTBK,720457653.78,0.6698143571969307,converged,0.6698143571969307,2020,2020,unknown,0,720457653.78,39925000.0,0.0004,1.0,0.6698143571969307,760366651.0777926,0.6346583568791144,0.0,4,converged,4.961084399698992,4.326426042819877,4.326426042819877,7.577408530089098e-06
HTBK,2022,1,0.115214898,0.129414898,2.957923117,8.220525449,0.998304655,0.95891803,23.56427534,20.88803179,75.26350093,38.57920542,38.57920542,22.77871804,22.7213379,68.48301088,36.69357327,36.69357327,8.548222756,0.007629547,1.250814917,14.8,28.06106,3.941534523,5.40118378,94.59881622,5157.58,39.35,0.05709568,0,0,0.014199999999999999,39350000.0,HTBK,,,HTBK,791085399.0,0.3109878733463099,converged,0.3109878733463099,2021,2021,unknown,0,791085399.0,39350000.0,0.014199999999999999,1.0,0.3109878733463099,829880577.5550783,0.29644984172944966,0.0,4,converged,10.480447786096619,10.183997944367169,10.183997944367169,1.1687784213725137e-24
HTH,2016,0,0.224396207,0.226396207,1.640256862,3.932546374,0.433559354,0.327943409,21.15270351,37.18925597,37.86547213,32.07744093,32.07744093,18.2821119,38.11949221,43.64174837,34.61829755,34.61829755,9.452349798,0.153563548,1.569949391,19.34,35.80877,2.320407585,33.40935583,66.59064417,12738.062,1956.102,0.501712459,0,0,0.002,1956102000.0,HTH,,,HTH,1911824960.0,0.2654209132755119,converged,0.2654209132755119,2015,2015,unknown,0,1911824960.0,1956102000.0,0.002,1.0,0.2654209132755119,3864018659.6115303,0.13132399833100145,0.0,8,converged,5.264666268114693,5.133342269783692,5.133342269783692,1.4232079274308925e-07
HTH,2017,0,0.229507435,0.237507435,1.398096576,5.590988878,1.023945593,0.758577203,22.15799615,36.67505939,33.38480897,30.20936069,30.20936069,21.15270351,37.18925597,37.86547213,32.07744093,32.07744093,9.500453437,0.128317631,1.271509272,18.78,35.93792,1.942610164,35.31987812,64.68012188,13365.786,1715.066,0.546070061,0,0,0.008,1715066000.0,HTH,,,HTH,1625051216.0,0.2950430825077304,converged,0.2950430825077304,2016,2016,unknown,0,1625051216.0,1715066000.0,0.008,1.0,0.2950430825077304,3326451312.421347,0.14413578876694252,0.0,8,converged,4.72361561690211,4.579479828135168,4.579479828135168,2.3306686952733426e-06
HTH,2018,0,-0.252340447,-0.234240447,1.722813647,5.717552507,0.798641076,0.549200455,21.58687943,36.0346843,34.95780591,30.45801354,30.45801354,22.15799615,36.67505939,33.38480897,30.20936069,30.20936069,9.523951268,0.105481083,0.856166122,17.47,32.49233983,2.759454201,40.21983838,59.78016162,13683.572,1443.358,0.672795745,0,0,0.0181,1443358000.0,HTH,,,HTH,1143887216.0,0.2637215786815536,converged,0.2637215786815536,2017,2017,unknown,0,1143887216.0,1443358000.0,0.0181,1.0,0.2637215786815536,2561355434.8812437,0.11777662502984329,0.0,6,converged,5.082501798675125,4.964725173645282,4.964725173645282,3.4399211476975945e-07
HTH,2019,0,0.096135665,0.117535665,1.399421899,5.043579958,0.842732175,0.609348455,20.28455285,31.99916018,24.3117903,24.62382796,24.62382796,21.58687943,36.0346843,34.95780591,30.45801354,30.45801354,9.62723643,0.11986253,1.074482563,17.55,27.71407549,1.829669562,34.63401882,65.36598118,15172.448,1818.608,0.529847762,0,0,0.021400000000000002,1818608000.0,HTH,,,HTH,1599389136.0,0.2697671967870308,converged,0.2697671967870308,2018,2018,unknown,0,1599389136.0,1818608000.0,0.021400000000000002,1.0,0.2697671967870308,3379492380.6840324,0.12767089675465024,0.0,9,converged,5.0849808933758425,4.957309996621192,4.957309996621192,3.5737942456907836e-07
HTH,2020,1,-0.011744596,-0.007344596,1.127206737,5.310613921,1.187564838,0.771047421,21.58265968,41.59931644,36.20759086,34.04017411,34.04017411,20.28455285,31.99916018,24.3117903,24.62382796,24.62382796,9.737684648,0.072558183,0.97287683,22.34,22.79264609,1.465570142,41.16505842,58.83494158,16944.264,1229.445,0.699670252,0,0,0.0044,1229445000.0,HTH,,,HTH,1764909552.0,0.2346291701770596,converged,0.2346291701770596,2019,2019,unknown,0,1764909552.0,1229445000.0,0.0044,1.0,0.2346291701770596,2988956877.6089787,0.1385430708755923,0.0,6,converged,6.5131997844945975,6.3746567136190055,6.3746567136190055,9.16866120543489e-11
HTH,2021,1,0.1628675,0.1632675,1.172738353,1.46660781,1.089336855,0.795818401,24.13149672,41.60008132,39.90551072,35.96433008,35.96433008,21.58265968,41.59931644,36.20759086,34.04017411,34.04017411,9.835694675,0.072133246,1.09995819,23.75,22.13793352,1.363886525,32.14318859,67.85681141,18689.08,1348.104,0.473691409,0,0,0.0004,1348104000.0,HTH,,,HTH,2774627307.06,0.6432290283962425,converged,0.6432290283962425,2020,2020,unknown,0,2774627307.06,1348104000.0,0.0004,1.0,0.6432290283962425,4120596044.061682,0.43426324149046974,0.0,5,converged,2.7909130421264456,2.3566498006359757,2.3566498006359757,0.009220314119145865
HTH,2022,1,-0.102880569,-0.088680569,3.484292082,6.805739242,1.077497724,0.635421014,22.70416476,47.47168535,37.63049305,38.09295882,38.09295882,24.13149672,41.60008132,39.90551072,35.96433008,35.96433008,9.696419225,0.084452622,0.952998539,20.98,22.22393647,4.540087155,47.21618415,52.78381585,16259.282,1373.139,0.894520099,0,0,0.014199999999999999,1373139000.0,HTH,,,HTH,1941185596.25,0.3373013533265838,converged,0.3373013533265838,2021,2021,unknown,0,1941185596.25,1373139000.0,0.014199999999999999,1.0,0.3373013533265838,3294963483.5771847,0.19871725053237796,0.0,6,converged,4.575546391097739,4.376829140565361,4.376829140565361,6.020914748956221e-06
HTH,2023,1,0.005749967,0.055249967,3.498754579,6.455729837,1.117469162,0.728991394,23.09321384,49.43480201,44.6172835,41.88599518,41.88599518,22.70416476,47.47168535,37.63049305,38.09295882,38.09295882,9.709113414,0.078010828,1.080582208,22.34,23.40459,4.525300888,41.02836394,58.97163606,16466.996,1284.604,0.695730468,0,0,0.0495,1284604000.0,HTH,,,HTH,2293678058.42,0.368679212171533,converged,0.368679212171533,2022,2022,unknown,0,2293678058.42,1284604000.0,0.0495,1.0,0.368679212171533,3516241733.4110518,0.24049373892609438,0.0,5,converged,4.513052415764669,4.272558676838575,4.272558676838575,9.66213400976233e-06
HWBK,2018,0,-0.174490622,-0.156390622,1.887340759,3.75864341,0.241654271,0.173122441,21.58687943,32.37173988,36.59893404,29.23199923,29.23199923,22.15799615,37.42330575,29.33768016,29.12352451,29.12352451,7.300933208,0.114252586,1.276595132,13.28,33.99202,3.007367463,37.48873636,62.51126364,1481.682,169.286,0.599711703,0,0,0.0181,169286000.0,HWBK,,,HWBK,119808116.5918,0.369414514106106,converged,0.369414514106106,2017,2017,unknown,0,119808116.5918,169286000.0,0.0181,1.0,0.369414514106106,286055689.0799516,0.15474726687060597,0.0,6,converged,3.58436233589355,3.429615069022944,3.429615069022944,0.0003022190390243692
HWBK,2019,0,0.001248357,0.022648357,1.313506128,2.695755167,0.20177044,0.150599264,20.28455285,36.60765527,41.19600976,32.98796053,32.98796053,21.58687943,32.37173988,36.59893404,29.23199923,29.23199923,7.308517345,0.116330489,1.391215828,14.89,33.72332137,1.959261935,33.89192908,66.10807092,1492.962,173.677,0.512674604,0,0,0.021400000000000002,173677000.0,HWBK,,,HWBK,151084769.1545,0.2338015184587444,converged,0.2338015184587444,2018,2018,unknown,0,151084769.1545,173677000.0,0.021400000000000002,1.0,0.2338015184587444,321084567.7271041,0.11001415854156636,0.0,6,converged,5.835238419049493,5.725224260507927,5.725224260507927,5.164859766636772e-09
HWBK,2020,1,-0.119114077,-0.114714077,1.142081616,3.126699771,0.521521316,0.35703824,18.99807322,33.2421466,39.74327998,30.79568551,30.79568551,20.28455285,36.60765527,41.19600976,32.98796053,32.98796053,7.458031013,0.116116053,1.086718481,14.97,33.33802398,1.815002333,40.86619069,59.13380931,1733.731,201.314,0.691079962,0,0,0.0044,201314000.0,HWBK,,,HWBK,134945424.2496,0.2717798568035259,converged,0.2717798568035259,2019,2019,unknown,0,134945424.2496,201314000.0,0.0044,1.0,0.2717798568035259,335375581.53298104,0.1093564506010492,0.0,6,converged,4.762083794221497,4.652727343620448,4.652727343620448,1.6378663234090876e-06
HWBK,2021,1,0.11170463,0.11210463,1.560879427,1.623427084,0.511744638,0.364023159,17.43215031,26.78474285,34.45086149,25.68754259,25.68754259,18.99807322,33.2421466,39.74327998,30.79568551,30.79568551,7.512917882,0.082298054,1.152288656,14.79,19.1754,1.838854001,33.4255547,66.5744453,1831.55,150.733,0.502077855,0,0,0.0004,150733000.0,HWBK,,,HWBK,170916295.94688,0.8185397132968874,converged,0.8185397132968874,2020,2020,unknown,0,170916295.94688,150733000.0,0.0004,1.0,0.8185397132968874,319673989.34447986,0.450758525792571,0.0,6,converged,1.8941034031614292,1.4433448773688582,1.4433448773688582,0.07446167188159913
HWBK,2022,1,0.014940762,0.029140762,4.666788391,5.691119256,0.396146356,0.30414438,17.26625006,24.03343673,39.69553073,26.40860601,26.40860601,17.43215031,26.78474285,34.45086149,25.68754259,25.68754259,7.561922517,0.079370847,1.15650691,13.85,19.1754,5.747734852,27.23358307,72.76641693,1923.54,152.673,0.374260328,0,0,0.014199999999999999,152673000.0,HWBK,,,HWBK,147351930.786968,0.3052040275744512,converged,0.3052040275744512,2021,2021,unknown,0,147351930.786968,152673000.0,0.014199999999999999,1.0,0.3052040275744512,297872274.12059605,0.15097914042712454,0.0,8,converged,4.596421422517159,4.445442282090035,4.445442282090035,4.3855614083762476e-06
HWC,2016,0,0.386130774,0.388130774,2.066514776,5.282384453,0.869266321,0.591036625,21.15270351,19.51383716,47.44027304,26.75736153,26.75736153,18.2821119,22.0309647,44.64052288,26.99794673,26.99794673,10.0847795,0.069308241,1.334866981,13.21,23.11216,2.374597532,37.97502264,62.02497736,23975.302,1661.686,0.612253712,0,0,0.002,1661686000.0,HWC,,,HWC,3691221920.0,0.297842402380635,converged,0.297842402380635,2015,2015,unknown,0,3691221920.0,1661686000.0,0.002,1.0,0.297842402380635,5349587868.547991,0.20551160855996786,0.0,5,converged,5.80163959312404,5.596127984564072,5.596127984564072,1.0959595934387849e-08
HWC,2017,0,0.263624481,0.271624481,2.012342043,5.466784971,0.912562609,0.657783777,22.15799615,31.61565146,52.14939373,34.45514487,34.45514487,21.15270351,19.51383716,47.44027304,26.75736153,26.75736153,10.21596294,0.073507341,1.461862931,11.9,23.11216,2.382316467,33.49996723,66.50003277,27336.086,2009.403,0.503758657,0,0,0.008,2009403000.0,HWC,,,HWC,4239338400.0,0.3363511342001694,converged,0.3363511342001694,2016,2016,unknown,0,4239338400.0,2009403000.0,0.008,1.0,0.3363511342001694,6232730258.81721,0.22877719162306048,0.0,5,converged,5.097301487931464,4.868524296308403,4.868524296308403,5.621735046168997e-07
HWC,2018,0,-0.369765306,-0.351665306,2.059109201,7.430782642,1.189126679,0.809886248,57.52059938,47.44618911,54.81857573,46.49523475,46.49523475,22.15799615,31.61565146,52.14939373,34.45514487,34.45514487,10.24834974,0.064248724,0.963064754,11.99,23.76586,2.986799039,38.05150624,61.94849376,28235.907,1814.121,0.614244253,0,0,0.0181,1814121000.0,HWC,,,HWC,2967536880.0,0.2674494274069742,converged,0.2674494274069742,2017,2017,unknown,0,2967536880.0,1814121000.0,0.0181,1.0,0.2674494274069742,4749117667.028031,0.1671186305252656,0.0,6,converged,5.950396486643906,5.783277856118641,5.783277856118641,3.662945471425875e-09
HWC,2019,0,0.079035355,0.100435355,1.469326697,6.714253473,1.416170564,0.928604526,57.35760421,45.47800188,53.84212784,45.43543722,45.43543722,57.52059938,47.44618911,54.81857573,46.49523475,46.49523475,10.32878003,0.096348401,1.10741264,11.9,22.56295,1.820154355,40.40658372,59.59341628,30600.757,2948.334,0.678037714,0,0,0.021400000000000002,2948334000.0,HWC,,,HWC,3758023616.0,0.2588677376756585,converged,0.2588677376756585,2018,2018,unknown,0,3758023616.0,2948334000.0,0.021400000000000002,1.0,0.2588677376756585,6643933587.236026,0.1464239620589028,0.0,7,converged,5.76807174998533,5.621647787926427,5.621647787926427,9.457229479524863e-09
HWC,2020,1,-0.250201894,-0.245801894,0.84206665,5.042934389,1.605911165,0.75486395,56.05603001,42.46077458,58.35973538,45.65598635,45.65598635,57.35760421,45.47800188,53.84212784,45.43543722,45.43543722,10.42342956,0.060818074,0.857942748,13.22,20.12968,1.181907287,58.53307705,41.46692295,33638.602,2045.835,1.411560658,0,0,0.0044,2045835000.0,HWC,,,HWC,2913581664.0000005,0.2828907958851909,converged,0.2828907958851909,2019,2019,unknown,0,2913581664.0000005,2045835000.0,0.0044,1.0,0.2828907958851909,4950434760.238618,0.16649557097384565,0.0,6,converged,5.417139724860681,5.250644153886836,5.250644153886836,7.578411728738629e-08
HWC,2021,1,0.327685687,0.328085687,1.396231765,1.491174158,1.601313257,1.35919056,52.66927329,40.60001398,35.98309278,36.68356301,36.68356301,56.05603001,42.46077458,58.35973538,45.65598635,45.65598635,10.50592211,0.052264386,1.182225841,12.84,18.38576,1.380796599,17.91622585,82.08377415,36531.205,1909.281,0.218267569,0,0,0.0004,1909281000.0,HWC,,,HWC,4339184980.0,0.7991684927225896,converged,0.7991684927225896,2020,2020,unknown,0,4339184980.0,1909281000.0,0.0004,1.0,0.7991684927225896,6235948312.621195,0.5607909291348341,0.0,5,converged,2.391706239590369,1.830915310455535,1.830915310455535,0.03355659236987165
HWC,2022,1,0.022839918,0.037039918,4.00203462,9.305813162,1.371478383,1.178595216,50.29852851,41.31731443,41.28776171,38.95045508,38.95045508,52.66927329,40.60001398,35.98309278,36.68356301,36.68356301,10.46834174,0.060065897,1.244136347,12.97,17.54897,4.816348653,16.56151233,83.43848767,35183.825,2113.348,0.198487686,0,0,0.014199999999999999,2113348000.0,HWC,,,HWC,4158684990.0,0.3895685507419155,converged,0.3895685507419155,2021,2021,unknown,0,4158684990.0,2113348000.0,0.014199999999999999,1.0,0.3895685507419155,6242233149.730289,0.25953909472188086,0.0,5,converged,4.357512486334809,4.0979733916129275,4.0979733916129275,2.083915884795902e-05
HWC,2023,1,0.002373022,0.051873022,4.082211792,8.042068989,1.400178025,1.169479177,46.38328594,38.02714733,43.35416577,37.95162812,37.95162812,50.29852851,41.31731443,41.28776171,38.95045508,38.95045508,10.47949885,0.039100669,1.103017212,13.93,17.54897,4.900306865,19.30620761,80.69379239,35578.573,1391.146,0.239252699,0,0,0.0495,1391146000.0,HWC,,,HWC,4195503550.000001,0.3143942537290456,converged,0.3143942537290456,2022,2022,unknown,0,4195503550.000001,1391146000.0,0.0495,1.0,0.3143942537290456,5519464373.80271,0.23898011093422916,0.0,5,converged,6.093430515930797,5.854450404996568,5.854450404996568,2.3929499831065008e-09
IBCP,2019,0,0.0071401,0.0285401,1.579465323,4.408688869,0.51613446,0.449072913,22.06022092,33.44864383,80.00530617,45.64813376,45.64813376,21.58687943,38.43670344,70.41860982,44.41530444,44.41530444,8.178833495,0.035936324,1.454181307,13.74,30.80453,2.248689474,17.75055777,82.24944223,3564.694,128.102,0.215813716,0,0,0.021400000000000002,128102000.0,IBCP,,,IBCP,469328385.0,0.2307887104018487,converged,0.2307887104018487,2018,2018,unknown,0,469328385.0,128102000.0,0.021400000000000002,1.0,0.2307887104018487,594718126.870013,0.18212946240464906,0.0,5,converged,8.63806594016844,8.45593647776379,8.45593647776379,1.384281512901792e-17
IBCP,2020,1,-0.262829126,-0.258429126,1.523183478,6.137150692,1.049928099,0.876309626,20.85479836,27.37975615,60.24463908,35.53579754,35.53579754,22.06022092,33.44864383,80.00530617,45.64813376,45.64813376,8.343794824,0.025884078,1.036243617,15.95,30.80453,2.491620238,22.25920562,77.74079438,4204.013,108.817,0.286325935,0,0,0.0044,108817000.0,IBCP,,,IBCP,382715023.0,0.2007837504492343,converged,0.2007837504492343,2019,2019,unknown,0,382715023.0,108817000.0,0.0044,1.0,0.2007837504492343,491054280.0053465,0.1564856693039584,0.0,5,converged,9.735913764516958,9.579428095213,9.579428095213,4.879188957760972e-22
IBCP,2021,1,0.235342082,0.235742082,1.909916427,1.604979406,1.062485399,0.933203427,19.0205481,26.176116,60.20117432,34.88450557,34.88450557,20.85479836,27.37975615,60.24463908,35.53579754,35.53579754,8.45632579,0.023159197,1.268188006,14.53,19.60699,2.125591184,14.6992797,85.3007203,4704.74,108.958,0.172323043,0,0,0.0004,108958000.0,IBCP,,,IBCP,505352629.32,0.7684320536213136,converged,0.7684320536213136,2020,2020,unknown,0,505352629.32,108958000.0,0.0004,1.0,0.7684320536213136,614117377.8979285,0.6330645903477491,0.0,6,converged,3.0486762479235106,2.4156116575757616,2.4156116575757616,0.007854402650666606
IBCP,2022,1,0.076628759,0.090828759,3.654399565,7.758513161,0.987144575,0.851853377,17.26625006,25.78277889,59.51002454,34.4094975,34.4094975,19.0205481,26.176116,60.20117432,34.88450557,34.88450557,8.517150591,0.033021207,1.449528149,13.62,19.18366,4.427927269,16.424258,83.575742,4999.787,165.099,0.19651944,0,0,0.014199999999999999,165099000.0,IBCP,,,IBCP,503850186.32000005,0.2923244791591572,converged,0.2923244791591572,2021,2021,unknown,0,503850186.32000005,165099000.0,0.014199999999999999,1.0,0.2923244791591572,666621347.2914652,0.2209466346899559,0.0,5,converged,6.491547631992745,6.270600997302789,6.270600997302789,1.7982858531892664e-10
IBCP,2023,1,-0.034658998,0.014841002,4.341687651,6.989858228,0.984333287,0.843315277,22.5183285,28.49998639,57.19520507,35.9475949,35.9475949,17.26625006,25.78277889,59.51002454,34.4094975,34.4094975,8.56859442,0.024557509,1.340448785,13.71,18.916,5.3393814,17.09699294,82.90300706,5263.726,129.264,0.206228864,0,0,0.0495,129264000.00000001,IBCP,,,IBCP,542143170.66,0.2616184798870492,converged,0.2616184798870492,2022,2022,unknown,0,542143170.66,129264000.00000001,0.0495,1.0,0.2616184798870492,665164386.3152231,0.2132325248554589,0.0,8,converged,8.021344017870977,7.8081114930155175,7.8081114930155175,2.902561162904022e-15
IBOC,2016,0,0.259680429,0.261680429,1.203334211,7.603519819,1.48932241,1.142732059,21.15270351,25.37296777,74.21359499,39.30188621,39.30188621,18.2821119,24.28015675,66.07230392,35.82898716,35.82898716,9.376197209,0.118499758,1.560764539,19.47,33.39465,1.536709365,31.28887758,68.71112242,11804.041,1398.776,0.455368454,0,0,0.002,1398776000.0,IBOC,,,IBOC,2535389520.0,0.2902799552139942,converged,0.2902799552139942,2015,2015,unknown,0,2535389520.0,1398776000.0,0.002,1.0,0.2902799552139942,3931370762.503243,0.18720512709873866,0.0,5,converged,5.624383729356964,5.437178602258226,5.437178602258226,2.7065435761647964e-08
IBOC,2017,0,0.205191628,0.213191628,1.680294597,8.660355719,1.496687787,1.314972092,22.15799615,23.86256044,70.33516358,37.15648887,37.15648887,21.15270351,25.37296777,74.21359499,39.30188621,39.30188621,9.407936181,0.140294491,1.426527464,19.51,32.01525,2.210962166,16.8928456,83.1071544,12184.698,1709.446,0.203265841,0,0,0.008,1709446000.0,IBOC,,,IBOC,2467033430.0,0.2954563728235783,converged,0.2954563728235783,2016,2016,unknown,0,2467033430.0,1709446000.0,0.008,1.0,0.2954563728235783,4162858406.3826747,0.17509623075987293,0.0,6,converged,5.216342778311741,5.041246547551868,5.041246547551868,2.312545630866553e-07
IBOC,2018,0,-0.261620587,-0.243520587,1.738069509,10.34572664,1.416423988,1.272738312,21.58687943,24.89861147,80.45858317,41.31480123,41.31480123,22.15799615,23.86256044,70.33516358,37.15648887,37.15648887,9.381933922,0.092324329,1.163642516,19.74,32.01525,2.863745454,14.24105834,85.75894166,11871.952,1096.07,0.166059166,0,0,0.0181,1096070000.0,IBOC,,,IBOC,2137681360.0,0.2641021061079748,converged,0.2641021061079748,2017,2017,unknown,0,2137681360.0,1096070000.0,0.0181,1.0,0.2641021061079748,3214090956.3838196,0.17565344513685885,0.0,5,converged,6.31550709069507,6.139853645558212,6.139853645558212,4.129877223386404e-10
IBOC,2019,0,0.073115531,0.094515531,1.277570807,8.512359049,1.347890567,1.210312454,20.28455285,27.9793106,76.97442428,41.5885308,41.5885308,21.58687943,24.89861147,80.45858317,41.31480123,41.31480123,9.402025784,0.082365866,1.32582138,20.46,32.01525,1.760092699,14.32499504,85.67500496,12112.894,997.689,0.167201567,0,0,0.021400000000000002,997689000.0,IBOC,,,IBOC,2676451633.0,0.2293141852824502,converged,0.2293141852824502,2018,2018,unknown,0,2676451633.0,997689000.0,0.021400000000000002,1.0,0.2293141852824502,3653016918.292602,0.16801135592798305,0.0,5,converged,7.936254987777137,7.768243631849154,7.768243631849154,3.97909407125918e-15
IBOC,2020,1,-0.120829754,-0.116429754,0.73083793,7.028468954,1.32842319,1.092898542,18.99807322,29.64248224,79.88825128,43.46244165,43.46244165,20.28455285,27.9793106,76.97442428,41.5885308,41.5885308,9.548915182,0.071215606,1.087784065,21.4,30.39767,1.177749671,23.64212756,76.35787244,14029.467,999.117,0.30962266,0,0,0.0044,999117000.0,IBOC,,,IBOC,2326592736.0,0.234337757344281,converged,0.234337757344281,2019,2019,unknown,0,2326592736.0,999117000.0,0.0044,1.0,0.234337757344281,3321323278.4834447,0.16415400679171427,0.0,5,converged,7.426684028296079,7.262530021504364,7.262530021504364,1.8995807856666813e-13
IBOC,2021,1,0.213137786,0.213537786,1.186288854,1.474901973,1.207377589,1.03494667,17.43215031,31.18150357,73.40552507,41.8920148,41.8920148,18.99807322,29.64248224,79.88825128,43.46244165,43.46244165,9.683229584,0.071362156,1.163677125,22.73,21.35606,1.284372322,17.48165079,82.51834921,16046.236,1145.094,0.211851679,0,0,0.0004,1145094000.0,IBOC,,,IBOC,2686326532.56,0.7261154050589306,converged,0.7261154050589306,2020,2020,unknown,0,2686326532.56,1145094000.0,0.0004,1.0,0.7261154050589306,3827747959.789308,0.5118786872246209,0.0,5,converged,2.6142909035037003,2.1024122162790793,2.1024122162790793,0.017758590993649664
IBOC,2022,1,-0.025925734,-0.011725734,3.404526827,7.868451308,1.054580566,0.885364383,15.8938172,29.06949559,64.81191806,37.75076032,37.75076032,17.43215031,31.18150357,73.40552507,41.8920148,41.8920148,9.648690524,0.04589363,1.390682497,22.22,21.22224,4.333663677,19.52449941,80.47550059,15501.476,711.419,0.242614203,0,0,0.014199999999999999,711419000.0,IBOC,,,IBOC,2843610552.64,0.3233221950859661,converged,0.3233221950859661,2021,2021,unknown,0,2843610552.64,711419000.0,0.014199999999999999,1.0,0.3233221950859661,3544998789.7928667,0.2593519660936129,0.0,5,converged,6.376906551329781,6.117554585236168,6.117554585236168,4.75111085591961e-10
IBOC,2023,1,0.005614126,0.055114126,3.399902308,6.723761874,0.97170022,0.823742384,14.03688525,31.62829152,75.04960885,42.70549178,42.70549178,15.8938172,29.06949559,64.81191806,37.75076032,37.75076032,9.620208373,0.043144886,1.377558914,23.65,21.22224,4.258843172,18.56705674,81.43294326,15066.189,650.029,0.228004245,0,0,0.0495,650029000.0,IBOC,,,IBOC,3371952893.12,0.2871514411455457,converged,0.2871514411455457,2022,2022,unknown,0,3371952893.12,650029000.0,0.0495,1.0,0.2871514411455457,3990588845.4906597,0.24263615840491234,0.0,7,converged,7.8043324917883545,7.561696333383442,7.561696333383442,1.9892316398877792e-14
INBK,2018,0,-0.296469663,-0.278369663,2.877074398,6.645019736,0.663950443,0.618623887,21.58687943,28.24452774,54.5158783,33.63500195,33.63500195,22.15799615,36.13363974,46.74330817,34.74987625,34.74987625,8.172359858,0.1973712,0.720005203,14.53,32.86628,4.659435305,9.840084343,90.15991566,3541.692,699.028,0.109140345,0,0,0.0181,699028000.0,INBK,,,INBK,177768315.20000002,0.3053786952916295,converged,0.3053786952916295,2017,2017,unknown,0,177768315.20000002,699028000.0,0.0181,1.0,0.3053786952916295,864256279.7583048,0.06281999617828544,0.0,7,converged,3.697098636495898,3.634278640317613,3.634278640317613,0.00013937973588239186
INBK,2019,0,-0.078470083,-0.057070083,1.6233995,4.709249705,0.623523673,0.504992341,20.28455285,31.18547146,50.86808872,33.78050578,33.78050578,21.58687943,28.24452774,54.5158783,33.63500195,33.63500195,8.318762496,0.169371693,0.757521254,13.99,29.51130183,2.363801839,24.98058279,75.01941721,4100.083,694.438,0.332988228,0,0,0.021400000000000002,694438000.0,INBK,,,INBK,206207766.8,0.3049565725038731,converged,0.3049565725038731,2018,2018,unknown,0,206207766.8,694438000.0,0.021400000000000002,1.0,0.3049565725038731,885941431.1047872,0.0709861720201793,0.0,6,converged,3.767881390392864,3.6968952183726844,3.6968952183726844,0.00010912618568197774
INBK,2020,1,-0.274381364,-0.269981364,1.738662177,4.610975165,0.787392953,0.576007727,18.99807322,29.48305654,54.9833887,34.41761598,34.41761598,20.28455285,31.18547146,50.86808872,33.78050578,33.78050578,8.353769382,0.140013462,0.851105785,14.91,24.05374916,2.529007875,32.57886968,67.42113032,4246.156,594.519,0.483214528,0,0,0.0044,594519000.0,INBK,,,INBK,249954079.2,0.3338567374254752,converged,0.3338567374254752,2019,2019,unknown,0,249954079.2,594519000.0,0.0044,1.0,0.3338567374254752,841859637.3547887,0.09914003517218037,0.0,6,converged,3.602732198791223,3.5035921636190426,3.5035921636190426,0.00022951389072826476
INBK,2021,1,0.142832799,0.143232799,2.149259749,1.741794121,0.775289298,0.602276381,17.43215031,31.06028329,64.48647608,38.6210319,38.6210319,18.99807322,29.48305654,54.9833887,34.41761598,34.41761598,8.345454003,0.147032506,1.206425767,17.37,15.25895535,2.41003531,25.31693011,74.68306989,4210.994,619.153,0.338991556,0,0,0.0004,619153000.0,INBK,,,INBK,458849563.2,0.8239123378707326,converged,0.8239123378707326,2020,2020,unknown,0,458849563.2,619153000.0,0.0004,1.0,0.8239123378707326,1068308064.9402573,0.3721862216950752,0.0,6,converged,1.6527755977943486,1.2805893760992735,1.2805893760992735,0.10016896677125764
INBK,2022,1,0.084846643,0.099046643,5.415061797,6.202175404,0.512533666,0.398229886,15.8938172,31.53756587,66.60800745,39.62151535,39.62151535,17.43215031,31.06028329,64.48647608,38.6210319,38.6210319,8.421365758,0.158363093,0.603110466,14.75,13.55549548,6.178188738,24.92713402,75.07286598,4543.104,719.46,0.332039195,0,0,0.014199999999999999,719460000.0,INBK,,,INBK,220119639.24,0.3800637531728906,converged,0.3800637531728906,2021,2021,unknown,0,220119639.24,719460000.0,0.014199999999999999,1.0,0.3800637531728906,929407441.3604401,0.09011905427640296,0.0,7,converged,3.043829263435754,2.9537102091593512,2.9537102091593512,0.001569893455324007
INDB,2016,0,0.269408051,0.271408051,1.988769547,6.802084301,0.963951517,0.855490676,21.15270351,35.8926492,48.45420933,35.24626936,35.24626936,18.2821119,33.59239047,27.31821895,26.49638449,26.49638449,8.9501924,0.043515071,2.200279321,13.6,27.39997,2.421089046,14.86686838,85.13313162,7709.375,335.474,0.174630818,0,0,0.002,335474000.0,INDB,,,INDB,3524388060.0,0.2367318110568412,converged,0.2367318110568412,2015,2015,unknown,0,3524388060.0,335474000.0,0.002,1.0,0.2367318110568412,3859191782.501446,0.21619417107349112,0.0,4,converged,11.415842287409237,11.199648116335746,11.199648116335746,2.0467811361235848e-29
INDB,2017,0,0.165298838,0.173298838,1.856607437,6.703036499,0.969635239,0.881263111,22.15799615,42.6177896,52.42393045,40.0110386,40.0110386,21.15270351,35.8926492,48.45420933,35.24626936,35.24626936,8.997398234,0.040051576,2.031550633,13.82,28.53816,2.38537695,12.30571412,87.69428588,8082.029,323.698,0.140325153,0,0,0.008,323698000.0,INDB,,,INDB,3494371979.9999995,0.2612392658470342,converged,0.2612392658470342,2016,2016,unknown,0,3494371979.9999995,323698000.0,0.008,1.0,0.2612392658470342,3815490726.769388,0.23925288675115344,0.0,4,converged,10.464385988692774,10.225133101941621,10.225133101941621,7.650880109408967e-25
INDB,2018,0,-0.245605159,-0.227505159,1.953524338,8.589918526,1.035396058,0.961250315,21.58687943,39.31178924,59.37930269,40.87519643,40.87519643,22.15799615,42.6177896,52.42393045,40.0110386,40.0110386,9.088352609,0.029227172,1.839172686,14.45,29.52765,3.063023781,9.865559941,90.13444006,8851.592,258.707,0.109453833,0,0,0.0181,258707000.0,INDB,,,INDB,3517384308.0,0.2514805748666949,converged,0.2514805748666949,2017,2017,unknown,0,3517384308.0,258707000.0,0.0181,1.0,0.2514805748666949,3771450834.275376,0.23453940318669872,0.0,4,converged,11.619042364275483,11.384502961088785,11.384502961088785,2.4976123029407778e-30
INDB,2019,0,0.049832536,0.071232536,1.73099782,8.284312382,1.200530024,1.131502312,22.06022092,36.65480469,57.20365064,39.02979356,39.02979356,21.58687943,39.31178924,59.37930269,40.87519643,40.87519643,9.340944422,0.026599264,1.675455481,14.83,29.52765,2.363253612,7.96696688,92.03303312,11395.165,303.103,0.086566384,0,0,0.021400000000000002,303103000.0,INDB,,,INDB,4164731100.0,0.2472140054610326,converged,0.2472140054610326,2018,2018,unknown,0,4164731100.0,303103000.0,0.021400000000000002,1.0,0.2472140054610326,4461416607.876796,0.23077420187528086,0.0,4,converged,11.860846150961825,11.630071949086544,11.630071949086544,1.4492658133807427e-31
INDB,2020,1,-0.213410838,-0.209010838,1.461491981,6.625776219,1.019144865,0.960340116,20.85479836,27.73776473,61.91784959,36.31572558,36.31572558,22.06022092,36.65480469,57.20365064,39.02979356,39.02979356,9.488297889,0.013712199,1.414127771,15.13,29.52765,2.346727141,7.994348562,92.00565144,13204.301,181.06,0.086889756,0,0,0.0044,181060000.0,INDB,,,INDB,3653957472.000001,0.2470867534326695,converged,0.2470867534326695,2019,2019,unknown,0,3653957472.000001,181060000.0,0.0044,1.0,0.2470867534326695,3834222558.0930552,0.23547002691138513,0.0,4,converged,13.101525530291514,12.86605550338013,12.86605550338013,3.4940377917320584e-38
INDB,2021,1,0.24765258,0.24805258,1.866826096,1.546942158,0.968809695,0.931968774,20.07635504,39.65177093,72.59239633,46.18130654,46.18130654,20.85479836,27.73776473,61.91784959,36.31572558,36.31572558,9.924436826,0.007460754,1.278944054,16.04,24.26917,2.153784805,4.960880974,95.03911903,20423.405,152.374,0.052198306,0,0,0.0004,152374000.0,INDB,,,INDB,3860427400.34,0.5691573483366286,converged,0.5691573483366286,2020,2020,unknown,0,3860427400.34,152374000.0,0.0004,1.0,0.5691573483366286,4012740462.852399,0.547553634086346,0.0,4,converged,6.248153508952705,5.700599874866359,5.700599874866359,5.96932806599832e-09
INDB,2022,1,0.049420722,0.063620722,3.503926022,7.775114856,0.872936219,0.851453206,28.70658708,49.25513725,77.5791956,54.2234327,54.2234327,20.07635504,39.65177093,72.59239633,46.18130654,46.18130654,9.867558464,0.00587623,1.334911279,16.11,23.86741,4.52151452,3.207777713,96.79222229,19294.174,113.377,0.033140862,0,0,0.014199999999999999,113377000.0,INDB,,,INDB,3853489724.34,0.2962499230051386,converged,0.2962499230051386,2021,2021,unknown,0,3853489724.34,113377000.0,0.014199999999999999,1.0,0.2962499230051386,3965268147.6955013,0.2878988233873405,0.0,4,converged,12.540006365363435,12.252107541976095,12.252107541976095,8.184302640087021e-35
INDB,2023,1,0.011058283,0.060558283,3.874339885,6.970715323,0.911138568,0.876396633,26.69165003,51.42283745,67.71592879,51.70574787,51.70574787,28.70658708,49.25513725,77.5791956,54.2234327,54.2234327,9.870311927,0.062973872,0.974521531,15.91,23.86741,5.013331052,4.949237529,95.05076247,19347.373,1218.379,0.052069414,0,0,0.0495,1218379000.0,INDB,,,INDB,2821484436.4700003,0.2484477512100869,converged,0.2484477512100869,2022,2022,unknown,0,2821484436.4700003,1218379000.0,0.0495,1.0,0.2484477512100869,3981022015.335146,0.17608329233525458,0.0,5,converged,7.093347322896999,6.9172640305617445,6.9172640305617445,2.3022472292086463e-12
ISTR,2018,0,-0.332641915,-0.314541915,1.544888856,4.347632297,0.307916447,0.276902578,21.58687943,20.59396151,50.07661559,28.24218652,28.24218652,22.15799615,29.17886611,57.7087623,35.24787202,35.24787202,7.487996325,0.130172424,1.290497368,13.46,31.41266,2.646664206,14.03761829,85.96238171,1786.469,232.549,0.16329955,0,0,0.0181,232549000.0,ISTR,,,ISTR,244152280.0,0.2054177754836597,converged,0.2054177754836597,2017,2017,unknown,0,244152280.0,232549000.0,0.0181,1.0,0.2054177754836597,472530007.0454978,0.10613764115092976,0.0,9,converged,6.903610141232928,6.797472500081998,6.797472500081998,5.3235231791608854e-12
ISTR,2019,0,-0.127351357,-0.105951357,1.395095078,2.643744429,0.135938796,0.126306592,20.28455285,23.64745724,54.35848456,31.29819323,31.29819323,21.58687943,20.59396151,50.07661559,28.24218652,28.24218652,7.672718808,0.085307197,1.113707971,15.02,31.41266,2.173061019,10.00618154,89.99381846,2148.916,183.318,0.111187432,0,0,0.021400000000000002,183318000.0,ISTR,,,ISTR,236276400.0,0.3335181559375381,converged,0.3335181559375381,2018,2018,unknown,0,236276400.0,183318000.0,0.021400000000000002,1.0,0.3335181559375381,415713023.35679376,0.18956034718261122,0.0,6,converged,4.526998394844133,4.337438047661522,4.337438047661522,7.207657387680071e-06
ISTR,2020,1,-0.290424127,-0.286024127,1.382666341,4.506701555,0.748885283,0.587140326,20.85479836,18.5945613,54.29477499,29.03638982,29.03638982,20.28455285,23.64745724,54.35848456,31.29819323,31.29819323,7.749831387,0.075392225,0.721258666,14.71,31.41266,2.313443233,28.65537694,71.34462306,2321.181,174.999,0.401647324,0,0,0.0044,174999000.0,ISTR,,,ISTR,162833819.0,0.244848640291762,converged,0.244848640291762,2019,2019,unknown,0,162833819.0,174999000.0,0.0044,1.0,0.244848640291762,337064514.9292713,0.11828489975191799,0.0,9,converged,5.6379956488224385,5.51971074907052,5.51971074907052,1.6977906536050834e-08
ISTR,2021,1,0.100381597,0.100781597,3.068904929,1.96433395,0.667964194,0.554960797,19.0205481,21.10759287,47.94782943,27.95931394,27.95931394,20.85479836,18.5945613,54.29477499,29.03638982,29.03638982,7.829313314,0.053977335,0.784935261,12.99,19.89734,3.730899694,20.26814951,79.73185049,2513.203,135.656,0.254203927,0,0,0.0004,135656000.0,ISTR,,,ISTR,190423724.54,0.7509604332116074,converged,0.7509604332116074,2020,2020,unknown,0,190423724.54,135656000.0,0.0004,1.0,0.7509604332116074,325156912.4362175,0.44627029144291225,0.0,5,converged,2.182901727716317,1.736631436273405,1.736631436273405,0.04122612350177334
ISTR,2022,1,0.086365378,0.100565378,3.913296698,5.844494952,0.495555085,0.407917527,17.26625006,17.13839726,69.40223464,33.68307984,33.68307984,19.0205481,21.10759287,47.94782943,27.95931394,27.95931394,7.920739597,0.159684393,0.987972889,13.25,19.65359,4.77177329,21.09792909,78.90207091,2753.807,439.74,0.267393857,0,0,0.014199999999999999,439740000.0,ISTR,,,ISTR,213186765.91,0.3131498873370161,converged,0.3131498873370161,2021,2021,unknown,0,213186765.91,439740000.0,0.014199999999999999,1.0,0.3131498873370161,646725908.5391504,0.10323120982185731,0.0,7,converged,3.925821166006098,3.822589956184241,3.822589956184241,6.602863924930804e-05
JMSB,2023,1,-0.026749599,0.022750401,3.939041935,4.904554294,0.294220712,0.273002994,21.77265785,46.40069308,63.19406025,46.87855671,46.87855671,17.26625006,19.31654753,59.81843575,31.31327478,31.31327478,7.715368444,0.039556772,1.388305647,15.7,20.61753,4.936001985,8.917471506,91.08252849,2242.549,88.708,0.097905401,0,0,0.0495,88708000.0,JMSB,,,JMSB,322118448.0,0.3298151203912803,converged,0.3298151203912803,2022,2022,unknown,0,322118448.0,88708000.0,0.0495,1.0,0.3298151203912803,406542309.16113424,0.26132466991915276,0.0,5,converged,6.1455476832486,5.884223013329446,5.884223013329446,1.9996414299394598e-09
JPM,2016,0,0.245916939,0.247916939,1.584416123,4.864092845,1.536081163,0.60661174,81.76677549,88.33451226,79.6714931,81.52125165,43.76062582,80.25788503,80.66396463,79.53450666,77.84192763,39.46444208,14.72818355,0.198859722,1.347064622,15.2,29.05903,2.126533677,66.06575072,30.58786752,2490972.0,495354.0,2.15986782,1,0,0.002,495354000000.0,JPM,,,JPM,239807669196.8,0.2226341529012799,converged,0.2226341529012799,2015,2015,unknown,0,239807669196.8,495354000000.0,0.002,1.0,0.2226341529012799,734171951040.6737,0.07272053690675957,0.0,6,converged,5.474584809119049,5.40186427221229,5.40186427221229,3.2975922968918896e-08
JPM,2017,0,0.223383337,0.231383337,1.657157226,4.749802032,1.21089798,0.579143722,83.07976953,90.87151471,78.3867751,82.35306372,44.13705817,81.76677549,88.33451226,79.6714931,81.52125165,43.76062582,14.74515177,0.195294443,1.595215926,15.7,28.38487,2.189746346,58.56747691,38.45027708,2533600.0,494798.0,1.523200386,1,0,0.008,494798000000.0,JPM,,,JPM,297195876044.8,0.2457415603816589,converged,0.2457415603816589,2016,2016,unknown,0,297195876044.8,494798000000.0,0.008,1.0,0.2457415603816589,788051281729.1173,0.09267593276318774,0.0,6,converged,5.154606677456162,5.061930744692974,5.061930744692974,2.0751589893430152e-07
JPM,2018,0,-0.227840396,-0.209740396,1.869559764,5.749096791,1.141126993,0.577758212,79.42625998,86.57218312,79.61549665,80.04651898,43.39404601,83.07976953,90.87151471,78.3867751,82.35306372,44.13705817,14.77965082,0.203477784,1.387652252,16.0,28.38487,2.730851781,55.92181156,41.07138674,2622532.0,533627.0,1.361575929,1,0,0.0181,533627000000.0,JPM,,,JPM,271294757990.4,0.1632766108253354,converged,0.1632766108253354,2017,2017,unknown,0,271294757990.4,533627000000.0,0.0181,1.0,0.1632766108253354,795349995060.6781,0.055693831517827884,0.0,6,converged,7.518535897700021,7.462842066182193,7.462842066182193,4.233791101522766e-14
JPM,2019,0,0.161745761,0.183145761,1.548870504,4.696227415,1.223973573,0.561719126,89.75067727,83.67356347,84.684426,83.90768208,43.2164673,79.42625998,86.57218312,79.61549665,80.04651898,43.39404601,14.80407693,0.192043251,1.834591094,16.6,26.62674,2.017936387,59.87430723,37.26255634,2687379.0,516093.0,1.60682232,1,0,0.021400000000000002,516093000000.0,JPM,,,JPM,387405134848.0,0.2216746842543843,converged,0.2216746842543843,2018,2018,unknown,0,387405134848.0,516093000000.0,0.021400000000000002,1.0,0.2216746842543843,892571081115.302,0.09621408632706745,0.0,6,converged,5.964279956285105,5.868065869958038,5.868065869958038,2.2045404948897788e-09
JPM,2020,1,-0.128975754,-0.124575754,0.989987759,3.732272746,1.217916165,0.487231507,90.72326167,85.53549577,87.0453177,85.54538377,51.78431979,89.75067727,83.67356347,84.684426,83.90768208,43.2164673,15.03479267,0.160159799,1.554374754,17.3,21.07742,1.306947606,63.28385214,33.30424226,3384757.0,542102.0,1.900173907,1,0,0.0044,542102000000.0,JPM,,,JPM,353138956134.4,0.186741673496928,converged,0.186741673496928,2019,2019,unknown,0,353138956134.4,542102000000.0,0.0044,1.0,0.186741673496928,892860947193.7878,0.0738589361010526,0.0,6,converged,6.852308966865576,6.778450030764524,6.778450030764524,6.073598712566776e-12
JPM,2021,1,0.321116281,0.321516281,1.260066259,1.548870797,1.111852831,0.557515263,92.41564734,80.5458233,85.70191403,82.86750878,44.8912012,90.72326167,85.53549577,87.0453177,85.54538377,51.78431979,15.13554946,0.146635281,1.798016951,17.2,20.33657,1.407785494,53.79522759,43.10078694,3743567.0,548939.0,1.248126343,1,0,0.0004,548939000000.0,JPM,,,JPM,466206017110.75,0.5421213628045289,converged,0.5421213628045289,2020,2020,unknown,0,466206017110.75,548939000000.0,0.0004,1.0,0.5421213628045289,1014497804141.2455,0.25036581915931894,0.0,6,converged,2.5798377527531526,2.3294719335938336,2.3294719335938336,0.009917039086303127
JPM,2022,1,-0.014759255,-0.000559255,3.617230009,6.028440795,1.118365688,0.448489391,89.93750658,76.5931658,80.93472737,78.67279974,44.47658679,92.41564734,80.5458233,85.70191403,82.86750878,44.8912012,15.1145416,0.14799319,1.485248713,16.4,18.85095,4.457747482,62.44120952,33.9244106,3665743.0,542505.0,1.840598213,1,0,0.014199999999999999,542505000000.0,JPM,,,JPM,393483971114.1,0.2133705707039641,converged,0.2133705707039641,2021,2021,unknown,0,393483971114.1,542505000000.0,0.014199999999999999,1.0,0.2133705707039641,928339837487.9407,0.09043875542479411,0.0,6,converged,6.142169356595352,6.051730601170558,6.051730601170558,7.164898402813642e-10
JPM,2023,1,0.117533001,0.167033001,3.635501792,5.73092469,1.111174567,0.497966737,92.25661154,73.63736439,83.11535669,79.51238312,39.90589216,89.93750658,76.5931658,80.93472737,78.67279974,44.47658679,15.17015763,0.168517619,1.628492405,17.7,18.80043,4.397559661,58.74498167,38.73621158,3875393.0,653072.0,1.516539157,1,0,0.0495,653072000000.0,JPM,,,JPM,489319626839.4,0.2982793444003671,converged,0.2982793444003671,2022,2022,unknown,0,489319626839.4,653072000000.0,0.0495,1.0,0.2982793444003671,1110851506270.567,0.13138972405665622,0.0,8,converged,4.485330747699762,4.353941023643106,4.353941023643106,6.6855846475591916e-06
KEY,2016,0,0.394317558,0.396317558,2.56142296,5.490937315,1.098561321,0.609865625,77.89661319,61.4367953,84.66011654,69.4185851,69.4185851,74.18236343,59.2068303,84.51408183,68.11696095,68.11696095,11.82373551,0.10768543,1.452601136,12.85,24.79542,3.161282586,49.4674626,46.42581796,136453.0,14694.0,1.065516232,0,1,0.002,14694000000.0,KEY,,,KEY,20022823215.36,0.2781610759958766,converged,0.2781610759958766,2015,2015,unknown,0,20022823215.36,14694000000.0,0.002,1.0,0.2781610759958766,34687464558.05618,0.1605643502864337,0.0,6,converged,5.442239054254107,5.281674703967673,5.281674703967673,6.400416763146128e-08
KEY,2017,0,0.25223311,0.26023311,2.447974499,5.792653164,1.084106291,0.67784876,80.3662947,77.67592804,82.45644617,76.88239394,76.88239394,77.89661319,61.4367953,84.66011654,69.4185851,69.4185851,11.83281816,0.111432265,1.540465017,12.92,23.7511,3.024624862,42.80931644,54.46321281,137698.0,15344.0,0.786022606,0,1,0.008,15344000000.0,KEY,,,KEY,22105109154.56,0.2914402358592566,converged,0.2914402358592566,2016,2016,unknown,0,22105109154.56,15344000000.0,0.008,1.0,0.2914402358592566,37326846781.23773,0.1725920938117128,0.0,6,converged,5.283453591315635,5.110861497503922,5.110861497503922,1.603465175008794e-07
KEY,2018,0,-0.370350237,-0.352250237,2.576486093,7.095788442,1.145644505,0.73119519,80.93195868,71.88957183,88.07275253,76.02537651,76.02537651,80.3662947,77.67592804,82.45644617,76.88239394,76.88239394,11.84662959,0.104538976,1.065270864,12.89,24.79542,3.682904765,41.34378676,54.8550281,139613.0,14595.0,0.753691834,0,1,0.0181,14595000000.0,KEY,,,KEY,16197992727.04,0.221219412087486,converged,0.221219412087486,2017,2017,unknown,0,16197992727.04,14595000000.0,0.0181,1.0,0.221219412087486,30531199603.744106,0.11736553273722254,0.0,8,converged,6.501546157817877,6.3841806250806545,6.3841806250806545,8.615880224466755e-11
KEY,2019,0,0.067219306,0.088619306,1.905342777,6.171840467,1.319665452,0.802198029,79.21377112,68.62977251,71.84308926,68.52096551,68.52096551,80.93195868,71.88957183,88.07275253,76.02537651,76.02537651,11.88440626,0.093387039,1.306532981,12.79,24.79542,2.473544317,43.67550543,50.91911023,144988.0,13540.0,0.857742903,0,1,0.021400000000000002,13540000000.0,KEY,,,KEY,22181824952.32,0.2720373347401253,converged,0.2720373347401253,2018,2018,unknown,0,22181824952.32,13540000000.0,0.021400000000000002,1.0,0.2720373347401253,35435147340.95588,0.17029094016667798,0.0,6,converged,5.860296642950616,5.690005702783938,5.690005702783938,6.351756459824644e-09
KEY,2020,1,-0.283181793,-0.278781793,1.982142508,6.103539452,1.579160341,0.805632614,78.18887899,67.27524409,57.69881958,62.57492028,62.57492028,79.21377112,68.62977251,71.84308926,68.52096551,68.52096551,12.04552824,0.08622957,0.995736573,13.4,18.49174,2.577924201,50.31607167,42.71392715,170336.0,14688.0,1.177978122,0,1,0.0044,14688000000.0,KEY,,,KEY,17984374874.88,0.2577831081703319,converged,0.2577831081703319,2019,2019,unknown,0,17984374874.88,14688000000.0,0.0044,1.0,0.2577831081703319,32607889642.8844,0.14217626976956776,0.0,7,converged,5.711434727878765,5.569258458109197,5.569258458109197,1.2791288238471883e-08
KEY,2021,1,0.33666584,0.33706584,2.135064009,2.029963725,1.464512803,0.928145316,76.47217893,71.19131045,73.94408153,70.45122763,70.45122763,78.18887899,67.27524409,57.69881958,62.57492028,62.57492028,12.13536044,0.068705526,1.384029838,12.49,15.61507,2.305330436,38.54453904,56.28352423,186346.0,12803.0,0.684828101,0,1,0.0004,12803000000.0,KEY,,,KEY,21484295180.1,0.7656510722503758,converged,0.7656510722503758,2020,2020,unknown,0,21484295180.1,12803000000.0,0.0004,1.0,0.7656510722503758,34202075775.797783,0.4866999837438593,0.0,5,converged,2.263088746329627,1.776388762585768,1.776388762585768,0.03783443100343345
KEY,2022,1,0.047465031,0.061665031,4.217338728,6.552945264,1.28590853,0.508732976,73.97123783,77.05672387,77.01622896,74.19311821,74.19311821,76.47217893,71.19131045,73.94408153,70.45122763,70.45122763,12.15379466,0.15157023,1.484253624,12.79,15.61507,4.973197578,60.7986037,33.58375542,189813.0,28770.0,1.810357506,0,1,0.014199999999999999,28770000000.0,KEY,,,KEY,16258514201.020002,0.3069516161802888,converged,0.3069516161802888,2021,2021,unknown,0,16258514201.020002,28770000000.0,0.014199999999999999,1.0,0.3069516161802888,44622844535.578384,0.1118413044023859,0.0,7,converged,4.10731080780797,3.995469503405584,3.995469503405584,3.2283084287620654e-05
KEY,2023,1,-0.002043319,0.047456681,4.608093246,6.284107736,1.305490432,0.423937753,72.49714885,77.49341565,76.95907549,74.35819602,40.62221178,73.97123783,77.05672387,77.01622896,74.19311821,74.19311821,12.14569081,0.120272359,1.111190691,14.15,15.61507,5.445652717,66.37692277,26.93616931,188281.0,22645.0,2.464230232,0,1,0.0495,22645000000.0,KEY,,,KEY,13486521412.8,0.3541060126926035,converged,0.3541060126926035,2022,2022,unknown,0,13486521412.8,22645000000.0,0.0495,1.0,0.3541060126926035,35037716271.791145,0.13631958154959326,0.0,6,converged,3.633208968008593,3.496889386459,3.496889386459,0.00023535848401164144
LARK,2018,0,-0.098837945,-0.080737945,2.654181388,5.274650284,0.484701989,0.398839044,21.58687943,19.37141518,42.919165,25.05912133,25.05912133,22.15799615,20.60305501,38.36078701,24.02899861,24.02899861,6.893437264,0.057717512,1.103728253,17.32,26.64071454,3.703145919,22.68815021,77.31184979,985.784,56.897,0.293462778,0,0,0.0181,56897000.0,LARK,,,LARK,98844802.39252,0.2313634311797284,converged,0.2313634311797284,2017,2017,unknown,0,98844802.39252,56897000.0,0.0181,1.0,0.2313634311797284,154721230.72848222,0.14780823894553752,0.0,5,converged,6.964469745769841,6.816661506824303,6.816661506824303,4.659023102126166e-12
LARK,2019,0,0.047367374,0.068767374,2.083519319,4.621527254,0.604335437,0.467521411,20.28455285,29.02249162,44.67897697,30.47958755,30.47958755,21.58687943,19.37141518,42.919165,25.05912133,25.05912133,6.9062191,0.042263875,1.060386296,16.95,20.89986364,2.570567755,27.00503714,72.99496286,998.465,42.199,0.369957543,0,0,0.021400000000000002,42199000.0,LARK,,,LARK,113506448.4918,0.1666775207532922,converged,0.1666775207532922,2018,2018,unknown,0,113506448.4918,42199000.0,0.021400000000000002,1.0,0.1666775207532922,154811984.05855688,0.12220612983684742,0.0,5,converged,10.872466228478624,10.750260098641776,10.750260098641776,2.954737093235362e-27
LARK,2020,1,-0.005465409,-0.001065409,2.35758793,3.648160891,0.494444871,0.396610858,18.99807322,24.59120496,45.47669385,28.56884745,28.56884745,20.28455285,29.02249162,44.67897697,30.47958755,30.47958755,7.080049227,0.023587006,0.856993686,17.89,19.07046397,2.914145533,23.36003609,76.63996391,1188.027,28.022,0.304802285,0,0,0.0044,28022000.0,LARK,,,LARK,108714704.0654,0.2515366319086457,converged,0.2515366319086457,2019,2019,unknown,0,108714704.0654,28022000.0,0.0044,1.0,0.2515366319086457,136613678.12095976,0.20016832044697624,0.0,5,converged,8.036240867161608,7.8360725467146315,7.8360725467146315,2.3242868087815364e-15
LARK,2021,1,0.076165951,0.076565951,2.010998126,1.662360597,0.421679216,0.358542252,17.43215031,18.68318719,37.5897584,22.79917387,22.79917387,18.99807322,24.59120496,45.47669385,28.56884745,28.56884745,7.19215798,0.021862076,1.057021375,18.91,17.24110489,2.353662977,17.54474322,82.45525678,1328.968,29.054,0.212778953,0,0,0.0004,29054000.0,LARK,,,LARK,142427589.720625,0.4350990263194478,converged,0.4350990263194478,2020,2020,unknown,0,142427589.720625,29054000.0,0.0004,1.0,0.4350990263194478,171469968.33684376,0.361405082748254,0.0,7,converged,5.0938929109733495,4.7324878282250955,4.7324878282250955,1.1089230389445906e-06
LARK,2022,1,-0.04059271,-0.02639271,4.014438815,5.304381259,0.343736113,0.275805793,15.8938172,19.08752502,36.79981378,22.71534537,22.71534537,17.43215031,18.68318719,37.5897584,22.79917387,22.79917387,7.315129896,0.045415196,1.058714096,13.44,17.57629048,4.895144108,23.00697444,76.99302556,1502.867,68.253,0.298818942,0,0,0.014199999999999999,68253000.0,LARK,,,LARK,117975445.347452,0.263477422181894,converged,0.263477422181894,2021,2021,unknown,0,117975445.347452,68253000.0,0.014199999999999999,1.0,0.263477422181894,185266101.5567027,0.1677795666949412,0.0,6,converged,6.120213569320731,5.95243400262579,5.95243400262579,1.3209184022662994e-09
LARK,2023,1,0.013018373,0.062518373,4.808179619,5.439572964,0.445783468,0.339066767,14.03688525,15.61989649,50.42072124,25.93089552,25.93089552,15.8938172,19.08752502,36.79981378,22.71534537,22.71534537,7.353512321,0.063410883,0.854351032,13.33,12.66136,5.452595218,26.49023337,73.50976663,1561.672,99.027,0.360363454,0,0,0.0495,99027000.0,LARK,,,LARK,106155783.830256,0.2124938967196022,converged,0.2124938967196022,2022,2022,unknown,0,106155783.830256,99027000.0,0.0495,1.0,0.2124938967196022,200400290.53491336,0.11256199558663284,0.0,8,converged,6.758581137630843,6.64601914204421,6.64601914204421,1.5056305707545785e-11
LCNB,2018,0,-0.219632209,-0.201532209,-0.201532209,5.485093731,0.444783847,0.444783847,21.58687943,20.75804009,49.58139018,28.14528835,28.14528835,22.15799615,23.15488172,55.54449783,31.48084055,31.48084055,7.400575983,0.063082838,0.919804696,12.98,26.07284,0.0,0.0,100.0,1636.927,103.262,0.0,0,0,0.0181,103262000.0,LCNB,,,LCNB,214636110.0,0.3196429783963274,converged,0.3196429783963274,2017,2017,unknown,0,214636110.0,103262000.0,0.0181,1.0,0.3196429783963274,316045880.47273374,0.21707901546691058,0.0,5,converged,5.344964337300895,5.127885321833984,5.127885321833984,1.4650741445031352e-07
LCNB,2019,0,0.008445786,0.029845786,0.029845786,5.429235149,0.612875475,0.612875475,22.06022092,17.60643724,39.41950547,23.17951104,23.17951104,21.58687943,20.75804009,49.58139018,28.14528835,28.14528835,7.402029481,0.025006893,1.094856837,12.52,26.07284,0.0,0.0,100.0,1639.308,40.994,0.0,0,0,0.021400000000000002,40994000.0,LCNB,,,LCNB,273430820.0,0.2599742560198121,converged,0.2599742560198121,2018,2018,unknown,0,273430820.0,40994000.0,0.021400000000000002,1.0,0.2599742560198121,313556868.6052309,0.22670520519864953,0.0,6,converged,9.18220052053065,8.955495315332,8.955495315332,1.691068719349317e-19
LCNB,2020,1,-0.118631415,-0.114231415,-0.114231415,6.230025258,0.890297565,0.890297565,20.85479836,44.23403581,62.86116984,44.83747133,44.83747133,22.06022092,17.60643724,39.41950547,23.17951104,23.17951104,7.465016297,0.012601066,0.784340472,12.91,26.07284,0.0,0.0,100.0,1745.884,22.0,0.0,0,0,0.0044,22000000.0,LCNB,,,LCNB,208119106.0,0.2022949108840211,converged,0.2022949108840211,2019,2019,unknown,0,208119106.0,22000000.0,0.0044,1.0,0.2022949108840211,230022518.6480572,0.183031801679594,0.0,4,converged,12.939199944589893,12.7561681429103,12.7561681429103,1.4401226373957874e-37
LCNB,2021,1,0.126909194,0.127309194,0.127309194,1.515266,0.771255379,0.771255379,19.0205481,43.24918227,67.30291655,45.90937365,45.90937365,20.85479836,44.23403581,62.86116984,44.83747133,44.83747133,7.551517343,0.005253124,1.016177812,12.64,17.86319,0.0,0.0,100.0,1903.629,10.0,0.0,0,0,0.0004,10000000.0,LCNB,,,LCNB,242464090.68,0.7431880448357006,converged,0.7431880448357006,2020,2020,unknown,0,242464090.68,10000000.0,0.0004,1.0,0.7431880448357006,252460070.61983216,0.7137624108384737,0.0,4,converged,4.880890817054829,4.167128406216356,4.167128406216356,1.5423038100993373e-05
LCNB,2022,1,-0.004377734,0.009822266,3.724880784,6.952400703,0.684139934,0.671817067,17.26625006,41.7120128,75.48510242,48.0807609,48.0807609,19.0205481,43.24918227,67.30291655,45.90937365,45.90937365,7.559766874,0.047164267,1.009908758,12.31,17.86319,4.523274127,2.184394402,97.8156056,1919.398,90.527,0.022331758,0,0,0.014199999999999999,90527000.0,LCNB,,,LCNB,202663440.0,0.2788606793724782,converged,0.2788606793724782,2021,2021,unknown,0,202663440.0,90527000.0,0.014199999999999999,1.0,0.2788606793724782,291914040.4820055,0.19360104941841166,0.0,5,converged,6.217693111946157,6.024092062527745,6.024092062527745,8.503077558047155e-10
LKFN,2017,0,0.151253826,0.159253826,1.414778624,6.215851415,0.8193851,0.779063527,22.15799615,42.71540046,61.37153969,43.28059292,43.28059292,21.15270351,39.2616975,43.87798635,35.26987704,35.26987704,8.451689084,0.038780895,2.589766253,13.26,32.99566,1.890838787,7.170472881,92.82952712,4682.976,181.61,0.077243449,0,0,0.008,181610000.0,LKFN,,,LKFN,1239254081.0,0.2207401038266041,converged,0.2207401038266041,2016,2016,unknown,0,1239254081.0,181610000.0,0.008,1.0,0.2207401038266041,1419416997.0588725,0.19272213590278453,0.0,6,converged,10.806806759304413,10.614084623401629,10.614084623401629,1.2814706027960914e-26
LKFN,2018,0,-0.214379819,-0.196279819,1.418628145,7.557508251,0.864611155,0.80572258,21.58687943,38.84850852,65.47301799,42.8391467,42.8391467,22.15799615,42.71540046,61.37153969,43.28059292,43.28059292,8.491927485,0.056711507,1.934705719,14.2,32.99566,2.381343648,9.835126665,90.16487334,4875.254,276.483,0.10907936,0,0,0.0181,276483000.0,LKFN,,,LKFN,1026365104.0,0.2353945589421414,converged,0.2353945589421414,2017,2017,unknown,0,1026365104.0,276483000.0,0.0181,1.0,0.2353945589421414,1297888778.9843595,0.18614904827110945,0.0,5,converged,8.497333828272705,8.311184780001595,8.311184780001595,4.737562474726905e-17
LKFN,2019,0,0.013584511,0.034984511,1.512589043,7.18527104,0.943384891,0.926120695,20.28455285,35.85326448,70.97208957,43.33317142,43.33317142,21.58687943,38.84850852,65.47301799,42.8391467,42.8391467,8.506485064,0.034366033,2.081882065,14.36,32.54853,2.19201359,2.689352269,97.31064773,4946.745,170.0,0.027636773,0,0,0.021400000000000002,170000000.0,LKFN,,,LKFN,1250499117.0,0.212829163013486,converged,0.212829163013486,2018,2018,unknown,0,1250499117.0,170000000.0,0.021400000000000002,1.0,0.212829163013486,1416899767.4052603,0.18783451518990765,0.0,5,converged,11.496656856315424,11.308822341125516,11.308822341125516,5.933579976081727e-30
LKFN,2020,1,-0.064264487,-0.059864487,1.506699972,6.354594573,0.918109984,0.911795586,22.30216678,43.50132989,71.79603342,47.89902113,47.89902113,20.28455285,35.85326448,70.97208957,43.33317142,43.33317142,8.670846891,0.014664429,2.058067247,14.65,31.42446,2.283563425,0.999772923,99.00022708,5830.435,85.5,0.010098693,0,0,0.0044,85500000.0,LKFN,,,LKFN,1369338702.0,0.2036744005441886,converged,0.2036744005441886,2019,2019,unknown,0,1369338702.0,85500000.0,0.0044,1.0,0.2036744005441886,1454463328.4274664,0.19175405376156018,0.0,4,converged,14.897524415832445,14.705770362070885,14.705770362070885,2.959671546178223e-49
LKFN,2021,1,0.094087625,0.094487625,0.094487625,1.515266,0.778355524,0.778355524,20.59743576,33.08819763,69.54759842,41.90468256,41.90468256,22.30216678,43.50132989,71.79603342,47.89902113,47.89902113,8.788337719,0.011437594,2.876782982,15.35,19.14315,0.0,0.0,100.0,6557.323,75.0,0.0,0,0,0.0004,75000000.0,LKFN,,,LKFN,2027605551.02,0.5527194209296479,converged,0.5527194209296479,2020,2020,unknown,0,2027605551.02,75000000.0,0.0004,1.0,0.5527194209296479,2102575557.0129921,0.5330115069276253,0.0,4,converged,6.52121164833283,5.988200141405205,5.988200141405205,1.0608793762354953e-09
LKFN,2022,1,-0.041877819,-0.027677819,-0.027677819,7.326869579,0.753131302,0.753131302,19.0731221,31.32317457,65.15456238,39.4690923,39.4690923,20.59743576,33.08819763,69.54759842,41.90468256,41.90468256,8.76909849,0.04617271,3.252003256,15.07,18.93933,0.0,0.0,100.0,6432.371,297.0,0.0,0,0,0.014199999999999999,297000000.0,LKFN,,,LKFN,1849732948.25,0.2896788449823779,converged,0.2896788449823779,2021,2021,unknown,0,1849732948.25,297000000.0,0.014199999999999999,1.0,0.2896788449823779,2142545350.5829618,0.2500896920537141,0.0,6,converged,8.083060477278842,7.832970785225128,7.832970785225128,2.382375289130145e-15
LKFN,2023,1,-0.05477748,-0.00527748,-0.00527748,6.38740004,0.716434431,0.716434431,16.669483,26.15747581,65.22323984,36.83356842,36.83356842,19.0731221,31.32317457,65.15456238,39.4690923,39.4690923,8.783247409,0.007663976,2.55047788,15.47,18.80993,0.0,0.0,100.0,6524.029,50.0,0.0,0,0,0.0495,50000000.0,LKFN,,,LKFN,1657055680.56,0.2445042416024269,converged,0.2445042416024269,2022,2022,unknown,0,1657055680.56,50000000.0,0.0495,1.0,0.2445042416024269,1704640938.4668248,0.2376788761348915,0.0,4,converged,15.175233287750682,14.93755441161579,14.93755441161579,9.38698629407664e-51
LOB,2017,0,0.369068316,0.377068316,2.138283973,8.47378761,1.23124252,1.208722429,22.15799615,31.40997143,25.30199039,24.68806237,24.68806237,21.15270351,24.52640844,21.79180887,20.01014978,20.01014978,7.922432907,0.009629962,2.177701512,18.91,28.77428853,2.486219642,2.549132788,97.45086721,2758.474,26.564,0.026158133,0,0,0.008,26564000.0,LOB,,,LOB,1087750800.0,0.2602568778080121,converged,0.2602568778080121,2016,2016,unknown,0,1087750800.0,26564000.0,0.008,1.0,0.2602568778080121,1114103135.7857325,0.25410091574826515,0.0,4,converged,14.862330222579958,14.608229306831692,14.608229306831692,1.2445161379454184e-48
LOB,2018,0,-0.335038097,-0.316938097,3.445947118,8.812659699,0.975373907,0.974369,21.58687943,25.8251729,33.26671108,24.78530175,24.78530175,22.15799615,31.40997143,25.30199039,24.68806237,24.68806237,8.208069277,0.000396954,1.20493411,18.28,26.37274429,5.110121035,0.139880048,99.86011995,3670.449,1.457,0.00140076,0,0,0.0181,1457000.0,LOB,,,LOB,675454480.0,0.245226588249759,converged,0.245226588249759,2017,2017,unknown,0,675454480.0,1457000.0,0.0181,1.0,0.245226588249759,676885345.5304381,0.24470820463608545,0.0,3,converged,25.29201436704225,25.047306162406162,25.047306162406162,9.33959092813364e-139
LOB,2019,0,0.189538455,0.210938455,1.616441566,7.971218617,1.058416302,1.056898598,20.28455285,31.27977031,25.05995967,24.53635156,24.53635156,21.58687943,25.8251729,33.26671108,24.78530175,24.78530175,8.479040132,2.91e-06,1.439605241,15.74,20.99961,1.779593545,0.181441074,99.81855893,4812.828,0.014,0.001817709,0,0,0.021400000000000002,14000.0,LOB,,,LOB,867008080.0000001,0.2433215292923797,converged,0.2433215292923797,2018,2018,unknown,0,867008080.0000001,14000.0,0.021400000000000002,1.0,0.2433215292923797,867021783.5830796,0.24331768354851796,0.0,2,converged,35.0,35.0,35.0,1.1249107064724062e-268
LOB,2020,1,0.170784072,0.175184072,2.308047782,4.985955665,1.293894556,0.552293392,18.99807322,35.52445128,34.68539213,30.106869,30.106869,20.28455285,31.27977031,25.05995967,24.53635156,24.53635156,8.971105929,0.19588842,3.548107928,13.39,21.00652,2.839678751,62.96083593,37.03916407,7872.303,1542.093,1.699844948,0,0,0.0044,1542093000.0,LOB,,,LOB,2164555680.0,0.2378046831098632,converged,0.2378046831098632,2019,2019,unknown,0,2164555680.0,1542093000.0,0.0044,1.0,0.2378046831098632,3699878376.413473,0.1391238918123981,0.0,7,converged,6.39169218396637,6.252568292153972,6.252568292153972,2.0187854665821013e-10
MBCN,2018,0,-0.155520457,-0.137420457,1.92809102,4.008672683,0.291145374,0.226871168,21.58687943,18.57032561,37.37841439,22.66711068,22.66711068,22.15799615,13.80515596,22.01670098,14.77336971,14.77336971,7.129616408,0.079462639,1.065758744,11.0,21.9718,2.600222661,26.63689197,73.36310803,1248.398,99.201,0.363082927,0,0,0.0181,99201000.0,MBCN,,,MBCN,170283174.90093,0.3073276122529588,converged,0.3073276122529588,2017,2017,unknown,0,170283174.90093,99201000.0,0.0181,1.0,0.3073276122529588,267704788.16060042,0.19548669829115942,0.0,6,converged,5.2686155906343,5.07312889234314,5.07312889234314,1.9566362056207655e-07
MBCN,2019,0,0.048481656,0.069881656,2.119573711,3.684605111,0.323642385,0.304065605,20.28455285,13.0270494,32.51087764,18.16533245,18.16533245,21.58687943,18.57032561,37.37841439,22.66711068,22.66711068,7.075364978,0.015450644,1.208196476,13.23,21.71827,2.625137109,7.599546448,92.40045355,1182.475,18.27,0.08224577,0,0,0.021400000000000002,18270000.0,MBCN,,,MBCN,209412587.80377,0.24724400893304,converged,0.24724400893304,2018,2018,unknown,0,209412587.80377,18270000.0,0.021400000000000002,1.0,0.24724400893304,227295763.5853102,0.2277913451454044,0.0,4,converged,11.274950631372608,11.047159286227204,11.047159286227204,1.1313074443828622e-28
MBCN,2020,1,-0.029168877,-0.024768877,2.367929583,5.321724998,0.793517568,0.712847742,20.85479836,33.37919676,43.05547166,32.32341981,32.32341981,20.28455285,13.0270494,32.51087764,18.16533245,18.16533245,7.238481755,0.012240127,0.991337218,12.88,18.53566,2.933402984,12.19707712,87.80292288,1391.979,17.038,0.138914249,0,0,0.0044,17038000.0,MBCN,,,MBCN,180597286.59102,0.2371214241316419,converged,0.2371214241316419,2019,2019,unknown,0,180597286.59102,17038000.0,0.0044,1.0,0.2371214241316419,197560484.0772562,0.21676139333462857,0.0,4,converged,11.434192016483507,11.217430623148879,11.217430623148879,1.6742917599505446e-29
MBCN,2021,1,0.102764327,0.103164327,2.056821837,1.585127078,0.818131726,0.761288694,19.0205481,31.23453745,53.83097507,35.10021088,35.10021088,20.85479836,33.37919676,43.05547166,32.32341981,32.32341981,7.193690326,0.009891766,0.999622241,14.21,16.93786,2.362287262,8.247854059,91.75214594,1331.006,13.166,0.089892765,0,0,0.0004,13166000.0,MBCN,,,MBCN,199530545.01822,0.6053413809135381,converged,0.6053413809135381,2020,2020,unknown,0,199530545.01822,13166000.0,0.0004,1.0,0.6053413809135381,212691277.0386277,0.5678846375927847,0.0,4,converged,5.183888148433599,4.616003510840814,4.616003510840814,1.956001651717192e-06
MBCN,2022,1,-0.046598686,-0.032398686,3.75006733,6.294820458,0.559878975,0.526035496,17.26625006,35.7476946,34.24115456,30.27463784,30.27463784,19.0205481,31.23453745,53.83097507,35.10021088,35.10021088,7.431111269,0.045775804,1.140828542,13.78,16.93786,4.550974651,7.188812592,92.81118741,1687.682,77.255,0.077456315,0,0,0.014199999999999999,77255000.0,MBCN,,,MBCN,221044418.33526,0.3368816567156814,converged,0.3368816567156814,2021,2021,unknown,0,221044418.33526,77255000.0,0.014199999999999999,1.0,0.3368816567156814,297210149.26918876,0.2505493538741059,0.0,5,converged,5.559444840350911,5.308895486476805,5.308895486476805,5.5145775198560485e-08
MBIN,2019,0,0.106221575,0.127621575,1.49150222,4.877907938,0.67531713,0.66209755,20.28455285,23.12881357,34.56118009,23.91391636,23.91391636,21.58687943,25.99890317,37.45169887,26.37806756,26.37806756,8.759657372,0.028474741,0.855176099,11.6,20.99961,1.778313789,1.715527059,67.87832839,6371.928,181.439,0.025273561,0,0,0.021400000000000002,181439000.0,MBIN,,,MBIN,602885859.1719,0.3392373338688377,converged,0.3392373338688377,2018,2018,unknown,0,602885859.1719,181439000.0,0.021400000000000002,1.0,0.3392373338688377,780483315.5617528,0.2620445410898979,0.0,5,converged,5.780420071036759,5.518375529946861,5.518375529946861,1.710738393238261e-08
MBIN,2022,1,-0.171565336,-0.157365336,3.113298111,7.430343266,1.09683609,1.080332034,15.8938172,23.48768095,31.22439479,22.89067187,22.89067187,20.28455285,23.12881357,34.56118009,23.91391636,23.91391636,9.442659855,0.073751507,1.092050198,11.7,25.52258,4.318945586,1.347016588,65.66956547,12615.227,930.392,0.020512037,0,0,0.014199999999999999,930392000.0,MBIN,,,MBIN,1115842944.0,0.3502597051581341,converged,0.3502597051581341,2021,2021,unknown,0,1115842944.0,930392000.0,0.014199999999999999,1.0,0.3502597051581341,2033115743.4389768,0.1922366005818416,0.0,6,converged,4.236426333305941,4.044189732724099,4.044189732724099,2.6252194075286497e-05
MBIN,2023,1,-0.015530134,0.033969866,3.26489158,6.813108169,1.165706924,0.851666521,14.03688525,21.59639702,30.43789353,21.66945459,21.66945459,15.8938172,23.48768095,31.22439479,22.89067187,22.89067187,9.738171538,0.056872207,1.532518231,11.5,25.17405,4.339541238,25.80549653,52.36589247,16952.516,964.127,0.49279207,0,0,0.0495,964127000.0,MBIN,,,MBIN,1953642786.0,0.3004553203350982,converged,0.3004553203350982,2022,2022,unknown,0,1953642786.0,964127000.0,0.0495,1.0,0.3004553203350982,2871207424.327026,0.20443746697897006,0.0,5,converged,5.682237473733122,5.477800006754152,5.477800006754152,2.1532323324481134e-08
MBWM,2017,0,0.172214552,0.180214552,1.448580499,4.991200103,0.688957959,0.573921208,22.15799615,26.10063798,40.98146877,27.69924519,27.69924519,21.15270351,15.77289901,57.08617747,28.3743818,28.3743818,8.097640518,0.116915001,1.563488183,12.9,31.21527,1.903083642,22.56476923,77.43523077,3286.704,384.265,0.291401846,0,0,0.008,384265000.0,MBWM,,,MBWM,559728002.24,0.2860070964249253,converged,0.2860070964249253,2016,2016,unknown,0,559728002.24,384265000.0,0.008,1.0,0.2860070964249253,940931145.0187895,0.17013592035270908,0.0,6,converged,5.395748645100045,5.225612724747336,5.225612724747336,8.678966580651008e-08
MBWM,2018,0,-0.253640923,-0.235540923,1.78990146,6.335247467,0.737862787,0.616645447,21.58687943,19.85078203,62.04197202,32.18109781,32.18109781,22.15799615,26.10063798,40.98146877,27.69924519,27.69924519,8.120858375,0.148552858,1.245194723,12.5,31.21527,2.868500161,22.2264103,77.7735897,3363.907,499.718,0.285783521,0,0,0.0181,499718000.0,MBWM,,,MBWM,458806752.0,0.2758189851855107,converged,0.2758189851855107,2017,2017,unknown,0,458806752.0,499718000.0,0.0181,1.0,0.2758189851855107,949561214.7488545,0.13326960667677604,0.0,8,converged,5.0194224330812345,4.886152826404459,4.886152826404459,5.141269717315678e-07
MBWM,2019,0,0.068249688,0.089649688,1.309769757,5.754086802,0.864557972,0.723029103,20.28455285,16.10354934,57.31401889,28.62040727,28.62040727,21.58687943,19.85078203,62.04197202,32.18109781,32.18109781,8.197790635,0.138609354,1.438023987,13.09,30.41642,1.781745709,21.95476843,78.04523157,3632.915,503.556,0.281308262,0,0,0.021400000000000002,503556000.0,MBWM,,,MBWM,592097744.0,0.2288158296216805,converged,0.2288158296216805,2018,2018,unknown,0,592097744.0,503556000.0,0.021400000000000002,1.0,0.2288158296216805,1084992131.7638009,0.12486849823492971,0.0,8,converged,6.381346527611802,6.256478029376872,6.256478029376872,1.9688427412056415e-10
MBWM,2020,1,-0.258674284,-0.254274284,0.843500287,5.095698659,1.132711597,0.758082111,18.99807322,20.3594317,51.04298802,28.47375381,28.47375381,20.28455285,16.10354934,57.31401889,28.62040727,28.62040727,8.397811278,0.126185394,1.004857918,13.8,29.23638,1.403571993,41.11946272,58.88053728,4437.344,559.928,0.698354068,0,0,0.0044,559928000.0,MBWM,,,MBWM,441110384.0,0.226118157181575,converged,0.226118157181575,2019,2019,unknown,0,441110384.0,559928000.0,0.0044,1.0,0.226118157181575,998580112.9299463,0.09988489260866247,0.0,6,converged,5.885921878814186,5.786036986205523,5.786036986205523,3.6033176477832763e-09
MBWM,2021,1,0.303022517,0.303422517,1.240613314,1.443045364,1.099157817,0.809431621,17.43215031,16.28656115,23.98787179,16.71376817,16.71376817,18.99807322,20.3594317,51.04298802,28.47375381,28.47375381,8.567458267,0.131872594,1.215337423,14.0,19.52669,1.280675444,30.78582413,69.21417587,5257.749,693.353,0.444790735,0,0,0.0004,693353000.0,MBWM,,,MBWM,554873238.32,0.6253507923379316,converged,0.6253507923379316,2020,2020,unknown,0,554873238.32,693353000.0,0.0004,1.0,0.6253507923379316,1246166887.8341992,0.2821707963410783,0.0,6,converged,2.220281359794398,1.9381105634533196,1.9381105634533196,0.02630486748223955
MBWM,2022,1,0.077010356,0.091210356,3.845725272,6.93179791,1.008732696,0.641078092,62.58344969,49.26704751,62.0712073,52.75200545,52.75200545,17.43215031,16.28656115,23.98787179,16.71376817,16.71376817,8.491386854,0.13138499,1.213183079,14.0,19.52669,4.712703457,41.61100517,58.38899483,4872.619,640.189,0.712651507,0,0,0.014199999999999999,640189000.0,MBWM,,,MBWM,535508716.31999993,0.2904482102281346,converged,0.2904482102281346,2021,2021,unknown,0,535508716.31999993,640189000.0,0.014199999999999999,1.0,0.2904482102281346,1166671225.6787696,0.13331757765282545,0.0,8,converged,4.674801481522838,4.541483903870013,4.541483903870013,2.7929825731422545e-06
MBWM,2023,1,0.039666638,0.089166638,4.002363778,6.562747835,1.055036948,0.707061009,60.0716578,44.88478226,59.75204336,49.76400789,49.76400789,62.58344969,49.26704751,62.0712073,52.75200545,52.75200545,8.585454275,0.156215955,1.24707549,13.7,19.43132,4.898937882,37.92051268,62.07948732,5353.224,836.259,0.610838045,0,0,0.0495,836259000.0,MBWM,,,MBWM,651154231.5600001,0.2504340706346425,converged,0.2504340706346425,2022,2022,unknown,0,651154231.5600001,836259000.0,0.0495,1.0,0.2504340706346425,1447026234.1929595,0.11269402565557077,0.0,6,converged,5.361219913856794,5.248525888201224,5.248525888201224,7.666054874703507e-08
MCB,2019,0,0.029871508,0.051271508,1.349407294,5.415502323,0.690624563,0.635838997,20.28455285,34.95742541,59.76758994,38.85521538,38.85521538,21.58687943,31.97007681,53.7386187,35.20306083,35.20306083,8.118973373,0.069155032,1.340367394,12.5,37.63328,2.091435525,12.13839434,87.86080014,3357.572,232.193,0.138154835,0,0,0.021400000000000002,232193000.0,MCB,,,MCB,514136623.0,0.3124468831024478,converged,0.3124468831024478,2018,2018,unknown,0,514136623.0,232193000.0,0.021400000000000002,1.0,0.3124468831024478,741413482.7423701,0.21666774503787273,0.0,5,converged,5.56548926718927,5.348821522151398,5.348821522151398,4.4264395208497877e-08
MCB,2020,1,-0.118138048,-0.113738048,1.322298301,7.2471477,1.341027464,1.109455437,18.99807322,39.86530528,43.3192389,35.36811742,35.36811742,20.28455285,34.95742541,59.76758994,38.85521538,38.85521538,8.37351241,0.018989702,0.882874535,12.7,37.47803,2.25131798,25.02847168,74.97055932,4330.821,82.241,0.333844004,0,0,0.0044,82241000.0,MCB,,,MCB,386641827.00000006,0.2473943837892054,converged,0.2473943837892054,2019,2019,unknown,0,386641827.00000006,82241000.0,0.0044,1.0,0.2473943837892054,468521761.56510836,0.2041591846155606,0.0,8,converged,8.646042932304642,8.441883747689081,8.441883747689081,1.5613192224337127e-17
MCB,2021,1,0.179121835,0.179521835,1.39234542,1.538939975,1.276730176,1.202853549,17.43215031,34.82568837,51.90008663,35.95757262,35.95757262,18.99807322,39.86530528,43.3192389,35.36811742,35.36811742,8.870151357,0.010931575,2.088673592,16.1,31.85883,1.801652535,8.268063929,91.73162938,7116.358,77.793,0.090133185,0,0,0.0004,77793000.0,MCB,,,MCB,1135620453.0,0.8540231889147814,converged,0.8540231889147814,2020,2020,unknown,0,1135620453.0,77793000.0,0.0004,1.0,0.8540231889147814,1213365197.2822294,0.799352612670399,0.0,4,converged,3.836834622603474,3.037482009933075,3.037482009933075,0.001192818221066724
MCB,2022,1,-0.078052478,-0.063852478,2.697796125,8.732002571,1.124058717,1.074589543,15.8938172,32.76552911,54.62011173,35.93427801,35.93427801,17.43215031,34.82568837,51.90008663,35.95757262,35.95757262,8.743106823,0.044412005,1.115537061,13.4,31.85883,4.046904086,6.328352009,93.67164799,6267.337,278.345,0.067558884,0,0,0.014199999999999999,278345000.0,MCB,,,MCB,625428067.0,0.3898991863302631,converged,0.3898991863302631,2021,2021,unknown,0,625428067.0,278345000.0,0.014199999999999999,1.0,0.3898991863302631,899848334.4774023,0.2709952857633836,0.0,5,converged,4.517732105223259,4.246736819459875,4.246736819459875,1.0845324795589692e-05
MCB,2023,1,-0.095982968,-0.046482968,2.843726352,8.09596288,1.279062356,1.220541245,15.2370401,30.2029544,53.02804808,34.24358499,34.24358499,15.8938172,32.76552911,54.62011173,35.93427801,35.93427801,8.863286426,0.080253441,0.929642503,12.8,31.85883,4.237017951,6.573838415,93.42616159,7067.672,567.205,0.070364,0,0,0.0495,567205000.0,MCB,,,MCB,590356338.0,0.4268577936102398,converged,0.4268577936102398,2022,2022,unknown,0,590356338.0,567205000.0,0.0495,1.0,0.4268577936102398,1130147249.4449065,0.22304697076287935,0.0,6,converged,3.424199822213973,3.2011528514510936,3.2011528514510936,0.0006843945025304892
MCBS,2020,1,-0.040609876,-0.036209876,1.649646617,10.22473592,1.562768935,1.561217741,20.85479836,22.62215779,37.0150005,24.81335887,24.81335887,22.06022092,31.04991687,39.67420142,29.93916748,29.93916748,7.548286712,0.058225897,1.512175103,20.86,31.577105,2.463801025,0.145000954,99.85499905,1897.489,110.483,0.001452115,0,0,0.0044,110483000.0,MCBS,,,MCBS,366289630.0,0.4304235258040967,converged,0.4304235258040967,2019,2019,unknown,0,366289630.0,110483000.0,0.0044,1.0,0.4304235258040967,476287498.80219007,0.33101859473204087,0.0,5,converged,4.592934285988186,4.261915691256145,4.261915691256145,1.0134095643559856e-05
MCBS,2021,1,0.127963386,0.128363386,1.555330176,1.515640073,0.424496367,0.424223226,19.0205481,20.50149145,42.16190201,25.57575377,25.57575377,20.85479836,22.62215779,37.0150005,24.81335887,24.81335887,8.041141872,0.161118333,2.415583696,17.77,26.53283,1.942471975,0.087562725,99.91243727,3106.158,500.459,0.000876395,0,0,0.0004,500459000.0,MCBS,,,MCBS,699303295.0,0.6473405164694335,converged,0.6473405164694335,2020,2020,unknown,0,699303295.0,500459000.0,0.0004,1.0,0.6473405164694335,1198494721.9441466,0.38015263444375336,0.0,5,converged,2.4883530973907924,2.108200462947039,2.108200462947039,0.017506826633713814
MCBS,2022,1,-0.024964078,-0.010764078,2.974109173,6.258213903,0.523270258,0.52296349,15.8938172,27.46877441,40.44785847,28.20507651,28.20507651,19.0205481,20.50149145,42.16190201,25.57575377,25.57575377,8.13951026,0.1095319,1.558065502,16.68,26.1906,4.044017026,0.079411076,99.92058892,3427.239,375.392,0.000794742,0,0,0.014199999999999999,375392000.0,MCBS,,,MCBS,549434445.0,0.2964674385892985,converged,0.2964674385892985,2021,2021,unknown,0,549434445.0,375392000.0,0.014199999999999999,1.0,0.2964674385892985,919533544.5081621,0.17714355042986046,0.0,6,converged,5.226188747980035,5.049045197550174,5.049045197550174,2.220118432600002e-07
MCBS,2023,1,0.036133653,0.085633653,0.085633653,5.886991304,0.574247252,0.574247252,14.03688525,32.10670902,38.28944858,29.70912916,29.70912916,15.8938172,27.46877441,40.44785847,28.20507651,28.20507651,8.161324494,0.092782307,1.586918156,17.6,26.1906,0.0,0.0,100.0,3502.823,325.0,0.0,0,0,0.0495,325000000.0,MCBS,,,MCBS,610144030.0,0.3176912835898097,converged,0.3176912835898097,2022,2022,unknown,0,610144030.0,325000000.0,0.0495,1.0,0.3176912835898097,919448203.9933892,0.21081932862706315,0.0,5,converged,5.273097734478942,5.062278405851878,5.062278405851878,2.0713772693852772e-07
MFIN,2018,0,-0.403406109,-0.385306109,3.067147135,5.289392962,1.594441957,0.242158028,21.58687943,13.88876973,36.62558294,20.07403965,20.07403965,22.15799615,4.601654736,2.165408373,3.061967764,3.061967764,7.231175565,0.154856619,0.436380972,18.2,28.26105,4.33657124,88.61592435,11.38407565,1381.846,213.988,7.784200235,0,0,0.0181,213988000.0,MFIN,,,MFIN,108979185.0,0.6064460671955266,converged,0.6064460671955266,2017,2017,unknown,0,108979185.0,213988000.0,0.0181,1.0,0.6064460671955266,318625532.20327634,0.21144762599096473,0.0,6,converged,2.0740438278145796,1.8625962018236148,1.8625962018236148,0.03125954956721452
MFIN,2019,0,0.325764701,0.347164701,2.571571063,4.094405327,1.551499938,0.223094024,20.28455285,10.5113748,21.44646079,12.93436778,12.93436778,21.58687943,13.88876973,36.62558294,20.07403965,20.07403965,7.340619577,0.138056403,0.680911441,21.1,20.99961,3.2036632,88.28664312,11.71335688,1541.667,212.837,7.537262291,0,0,0.021400000000000002,212837000.0,MFIN,,,MFIN,168929355.0,0.4546065200668782,converged,0.4546065200668782,2018,2018,unknown,0,168929355.0,212837000.0,0.021400000000000002,1.0,0.4546065200668782,377230538.4665164,0.2038416940640895,0.0,6,converged,3.014621786916342,2.8107800928522524,2.8107800928522524,0.00247107758410929
MFIN,2020,1,0.024616415,0.029016415,3.197330608,7.442033386,3.017242619,0.824395991,18.99807322,8.298526944,23.927313,12.72990204,12.72990204,20.28455285,10.5113748,21.44646079,12.93436778,12.93436778,7.403920563,0.146767161,0.52677685,18.8,21.00652,4.039177136,77.10253038,22.89746962,1642.411,241.052,3.3672948,0,0,0.0044,241052000.0,MFIN,,,MFIN,113858850.0,0.4304235258040967,converged,0.4304235258040967,2019,2019,unknown,0,113858850.0,241052000.0,0.0044,1.0,0.4304235258040967,353821493.02734435,0.13879755355655507,0.0,6,converged,2.866132877421996,2.7273353238654408,2.7273353238654408,0.003192405911578989
MFIN,2021,1,0.438270906,0.438670906,3.414167275,2.863816456,2.712682451,1.433065298,17.43215031,7.21260691,25.80710367,12.86801035,12.86801035,18.99807322,8.298526944,23.927313,12.72990204,12.72990204,7.535327134,0.117440633,0.508659555,19.0,20.93924,4.057843356,53.03871885,46.96128115,1873.057,219.973,1.129413797,0,0,0.0004,219973000.0,MFIN,,,MFIN,146005638.79999998,0.9880256619281969,converged,0.9880256619281969,2020,2020,unknown,0,146005638.79999998,219973000.0,0.0004,1.0,0.9880256619281969,357239923.6585479,0.446184161454346,0.0,8,converged,1.3107658295842417,0.8645816681298957,0.8645816681298957,0.19363421890048477
MFIN,2022,1,-0.211991118,-0.197791118,4.348912989,8.809390323,1.99645711,0.96826509,15.8938172,7.791638242,23.70204842,12.39739,12.39739,17.43215031,7.21260691,25.80710367,12.86801035,12.86801035,7.723066551,0.097049444,0.545709976,17.73,21.24215,5.62882354,57.4159788,42.5840212,2259.879,219.32,1.348298662,0,0,0.014199999999999999,219320000.0,MFIN,,,MFIN,164660345.22,0.4514002249786522,converged,0.4514002249786522,2021,2021,unknown,0,164660345.22,219320000.0,0.014199999999999999,1.0,0.4514002249786522,380857408.4346761,0.19542760579481297,0.0,6,converged,2.9944038388842706,2.7989762330894576,2.7989762330894576,0.0025632455321720916
MFIN,2023,1,0.184551293,0.234051293,3.436768188,7.369601827,2.153945215,1.045176669,15.2370401,5.8699101,18.5642053,9.78708375,9.78708375,15.8938172,7.791638242,23.70204842,12.39739,12.39739,7.858573806,0.094111392,0.673435689,18.1,26.47458,4.543947466,59.06378982,40.93621018,2587.827,243.544,1.442825058,0,0,0.0495,243544000.0,MFIN,,,MFIN,230979013.1,0.4672265639966358,converged,0.4672265639966358,2022,2022,unknown,0,230979013.1,243544000.0,0.0495,1.0,0.4672265639966358,462727799.4388994,0.2334679892033029,0.0,5,converged,3.0779166091033865,2.8444486199000836,2.8444486199000836,0.0022244180151670457
MNSB,2020,1,-0.185865982,-0.181465982,1.710005657,2.161786995,0.295874762,0.267869116,18.99807322,18.05754843,26.04550488,18.33292578,18.33292578,20.28455285,20.79491706,18.14708691,16.84723015,16.84723015,7.404379539,0.0090277,0.896535436,14.6,28.55563882,2.572599279,10.3198388,70.52091101,1643.165,14.834,0.146337287,0,0,0.0044,14834000.0,MNSB,,,MNSB,130275316.4,0.2775183374857737,converged,0.2775183374857737,2019,2019,unknown,0,130275316.4,14834000.0,0.0044,1.0,0.2775183374857737,145044190.18285558,0.24926051292123233,0.0,5,converged,9.28980682528213,9.040546312360897,9.040546312360897,7.794537443249148e-20
MNSB,2021,1,0.165889609,0.166289609,1.953193178,2.375301324,0.32252105,0.273548531,23.23013036,19.28928861,25.24689576,19.49127875,19.49127875,18.99807322,18.05754843,26.04550488,18.33292578,18.33292578,7.406954781,0.017781938,1.156355083,16.06,19.73905327,2.282621325,16.24931769,72.84862378,1647.402,29.294,0.223055932,0,0,0.0004,29294000.0,MNSB,,,MNSB,189442343.6,0.6337813123625086,converged,0.6337813123625086,2020,2020,unknown,0,189442343.6,29294000.0,0.0004,1.0,0.6337813123625086,218723344.99179557,0.5489581425335417,0.0,6,converged,3.937463174518641,3.3885050319850993,3.3885050319850993,0.0003513736971243432
MNSB,2022,1,0.0616825,0.0758825,3.575397494,5.534525078,0.389112961,0.289996499,24.78902521,23.57051888,28.22905028,23.13434542,23.13434542,23.23013036,19.28928861,25.24689576,19.49127875,19.49127875,7.563071301,0.089443028,1.196364176,16.27,19.76057893,4.39631788,26.84171696,63.01516035,1925.751,172.245,0.425956497,0,0,0.014199999999999999,172245000.0,MNSB,,,MNSB,211784059.6,0.2876110609928659,converged,0.2876110609928659,2021,2021,unknown,0,211784059.6,172245000.0,0.014199999999999999,1.0,0.2876110609928659,381600462.9751305,0.15962099652256387,0.0,7,converged,5.152177471047836,4.992556474525273,4.992556474525273,2.9792641332511605e-07
MOFG,2017,0,0.192988709,0.200988709,1.949074721,6.995489144,1.22083565,0.970510706,22.15799615,29.90397534,36.17135667,27.85406017,27.85406017,21.15270351,23.42631103,18.51678043,18.28549123,18.28549123,8.074733443,0.077366449,1.203992774,12.0,25.17339,2.405037414,25.63425328,74.36574672,3212.271,248.522,0.344705115,0,0,0.008,248522000.0,MOFG,,,MOFG,697994010.0,0.2666776696959692,converged,0.2666776696959692,2016,2016,unknown,0,697994010.0,248522000.0,0.008,1.0,0.2666776696959692,944535765.5390707,0.1970697382146398,0.0,5,converged,6.914204249676472,6.717134511461833,6.717134511461833,9.266643766371292e-12
MOFG,2018,0,-0.262455864,-0.244355864,2.816759463,8.014153461,1.035968666,0.847998801,21.58687943,22.18970619,23.31001555,19.39769987,19.39769987,22.15799615,29.90397534,36.17135667,27.85406017,27.85406017,8.099092591,0.09078287,0.846983262,12.23,25.17339,4.016313739,22.85351731,77.14648269,3291.48,298.81,0.296235376,0,0,0.0181,298810000.0,MOFG,,,MOFG,516886110.0,0.2214925627509339,converged,0.2214925627509339,2017,2017,unknown,0,516886110.0,298810000.0,0.0181,1.0,0.2214925627509339,810336301.593069,0.1412826118740292,0.0,5,converged,7.26007116767367,7.11878855579964,7.11878855579964,5.44398953863241e-13
MOFG,2019,0,0.068104847,0.089504847,1.543397022,5.685207195,0.977984052,0.71268894,20.28455285,27.41351751,40.01804096,28.00359943,28.00359943,21.58687943,22.18970619,23.31001555,19.39769987,19.39769987,8.445390591,0.079725622,1.150444685,11.34,24.681,1.9696179,33.07567339,66.92432661,4653.573,371.009,0.494224971,0,0,0.021400000000000002,371009000.0,MOFG,,,MOFG,754199909.9999999,0.2506953127465472,converged,0.2506953127465472,2018,2018,unknown,0,754199909.9999999,371009000.0,0.021400000000000002,1.0,0.2506953127465472,1117353668.2663515,0.1692162362636769,0.0,5,converged,6.726358791903269,6.557142555639592,6.557142555639592,2.742428819541287e-11
MOFG,2020,1,-0.178270054,-0.173870054,1.326708677,4.280147761,1.02901162,0.550318026,18.99807322,34.53992769,61.95409242,39.43527741,39.43527741,20.28455285,27.41351751,40.01804096,28.00359943,28.00359943,8.622750328,0.079090848,0.761593615,13.41,23.73926,1.846209001,53.28467017,46.71532983,5556.648,439.48,1.140624937,0,0,0.0044,439480000.0,MOFG,,,MOFG,510016500.0,0.2803855045492233,converged,0.2803855045492233,2019,2019,unknown,0,510016500.0,439480000.0,0.0044,1.0,0.2803855045492233,947567033.2641369,0.1509141246944531,0.0,7,converged,5.195623737893265,5.044709613198812,5.044709613198812,2.2710532594703486e-07
MOFG,2021,1,0.247608887,0.248008887,1.25468359,1.478374057,0.961862816,0.649232684,19.0205481,29.20157226,61.58340553,36.88273511,36.88273511,18.99807322,34.53992769,61.95409242,39.43527741,39.43527741,8.703694003,0.055807445,0.9617044,13.09,22.36106803,1.418892735,38.28026625,61.71973375,6025.128,336.247,0.620227339,0,0,0.0004,336247000.0,MOFG,,,MOFG,507275028.39,0.732005382852606,converged,0.732005382852606,2020,2020,unknown,0,507275028.39,336247000.0,0.0004,1.0,0.732005382852606,841695195.7642074,0.44620560354617705,0.0,5,converged,2.2803874530318606,1.8341818494856836,1.8341818494856836,0.03331350238835617
MOFG,2022,1,0.01556463,0.02976463,3.618067406,6.910198049,0.972674267,0.654639019,17.26625006,23.29276817,44.75977654,27.8643629,27.8643629,19.0205481,29.20157226,61.58340553,36.88273511,36.88273511,8.791467176,0.080737764,1.006632135,12.07,21.66509666,4.595264779,38.27847925,61.72152075,6577.876,531.083,0.62018043,0,0,0.014199999999999999,531082999.99999994,MOFG,,,MOFG,496061269.75,0.2915295021270477,converged,0.2915295021270477,2021,2021,unknown,0,496061269.75,531082999.99999994,0.014199999999999999,1.0,0.2915295021270477,1019656155.9281496,0.14182882144482845,0.0,8,converged,4.770258470325219,4.62842964888039,4.62842964888039,1.8422449301381585e-06
MPB,2018,0,-0.169256056,-0.151156056,4.219412384,5.508686355,0.459704372,0.399187358,21.58687943,32.80012143,52.48167888,35.16226462,35.16226462,22.15799615,5.828762666,38.2830016,16.67294686,16.67294686,7.639152028,0.056885024,0.865190108,12.3,20.41044,5.459166281,15.81653555,83.03606366,2077.981,118.206,0.190477906,0,0,0.0181,118206000.0,MPB,,,MPB,524197780.659,0.2793129791323576,converged,0.2793129791323576,2017,2017,unknown,0,524197780.659,118206000.0,0.0181,1.0,0.2793129791323576,640283498.5845379,0.22867253710952273,0.0,8,converged,7.581705115249707,7.353032578140184,7.353032578140184,9.687984381762971e-14
MPB,2019,0,0.031281973,0.052681973,2.020005208,4.084901407,0.50876969,0.370326231,22.06022092,40.50927013,52.78785949,39.35192361,39.35192361,21.58687943,32.80012143,52.48167888,35.16226462,35.16226462,7.710283632,0.026879559,1.022568957,11.9,20.41044,2.492990431,31.95946909,68.04053091,2231.175,59.973,0.469712224,0,0,0.021400000000000002,59973000.0,MPB,,,MPB,658618279.1055,0.3245879728425424,converged,0.3245879728425424,2018,2018,unknown,0,658618279.1055,59973000.0,0.021400000000000002,1.0,0.3245879728425424,717321492.0856442,0.2980247691837259,0.0,4,converged,8.547742701792398,8.249717932608672,8.249717932608672,7.938441074838187e-17
MPB,2020,1,-0.15427061,-0.14987061,1.397817782,2.684801017,0.619367221,0.224381995,20.85479836,36.1118091,62.68297594,40.74469707,40.74469707,22.06022092,40.50927013,52.78785949,39.35192361,39.35192361,8.006016839,0.081799351,0.719617342,12.6,20.11747,1.808404297,68.78552568,31.21447432,2998.948,245.312,2.203641969,0,0,0.0044,245312000.0,MPB,,,MPB,501857142.633,0.3017957792499832,converged,0.3017957792499832,2019,2019,unknown,0,501857142.633,245312000.0,0.0044,1.0,0.3017957792499832,746092140.6952653,0.20300223092664427,0.0,5,converged,5.60251571376315,5.399513482836506,5.399513482836506,3.3410931129106954e-08
MPB,2021,1,0.172027501,0.172427501,2.066094755,1.744663569,0.548654296,0.417766521,22.45895173,42.78834578,69.04017238,46.80134097,46.80134097,20.85479836,36.1118091,62.68297594,40.74469707,40.74469707,8.453065253,0.033169099,1.03351628,14.6,17.38542,2.349558655,27.49605514,72.50394486,4689.425,155.544,0.379235298,0,0,0.0004,155544000.0,MPB,,,MPB,506501524.2,0.8000962105771112,converged,0.8000962105771112,2020,2020,unknown,0,506501524.2,155544000.0,0.0004,1.0,0.8000962105771112,661390388.2481945,0.6151184779357755,0.0,7,converged,2.66127753901512,2.0461590610793445,2.0461590610793445,0.02037036186062818
MPB,2022,1,0.039531569,0.053731569,3.786019432,6.103644819,0.542355276,0.480689263,20.8198309,41.94104807,56.5810578,41.90062197,41.90062197,22.45895173,42.78834578,69.04017238,46.80134097,46.80134097,8.411377906,0.036460355,0.929718093,13.2,17.38542,4.526452838,13.44114458,86.55885542,4497.954,163.997,0.155283298,0,0,0.014199999999999999,163997000.0,MPB,,,MPB,476107705.71,0.3311495772140224,converged,0.3311495772140224,2021,2021,unknown,0,476107705.71,163997000.0,0.014199999999999999,1.0,0.3311495772140224,637792404.3132275,0.2472009159719551,0.0,5,converged,5.675217064812494,5.4280161488405385,5.4280161488405385,2.849194250700598e-08
MPB,2023,1,0.006187407,0.055687407,4.165644965,5.527223895,0.581107701,0.361960857,18.32471056,39.06483303,48.1814888,37.33894,37.33894,20.8198309,41.94104807,56.5810578,41.90062197,41.90062197,8.57372323,0.065564664,0.741974013,11.7,17.38542,5.003364673,42.29170282,57.70829718,5290.792,346.889,0.732853071,0,0,0.0495,346889000.0,MPB,,,MPB,402409605.96,0.2513216334788104,converged,0.2513216334788104,2022,2022,unknown,0,402409605.96,346889000.0,0.0495,1.0,0.2513216334788104,732545656.5345657,0.13805861729611263,0.0,7,converged,5.8420903478785755,5.704031730582463,5.704031730582463,5.850314063664677e-09
MSBI,2017,0,0.130438456,0.138438456,1.74010136,7.359838083,1.400786312,1.083529542,22.15799615,40.7631833,36.42530313,33.33164804,33.33164804,21.15270351,33.39594376,29.68287827,27.25022428,27.25022428,8.392242253,0.179462193,1.390772326,13.26,30.07047,2.349311081,29.40993055,70.23999408,4412.701,791.913,0.418706336,0,0,0.008,791913000.0,MSBI,,,MSBI,698810447.9999999,0.2549180706134852,converged,0.2549180706134852,2016,2016,unknown,0,698810447.9999999,791913000.0,0.008,1.0,0.2549180706134852,1484413416.4651492,0.12000660763856116,0.0,6,converged,5.3624065854353145,5.242399977796754,5.242399977796754,7.925065830590733e-08
MSBI,2018,0,-0.254902516,-0.236802516,2.688665308,7.725241377,1.021720037,0.808140127,21.58687943,41.21638773,32.59937819,32.17910446,32.17910446,22.15799615,40.7631833,36.42530313,33.33164804,33.33164804,8.637226671,0.160845441,0.875972634,12.79,30.07047,4.089911533,27.35355756,72.37702011,5637.673,906.794,0.377931525,0,0,0.0181,906794000.0,MSBI,,,MSBI,480647334.0,0.2449076579792703,converged,0.2449076579792703,2017,2017,unknown,0,480647334.0,906794000.0,0.0181,1.0,0.2449076579792703,1371176003.4857621,0.0858491075860585,0.0,6,converged,5.070452008813196,4.984602901227137,4.984602901227137,3.1044597844732117e-07
MSBI,2019,0,0.016096174,0.037496174,1.479239262,6.952944617,1.36568057,0.975114881,50.64802607,34.62737944,39.84612119,34.73711144,34.73711144,21.58687943,41.21638773,32.59937819,32.17910446,32.17910446,8.713913421,0.131473429,1.068441514,14.72,30.07047,2.081235724,36.41777543,63.58222457,6087.017,800.281,0.572766613,0,0,0.021400000000000002,800281000.0,MSBI,,,MSBI,623077296.0,0.2433235435102211,converged,0.2433235435102211,2018,2018,unknown,0,623077296.0,800281000.0,0.021400000000000002,1.0,0.2433235435102211,1406414230.1801276,0.1077985244050287,0.0,6,converged,5.4828764423230565,5.375077917918028,5.375077917918028,3.827478576498531e-08
MSBI,2020,1,-0.35151464,-0.34711464,1.691819684,4.829322438,1.039503971,0.599438259,48.96209092,26.84274328,49.47447901,34.29961301,34.29961301,50.64802607,34.62737944,39.84612119,34.73711144,34.73711144,8.834706844,0.155307678,0.642037247,13.24,23.02576,2.428717584,48.81598255,51.18401745,6868.54,1066.737,0.953734876,0,0,0.0044,1066737000.0000001,MSBI,,,MSBI,384474837.0,0.2241346020361897,converged,0.2241346020361897,2019,2019,unknown,0,384474837.0,1066737000.0000001,0.0044,1.0,0.2241346020361897,1446528503.6560943,0.05957305524305101,0.0,6,converged,5.216058958569756,5.156485903326705,5.156485903326705,1.258137084888442e-07
MSBI,2021,1,0.305362278,0.305762278,1.646175625,1.627759618,1.023942004,0.752695706,47.53036272,24.80481154,59.04418135,37.0043585,37.0043585,48.96209092,26.84274328,49.47447901,34.29961301,34.29961301,8.915137422,0.077304416,0.823444328,12.19,23.02576,1.868045864,31.88776606,68.11223394,7443.805,575.439,0.46816503,0,0,0.0004,575439000.0,MSBI,,,MSBI,533359329.0,0.6387186529907903,converged,0.6387186529907903,2020,2020,unknown,0,533359329.0,575439000.0,0.0004,1.0,0.6387186529907903,1106983863.3644567,0.3114767834760119,0.0,7,converged,2.257535901757935,1.946059118281923,1.946059118281923,0.025823819313895123
MSBI,2022,1,0.148274694,0.162474694,3.65196479,5.994537216,0.885319302,0.646495112,46.32831541,23.25378562,56.05865922,35.33208632,35.33208632,47.53036272,24.80481154,59.04418135,37.0043585,37.0043585,8.96896933,0.083006545,0.912557496,12.38,22.40724,4.582571948,28.19517651,59.22198385,7855.501,652.058,0.476093077,0,0,0.014199999999999999,652058000.0,MSBI,,,MSBI,572731962.0,0.3073168348150955,converged,0.3073168348150955,2021,2021,unknown,0,572731962.0,652058000.0,0.014199999999999999,1.0,0.3073168348150955,1215596024.7894144,0.14479387411159975,0.0,8,converged,4.472142988173215,4.327349114061615,4.327349114061615,7.545732959711679e-06
MSBI,2023,1,0.006890327,0.056390327,3.875444687,6.65298962,0.804272016,0.629117734,43.89460904,19.93061172,60.87483305,35.46144856,35.46144856,46.32831541,23.25378562,56.05865922,35.33208632,35.33208632,8.970415295,0.083264013,0.871792573,13.2,23.02576,4.989188114,22.48482207,62.16501359,7866.868,655.027,0.361695764,0,0,0.0495,655027000.0,MSBI,,,MSBI,592956156.0,0.2773098928151735,converged,0.2773098928151735,2022,2022,unknown,0,592956156.0,655027000.0,0.0495,1.0,0.2773098928151735,1216348722.3080199,0.13518545590613856,0.0,8,converged,5.012150846182264,4.876965390276125,4.876965390276125,5.386516420874959e-07
MTB,2016,0,0.292043416,0.294043416,1.769044173,5.086437666,0.768099758,0.556729481,29.36119289,44.96845278,60.10381115,45.12374707,45.12374707,25.98120094,47.46944463,50.85171569,42.96013101,42.96013101,11.72358506,0.078228749,1.601520055,14.09,33.71485,2.398421106,34.91598038,60.95941482,123449.206,9657.277,0.572774205,0,1,0.002,9657277000.0,MTB,,,MTB,25109517880.0,0.2281487590480954,converged,0.2281487590480954,2015,2015,unknown,0,25109517880.0,9657277000.0,0.002,1.0,0.2281487590480954,34747499627.684395,0.1648666927409987,0.0,5,converged,7.860813991433969,7.69594729869297,7.69594729869297,7.022484727856411e-15
MTB,2017,0,0.150937016,0.158937016,1.574661517,5.44999953,0.822495312,0.667098347,35.44657245,47.90272034,46.26515671,42.32876069,42.32876069,29.36119289,44.96845278,60.10381115,45.12374707,45.12374707,11.68345685,0.070126355,1.708661496,14.75,35.07388,2.251589335,25.46162797,70.96642858,118593.487,8316.529,0.358784125,0,1,0.008,8316529000.0,MTB,,,MTB,27446630840.0,0.2495315560159951,converged,0.2495315560159951,2016,2016,unknown,0,27446630840.0,8316529000.0,0.008,1.0,0.2495315560159951,35696893028.66798,0.1918598488502197,0.0,5,converged,7.7307669342588285,7.538907085408609,7.538907085408609,2.369632391117443e-14
MTB,2018,0,-0.256841921,-0.238741921,1.559362312,6.860261235,0.966665693,0.752407575,34.293491,48.1141228,55.69287142,45.74379069,45.74379069,35.44657245,47.90272034,46.26515671,42.32876069,42.32876069,11.69605838,0.106940631,1.393304784,13.68,35.53041,2.666666876,29.56993589,66.94546517,120097.403,12843.292,0.441701851,0,1,0.0181,12843292000.0,MTB,,,MTB,22974655080.0,0.173717940513208,converged,0.173717940513208,2017,2017,unknown,0,22974655080.0,12843292000.0,0.0181,1.0,0.173717940513208,35587574654.58838,0.1121489678406278,0.0,5,converged,9.30515558253799,9.193006614697362,9.193006614697362,1.9100576198976287e-20
MTB,2019,0,0.025840124,0.047240124,1.196434698,5.863137133,1.109997784,0.803093285,37.36484516,53.39285035,71.3987053,54.64594977,54.64594977,34.293491,48.1141228,55.69287142,45.74379069,45.74379069,11.6941861,0.058800258,1.532064022,13.05,35.53041,1.811456143,35.88243621,60.5340275,119872.757,7048.549,0.592764726,0,1,0.021400000000000002,7048549000.0,MTB,,,MTB,27247591000.0,0.214988767957056,converged,0.214988767957056,2018,2018,unknown,0,27247591000.0,7048549000.0,0.021400000000000002,1.0,0.214988767957056,34146903576.44788,0.1715507236482849,0.0,5,converged,9.408091797432025,9.23654107378374,9.23654107378374,1.2729716213843648e-20
MTB,2020,1,-0.272267802,-0.267867802,0.906205304,6.081572222,1.221512704,0.939315462,80.23956206,61.11637779,76.76379777,67.67161563,67.67161563,37.36484516,53.39285035,71.3987053,54.64594977,54.64594977,11.86780654,0.03114755,1.093540195,13.37,35.53041,1.669973243,29.64731781,63.62078512,142601.105,4441.675,0.466000502,0,1,0.0044,4441675000.0,MTB,,,MTB,20433686800.0,0.226361809401191,converged,0.226361809401191,2019,2019,unknown,0,20433686800.0,4441675000.0,0.0044,1.0,0.226361809401191,24855861364.518795,0.1860891681131236,0.0,8,converged,9.370650876138628,9.184561708025504,9.184561708025504,2.0660329033550943e-20
MTB,2021,1,0.261701282,0.262101282,1.809930887,1.773489804,1.077432443,0.943433549,83.26220367,66.697731,80.20069911,72.35887735,72.35887735,80.23956206,61.11637779,76.76379777,67.67161563,67.67161563,11.95187151,0.022774029,1.223523137,15.33,24.26575,2.119175052,14.66763715,78.21005445,155107.16,3532.415,0.18754158,0,1,0.0004,3532415000.0,MTB,,,MTB,19764064759.74,0.634184439805822,converged,0.634184439805822,2020,2020,unknown,0,19764064759.74,3532415000.0,0.0004,1.0,0.634184439805822,23294797351.485146,0.5381057624016844,0.0,6,converged,3.7751448148278874,3.237039052426203,3.237039052426203,0.0006038844121470342
MTB,2022,1,0.08951246,0.10371246,3.475326954,7.099389923,0.820146224,0.739710633,90.80828067,85.95141549,82.4770445,83.99511722,56.48353992,83.26220367,66.697731,80.20069911,72.35887735,72.35887735,12.20971521,0.037460738,1.053507213,13.6,24.26575,4.475625001,11.87070813,82.67659106,200729.841,7519.488,0.143580039,0,1,0.014199999999999999,7519488000.0,MTB,,,MTB,24556538818.46,0.3170323526711651,converged,0.3170323526711651,2021,2021,unknown,0,24556538818.46,7519488000.0,0.014199999999999999,1.0,0.3170323526711651,31970004627.35693,0.24351630127639876,0.0,5,converged,6.123409989198359,5.87989368792196,5.87989368792196,2.0526503423196657e-09
MVBF,2018,0,-0.293510892,-0.275410892,1.972951342,5.878154697,0.577315131,0.51722471,21.58687943,0.90082361,16.83433267,6.507168271,6.507168271,22.15799615,1.254996746,18.53008465,7.29330886,7.29330886,7.467924628,0.141256641,1.2394744,13.8,29.88994252,3.140459385,13.76800241,83.08550758,1750.969,247.336,0.165708832,0,0,0.0181,247336000.0,MVBF,,,MVBF,234424388.0,0.2536362108859455,converged,0.2536362108859455,2017,2017,unknown,0,234424388.0,247336000.0,0.0181,1.0,0.2536362108859455,477323877.7973183,0.12456640071154886,0.0,9,converged,5.485475245732973,5.360908845021424,5.360908845021424,4.1402147780480324e-08
MVBF,2019,0,-0.021296212,0.000103788,1.319724801,3.076124999,0.195282395,0.18741202,20.28455285,27.72293561,28.11100499,23.87053786,23.87053786,21.58687943,0.90082361,16.83433267,6.507168271,6.507168271,7.572561625,0.121999533,1.454783833,12.8,28.12200045,1.835929754,5.360283286,91.7457004,1944.114,237.181,0.058425444,0,0,0.021400000000000002,237181000.0,MVBF,,,MVBF,323827924.0,0.2905465737284577,converged,0.2905465737284577,2018,2018,unknown,0,323827924.0,237181000.0,0.021400000000000002,1.0,0.2905465737284577,555987173.6116939,0.16922530904396557,0.0,6,converged,5.245316258136129,5.076090949092164,5.076090949092164,1.9263946462261458e-07
MVBF,2020,1,-0.14517995,-0.14077995,0.728392423,6.605340353,1.022915019,0.972339169,20.85479836,25.13101477,41.1205074,27.53573441,27.53573441,20.28455285,27.72293561,28.11100499,23.87053786,23.87053786,7.754256822,0.023096528,1.126072566,15.8,30.41416,1.228503524,6.715191057,89.83670902,2331.476,53.849,0.074748854,0,0,0.0044,53849000.0,MVBF,,,MVBF,294719796.0,0.2653076530958564,converged,0.2653076530958564,2019,2019,unknown,0,294719796.0,53849000.0,0.0044,1.0,0.2653076530958564,348332380.9047278,0.2244735858030737,0.0,7,converged,8.448956240133725,8.224482654330652,8.224482654330652,9.80175803259854e-17
MVBF,2021,1,0.120734343,0.121134343,1.619348313,1.584085975,0.888749385,0.789108807,19.0205481,24.71642175,71.44190971,38.20716197,38.20716197,20.85479836,25.13101477,41.1205074,27.53573441,27.53573441,7.934674268,0.030265548,1.829380027,16.7,24.1332,1.997577799,14.26877273,85.73122727,2792.449,84.515,0.166436119,0,0,0.0004,84515000.0,MVBF,,,MVBF,539539944.0,0.8145855512542918,converged,0.8145855512542918,2020,2020,unknown,0,539539944.0,84515000.0,0.0004,1.0,0.8145855512542918,623917858.6117113,0.7049253016562502,0.0,5,converged,3.1889187757030726,2.483993474046822,2.483993474046822,0.006495909443737935
MYFW,2020,1,-0.30473942,-0.30033942,1.442020382,4.019935577,0.557846741,0.506948661,18.99807322,32.61563159,65.59045606,39.78991745,39.78991745,20.28455285,16.7409925,59.1902791,29.61203276,29.61203276,7.587642433,0.08808733,1.004221665,12.8,28.4364,2.383065733,12.3034709,87.6965291,1973.655,173.854,0.140295985,0,0,0.0044,173854000.0,MYFW,,,MYFW,190130965.1,0.3424046990276888,converged,0.3424046990276888,2019,2019,unknown,0,190130965.1,173854000.0,0.0044,1.0,0.3424046990276888,363221513.7813787,0.17923639324206353,0.0,7,converged,4.224922411439335,4.045686018197272,4.045686018197272,2.6085059732763168e-05
MYFW,2021,1,0.299882315,0.300282315,1.822843844,1.601279568,0.912130734,0.81051285,17.43215031,30.21931757,59.13273655,36.27656667,36.27656667,18.99807322,32.61563159,65.59045606,39.78991745,39.78991745,7.834981599,0.030726148,1.305550411,13.54,25.79621,2.110355788,14.45388072,85.54611928,2527.489,77.66,0.168960098,0,0,0.0004,77660000.0,MYFW,,,MYFW,294960454.8,0.488693820182974,converged,0.488693820182974,2020,2020,unknown,0,294960454.8,77660000.0,0.0004,1.0,0.488693820182974,372589034.23681325,0.38687909289654354,0.0,5,converged,4.247770038431391,3.8608909455348472,3.8608909455348472,5.6487161064463175e-05
MYFW,2022,1,0.121374941,0.135574941,3.508852975,7.304072253,0.832744681,0.753470902,15.8938172,27.46390159,58.11452514,34.54332424,34.54332424,17.43215031,30.21931757,59.13273655,36.27656667,36.27656667,7.960933565,0.069422914,1.109740916,12.37,24.45015,4.486905592,12.22380023,87.77619977,2866.748,199.018,0.139260987,0,0,0.014199999999999999,199018000.0,MYFW,,,MYFW,273489354.5,0.337428638780019,converged,0.337428638780019,2021,2021,unknown,0,273489354.5,199018000.0,0.014199999999999999,1.0,0.337428638780019,469701214.8193829,0.19647255739643016,0.0,6,converged,4.541103608744956,4.344631051348526,4.344631051348526,6.975496907545292e-06
MYFW,2023,1,0.031413662,0.080913662,3.61125901,6.350987267,0.847803147,0.690444099,14.03688525,22.15165879,59.71093303,32.48315865,32.48315865,15.8938172,27.46390159,58.11452514,34.54332424,34.54332424,7.9981546,0.059839783,0.782715763,12.59,24.45015,4.697689673,23.17550901,76.82449099,2975.462,178.051,0.30166824,0,0,0.0495,178051000.0,MYFW,,,MYFW,192656976.9,0.2890793309156206,converged,0.2890793309156206,2022,2022,unknown,0,192656976.9,178051000.0,0.0495,1.0,0.2890793309156206,362109029.1854287,0.15380219957804728,0.0,7,converged,5.014251333069351,4.860449133491303,4.860449133491303,5.855986757185474e-07
NBHC,2017,0,0.164631488,0.172631488,1.532407612,5.328109805,0.641390109,0.601334297,22.15799615,30.47220998,43.65248227,30.82910976,30.82910976,21.15270351,24.47913863,36.61120592,25.32168689,25.32168689,8.485385653,0.05359345,1.637046886,13.8,31.375235,2.003723045,8.847810298,91.1521897,4843.465,259.578,0.097066349,0,0,0.008,259577999.99999997,NBHC,,,NBHC,1235398149.0,0.2269088576430801,converged,0.2269088576430801,2016,2016,unknown,0,1235398149.0,259577999.99999997,0.008,1.0,0.2269088576430801,1492907809.4844236,0.18776966164406556,0.0,8,converged,9.453351084665167,9.265581423021102,9.265581423021102,9.700867734201554e-21
NBHC,2018,0,-0.233761147,-0.215661147,1.582605172,8.967267792,1.049168332,1.013436211,21.58687943,27.83272266,48.63424384,31.31335822,31.31335822,22.15799615,30.47220998,43.65248227,30.82910976,30.82910976,8.644119368,0.064775169,1.366665863,13.8,26.74312471,2.441222368,4.591968828,95.40803117,5676.666,367.707,0.048129793,0,0,0.0181,367707000.0,NBHC,,,NBHC,1175971041.0,0.2325778608422454,converged,0.2325778608422454,2017,2017,unknown,0,1175971041.0,367707000.0,0.0181,1.0,0.2325778608422454,1537082414.7823794,0.17793764764850106,0.0,5,converged,8.229207589516845,8.051269941868345,8.051269941868345,4.09696603015481e-16
NBHC,2019,0,0.051161451,0.072561451,1.553880524,7.6534925,1.060921354,1.012319154,20.28455285,25.36251755,50.88612968,30.89881539,30.89881539,21.58687943,27.83272266,48.63424384,31.31335822,31.31335822,8.681946662,0.044883294,1.431754033,14.1,18.44478436,1.821285367,5.559612161,94.44038784,5895.512,264.61,0.05886901,0,0,0.021400000000000002,264610000.0,NBHC,,,NBHC,1341681246.0,0.2121586167470918,converged,0.2121586167470918,2018,2018,unknown,0,1341681246.0,264610000.0,0.021400000000000002,1.0,0.2121586167470918,1600688752.5390503,0.1778292274143619,0.0,7,converged,10.330944388899534,10.153115161485172,10.153115161485172,1.604758761973307e-24
NBHC,2020,1,-0.17280384,-0.16840384,0.573118827,6.941305937,1.039871438,1.015203585,18.99807322,27.69301365,53.70280882,33.06874595,33.06874595,20.28455285,25.36251755,50.88612968,30.89881539,30.89881539,8.803867256,0.003438014,1.222846812,15.8,18.36450231,0.902371035,2.890421834,97.10957817,6659.95,22.897,0.029764539,0,0,0.0044,22897000.0,NBHC,,,NBHC,1247969268.0,0.2484017132287003,converged,0.2484017132287003,2019,2019,unknown,0,1247969268.0,22897000.0,0.0044,1.0,0.2484017132287003,1270765742.525594,0.24394560061044177,0.0,6,converged,16.604209155257912,16.36026355464747,16.36026355464747,1.8376691067172508e-60
NBHC,2021,1,0.218900811,0.219300811,0.85075013,1.502510179,0.961943022,0.948327523,17.43215031,33.81551933,49.79616955,34.69911863,34.69911863,18.99807322,27.69301365,53.70280882,33.06874595,33.06874595,8.883780386,0.008628487,1.566930947,15.9,16.45529,0.760256861,1.689492234,98.31050777,7214.011,62.246,0.017185266,0,0,0.0004,62246000.0,NBHC,,,NBHC,1316388090.1599998,0.5340343396546376,converged,0.5340343396546376,2020,2020,unknown,0,1316388090.1599998,62246000.0,0.0004,1.0,0.5340343396546376,1378609196.724991,0.5099316370542957,0.0,4,converged,6.330557015683059,5.820625378628764,5.820625378628764,2.9313922044534838e-09
NBHC,2022,1,0.024858415,0.039058415,3.854880738,8.06613203,0.948896011,0.911969354,17.26625006,32.72654656,55.08300701,36.2792153,36.2792153,17.43215031,33.81551933,49.79616955,34.69911863,34.69911863,9.166727299,0.047956998,1.448624334,12.2,16.59858,4.577417022,4.630173888,95.36982611,9573.243,459.104,0.048549673,0,0,0.014199999999999999,459104000.0,NBHC,,,NBHC,1582190394.33,0.2749746880027636,converged,0.2749746880027636,2021,2021,unknown,0,1582190394.33,459104000.0,0.014199999999999999,1.0,0.2749746880027636,2034821186.0796578,0.21380862014725568,0.0,5,converged,7.136959785930711,6.923151165783455,6.923151165783455,2.2085298927684906e-12
NBHC,2023,1,0.00663149,0.05613149,3.760955298,6.721104747,0.853380344,0.809038062,15.2370401,26.63341447,62.63980636,35.93332617,35.93332617,17.26625006,32.72654656,55.08300701,36.2792153,36.2792153,9.205434759,0.041586206,1.158649817,13.8,17.30019,4.484064302,6.215494362,93.78450564,9951.064,413.827,0.066274214,0,0,0.0495,413827000.0,NBHC,,,NBHC,1405218608.6899998,0.3108204865052862,converged,0.3108204865052862,2022,2022,unknown,0,1405218608.6899998,413827000.0,0.0495,1.0,0.3108204865052862,1799059899.1600654,0.24277720371751163,0.0,5,converged,6.378448547558034,6.135671343840523,6.135671343840523,4.240015501311008e-10
NBTB,2016,0,0.204066427,0.206066427,1.55897808,5.220946394,0.856976156,0.617362027,21.15270351,33.32718767,23.0503413,24.82840795,24.82840795,18.2821119,23.70955419,12.67769608,16.32390947,16.32390947,9.090122023,0.100116293,1.983579145,12.39,31.34874,2.079111737,36.11687407,63.88312593,8867.268,887.758,0.565358591,0,0,0.002,887758000.0,NBTB,,,NBTB,2193716280.0,0.2225605393315559,converged,0.2225605393315559,2015,2015,unknown,0,2193716280.0,887758000.0,0.002,1.0,0.2225605393315559,3079700538.3329587,0.15853316656701189,0.0,5,converged,7.938117113285642,7.77958394671863,7.77958394671863,3.638172459101721e-15
NBTB,2017,0,0.088440257,0.096440257,1.475885344,5.146347776,0.869129752,0.636782672,22.15799615,37.82439925,55.36147335,38.69103243,38.69103243,21.15270351,33.32718767,23.0503413,24.82840795,24.82840795,9.120066807,0.099508231,1.672316671,12.42,33.15049,2.11444705,35.3093261,64.6906739,9136.812,909.188,0.545817874,0,0,0.008,909188000.0,NBTB,,,NBTB,1927620800.0,0.2332550474594708,converged,0.2332550474594708,2016,2016,unknown,0,1927620800.0,909188000.0,0.008,1.0,0.2332550474594708,2829564312.587095,0.1589033616241258,0.0,5,converged,7.274555173117026,7.1156518114929,7.1156518114929,5.569258344853168e-13
NBTB,2018,0,-0.175051506,-0.156951506,1.463258586,6.002739491,0.870910077,0.624902194,21.58687943,34.64680983,43.10570731,32.7028723,32.7028723,22.15799615,37.82439925,55.36147335,38.69103243,38.69103243,9.164962494,0.109564591,1.48406969,12.78,33.15049,2.336649589,37.06322636,62.93677364,9556.363,1047.039,0.588896192,0,0,0.0181,1047039000.0,NBTB,,,NBTB,1811858790.0,0.2318299942911778,converged,0.2318299942911778,2017,2017,unknown,0,1811858790.0,1047039000.0,0.0181,1.0,0.2318299942911778,2840116864.212371,0.1478964539603998,0.0,5,converged,6.943477502447212,6.795581048486812,6.795581048486812,5.393842443851797e-12
NBTB,2019,0,-0.001606623,0.019793377,1.151805792,5.385532385,0.857555075,0.679315809,21.29806636,29.21108932,47.77353285,31.83311807,31.83311807,21.58687943,34.64680983,43.10570731,32.7028723,32.7028723,9.181521571,0.084491801,1.585500981,13.52,33.15049,1.701719967,28.1864243,71.8135757,9715.925,820.916,0.392494372,0,0,0.021400000000000002,820916000.0,NBTB,,,NBTB,2124573360.0,0.2295167559712878,converged,0.2295167559712878,2018,2018,unknown,0,2124573360.0,820916000.0,0.021400000000000002,1.0,0.2295167559712878,2928108397.212264,0.16653249103605933,0.0,5,converged,7.848063957303443,7.681531466267384,7.681531466267384,7.859892780438059e-15
NBTB,2020,1,-0.212527513,-0.208127513,1.097456275,4.24349724,0.710417019,0.56473931,20.0319078,33.0687362,72.04973321,42.48886929,42.48886929,21.29806636,29.21108932,47.77353285,31.83311807,31.83311807,9.29953242,0.03720246,1.179246119,15.62,32.46151,1.847926608,27.63789354,72.36210646,10932.906,406.731,0.381938764,0,0,0.0044,406731000.0,NBTB,,,NBTB,1681430100.0,0.1923785561623829,converged,0.1923785561623829,2019,2019,unknown,0,1681430100.0,406731000.0,0.0044,1.0,0.1923785561623829,2086375414.98793,0.1550397366659176,0.0,5,converged,10.651786763963225,10.496747027297307,10.496747027297307,4.470412788398647e-26
NBTB,2021,1,0.174055511,0.174455511,1.561749378,1.565942916,0.652066335,0.564145762,46.70356047,55.17170231,78.62377567,58.99593075,58.99593075,20.0319078,33.0687362,72.04973321,42.48886929,42.48886929,9.39367067,0.025930163,1.329783544,15.73,22.13894,1.819124033,16.67782672,83.32217328,12012.111,311.476,0.200160726,0,0,0.0004,311476000.0,NBTB,,,NBTB,1662831822.2400002,0.5065004683101193,converged,0.5065004683101193,2020,2020,unknown,0,1662831822.2400002,311476000.0,0.0004,1.0,0.5065004683101193,1974182739.7568667,0.4266208137069889,0.0,7,converged,4.542652625957597,4.1160318122506085,4.1160318122506085,1.927255637637616e-05
NBTB,2022,1,0.082237593,0.096437593,3.660015971,6.353796133,0.608257889,0.536813968,48.74321799,52.12522789,82.9395308,59.69651677,59.69651677,46.70356047,55.17170231,78.62377567,58.99593075,58.99593075,9.370697126,0.06712072,1.585684745,15.38,22.13894,4.594923602,14.59788075,85.40211925,11739.296,787.95,0.17093113,0,0,0.014199999999999999,787950000.0,NBTB,,,NBTB,1860886674.66,0.2770218624957879,converged,0.2770218624957879,2021,2021,unknown,0,1860886674.66,787950000.0,0.014199999999999999,1.0,0.2770218624957879,2637726851.0803747,0.19543581336125773,0.0,5,converged,6.352652081136432,6.157216267775174,6.157216267775174,3.7017359010670614e-10
NBTB,2023,1,-0.016571573,0.032928427,3.640901465,5.366542626,0.527713898,0.380625629,53.29738815,52.87544189,83.27784446,61.65767233,61.65767233,48.74321799,52.12522789,82.9395308,59.69651677,59.69651677,9.496198783,0.047891283,1.384855391,14.75,22.13894,4.647888376,33.16926943,66.83073057,13309.04,637.387,0.496317624,0,0,0.0495,637387000.0,NBTB,,,NBTB,1974375867.09,0.2318745136416762,converged,0.2318745136416762,2022,2022,unknown,0,1974375867.09,637387000.0,0.0495,1.0,0.2318745136416762,2580980362.7191257,0.17737734488034407,0.0,5,converged,8.252344441711058,8.074967096830713,8.074967096830713,3.374742176305462e-16
NFBK,2016,0,0.241575142,0.243575142,1.648236796,3.388054859,0.304513452,0.216423691,21.15270351,40.20279645,50.4536405,38.10389762,38.10389762,18.2821119,30.55678487,48.11070261,32.47601823,32.47601823,8.255852843,0.122907648,1.560018674,18.56,35.92678,2.339953994,38.84723873,61.15276127,3850.094,473.206,0.635249135,0,0,0.002,473206000.0,NFBK,,,NFBK,851243217.0,0.1444617504962715,converged,0.1444617504962715,2015,2015,unknown,0,851243217.0,473206000.0,0.002,1.0,0.1444617504962715,1323503750.7818742,0.09291404364781895,0.0,5,converged,11.13742888722157,11.044514843573753,11.044514843573753,1.1651149022161252e-28
NFBK,2017,0,0.144428627,0.152428627,1.523300566,3.276788313,0.313228566,0.217336825,22.15799615,38.43795321,52.87920384,38.10173818,38.10173818,21.15270351,40.20279645,50.4536405,38.10389762,38.10389762,8.291901585,0.118140751,1.304743097,17.49,35.92678,2.236553273,40.77958405,59.22041595,3991.417,471.549,0.688606849,0,0,0.008,471549000.0,NFBK,,,NFBK,728053787.9999999,0.1767699105558306,converged,0.1767699105558306,2016,2016,unknown,0,728053787.9999999,471549000.0,0.008,1.0,0.1767699105558306,1195845445.412292,0.10762093350633481,0.0,6,converged,8.775028997525718,8.667408064019384,8.667408064019384,2.21034166964129e-18
NFBK,2018,0,-0.250031879,-0.231931879,1.923697197,5.137792355,0.559170483,0.411526747,21.58687943,37.37501847,37.00199867,31.85872868,31.85872868,22.15799615,38.43795321,52.87920384,38.10173818,38.10173818,8.39127435,0.092752026,1.009189692,16.76,35.92678,3.234389235,35.8949128,64.1050872,4408.432,408.891,0.5599386,0,0,0.0181,408891000.0,NFBK,,,NFBK,577583655.0,0.2056082325924649,converged,0.2056082325924649,2017,2017,unknown,0,577583655.0,408891000.0,0.0181,1.0,0.2056082325924649,979140304.0148273,0.12128594266865643,0.0,7,converged,7.409609466492466,7.288323523823809,7.288323523823809,1.5691781340431654e-13
NFBK,2019,0,-0.025783164,-0.004383164,1.384700995,3.713088397,0.561778716,0.355158524,20.28455285,34.11462945,54.72567123,36.62209785,36.62209785,21.58687943,37.37501847,37.00199867,31.85872868,31.85872868,8.528192872,0.169525777,1.198548954,15.73,33.55176412,2.087396321,46.68151038,53.31848962,5055.302,857.004,0.875521995,0,0,0.021400000000000002,857004000.0,NFBK,,,NFBK,722938656.0,0.2209498562157367,converged,0.2209498562157367,2018,2018,unknown,0,722938656.0,857004000.0,0.021400000000000002,1.0,0.2209498562157367,1561797614.7994998,0.10227521841068767,0.0,6,converged,6.128369001541186,6.026093783130499,6.026093783130499,8.398487025322905e-10
NIC,2017,0,0.127773934,0.135773934,1.619517662,6.159681914,0.873008216,0.78433196,22.15799615,24.82821072,11.53626173,16.46784674,16.46784674,21.15270351,27.34540804,11.67662116,17.766906,17.766906,7.983587733,0.026962253,1.475791621,12.8,33.08092,2.24654508,14.45312114,85.54687886,2932.433,79.065,0.168949719,0,0,0.008,79065000.0,NIC,,,NIC,825435408.0,0.3426801386090609,converged,0.3426801386090609,2016,2016,unknown,0,825435408.0,79065000.0,0.008,1.0,0.3426801386090609,903870411.3468146,0.3129434446710067,0.0,5,converged,7.967517911307356,7.654574466636349,7.654574466636349,9.69766999655808e-15
NIC,2018,0,-0.173719126,-0.155619126,1.854887512,4.861563447,0.370223857,0.35102954,21.58687943,28.65633282,11.4978903,18.35278158,18.35278158,22.15799615,24.82821072,11.53626173,16.46784674,16.46784674,8.038039023,0.024965001,1.198546676,12.9,31.42994,2.915286272,7.385398551,92.61460145,3096.535,77.305,0.07974335,0,0,0.0181,77305000.0,NIC,,,NIC,735864960.0,0.2077963797942623,converged,0.2077963797942623,2017,2017,unknown,0,735864960.0,77305000.0,0.0181,1.0,0.2077963797942623,811783326.3903856,0.18836316265207126,0.0,4,converged,12.674002365899087,12.485639203247015,12.485639203247015,4.471113865039572e-36
NIC,2019,0,0.064499134,0.085899134,1.30407994,6.492800012,0.854512533,0.816328826,20.28455285,30.00673585,27.4487955,24.76490736,24.76490736,21.58687943,28.65633282,11.4978903,18.35278158,18.35278158,8.182352423,0.021717739,1.514549689,13.4,31.42994,1.78454884,6.385866595,93.61413341,3577.26,77.69,0.06821477,0,0,0.021400000000000002,77690000.0,NIC,,,NIC,1113598920.0,0.2492624225257853,converged,0.2492624225257853,2018,2018,unknown,0,1113598920.0,77690000.0,0.021400000000000002,1.0,0.2492624225257853,1189644017.234101,0.23332892907740538,0.0,4,converged,11.902956280486867,11.669627351409462,11.669627351409462,9.110983111764698e-32
NIC,2020,1,-0.171805371,-0.167405371,1.487019133,4.254348216,0.776010051,0.532481513,18.99807322,29.25930118,29.58924796,25.16474265,25.16474265,20.28455285,30.00673585,27.4487955,24.76490736,24.76490736,8.423275621,0.012713463,1.231947502,12.9,30.9497,2.299372918,39.84376692,60.15623308,4551.789,57.869,0.66233813,0,0,0.0044,57869000.0,NIC,,,NIC,1000504920.0,0.2182590169046945,converged,0.2182590169046945,2019,2019,unknown,0,1000504920.0,57869000.0,0.0044,1.0,0.2182590169046945,1058119855.7512387,0.2063747495723892,0.0,4,converged,14.206012753936207,13.999638004363819,13.999638004363819,7.833334257548669e-45
NIC,2021,1,0.225274543,0.225674543,1.785079137,1.590148862,0.690140103,0.624745823,17.43215031,36.72480615,35.00529406,30.81740971,30.81740971,18.99807322,29.25930118,29.58924796,25.16474265,25.16474265,8.948330855,0.029488487,1.345447229,13.8,25.29619,2.124576356,12.28977344,87.71022656,7695.037,226.915,0.140117908,0,0,0.0004,226915000.0,NIC,,,NIC,1293041400.0,0.5127312993590579,converged,0.5127312993590579,2020,2020,unknown,0,1293041400.0,226915000.0,0.0004,1.0,0.5127312993590579,1519865311.3854485,0.4362125694132562,0.0,6,converged,4.57882771812063,4.142615148707374,4.142615148707374,1.7168393556187316e-05
NIC,2022,1,0.047205006,0.061405006,3.114197354,6.320866366,0.754132378,0.562112988,15.8938172,33.27230233,38.95623836,30.54664311,30.54664311,17.43215031,36.72480615,35.00529406,30.81740971,30.81740971,9.078404164,0.061883149,1.205274178,12.3,25.2336,4.108863675,31.36080378,68.63919622,8763.969,542.342,0.456893517,0,0,0.014199999999999999,542342000.0,NIC,,,NIC,1203169368.0,0.2698423346393639,converged,0.2698423346393639,2021,2021,unknown,0,1203169368.0,542342000.0,0.014199999999999999,1.0,0.2698423346393639,1737864532.6193461,0.18681895231935297,0.0,5,converged,6.402809807287239,6.215990854967886,6.215990854967886,2.5500887120439525e-10
NRIM,2018,0,-0.220792844,-0.202692844,1.49692286,7.021262394,0.798538811,0.724174671,21.58687943,20.88672918,30.74283811,21.42723939,21.42723939,22.15799615,21.72557987,36.03408831,23.74815941,23.74815941,7.315210406,0.034483975,1.098589977,16.73,31.38633,2.438624009,13.01786174,86.98213826,1502.988,51.829,0.149661321,0,0,0.0181,51829000.0,NRIM,,,NRIM,181471654.3,0.2843254885887887,converged,0.2843254885887887,2017,2017,unknown,0,181471654.3,51829000.0,0.0181,1.0,0.2843254885887887,232370988.25818372,0.22204586364555629,0.0,5,converged,6.949634193057459,6.727588329411903,6.727588329411903,8.624906150269643e-12
NRIM,2019,0,0.027337085,0.048737085,1.576845611,6.245823054,0.782663898,0.762293519,20.28455285,18.2075924,46.91605646,25.92074615,25.92074615,21.58687943,20.88672918,30.74283811,21.42723939,21.42723939,7.404885143,0.011679469,1.212852565,15.63,31.38633,2.229782347,3.748634751,96.25136525,1643.996,19.201,0.038946302,0,0,0.021400000000000002,19201000.0,NRIM,,,NRIM,211450087.0,0.2282157714376712,converged,0.2282157714376712,2018,2018,unknown,0,211450087.0,19201000.0,0.021400000000000002,1.0,0.2282157714376712,230244551.04933777,0.20958691317373504,0.0,4,converged,12.059641259517294,11.850054346343558,11.850054346343558,1.0752564851611942e-32
NRIM,2020,1,-0.147149096,-0.142749096,1.555836624,5.40164738,0.783997065,0.749599988,20.85479836,15.94585721,50.42283298,26.32873347,26.32873347,20.28455285,18.2075924,46.91605646,25.92074615,25.92074615,7.660019121,0.011842315,0.95778669,15.46,28.76152,2.372239247,6.051554112,93.94844589,2121.798,25.127,0.064413563,0,0,0.0044,25127000.0,NRIM,,,NRIM,187434215.50000003,0.2565746047872639,converged,0.2565746047872639,2019,2019,unknown,0,187434215.50000003,25127000.0,0.0044,1.0,0.2565746047872639,212450899.5735308,0.2263622321415214,0.0,5,converged,9.563379214032336,9.337016981890814,9.337016981890814,4.9543189277349515e-21
NRIM,2021,1,0.170031769,0.170431769,1.751232235,1.535413585,0.744567636,0.722586547,44.15429519,55.06815998,50.84931561,47.9854468,47.9854468,20.85479836,15.94585721,50.42283298,26.32873347,26.32873347,7.910120583,0.009108462,1.099180349,14.79,22.51985,2.048575166,3.777843416,96.22215658,2724.719,24.818,0.039261679,0,0,0.0004,24818000.0,NRIM,,,NRIM,261403772.98,0.7535764353776786,converged,0.7535764353776786,2020,2020,unknown,0,261403772.98,24818000.0,0.0004,1.0,0.7535764353776786,286209245.9451352,0.6882981997701145,0.0,5,converged,3.89719337190677,3.208895172136655,3.208895172136655,0.0006662303153360338
NRIM,2022,1,0.013896357,0.028096357,3.375046454,6.895656583,0.684806559,0.662202191,44.45334684,51.85235,45.54168189,44.86553783,44.86553783,44.15429519,55.06815998,50.84931561,47.9854468,47.9854468,7.891449674,0.009125691,1.422906965,13.64,21.82818,4.283034018,4.183980561,95.81601944,2674.318,24.405,0.043666817,0,0,0.014199999999999999,24405000.0,NRIM,,,NRIM,311088726.96,0.3216060622061987,converged,0.3216060622061987,2021,2021,unknown,0,311088726.96,24405000.0,0.014199999999999999,1.0,0.3216060622061987,335149624.8669168,0.2985174771325621,0.0,4,converged,8.97282602000719,8.674308542874629,8.674308542874629,2.0803540427990828e-18
NRIM,2023,1,-0.020719641,0.028780359,3.433543454,6.307557082,0.720300145,0.694682797,41.24391312,46.97082793,64.17860519,49.1444222,49.1444222,44.45334684,51.85235,45.54168189,44.86553783,44.86553783,7.940048618,0.008543197,1.343846613,12.35,20.8,4.30056,4.448953707,95.55104629,2807.497,23.985,0.046561015,0,0,0.0495,23985000.0,NRIM,,,NRIM,315424989.39,0.2269697896456076,converged,0.2269697896456076,2022,2022,unknown,0,315424989.39,23985000.0,0.0495,1.0,0.2269697896456076,338251637.6079068,0.21165291023698019,0.0,4,converged,12.843007675445543,12.631354765208563,12.631354765208563,7.090769190922602e-37
NWBI,2016,0,0.20673759,0.20873759,2.007228341,5.229910897,0.602430565,0.54280615,21.15270351,21.28000917,42.13452787,25.72331458,25.72331458,18.2821119,22.0081406,31.64419935,22.3079495,22.3079495,9.17197785,0.026404978,1.566326338,16.63,29.27861,2.582745163,13.4439264,86.5560736,9623.64,254.112,0.155320428,0,0,0.002,254112000.0,NWBI,,,NWBI,2303368560.0,0.1646353902032946,converged,0.1646353902032946,2015,2015,unknown,0,2303368560.0,254112000.0,0.002,1.0,0.1646353902032946,2556972843.885991,0.14830661293215017,0.0,4,converged,15.655415628709754,15.507109015777605,15.507109015777605,1.5527487789223405e-54
NWBI,2017,0,0.114239122,0.122239122,2.126618244,5.196627308,0.610854755,0.560142123,22.15799615,21.70466326,30.56851979,21.7701801,21.7701801,21.15270351,21.28000917,42.13452787,25.72331458,25.72331458,9.14462078,0.02343577,1.418424634,15.831,29.27861,2.853806814,11.34884177,88.65115823,9363.934,219.451,0.128016847,0,0,0.008,219451000.0,NWBI,,,NWBI,2137290960.0,0.1785139902960371,converged,0.1785139902960371,2016,2016,unknown,0,2137290960.0,219451000.0,0.008,1.0,0.1785139902960371,2354993355.7432623,0.16201164086577047,0.0,4,converged,14.778494219482013,14.616482578616242,14.616482578616242,1.1025078199669473e-48
NWBI,2018,0,-0.190230153,-0.172130153,2.300371436,6.467491827,0.677548722,0.608668448,21.58687943,34.04518834,38.00910504,30.56969123,30.56969123,22.15799615,21.70466326,30.56851979,21.7701801,21.7701801,9.170327737,0.035971083,1.392147238,15.833,30.35547,3.515626624,13.97776632,86.02223368,9607.773,345.602,0.162490158,0,0,0.0181,345602000.0,NWBI,,,NWBI,2164118880.0,0.1811159857537725,converged,0.1811159857537725,2017,2017,unknown,0,2164118880.0,345602000.0,0.0181,1.0,0.1811159857537725,2503521755.132738,0.15656206132689088,0.0,6,converged,12.841691787609602,12.68512972628271,12.68512972628271,3.5747690074625868e-37
NWBI,2019,0,0.012885154,0.034285154,1.604455053,4.974257083,0.635514733,0.552519359,20.28455285,38.35807765,55.46322827,38.99236869,38.99236869,21.58687943,34.04518834,38.00910504,30.56969123,30.56969123,9.258550177,0.035080925,1.313150322,15.701,30.35547,2.263282864,17.74183007,82.25816993,10493.908,368.136,0.215684717,0,0,0.021400000000000002,368136000.0,NWBI,,,NWBI,2124515760.0,0.1859645522388297,converged,0.1859645522388297,2018,2018,unknown,0,2124515760.0,368136000.0,0.021400000000000002,1.0,0.1859645522388297,2484857347.2979507,0.1589969043886169,0.0,7,converged,12.223873864281826,12.064876959893208,12.064876959893208,8.09520827756086e-34
NWBI,2020,1,-0.170630362,-0.166230362,1.500382066,4.042601532,0.652760865,0.497483571,18.99807322,34.47280109,40.81647035,31.79243867,31.79243867,20.28455285,38.35807765,55.46322827,38.99236869,38.99236869,9.532877971,0.029829785,1.05168302,16.642,30.35547,2.31916076,30.94730486,69.05269514,13806.268,411.838,0.448169399,0,0,0.0044,411838000.0,NWBI,,,NWBI,1627560480.0,0.1635828499701931,converged,0.1635828499701931,2019,2019,unknown,0,1627560480.0,411838000.0,0.0044,1.0,0.1635828499701931,2037590373.551264,0.1306646248790599,0.0,5,converged,12.33562454028161,12.20495991540255,12.20495991540255,1.4622624803068096e-34
NWBI,2021,1,0.164426052,0.164826052,1.876289218,1.646011664,0.592425978,0.503543671,24.86519365,35.69190831,50.06737896,36.79780119,36.79780119,18.99807322,34.47280109,40.81647035,31.79243867,31.79243867,9.582007923,0.027012501,1.132142803,17.056,21.74104,2.225684822,18.40402596,81.59597404,14501.508,391.722,0.225550662,0,0,0.0004,391722000.0,NWBI,,,NWBI,1792828511.28,0.4972975933199527,converged,0.4972975933199527,2020,2020,unknown,0,1792828511.28,391722000.0,0.0004,1.0,0.4972975933199527,2184392839.0456047,0.408156358525407,0.0,8,converged,4.415554373657121,4.007398015131714,4.007398015131714,3.069567841798231e-05
NWBI,2022,1,0.044552321,0.058752321,3.68511629,6.19227006,0.584955649,0.495985316,26.80095254,52.26653965,26.75512104,37.14601008,37.14601008,24.86519365,35.69190831,50.06737896,36.79780119,36.79780119,9.554874595,0.065492722,1.19066709,16.363,21.74104,4.647799634,18.64724188,81.35275812,14113.324,924.32,0.229214624,0,0,0.014199999999999999,924320000.0,NWBI,,,NWBI,1775863295.04,0.2290757976720155,converged,0.2290757976720155,2021,2021,unknown,0,1775863295.04,924320000.0,0.014199999999999999,1.0,0.2290757976720155,2687150701.445394,0.1513898348479303,0.0,5,converged,7.218700004172099,7.067310169324169,7.067310169324169,7.898280750799206e-13
NWFL,2018,0,-0.167932152,-0.149832152,1.818302274,4.179817036,0.29307534,0.251699788,21.58687943,13.63782601,23.31001555,15.1559673,15.1559673,22.15799615,16.21037464,34.40059483,20.42455996,20.42455996,7.077125832,0.088919167,1.698141383,14.0,23.6694,2.543651601,17.7197597,82.2802403,1184.559,105.33,0.215358628,0,0,0.0181,105330000.0,NWFL,,,NWFL,305597160.0,0.3105810745565734,converged,0.3105810745565734,2017,2017,unknown,0,305597160.0,105330000.0,0.0181,1.0,0.3105810745565734,409037836.94150734,0.2320389114041014,0.0,5,converged,6.0409282369738815,5.80888932556978,5.80888932556978,3.144432137772545e-09
NWFL,2019,0,0.023004103,0.044404103,1.396575214,3.766023859,0.416158807,0.344815219,20.28455285,16.07113411,34.22795288,20.29334555,20.29334555,21.58687943,13.63782601,23.31001555,15.1559673,15.1559673,7.11526526,0.096451353,1.791344038,14.01,21.91972,1.743683347,20.94790285,79.05209715,1230.61,118.694,0.264988579,0,0,0.021400000000000002,118694000.0,NWFL,,,NWFL,360234228.0,0.3269338693981905,converged,0.3269338693981905,2018,2018,unknown,0,360234228.0,118694000.0,0.021400000000000002,1.0,0.3269338693981905,476415162.05665237,0.2472061759409569,0.0,5,converged,5.831959301886705,5.584753125945748,5.584753125945748,1.1701621079132377e-08
NWFL,2020,1,-0.135002701,-0.130602701,0.581731935,3.333052366,0.547934472,0.430645881,18.99807322,13.66355253,30.95036746,17.91925434,17.91925434,20.28455285,16.07113411,34.22795288,20.29334555,20.29334555,7.523947978,0.057111105,1.105199063,12.62,21.64456,0.866114393,25.79341138,74.20658862,1851.864,105.762,0.347589235,0,0,0.0044,105762000.0,NWFL,,,NWFL,242347808.4,0.300228993080652,converged,0.300228993080652,2019,2019,unknown,0,242347808.4,105762000.0,0.0044,1.0,0.300228993080652,347645477.83824927,0.2092932120667646,0.0,5,converged,5.811434323607853,5.602141111541088,5.602141111541088,1.05860040088849e-08
NWFL,2021,1,0.148243968,0.148643968,0.950193366,1.381842031,0.478746256,0.366164368,17.43215031,10.59425864,38.02290885,18.94299947,18.94299947,18.99807322,13.66355253,30.95036746,17.91925434,17.91925434,7.63458092,0.043906127,1.038453215,13.66,17.89176,1.025531918,27.24416654,72.75583346,2068.504,90.82,0.374460236,0,0,0.0004,90820000.0,NWFL,,,NWFL,213154983.77,0.6708308069267586,converged,0.6708308069267586,2020,2020,unknown,0,213154983.77,90820000.0,0.0004,1.0,0.6708308069267586,303811376.15532005,0.4718785488239957,0.0,5,converged,2.7957664015411154,2.3238878527171196,2.3238878527171196,0.010065752739500498
NWFL,2022,1,0.026978991,0.041178991,3.743617981,5.475820558,0.422449806,0.332086448,15.8938172,9.317522097,27.19646182,14.41221722,14.41221722,17.43215031,10.59425864,38.02290885,18.94299947,18.94299947,7.624164781,0.065075938,1.63447439,13.58,17.89176,4.521700777,24.89117647,75.10882353,2047.07,133.215,0.331401496,0,0,0.014199999999999999,133215000.0,NWFL,,,NWFL,273096153.44,0.2732702845269462,converged,0.2732702845269462,2021,2021,unknown,0,273096153.44,133215000.0,0.014199999999999999,1.0,0.2732702845269462,404432867.8256358,0.18452769177807965,0.0,5,converged,6.187399942594356,6.002872250816277,6.002872250816277,9.692857240360734e-10
NWFL,2023,1,-0.007310623,0.042189377,3.838128531,5.363377476,0.557260936,0.364500063,14.03688525,8.624589775,20.2032055,11.57062264,11.57062264,15.8938172,9.317522097,27.19646182,14.41221722,14.41221722,7.696702974,0.090097629,1.474044662,13.06,17.89176,4.643220972,39.17541964,60.82458036,2201.079,198.312,0.644072173,0,0,0.0495,198312000.0,NWFL,,,NWFL,266905266.87,0.2298897430987578,converged,0.2298897430987578,2022,2022,unknown,0,266905266.87,198312000.0,0.0495,1.0,0.2298897430987578,455639820.1928661,0.13466510309930707,0.0,7,converged,6.612169046341147,6.47750394324184,6.47750394324184,4.6626168445440886e-11
OBK,2019,0,0.048936624,0.070336624,2.226323484,6.425909094,0.794840397,0.78701715,20.28455285,26.22594138,40.76727157,27.68428469,27.68428469,21.58687943,24.04604627,37.2673773,25.34309478,25.34309478,8.580097753,0.080213897,1.482688638,12.76,18.53285,2.647490113,1.205461313,98.79453869,5324.626,427.109,0.0122017,0,0,0.021400000000000002,427109000.0,OBK,,,OBK,1179086832.0,0.2680848908390858,converged,0.2680848908390858,2018,2018,unknown,0,1179086832.0,427109000.0,0.021400000000000002,1.0,0.2680848908390858,1597152804.8992593,0.19791178632262973,0.0,5,converged,6.871359907269006,6.673448120946376,6.673448120946376,1.249309684672367e-11
OBK,2020,1,-0.159073712,-0.154673712,2.243201578,6.712201867,1.070739964,0.949928629,18.99807322,33.37639982,44.2414175,32.48160461,32.48160461,20.28455285,26.22594138,40.76727157,27.68428469,27.68428469,8.9396161,0.150091344,1.00868467,13.79,18.75305,2.925575112,13.53477695,86.46522305,7628.268,1144.937,0.156534344,0,0,0.0044,1144937000.0,OBK,,,OBK,865307646.0,0.2270256847264567,converged,0.2270256847264567,2019,2019,unknown,0,865307646.0,1144937000.0,0.0044,1.0,0.2270256847264567,2005217989.8538277,0.09796793287549749,0.0,6,converged,5.814168019337112,5.7162000864616145,5.7162000864616145,5.446623261893996e-09
OCFC,2017,0,0.187777748,0.195777748,1.616979873,4.910282351,0.57353902,0.523132797,24.17324669,31.11365276,59.28277282,37.06436606,37.06436606,23.24383959,33.40256689,37.55546075,30.38876265,30.38876265,8.597113922,0.078448584,1.421515466,13.96,34.75484,2.216860725,12.86775565,87.13224435,5416.006,424.878,0.147680755,0,0,0.008,424878000.0,OCFC,,,OCFC,1532566875.0,0.1999749226481846,converged,0.1999749226481846,2016,2016,unknown,0,1532566875.0,424878000.0,0.008,1.0,0.1999749226481846,1954059410.9121418,0.1568401352435072,0.0,5,converged,9.858201025047798,9.70136088980429,9.70136088980429,1.4875182205021962e-22
OCFC,2018,0,-0.316963314,-0.298863314,1.695647184,6.630193403,0.697691691,0.646065623,23.52538211,35.60554353,59.07506107,39.20651596,39.20651596,24.17324669,31.11365276,59.28277282,37.06436606,37.06436606,8.92480985,0.081248069,1.038507224,14.31,34.53073,2.996827002,10.87779441,89.12220559,7516.154,610.673,0.122054816,0,0,0.0181,610673000.0,OCFC,,,OCFC,1314212585.0,0.2212733934779136,converged,0.2212733934779136,2017,2017,unknown,0,1314212585.0,610673000.0,0.0181,1.0,0.2212733934779136,1913931834.1898324,0.15193868101587094,0.0,5,converged,7.713611852656448,7.561673171640577,7.561673171640577,1.989585965580062e-14
OCFC,2019,0,0.000345069,0.021745069,1.242601677,5.947902995,0.798855203,0.734334472,22.06022092,30.71397722,39.41526053,29.67932269,29.67932269,23.52538211,35.60554353,59.07506107,39.20651596,39.20651596,9.017501097,0.083408672,1.116402493,14.07,34.45763836,1.866620353,11.82086159,88.17913841,8246.145,687.8,0.134055082,0,0,0.021400000000000002,687800000.0,OCFC,,,OCFC,1491114590.0,0.1979232767550872,converged,0.1979232767550872,2018,2018,unknown,0,1491114590.0,687800000.0,0.021400000000000002,1.0,0.1979232767550872,2164352044.982794,0.13635780110767645,0.0,5,converged,8.632252255910213,8.495894454802537,8.495894454802537,9.820720951699658e-18
OCFC,2020,1,-0.239875317,-0.235475317,2.481411484,5.830773021,0.967176609,0.725178755,20.85479836,40.84982887,53.00412766,39.6103695,39.6103695,22.06022092,30.71397722,39.41526053,29.67932269,29.67932269,9.345597662,0.031788526,0.758090275,15.6,29.23023495,3.732428648,32.04396232,67.95595547,11448.313,363.925,0.471540163,0,0,0.0044,363925000.0,OCFC,,,OCFC,1087684605.0,0.1964008788171238,converged,0.1964008788171238,2019,2019,unknown,0,1087684605.0,363925000.0,0.0044,1.0,0.1964008788171238,1450011852.632918,0.1473244593898237,0.0,5,converged,9.486757739454346,9.339433280064522,9.339433280064522,4.842555791093553e-21
OCFC,2021,1,0.217120336,0.217520336,1.529455771,1.810869297,0.942577287,0.767209815,21.40314479,44.98667301,58.99339739,44.12283608,44.12283608,20.85479836,40.84982887,53.00412766,39.6103695,39.6103695,9.370724384,0.029635552,0.866232098,14.06,21.8709835,1.742208142,22.63444447,77.36549471,11739.616,347.91,0.29256511,0,0,0.0004,347910000.0,OCFC,,,OCFC,1313686021.2,0.6031272200393761,converged,0.6031272200393761,2020,2020,unknown,0,1313686021.2,347910000.0,0.0004,1.0,0.6031272200393761,1661408073.1485174,0.4770006311641844,0.0,5,converged,3.51706397111419,3.0400633399500054,3.0400633399500054,0.0011826419960033988
OCFC,2022,1,0.044243719,0.058443719,3.642278864,7.490487407,0.874215076,0.724669134,23.49558129,43.8950359,59.40609826,44.27212256,44.27212256,21.40314479,44.98667301,58.99339739,44.12283608,44.12283608,9.48066487,0.112612768,0.79311141,12.98,21.88125,4.603309587,20.89655081,79.10337743,13103.896,1475.666,0.264167618,0,0,0.014199999999999999,1475666000.0,OCFC,,,OCFC,1256812720.0,0.2978261819473289,converged,0.2978261819473289,2021,2021,unknown,0,1256812720.0,1475666000.0,0.014199999999999999,1.0,0.2978261819473289,2711672157.863435,0.13803756182029808,0.0,8,converged,4.579791468487169,4.441753906666871,4.441753906666871,4.461428782202811e-06
OCFC,2023,1,-0.064453493,-0.014953493,3.6952929,7.15650816,1.02474683,0.817422924,40.45738303,50.04459842,65.8441486,51.16328614,51.16328614,23.49558129,43.8950359,59.40609826,44.27212256,44.27212256,9.513274513,0.082598545,0.621258971,14.1,21.88125,4.74480368,24.50969727,75.49021493,13538.253,1118.24,0.324673831,0,0,0.0495,1118240000.0,OCFC,,,OCFC,1032011794.24,0.2374694135296099,converged,0.2374694135296099,2022,2022,unknown,0,1032011794.24,1118240000.0,0.0495,1.0,0.2374694135296099,2096246570.5067391,0.1169095524540369,0.0,9,converged,5.856889234012611,5.739979681558574,5.739979681558574,4.734395549936454e-09
ONB,2016,0,0.241607128,0.243607128,1.483918016,6.686002973,1.133470887,0.897398632,22.08903309,33.6236983,68.98212236,41.64574987,41.64574987,19.06124469,27.47553106,71.24821033,39.38941425,39.38941425,9.606444267,0.144830732,1.352024287,12.18,28.2584,1.819963279,26.83003927,73.16996073,14860.237,2152.219,0.366681067,0,0,0.002,2152219000.0,ONB,,,ONB,6714229209.599999,0.2358822990847827,converged,0.2358822990847827,2015,2015,unknown,0,6714229209.599999,2152219000.0,0.002,1.0,0.2358822990847827,8862148073.169832,0.1787115053220551,0.0,5,converged,8.01995751183855,7.841246006516495,7.841246006516495,2.2304875163318163e-15
ONB,2017,0,0.165022297,0.173022297,1.54874925,6.148246032,1.013442792,0.818899968,26.05989135,39.96593975,69.60125644,45.44143134,45.44143134,22.08903309,33.6236983,68.98212236,41.64574987,41.64574987,9.771000871,0.147226453,1.231480549,11.4,28.34806,1.980140777,24.89987075,75.10012925,17518.292,2579.156,0.331555631,0,0,0.008,2579156000.0,ONB,,,ONB,6455278220.8,0.2505159891951576,converged,0.2505159891951576,2016,2016,unknown,0,6455278220.8,2579156000.0,0.008,1.0,0.2505159891951576,9013883286.143475,0.17940662838479868,0.0,5,converged,7.108974418197937,6.929567789813138,6.929567789813138,2.110641548248573e-12
ONB,2018,0,-0.229309238,-0.211209238,1.627806859,7.394229116,1.018313571,0.817258162,25.4206719,37.16714827,65.8014502,42.67549373,42.67549373,26.05989135,39.96593975,69.60125644,45.44143134,45.44143134,9.889816275,0.125907351,1.002826251,12.27,29.1874,2.520114413,25.78370071,74.21629929,19728.435,2483.955,0.347412913,0,0,0.0181,2483955000.0,ONB,,,ONB,5696921753.6,0.2247464685942372,converged,0.2247464685942372,2017,2017,unknown,0,5696921753.6,2483955000.0,0.0181,1.0,0.2247464685942372,8136321608.548864,0.15736386878412534,0.0,5,converged,7.7334641177579,7.576100248973774,7.576100248973774,1.780483443103065e-14
ONB,2019,0,0.053989162,0.075389162,1.518874553,6.335845879,0.989131202,0.814433345,52.63751556,47.84136678,47.69223162,44.4023354,44.4023354,25.4206719,37.16714827,65.8014502,42.67549373,42.67549373,9.923861928,0.133381806,1.087582036,12.99,24.3885645,1.931118064,22.09959299,77.90040701,20411.667,2722.545,0.28369034,0,0,0.021400000000000002,2722545000.0,ONB,,,ONB,6766019407.36,0.2473307276875219,converged,0.2473307276875219,2018,2018,unknown,0,6766019407.36,2722545000.0,0.021400000000000002,1.0,0.2473307276875219,9430920929.42443,0.17744232149752268,0.0,5,converged,7.2111857235031795,7.033743402005657,7.033743402005657,1.005323725231589e-12
ONB,2020,1,-0.160439776,-0.156039776,0.687847665,5.592778617,1.01673841,0.825057701,57.95645182,61.45201083,55.58949498,54.96240344,54.96240344,52.63751556,47.84136678,47.69223162,44.4023354,44.4023354,10.04153594,0.116907939,0.921222476,12.69,24.39228775,1.0676295,23.50503238,76.49496762,22960.622,2684.279,0.307275539,0,0,0.0044,2684279000.0,ONB,,,ONB,6126040535.04,0.2078125478834726,converged,0.2078125478834726,2019,2019,unknown,0,6126040535.04,2684279000.0,0.0044,1.0,0.2078125478834726,8798534653.193287,0.14469092209368864,0.0,5,converged,8.307644612213677,8.162953690119988,8.162953690119988,1.6346493581621453e-16
ONB,2021,1,0.212953574,0.213353574,1.23259121,1.478154362,0.870242693,0.734413942,56.43373388,59.91949677,66.59318478,58.42096906,58.42096906,57.95645182,61.45201083,55.58949498,54.96240344,54.96240344,10.10453125,0.105991748,0.997664875,12.77,19.56560302,1.316755249,18.69502695,81.30497305,24453.564,2591.876,0.229937066,0,0,0.0004,2591876000.0,ONB,,,ONB,3004984560.0,0.519361541318114,converged,0.519361541318114,2020,2020,unknown,0,3004984560.0,2591876000.0,0.0004,1.0,0.519361541318114,5594889751.556046,0.27947703293121456,0.0,5,converged,2.894425335772146,2.6149483028409315,2.6149483028409315,0.004462048086196349
ONB,2022,1,0.01749304,0.03169304,3.564070537,6.890365966,0.84669155,0.68117928,55.3752875,57.54380307,48.33464731,50.86205467,50.86205467,56.43373388,59.91949677,66.59318478,58.42096906,58.42096906,10.75285553,0.11992234,1.07519269,12.02,19.72881714,4.410801571,22.41404406,74.04762268,46763.372,5607.973,0.302697686,0,0,0.014199999999999999,5607973000.0,ONB,,,ONB,5266395940.0,0.2564696707165196,converged,0.2564696707165196,2021,2021,unknown,0,5266395940.0,5607973000.0,0.014199999999999999,1.0,0.2564696707165196,10795298446.803638,0.12511659083429438,0.0,9,converged,5.41054109062827,5.285424499793975,5.285424499793975,6.270679523123734e-08
ONB,2023,1,0.008253659,0.057753659,4.210081392,6.464307221,0.835868696,0.684857026,53.61106538,51.16503734,40.38588783,44.9768731,44.9768731,55.3752875,57.54380307,48.33464731,50.86205467,50.86205467,10.80140729,0.109004112,0.926964022,12.64,17.96071,5.078574405,20.31623712,75.588299,49089.836,5350.994,0.268774895,0,0,0.0495,5350994000.0,ONB,,,ONB,4942942950.0,0.2698751199458518,converged,0.2698751199458518,2022,2022,unknown,0,4942942950.0,5350994000.0,0.0495,1.0,0.2698751199458518,10035511513.028908,0.1329257121114987,0.0,8,converged,5.169671295030875,5.036745582919377,5.036745582919377,2.3675673923676073e-07
OPBK,2022,1,0.102861205,0.117061205,0.117061205,6.605061974,0.597618997,0.597618997,17.26625006,37.80402439,71.41806331,44.67826457,44.67826457,19.0205481,37.73244976,72.21388007,44.94102119,44.94102119,7.647068708,2.39e-05,0.963265273,13.06,28.00812,0.0,0.0,100.0,2094.497,0.05,0.0,0,0,0.014199999999999999,50000.0,OPBK,,,OPBK,165713724.0,0.4025497665928145,converged,0.4025497665928145,2021,2021,unknown,0,165713724.0,50000.0,0.014199999999999999,1.0,0.4025497665928145,165763019.01722375,0.40243005534602877,0.0,3,converged,20.37985560823283,19.977425552886803,19.977425552886803,4.328737031937022e-89
ORRF,2018,0,-0.238562454,-0.220462454,1.781498449,5.835767954,0.612635889,0.526894176,21.58687943,18.26468903,28.52875861,19.32963886,19.32963886,22.15799615,8.28995073,24.37542896,12.88696999,12.88696999,7.567546276,0.092731138,0.990148236,15.6,28.26105,2.733798494,18.489574,81.510426,1934.388,179.378,0.22683692,0,0,0.0181,179378000.0,ORRF,,,ORRF,355249785.0,0.270987055044308,converged,0.270987055044308,2017,2017,unknown,0,355249785.0,179378000.0,0.0181,1.0,0.270987055044308,531410249.73042667,0.1811558830966503,0.0,5,converged,6.185544283889296,6.004388400792646,6.004388400792646,9.602722882695598e-10
ORRF,2019,0,0.05142506,0.07282506,1.751771471,4.59171499,0.585615766,0.480008771,22.06022092,38.72053885,52.45144858,38.34360496,38.34360496,21.58687943,18.26468903,28.52875861,19.32963886,19.32963886,7.776230452,0.104806665,1.134791869,14.0,20.99961,2.145318307,21.78291135,78.21708865,2383.274,249.783,0.278492996,0,0,0.021400000000000002,249783000.0,ORRF,,,ORRF,441282270.0,0.2424919561555962,converged,0.2424919561555962,2018,2018,unknown,0,441282270.0,249783000.0,0.021400000000000002,1.0,0.2424919561555962,685776703.291762,0.1560382561497161,0.0,5,converged,6.6876772583876,6.531639002237884,6.531639002237884,3.2526902867101116e-11
ORRF,2020,1,-0.195993328,-0.191593328,1.747151143,5.381112973,0.931945362,0.718796754,20.85479836,36.08104274,39.95670996,32.54798121,32.54798121,22.06022092,38.72053885,52.45144858,38.34360496,38.34360496,7.919564169,0.039778635,0.752822535,15.6,13.80259,2.192297552,25.59627884,74.40372116,2750.572,109.414,0.3440188,0,0,0.0044,109414000.0,ORRF,,,ORRF,322865675.0,0.2714041970551086,converged,0.2714041970551086,2019,2019,unknown,0,322865675.0,109414000.0,0.0044,1.0,0.2714041970551086,431799310.9758058,0.20293478255511319,0.0,5,converged,6.887992857671557,6.6850580751164435,6.6850580751164435,1.1541654223360147e-11
ORRF,2021,1,0.236261904,0.236661904,1.56026793,1.528423561,0.983014728,0.822092549,19.0205481,45.34407344,49.69895134,40.61101219,40.61101219,20.85479836,36.08104274,39.95670996,32.54798121,32.54798121,7.949643765,0.020165352,1.037388683,15.0,13.80259,1.586363016,18.5064881,81.4935119,2834.565,57.16,0.227091552,0,0,0.0004,57160000.0,ORRF,,,ORRF,281812860.0,0.708648143644331,converged,0.708648143644331,2020,2020,unknown,0,281812860.0,57160000.0,0.0004,1.0,0.708648143644331,338921872.2746713,0.5895098883884374,0.0,7,converged,3.314747140352341,2.7252372519639034,2.7252372519639034,0.0032127648132464744
ORRF,2022,1,0.03958364,0.05378364,4.123686503,7.234016628,0.845040784,0.716755634,17.26625006,40.53280326,49.43310012,38.09781679,38.09781679,19.0205481,45.34407344,49.69895134,40.61101219,40.61101219,7.980163213,0.053180802,1.079747681,12.7,13.80259,4.732335172,17.19386692,82.80613308,2922.408,155.416,0.207640017,0,0,0.014199999999999999,155416000.0,ORRF,,,ORRF,247149925.08,0.3381495990487611,converged,0.3381495990487611,2021,2021,unknown,0,247149925.08,155416000.0,0.014199999999999999,1.0,0.3381495990487611,400374591.38281554,0.20873890492122613,0.0,6,converged,4.7057886031868845,4.497049698265658,4.497049698265658,3.4451443403452144e-06
ORRF,2023,1,0.011059614,0.060559614,4.334504837,6.690500525,0.899234458,0.758249272,15.2370401,37.20811808,49.98076375,36.62112382,36.62112382,17.26625006,40.53280326,49.43310012,38.09781679,38.09781679,8.027554857,0.058539148,1.181129667,13.0,17.20394,5.17542871,18.33868453,81.66131547,3064.24,179.378,0.224570036,0,0,0.0495,179378000.0,ORRF,,,ORRF,313065505.0,0.2526014248773877,converged,0.2526014248773877,2022,2022,unknown,0,313065505.0,179378000.0,0.0495,1.0,0.2526014248773877,483780472.85574025,0.1634642096866186,0.0,5,converged,6.45398892012845,6.290524710441831,6.290524710441831,1.5819733926986233e-10
OSBC,2017,0,0.203874547,0.211874547,1.493420418,6.474213002,1.36946159,0.953274998,22.15799615,26.04137424,27.71791352,22.89497049,22.89497049,21.15270351,30.38356766,19.89334471,22.23185366,22.23185366,7.776295486,0.103470672,2.018516216,12.93,31.375235,1.987515789,38.88252258,61.11747742,2383.429,246.615,0.636193184,0,0,0.008,246615000.0,OSBC,,,OSBC,615017130.0,0.317968375608218,converged,0.317968375608218,2016,2016,unknown,0,615017130.0,246615000.0,0.008,1.0,0.317968375608218,859667080.3851677,0.22747875769495862,0.0,5,converged,5.638285033444123,5.410806275749164,5.410806275749164,3.137080830494269e-08
OSBC,2018,0,-0.313976605,-0.295876605,1.842327914,7.272799743,0.979697001,0.779834482,21.58687943,28.42790969,19.38374417,21.07839111,21.07839111,22.15799615,26.04137424,27.71791352,22.89497049,22.89497049,7.892079542,0.11709815,1.689009625,12.63,28.26105,2.87197516,26.32168074,73.67831926,2676.003,313.355,0.357251373,0,0,0.0181,313355000.0,OSBC,,,OSBC,585730600.0,0.3037589564782456,converged,0.3037589564782456,2017,2017,unknown,0,585730600.0,313355000.0,0.0181,1.0,0.3037589564782456,893464894.5348985,0.1991358825217083,0.0,5,converged,5.4520453419008765,5.252909459379168,5.252909459379168,7.485757211643507e-08
OSBC,2019,0,0.064771094,0.086171094,1.266099146,6.165989092,1.067948179,0.834520715,20.28455285,29.39379333,41.32760267,29.45725846,29.45725846,21.58687943,28.42790969,19.38374417,21.07839111,21.07839111,7.876845271,0.078112876,1.451002891,14.53,35.99412,1.88441085,30.41123639,69.58876361,2635.545,205.87,0.437013604,0,0,0.021400000000000002,205870000.0,OSBC,,,OSBC,606907014.0,0.2300643723709341,converged,0.2300643723709341,2018,2018,unknown,0,606907014.0,205870000.0,0.021400000000000002,1.0,0.2300643723709341,808418201.6378169,0.17271714192062135,0.0,5,converged,8.129767487061843,7.957050345141221,7.957050345141221,8.809451726752926e-16
OSBC,2020,1,-0.317236538,-0.312836538,1.251997191,6.462638305,1.45129398,0.967441927,18.99807322,38.94231442,36.56196517,32.47769541,32.47769541,20.28455285,29.39379333,41.32760267,29.45725846,29.45725846,8.019888085,0.076130684,0.964612967,14.26,28.24617,2.001763934,41.073028,58.926972,3040.837,231.501,0.697015757,0,0,0.0044,231501000.0,OSBC,,,OSBC,455067620.0,0.2295758607211357,converged,0.2295758607211357,2019,2019,unknown,0,455067620.0,231501000.0,0.0044,1.0,0.2295758607211357,685552253.2467313,0.1523917980887773,0.0,5,converged,7.229077767156047,7.07668596906727,7.07668596906727,7.382129048263071e-13
OSBC,2021,1,0.349136187,0.349536187,1.607541434,1.629077912,1.263053863,0.913947794,17.43215031,36.19699283,27.66676292,27.9137431,27.9137431,18.99807322,38.94231442,36.56196517,32.47769541,32.47769541,8.734268609,0.032013836,1.115008867,12.55,25.61751,1.850704786,33.92926418,66.07073582,6212.189,198.876,0.513529383,0,0,0.0004,198876000.0,OSBC,,,OSBC,559764556.55,0.6834434562940388,converged,0.6834434562940388,2020,2020,unknown,0,559764556.55,198876000.0,0.0004,1.0,0.6834434562940388,758321931.4101917,0.5054303370541371,0.0,5,converged,2.901599483573739,2.396169146519602,2.396169146519602,0.00828372146852214
OSBC,2022,1,0.09505569,0.10925569,3.343775716,7.860926435,1.125739195,0.896369676,17.26625006,27.96580199,28.90968343,24.47615415,24.47615415,17.43215031,36.19699283,27.66676292,27.9137431,27.9137431,8.680725497,0.044292962,1.550719343,12.52,25.61751,4.38609303,25.59608852,74.40391148,5888.317,260.811,0.344015362,0,0,0.014199999999999999,260810999.99999997,OSBC,,,OSBC,715100268.4399999,0.2972594308086766,converged,0.2972594308086766,2021,2021,unknown,0,715100268.4399999,260810999.99999997,0.014199999999999999,1.0,0.2972594308086766,972233923.1727483,0.21864110453698163,0.0,5,converged,6.192350698616431,5.973709594079449,5.973709594079449,1.1595924565745784e-09
OSBC,2023,1,0.026931759,0.076431759,3.254035331,6.135489801,1.107960216,0.664253356,15.2370401,27.00772039,43.42301088,29.20093553,29.20093553,17.26625006,27.96580199,28.90968343,24.47615415,24.47615415,8.6522133,0.090274881,1.195493769,14.06,25.61751,4.320595309,47.3138413,52.6861587,5722.799,516.625,0.898031712,0,0,0.0495,516625000.0,OSBC,,,OSBC,690135838.48,0.3031207602308768,converged,0.3031207602308768,2022,2022,unknown,0,690135838.48,516625000.0,0.0495,1.0,0.3031207602308768,1181810506.6382883,0.17701192114481912,0.0,6,converged,5.042893160809852,4.865881239665033,4.865881239665033,5.69739646688002e-07
OVBC,2018,0,-0.077923361,-0.059823361,3.828723673,4.147050196,0.21793942,0.204676699,21.58687943,9.97389459,20.3697535,12.28016298,12.28016298,22.15799615,14.58604283,17.91008922,13.68230936,13.68230936,6.937792607,0.046786344,1.407154072,16.6,24.67715,5.156215205,7.921303453,92.07869655,1030.493,48.213,0.086027537,0,0,0.0181,48213000.0,OVBC,,,OVBC,164832792.69799998,0.3228566574531154,converged,0.3228566574531154,2017,2017,unknown,0,164832792.69799998,48213000.0,0.0181,1.0,0.3228566574531154,212180987.49044383,0.2508111831592907,0.0,5,converged,6.105645036704067,5.854833853544776,5.854833853544776,2.38743559637857e-09
OVBC,2019,0,-0.034513841,-0.013113841,1.915879502,3.631805318,0.313957486,0.296961375,20.28455285,8.683408674,21.10049878,11.90315026,11.90315026,21.58687943,9.97389459,20.3697535,12.28016298,12.28016298,6.920939978,0.041934446,1.463094511,18.7,22.53439,2.488963967,6.879929041,93.12007096,1013.272,42.491,0.073882343,0,0,0.021400000000000002,42491000.0,OVBC,,,OVBC,184534482.069,0.4089255680675412,converged,0.4089255680675412,2018,2018,unknown,0,184534482.069,42491000.0,0.021400000000000002,1.0,0.4089255680675412,226125834.0770123,0.333711865572857,0.0,5,converged,5.240692131475407,4.90698026590255,4.90698026590255,4.62446674267188e-07
OVBC,2020,1,-0.115542162,-0.111142162,1.893682399,2.293350198,0.224297051,0.204756673,18.99807322,20.84609961,21.11245344,17.94014865,17.94014865,20.28455285,8.683408674,21.10049878,11.90315026,11.90315026,7.079127106,0.030636127,0.819434927,11.7,21.71946,2.545648622,10.86632939,89.13367061,1186.932,36.363,0.121910489,0,0,0.0044,36363000.0,OVBC,,,OVBC,109919577.096,0.3667018588933937,converged,0.3667018588933937,2019,2019,unknown,0,109919577.096,36363000.0,0.0044,1.0,0.3667018588933937,146122930.5972986,0.2758479944659742,0.0,5,converged,5.196131820604918,4.920283826138943,4.920283826138943,4.320940059285911e-07
OVBC,2021,1,0.051271286,0.051671286,1.853259725,1.565335787,0.24602642,0.230041964,17.43215031,19.67315284,18.14900375,16.29152516,16.29152516,18.99807322,20.84609961,21.11245344,17.94014865,17.94014865,7.130714013,0.022495357,0.985762268,10.3,16.64094,2.166008303,7.694257225,92.30574277,1249.769,28.114,0.083356214,0,0,0.0004,28114000.0,OVBC,,,OVBC,136517062.197292,0.7683587639740739,converged,0.7683587639740739,2020,2020,unknown,0,136517062.197292,28114000.0,0.0004,1.0,0.7683587639740739,164584931.96662864,0.6379642500186082,0.0,6,converged,3.0896061337274685,2.4516418837088603,2.4516418837088603,0.007110305542658606
OVBC,2022,1,0.054878761,0.069078761,4.220177621,4.343243487,0.099572912,0.093313744,15.8938172,19.7843382,18.35102421,16.41940046,16.41940046,17.43215031,19.67315284,18.14900375,16.29152516,16.29152516,7.09902584,0.021841166,0.927700644,11.0,16.29566,4.965362379,7.418991937,92.58100806,1210.787,26.445,0.080135139,0,0,0.014199999999999999,26445000.0,OVBC,,,OVBC,125265561.884414,0.3559232600436943,converged,0.3559232600436943,2021,2021,unknown,0,125265561.884414,26445000.0,0.014199999999999999,1.0,0.3559232600436943,151337696.50917348,0.29460557218918376,0.0,8,converged,6.11679828113824,5.822192708949056,5.822192708949056,2.904026165741099e-09
OVBC,2023,1,-0.038567498,0.010932502,3.815745969,4.080477148,0.048502557,0.044962314,14.03688525,17.15430289,18.43064301,15.16323785,15.16323785,15.8938172,19.7843382,18.35102421,16.41940046,16.41940046,7.209440104,0.03926605,0.762338192,10.8,16.2817,4.54590369,8.596593827,91.40340617,1352.135,53.093,0.094051132,0,0,0.0495,53093000.0,OVBC,,,OVBC,109782036.0,0.3603225478048235,converged,0.3603225478048235,2022,2022,unknown,0,109782036.0,53093000.0,0.0495,1.0,0.3603225478048235,160310911.68316618,0.24675159974545505,0.0,5,converged,4.802454014813107,4.555702415067652,4.555702415067652,2.6105404970530807e-06
OZK,2019,0,0.096441334,0.117841334,1.688636604,11.01824455,1.873990627,1.658732085,47.50780187,44.89749508,53.02845144,43.43621081,43.43621081,47.56205674,40.65015574,53.10903842,41.07493863,41.07493863,10.0671243,0.029980606,0.947787545,15.57,30.94068067,2.301552483,15.81890526,84.18109474,23555.728,706.215,0.187915176,0,0,0.021400000000000002,706215000.0,OZK,,,OZK,3435442595.0,0.4221817417562021,converged,0.4221817417562021,2018,2018,unknown,0,3435442595.0,706215000.0,0.021400000000000002,1.0,0.4221817417562021,4126705136.315396,0.3514622998129744,0.0,7,converged,5.2593912095378865,4.907928909724912,4.907928909724912,4.6021601817296914e-07
OZK,2020,1,-0.059188147,-0.054788147,2.001739719,9.415250659,1.87829572,1.441003908,50.92758389,46.65618759,56.58814054,46.36064083,46.36064083,47.50780187,44.89749508,53.02845144,43.43621081,43.43621081,10.20959616,0.040624357,0.946753731,15.84,24.61663433,2.707232108,28.70180449,71.29819551,27162.596,1103.463,0.402560041,0,0,0.0044,1103463000.0,OZK,,,OZK,3521596130.0,0.3415877458634432,converged,0.3415877458634432,2019,2019,unknown,0,3521596130.0,1103463000.0,0.0044,1.0,0.3415877458634432,4620214556.956382,0.2603632534543149,0.0,5,converged,5.647042049170622,5.386678795716307,5.386678795716307,3.588576492287157e-08
OZK,2021,1,0.212880802,0.213280802,1.793018179,1.629188252,1.650445122,1.413061761,48.63593663,50.70170433,67.9143715,52.60846128,52.60846128,50.92758389,46.65618759,56.58814054,46.36064083,46.36064083,10.18604766,0.046116365,1.297877752,17.95,24.42720629,2.141677678,18.18648285,81.81351715,26530.43,1223.487,0.222291908,0,0,0.0004,1223487000.0,OZK,,,OZK,5836897594.440001,0.6632673251300263,converged,0.6632673251300263,2020,2020,unknown,0,5836897594.440001,1223487000.0,0.0004,1.0,0.6632673251300263,7059602024.315828,0.548533815151655,0.0,7,converged,3.4702115374421902,2.9216777222905352,2.9216777222905352,0.0017407579136743151
OZK,2022,1,-0.112326166,-0.098126166,3.433922641,8.995401973,1.36167616,1.194813355,46.240261,50.75596563,60.52527889,49.99247709,49.99247709,48.63593663,50.70170433,67.9143715,52.60846128,52.60846128,10.22761852,0.039545905,1.078956653,14.97,23.09512,4.567380823,14.54896964,80.11736638,27656.568,1093.704,0.181595705,0,0,0.014199999999999999,1093704000.0,OZK,,,OZK,4694107735.68,0.3214002291524129,converged,0.3214002291524129,2021,2021,unknown,0,4694107735.68,1093704000.0,0.014199999999999999,1.0,0.3214002291524129,5772390886.026695,0.26136263668651266,0.0,5,converged,6.549794165909181,6.2884315292226685,6.2884315292226685,1.6034472648850336e-10
OZK,2023,1,-0.024808856,0.024691144,3.911413087,7.516035979,1.369784921,1.048722472,45.11702065,48.89937103,64.47533393,50.7655294,50.7655294,46.240261,50.75596563,60.52527889,49.99247709,49.99247709,10.44107556,0.03780897,1.174619512,14.1,23.09512,5.064186348,27.09661645,68.06753483,34237.457,1294.483,0.398084293,0,0,0.0495,1294483000.0,OZK,,,OZK,5638198325.76,0.3267926027409483,converged,0.3267926027409483,2022,2022,unknown,0,5638198325.76,1294483000.0,0.0495,1.0,0.3267926027409483,6870164474.98947,0.2681917729955306,0.0,8,converged,6.542109973429428,6.273918200433897,6.273918200433897,1.7603676331815863e-10
PB,2016,0,0.263421507,0.265421507,1.139934361,8.631573152,1.277999903,1.210566427,21.15270351,31.11212972,24.63452787,24.30004638,24.30004638,18.2821119,27.02944309,28.91952614,23.81763319,23.81763319,10.01373435,0.058716886,1.369478016,15.2,33.28897,1.341558813,7.706552628,92.29344737,22331.072,1311.211,0.083500539,0,0,0.002,1311211000.0,PB,,,PB,6839413740.0,0.2687818458636559,converged,0.2687818458636559,2015,2015,unknown,0,6839413740.0,1311211000.0,0.002,1.0,0.2687818458636559,8148004939.029504,0.22561477358571613,0.0,7,converged,8.218756912124668,7.993142138538952,7.993142138538952,6.577116104513263e-16
PB,2017,0,0.208854732,0.216854732,1.314449817,8.823225211,1.373202229,1.30919832,22.15799615,37.32240055,38.34820407,32.31726414,32.31726414,21.15270351,31.11212972,24.63452787,24.30004638,24.30004638,10.02514273,0.036718744,1.273282421,15.74,33.27164,1.667054599,6.826279238,93.17372076,22587.292,829.377,0.073263997,0,0,0.008,829377000.0,PB,,,PB,6676479809.999999,0.3584918718597104,converged,0.3584918718597104,2016,2016,unknown,0,6676479809.999999,829377000.0,0.008,1.0,0.3584918718597104,7499248263.447809,0.3191604894912555,0.0,5,converged,7.083630430109087,6.764469940617832,6.764469940617832,6.689906703755356e-12
PB,2018,0,-0.268360056,-0.250260056,1.265826297,10.25895796,1.283155706,1.232403616,21.58687943,37.63239665,30.19875638,29.53722104,29.53722104,22.15799615,37.32240055,38.34820407,32.31726414,32.31726414,10.0298295,0.057983638,1.073685212,16.99,32.87247,2.236967208,5.780195238,94.21980476,22693.402,1315.846,0.061347986,0,0,0.0181,1315846000.0,PB,,,PB,5936130900.0,0.2497314061894817,converged,0.2497314061894817,2017,2017,unknown,0,5936130900.0,1315846000.0,0.0181,1.0,0.2497314061894817,7228374335.708102,0.20508600225327744,0.0,8,converged,8.497237604174499,8.292151601921221,8.292151601921221,5.560902509096202e-17
PB,2019,0,0.069002224,0.090402224,1.100325517,9.222576609,1.361548783,1.305048189,20.28455285,39.4792236,29.18391171,30.08790312,30.08790312,21.58687943,37.63239665,30.19875638,29.53722104,29.53722104,10.37927778,0.056137588,1.140760263,12.7,32.83724,1.511846489,6.055752528,93.94424747,32185.708,1806.828,0.064461132,0,0,0.021400000000000002,1806828000.0,PB,,,PB,6849894870.0,0.2329991432103626,converged,0.2329991432103626,2018,2018,unknown,0,6849894870.0,1806828000.0,0.021400000000000002,1.0,0.2329991432103626,8618467542.741339,0.18518601223198766,0.0,5,converged,8.644720938614133,8.459534926382146,8.459534926382146,1.3422297078123821e-17
PB,2020,1,-0.116307697,-0.111907697,0.650597691,8.382564475,1.380011641,1.288638866,23.13132301,47.11475219,32.08393837,35.51432287,35.51432287,20.28455285,39.4792236,29.18391171,30.08790312,30.08790312,10.43585767,0.011438382,1.047309833,14.23,32.62344,1.115892121,9.521832736,90.47816726,34059.275,389.583,0.10523901,0,0,0.0044,389583000.0,PB,,,PB,6608828880.0,0.2274549026337525,converged,0.2274549026337525,2019,2019,unknown,0,6608828880.0,389583000.0,0.0044,1.0,0.2274549026337525,6996701480.438499,0.21484560026349017,0.0,4,converged,13.570659468849652,13.35581386858616,13.35581386858616,5.47770845254763e-41
PB,2021,1,0.205992924,0.206392924,0.766151298,1.465648972,1.227844571,1.166131598,23.43731268,45.43319642,26.08466069,32.79008665,32.79008665,23.13132301,47.11475219,32.08393837,35.51432287,35.51432287,10.54096266,0.011843827,1.036826048,15.45,20.67136,0.721890624,6.253915859,93.74608414,37833.97,448.099,0.066711222,0,0,0.0004,448099000.0,PB,,,PB,6663925704.0,0.6113771281292235,converged,0.6113771281292235,2020,2020,unknown,0,6663925704.0,448099000.0,0.0004,1.0,0.6113771281292235,7111845368.662776,0.5728713427135058,0.0,4,converged,5.112829729404817,4.539958386691311,4.539958386691311,2.813266588470404e-06
PB,2022,1,-0.031522925,-0.017322925,3.451892853,7.637483722,1.007564759,0.83186432,21.22464922,43.57474081,30.61643955,33.42196483,33.42196483,23.43731268,45.43319642,26.08466069,32.79008665,32.79008665,10.53714555,0.060444265,0.990640848,16.51,20.67136,4.368628205,21.02668124,78.97331876,37689.829,2278.134,0.266250445,0,0,0.014199999999999999,2278134000.0,PB,,,PB,6636673538.200001,0.2503296836675437,converged,0.2503296836675437,2021,2021,unknown,0,6636673538.200001,2278134000.0,0.014199999999999999,1.0,0.2503296836675437,8882686633.559414,0.18703309662491538,0.0,5,converged,7.4448752011753045,7.257842104550389,7.257842104550389,1.966571400232279e-13
PCB,2019,0,-0.001245689,0.020154311,0.020154311,6.127235231,0.734676705,0.734676705,22.06022092,41.75909103,64.6864056,44.25531137,44.25531137,23.52538211,38.71141732,64.55141017,42.71851504,42.71851504,7.465270577,0.011452602,1.196545652,16.9,42.5595,0.0,0.0,100.0,1746.328,20.0,0.0,0,0,0.021400000000000002,20000000.0,PCB,,,PCB,247262976.00000003,0.3636877546875934,converged,0.3636877546875934,2018,2018,unknown,0,247262976.00000003,20000000.0,0.021400000000000002,1.0,0.3636877546875934,266839523.1062305,0.33700598590091835,0.0,4,converged,7.920042361345535,7.583036375444617,7.583036375444617,1.6878007740693748e-14
PCB,2020,1,-0.189649017,-0.185249017,-0.185249017,5.440678614,0.75779242,0.75779242,20.85479836,36.56482082,77.7277761,46.38551894,46.38551894,22.06022092,41.75909103,64.6864056,44.25531137,44.25531137,7.5615653,0.041604844,0.665351629,17.22,36.30925,0.0,0.0,100.0,1922.853,80.0,0.0,0,0,0.0044,80000000.0,PCB,,,PCB,144666012.0,0.2226440927766577,converged,0.2226440927766577,2019,2019,unknown,0,144666012.0,80000000.0,0.0044,1.0,0.2226440927766577,224314785.26557693,0.14358854217263406,0.0,5,converged,7.282841241691134,7.1392526995185,7.1392526995185,4.691984074241524e-13
PCB,2021,1,0.163465022,0.163865022,0.163865022,1.515266,0.822687846,0.822687846,19.0205481,41.5192678,78.47434787,49.07305134,49.07305134,20.85479836,36.56482082,77.7277761,46.38551894,46.38551894,7.673099858,0.004651736,1.273785993,16.04,30.059,0.0,0.0,100.0,2149.735,10.0,0.0,0,0,0.0004,10000000.0,PCB,,,PCB,314230032.0,0.6382296055992425,converged,0.6382296055992425,2020,2020,unknown,0,314230032.0,10000000.0,0.0004,1.0,0.6382296055992425,324226032.74740136,0.6185527669929791,0.0,4,converged,5.934109052852501,5.315556285859522,5.315556285859522,5.316598690938044e-08
PCB,2022,1,0.052149114,0.066349114,0.052758187,5.586021633,0.688099389,0.688099389,17.26625006,37.27774713,70.61266294,44.10795157,44.10795157,19.0205481,41.5192678,78.47434787,49.07305134,49.07305134,7.791537695,0.00826434,0.971549619,17.83,29.81864,0.0,0.0,79.51603798,2420.036,20.0,0.0,0,0,0.014199999999999999,20000000.0,PCB,,,PCB,253129748.00000003,0.3235779091711342,converged,0.3235779091711342,2021,2021,unknown,0,253129748.00000003,20000000.0,0.014199999999999999,1.0,0.3235779091711342,272847754.88950455,0.3001937642568368,0.0,4,converged,8.902382920380155,8.602189156123318,8.602189156123318,3.91048766099626e-18
PCB,2023,1,-0.035678614,0.013821386,0.010534623,4.689896639,0.649867485,0.649867485,15.2370401,33.81310714,76.38713986,44.44349379,44.44349379,17.26625006,37.27774713,70.61266294,44.10795157,44.10795157,7.933619798,0.01398097,0.939545167,16.39,29.70753,0.0,0.0,76.21973272,2789.506,39.0,0.0,0,0,0.0495,39000000.0,PCB,,,PCB,263718556.0,0.3051969600795183,converged,0.3051969600795183,2022,2022,unknown,0,263718556.0,39000000.0,0.0495,1.0,0.3051969600795183,300835057.168729,0.267542295598738,0.0,6,converged,7.954966226172966,7.687423930574228,7.687423930574228,7.506352511684402e-15
PDLB,2019,0,0.009171376,0.030571376,0.030571376,3.55918003,0.286550278,0.286550278,20.28455285,27.56085946,12.34532527,18.11450339,18.11450339,21.58687943,16.23140145,2.903619809,9.096078252,9.096078252,6.960116203,0.099077965,1.160763618,18.62,33.79677765,0.0,0.0,100.0,1053.756,104.404,0.0,0,0,0.021400000000000002,104404000.0,PDLB,,,PDLB,252706778.9456,0.2055306731609825,converged,0.2055306731609825,2018,2018,unknown,0,252706778.9456,104404000.0,0.021400000000000002,1.0,0.2055306731609825,354900270.14946324,0.14634813990832665,0.0,5,converged,8.580072980593059,8.433724840684732,8.433724840684732,1.6741672812353102e-17
PDLB,2020,1,-0.231824278,-0.227424278,0.430716054,4.697721429,0.67039714,0.645039869,18.99807322,32.91490439,36.33645424,29.4069161,29.4069161,20.28455285,27.56085946,12.34532527,18.11450339,18.11450339,7.211727198,0.108627976,0.80861325,17.68,34.30733,0.982300524,5.646226699,94.3537733,1355.231,147.216,0.059841027,0,0,0.0044,147216000.0,PDLB,,,PDLB,180676754.8712,0.1600373009150155,converged,0.1600373009150155,2019,2019,unknown,0,180676754.8712,147216000.0,0.0044,1.0,0.1600373009150155,327246427.44242525,0.0883585526362035,0.0,8,converged,9.134556696726944,9.046198144090742,9.046198144090742,7.401635565173735e-20
PDLB,2021,1,0.198459721,0.198859721,1.228107637,1.513417408,0.43689947,0.423441557,19.0205481,24.46135407,31.89238618,23.84281992,23.84281992,18.99807322,32.91490439,36.33645424,29.4069161,29.4069161,7.41065558,0.073386312,0.956927843,18.96,29.51553,1.472420578,4.314561466,95.68543853,1653.51,121.345,0.045091098,0,0,0.0004,121345000.0,PDLB,,,PDLB,251675336.6064,0.7017024732516314,converged,0.7017024732516314,2020,2020,unknown,0,251675336.6064,121345000.0,0.0004,1.0,0.7017024732516314,372666132.9026354,0.47613461280942043,0.0,5,converged,2.595478791253328,2.1193441784439075,2.1193441784439075,0.017030695320309482
PDLB,2022,1,0.101079942,0.115279942,0.057833081,2.756118341,0.358206004,0.358206004,18.32180562,27.5418667,25.0960424,23.04497148,23.04497148,19.0205481,24.46135407,31.89238618,23.84281992,23.84281992,7.745863472,0.223779179,0.86548065,33.72,26.39924,0.0,0.0,50.16751396,2311.989,517.375,0.0,0,0,0.014199999999999999,517375000.0,PDLB,,,PDLB,223538336.0,0.3595602835747989,converged,0.3595602835747989,2021,2021,unknown,0,223538336.0,517375000.0,0.014199999999999999,1.0,0.3595602835747989,733610499.5330507,0.10960267286382117,0.0,6,converged,3.370507729496326,3.2609050566325046,3.2609050566325046,0.000555286098228536
PDLB,2023,1,0.006114874,0.055614874,0.025092369,2.458284097,0.449669153,0.449669153,18.32471056,20.92215059,16.73826085,17.02060744,17.02060744,18.32180562,27.5418667,25.0960424,23.04497148,23.04497148,7.919618702,0.248815038,0.871437809,25.06,26.39924,0.0,0.0,45.11808967,2750.722,684.421,0.0,0,0,0.0495,684421000.0,PDLB,,,PDLB,234091648.0,0.1672680866178351,converged,0.1672680866178351,2022,2022,unknown,0,234091648.0,684421000.0,0.0495,1.0,0.1672680866178351,885458644.0374615,0.04422122064760068,0.0,7,converged,6.965214458723788,6.920993238076187,6.920993238076187,2.2424394964104764e-12
PEBK,2018,0,-0.234053379,-0.215953379,2.376697572,5.42153498,0.588382424,0.437485866,21.58687943,29.44777071,36.99200533,27.92321619,27.92321619,22.15799615,32.41396883,57.22832304,36.67952483,36.67952483,6.996911105,0.071999934,1.150726163,16.15,21.92532,3.235978872,30.64124383,69.35875617,1093.251,78.714,0.441779027,0,0,0.0181,78714000.0,PEBK,,,PEBK,125706918.0744,0.3303856534378518,converged,0.3303856534378518,2017,2017,unknown,0,125706918.0744,78714000.0,0.0181,1.0,0.3303856534378518,203009005.06845888,0.20458103227350613,0.0,6,converged,4.821835123690051,4.617254091416545,4.617254091416545,1.9442552082769945e-06
PEBK,2019,0,0.016231076,0.037631076,1.702085255,5.365030235,0.737574788,0.620487186,20.28455285,23.88320436,39.95436697,26.22964147,26.22964147,21.58687943,29.44777071,36.99200533,27.92321619,27.92321619,7.051753453,0.034497031,1.410125644,16.08,21.81803,2.138307522,19.4434146,80.5565854,1154.882,39.84,0.24136344,0,0,0.021400000000000002,39840000.0,PEBK,,,PEBK,169477334.35776,0.2911219675161333,converged,0.2911219675161333,2018,2018,unknown,0,169477334.35776,39840000.0,0.021400000000000002,1.0,0.2911219675161333,208473816.19333676,0.23666557234160956,0.0,5,converged,7.201500828923501,6.964835256581891,6.964835256581891,1.64394135311444e-12
PEBK,2020,1,-0.313251465,-0.308851465,0.900922054,4.499155976,0.888199522,0.619225124,18.99807322,21.50338099,50.42887345,28.82007141,28.82007141,20.28455285,23.88320436,39.95436697,26.22964147,26.22964147,7.255714854,0.029420799,0.944438262,16.07,21.81803,1.406289465,35.71578026,64.28421974,1416.175,41.665,0.555591721,0,0,0.0044,41665000.0,PEBK,,,PEBK,119399389.12512,0.2745598422217187,converged,0.2745598422217187,2019,2019,unknown,0,119399389.12512,41665000.0,0.0044,1.0,0.2745598422217187,160881465.85140392,0.20376665059791094,0.0,5,converged,6.753641132917684,6.549874482319773,6.549874482319773,2.8792731632075093e-11
PEBK,2021,1,0.275451594,0.275851594,1.196213317,1.443661204,0.8481324,0.682240819,17.43215031,20.1378306,21.43902204,17.70641191,17.70641191,18.99807322,21.50338099,50.42887345,28.82007141,28.82007141,7.392766356,0.032359455,1.089362976,16.35,18.22938,1.202863271,22.9206691,77.0793309,1624.193,52.558,0.297364661,0,0,0.0004,52558000.0,PEBK,,,PEBK,152930114.996223,0.8301913530526175,converged,0.8301913530526175,2020,2020,unknown,0,152930114.996223,52558000.0,0.0004,1.0,0.8301913530526175,205152226.54041559,0.62274331912884,0.0,7,converged,2.498845870069514,1.876102550940674,1.876102550940674,0.03032059974525103
PEBK,2022,1,0.129161425,0.143361425,4.008276094,6.262345177,0.646212658,0.492383571,15.8938172,17.76211814,26.47765363,18.34196591,18.34196591,17.43215031,20.1378306,21.43902204,17.70641191,17.70641191,7.390753487,0.038960422,1.753554721,14.04,18.22938,4.77499895,27.64451976,72.35548024,1620.927,63.152,0.382065321,0,0,0.014199999999999999,63152000.0,PEBK,,,PEBK,180640683.86866,0.2792983379105104,converged,0.2792983379105104,2021,2021,unknown,0,180640683.86866,63152000.0,0.014199999999999999,1.0,0.2792983379105104,242902262.42281938,0.20770758683360405,0.0,5,converged,6.657849494834295,6.450141908000691,6.450141908000691,5.587273378355076e-11
PEBK,2023,1,0.005409467,0.054909467,3.914740983,5.591716791,0.681858643,0.412021157,14.03688525,15.97685048,47.21713413,24.93498121,24.93498121,15.8938172,17.76211814,26.47765363,18.34196591,18.34196591,7.399954503,0.062460038,1.421430501,14.96,18.22938,4.750179456,44.47261658,55.52738342,1635.91,102.179,0.80091324,0,0,0.0495,102179000.0,PEBK,,,PEBK,160310696.143042,0.1768740816033539,converged,0.1768740816033539,2022,2022,unknown,0,160310696.143042,102179000.0,0.0495,1.0,0.1768740816033539,257554977.49652123,0.11009225076552004,0.0,6,converged,8.902235806575394,8.792143555809874,8.792143555809874,7.336655665811826e-19
PEBO,2017,0,0.155403593,0.163403593,1.518946834,4.454298119,0.705055189,0.490752276,24.17324669,36.04300109,46.48021048,34.90040039,34.90040039,21.15270351,35.05038712,58.84385666,38.56878041,38.56878041,8.183588918,0.098699328,1.298131918,14.6,31.19341,2.062279976,38.82490322,61.17509678,3581.686,353.51,0.634652093,0,0,0.008,353510000.0,PEBO,,,PEBO,1162765996.0,0.2354061954539247,converged,0.2354061954539247,2016,2016,unknown,0,1162765996.0,353510000.0,0.008,1.0,0.2354061954539247,1513459198.2140522,0.1808587371530038,0.0,5,converged,8.175421108943109,7.994562371790105,7.994562371790105,6.501745870552122e-16
PEBO,2018,0,-0.228490894,-0.210390894,1.44330677,5.854170673,0.754350998,0.577684303,23.52538211,33.36957064,23.50099933,25.29081118,25.29081118,24.17324669,36.04300109,46.48021048,34.90040039,34.90040039,8.291910855,0.116709851,1.129782326,14.6,31.17319,2.308654808,30.76378634,69.23621366,3991.454,465.842,0.44433086,0,0,0.0181,465842000.0,PEBO,,,PEBO,1072938580.0,0.2322139931485023,converged,0.2322139931485023,2017,2017,unknown,0,1072938580.0,465842000.0,0.0181,1.0,0.2322139931485023,1530424688.7375147,0.1627988321809531,0.0,5,converged,7.498860666836067,7.336061834655114,7.336061834655114,1.0998521121543994e-13
PEBO,2019,0,0.023498351,0.044898351,1.175586503,5.887537839,0.756379453,0.714106083,22.06022092,27.6315836,43.43521172,29.59763789,29.59763789,23.52538211,33.36957064,23.50099933,25.29081118,25.29081118,8.378888137,0.09188903,1.204248651,15.58,30.99512,1.643703388,7.900953012,92.09904699,4354.165,400.1,0.085787565,0,0,0.021400000000000002,400100000.0,PEBO,,,PEBO,1235483427.9999998,0.2093552845328957,converged,0.2093552845328957,2018,2018,unknown,0,1235483427.9999998,400100000.0,0.021400000000000002,1.0,0.2093552845328957,1627112252.859815,0.15896566702762874,0.0,5,converged,9.038949423843071,8.879983756815443,8.879983756815443,3.343506318770492e-19
PEBO,2020,1,-0.125924364,-0.121524364,0.664767495,6.102021895,0.992024996,0.89600786,20.85479836,22.23897673,37.93516561,24.9545605,24.9545605,22.06022092,27.6315836,43.43521172,29.59763789,29.59763789,8.468163439,0.03861334,0.91797648,14.5,26.15416,1.043920274,12.67249036,87.32750964,4760.764,183.829,0.145114528,0,0,0.0044,183829000.0,PEBO,,,PEBO,965644722.0,0.1899732247086854,converged,0.1899732247086854,2019,2019,unknown,0,965644722.0,183829000.0,0.0044,1.0,0.1899732247086854,1148666651.2844877,0.1597039887020955,0.0,7,converged,11.580824213543123,11.421120224841028,11.421120224841028,1.6398942890677846e-30
PEBO,2021,1,0.151612703,0.152012703,1.065785862,1.467322897,0.872334021,0.777993515,19.0205481,21.26164365,63.76263355,33.72905261,33.72905261,20.85479836,22.23897673,37.93516561,24.9545605,24.9545605,8.862698931,0.037652185,1.062951162,14.06,18.47536,1.144998782,12.94824395,87.05175605,7063.521,265.957,0.148741904,0,0,0.0004,265957000.0,PEBO,,,PEBO,898220306.02,0.6010935040752813,converged,0.6010935040752813,2020,2020,unknown,0,898220306.02,265957000.0,0.0004,1.0,0.6010935040752813,1164021147.8588653,0.4639837113571778,0.0,5,converged,3.414649174599586,2.9506654632424083,2.9506654632424083,0.0015854507660433908
PEBO,2022,1,-0.004140467,0.010059533,3.71727006,7.171993029,0.833944343,0.716547704,17.26625006,27.52237543,57.08659218,34.39990173,34.39990173,19.0205481,21.26164365,63.76263355,33.72905261,33.72905261,8.882850235,0.083419681,1.014937029,13.06,17.84479,4.514483115,16.62658437,83.37341563,7207.304,601.231,0.199423092,0,0,0.014199999999999999,601231000.0,PEBO,,,PEBO,797058466.75,0.2698387382652014,converged,0.2698387382652014,2021,2021,unknown,0,797058466.75,601231000.0,0.014199999999999999,1.0,0.2698387382652014,1389812316.3348548,0.15475273287040076,0.0,7,converged,5.583868929724548,5.429116196854147,5.429116196854147,2.83169020342123e-08
PFBC,2017,0,0.196591413,0.204591413,1.827263387,6.579548951,0.920931861,0.853288364,22.15799615,32.91596753,36.8302448,29.58520802,29.58520802,21.15270351,25.2827254,47.98208191,29.81378129,29.81378129,8.234792879,0.027949056,2.50367446,13.83,31.375235,2.395430458,10.3555414,89.6444586,3769.859,105.364,0.11551792,0,0,0.008,105364000.0,PFBC,,,PFBC,730412036.0,0.2903931907867424,converged,0.2903931907867424,2016,2016,unknown,0,730412036.0,105364000.0,0.008,1.0,0.2903931907867424,834936486.6791654,0.25403930200973257,0.0,6,converged,8.306599030554784,8.05255972854505,8.05255972854505,4.054007382936708e-16
PFBC,2018,0,-0.32678627,-0.30868627,1.595423752,9.133347691,1.132168584,1.060768718,21.58687943,30.27138086,47.53830779,32.12839571,32.12839571,22.15799615,32.91596753,36.8302448,29.58520802,29.58520802,8.346745263,0.023810162,1.592775788,13.77,39.0804,3.075195822,9.949593256,90.05040674,4216.435,100.394,0.110489154,0,0,0.0181,100394000.0,PFBC,,,PFBC,538675770.0,0.3065567275304793,converged,0.3065567275304793,2017,2017,unknown,0,538675770.0,100394000.0,0.0181,1.0,0.3065567275304793,637268984.8918352,0.2591287001614569,0.0,7,converged,7.331350138530897,7.072221438369439,7.072221438369439,7.623642436309343e-13
PFBC,2019,0,0.018562296,0.039962296,1.241604221,7.987846556,1.189393308,1.10583519,20.28455285,26.24067558,41.09307015,27.80888034,27.80888034,21.58687943,30.27138086,47.53830779,32.12839571,32.12839571,8.439984015,0.021434894,1.909237193,13.7,39.0804,1.97974323,11.03472985,88.96527015,4628.481,99.211,0.12403413,0,0,0.021400000000000002,99211000.0,PFBC,,,PFBC,746690358.0,0.2812490591720721,converged,0.2812490591720721,2018,2018,unknown,0,746690358.0,99211000.0,0.021400000000000002,1.0,0.2812490591720721,843800798.74963,0.2488809696290448,0.0,5,converged,8.811595450026957,8.562714480397911,8.562714480397911,5.512035069039059e-18
PFBC,2020,1,-0.281254616,-0.276854616,1.026854649,8.229094043,1.440784554,1.278244439,18.99807322,35.92721093,41.62891372,32.80630556,32.80630556,20.28455285,26.24067558,41.09307015,27.80888034,27.80888034,8.545516473,0.019312001,1.521624775,14.64,38.57977,2.045291816,17.15208092,82.84791908,5143.641,99.334,0.20703092,0,0,0.0044,99334000.0,PFBC,,,PFBC,627150314.0,0.2549776544234749,converged,0.2549776544234749,2019,2019,unknown,0,627150314.0,99334000.0,0.0044,1.0,0.2549776544234749,726048204.5509138,0.22024614335402984,0.0,6,converged,9.161489286271788,8.941243142917758,8.941243142917758,1.9240832443050923e-19
PFBC,2021,1,0.269785537,0.270185537,1.543788291,1.559717695,1.388499667,1.257534916,19.0205481,33.41145172,35.89758398,29.72393957,29.72393957,18.99807322,35.92721093,41.62891372,32.80630556,32.80630556,8.70720229,0.024437743,1.796196156,15.37,29.6528,1.859979968,12.89524031,87.10475969,6046.303,147.758,0.148042889,0,0,0.0004,147758000.0,PFBC,,,PFBC,1053860616.51,0.6958129266495235,converged,0.6958129266495235,2020,2020,unknown,0,1053860616.51,147758000.0,0.0004,1.0,0.6958129266495235,1201540832.7582095,0.610347487602197,0.0,5,converged,3.739584930312431,3.1292374427102336,3.1292374427102336,0.0008763031115883629
PFBC,2022,1,0.068331716,0.082531716,2.846164583,8.295664561,1.11148715,0.999161326,17.26625006,33.93500577,34.25977654,29.3822481,29.3822481,19.0205481,33.41145172,35.89758398,29.72393957,29.72393957,8.768007628,0.023032958,1.699493327,14.39,28.83403,3.899183496,13.64189574,86.35810426,6425.358,147.995,0.157968912,0,0,0.014199999999999999,147995000.0,PFBC,,,PFBC,1071404779.9,0.2854401860227035,converged,0.2854401860227035,2021,2021,unknown,0,1071404779.9,147995000.0,0.014199999999999999,1.0,0.2854401860227035,1217313101.3845994,0.25122705071862295,0.0,5,converged,8.569858830705982,8.31863177998736,8.31863177998736,4.449226348832395e-17
PFBC,2023,1,-0.037799743,0.011700257,3.397279491,7.13496484,1.041891096,0.931683222,15.2370401,28.77513843,35.62011067,27.2685308,27.2685308,17.26625006,33.93500577,34.25977654,29.3822481,29.3822481,8.803766049,0.022259477,1.427495082,15.18,28.27925,4.722811388,14.15792854,85.84207146,6659.276,148.232,0.16492995,0,0,0.0495,148232000.0,PFBC,,,PFBC,992258969.25,0.2597823832825321,converged,0.2597823832825321,2022,2022,unknown,0,992258969.25,148232000.0,0.0495,1.0,0.2597823832825321,1133332128.2553346,0.22744559525375166,0.0,6,converged,9.27476521010674,9.047319614852988,9.047319614852988,7.326033359678221e-20
PFIS,2018,0,-0.124241363,-0.106141363,1.880605199,4.863849488,0.453378886,0.369377227,21.58687943,22.55003563,45.75727293,27.65743593,27.65743593,22.15799615,28.78842267,43.22695035,29.84075977,29.84075977,7.735867262,0.054349664,1.170085923,13.1,28.26105,2.733798494,24.07000183,75.92999817,2288.993,124.406,0.317002534,0,0,0.0181,124406000.0,PFIS,,,PFIS,440366482.0,0.2617811842412516,converged,0.2617811842412516,2017,2017,unknown,0,440366482.0,124406000.0,0.0181,1.0,0.2617811842412516,562540989.3299416,0.20492668329010788,0.0,5,converged,7.553975102700662,7.349048419410554,7.349048419410554,9.981143586065999e-14
PFIS,2019,0,-0.015995228,0.005404772,0.005404772,3.556215923,0.286033041,0.286033041,20.28455285,33.02429901,60.69510772,38.23029109,38.23029109,21.58687943,22.55003563,45.75727293,27.65743593,27.65743593,7.814127787,0.074690334,1.244138885,13.04,20.99961,0.0,0.0,100.0,2475.327,184.883,0.0,0,0,0.021400000000000002,184883000.0,PFIS,,,PFIS,503233145.0,0.2521395828346786,converged,0.2521395828346786,2018,2018,unknown,0,503233145.0,184883000.0,0.021400000000000002,1.0,0.2521395828346786,684201682.9319092,0.18544969767588165,0.0,5,converged,7.264101002797844,7.078651305121962,7.078651305121962,7.278206888050885e-13
PFIS,2020,1,-0.19684433,-0.19244433,1.310709133,1.743290575,0.131633931,0.104434715,18.99807322,23.08365322,66.93748112,35.5469852,35.5469852,20.28455285,33.02429901,60.69510772,38.23029109,38.23029109,7.966864841,0.033902813,0.837015074,15.1,21.00652,1.842476943,24.7951227,75.2048773,2883.802,97.769,0.329700993,0,0,0.0044,97769000.0,PFIS,,,PFIS,367405172.0,0.2164283538746937,converged,0.2164283538746937,2019,2019,unknown,0,367405172.0,97769000.0,0.0044,1.0,0.2164283538746937,464744933.41738707,0.17109793106576335,0.0,5,converged,9.222311530035086,9.051213598969323,9.051213598969323,7.069403657560425e-20
PFIS,2021,1,0.137909276,0.138309276,1.903304652,1.582467347,0.148836569,0.137840719,17.43215031,28.88589444,54.75599191,34.03956073,34.03956073,18.99807322,23.08365322,66.93748112,35.5469852,35.5469852,8.122514599,0.010598362,1.11063021,13.56,20.93924,2.248488014,9.165211283,90.83478872,3369.483,35.711,0.100899792,0,0,0.0004,35711000.0,PFIS,,,PFIS,377754210.68,0.7172569443117843,converged,0.7172569443117843,2020,2020,unknown,0,377754210.68,35711000.0,0.0004,1.0,0.7172569443117843,413449248.9966213,0.6553484598765805,0.0,5,converged,4.065343816622293,3.4099953567457124,3.4099953567457124,0.00032481992743172106
PFIS,2022,1,0.092894394,0.107094394,3.496017472,4.982192222,0.262110025,0.243265241,17.26625006,25.35884361,62.24394786,35.18343799,35.18343799,17.43215031,28.88589444,54.75599191,34.03956073,34.03956073,8.175692533,0.041785387,1.176697642,12.13,21.24215,4.315142602,8.955145872,91.04485413,3553.515,148.485,0.098359715,0,0,0.014199999999999999,148485000.0,PFIS,,,PFIS,371071601.28,0.2741565191635782,converged,0.2741565191635782,2021,2021,unknown,0,371071601.28,148485000.0,0.014199999999999999,1.0,0.2741565191635782,517463013.92879134,0.19659704333046626,0.0,5,converged,6.5208473427787625,6.3242502994482965,6.3242502994482965,1.272324845303874e-10
PFIS,2023,1,-0.015827126,0.033672874,4.617566698,5.361905172,0.425747806,0.386905253,15.2370401,21.23944303,58.16351841,31.64645267,31.64645267,17.26625006,25.35884361,62.24394786,35.18343799,35.18343799,8.227452735,0.020198868,1.007248334,14.16,14.1068,5.340839176,10.46495592,89.53504408,3742.289,75.59,0.116881117,0,0,0.0495,75590000.0,PFIS,,,PFIS,342889492.40000004,0.2667287640561871,converged,0.2667287640561871,2022,2022,unknown,0,342889492.40000004,75590000.0,0.0495,1.0,0.2667287640561871,414828885.33728486,0.22047281970009178,0.0,8,converged,8.05698519181928,7.836512372119188,7.836512372119188,2.316163633232406e-15
PFS,2016,0,0.30747415,0.30947415,0.30947415,7.735067845,0.995471141,0.995471141,21.15270351,35.32111422,43.97468714,33.35016002,33.35016002,18.2821119,34.20864123,57.58374183,37.69763311,37.69763311,9.159096024,0.169754323,1.475220063,12.56,30.15197,0.0,0.0,100.0,9500.465,1612.745,0.0,0,0,0.002,1612745000.0,PFS,,,PFS,3651260120.38,0.2012074156874182,converged,0.2012074156874182,2015,2015,unknown,0,3651260120.38,1612745000.0,0.002,1.0,0.2012074156874182,5260782853.720933,0.1396485339283676,0.0,5,converged,8.550702065923499,8.411053531995131,8.411053531995131,2.0317210394847452e-17
PFS,2017,0,0.182442329,0.190442329,1.805546141,5.034264992,0.959723132,0.60038454,22.15799615,37.54551108,44.56417296,34.66567576,34.66567576,21.15270351,35.32111422,43.97468714,33.35016002,33.35016002,9.194746822,0.176989894,1.37177735,12.67,30.15197,2.438130003,46.14623486,53.85376514,9845.274,1742.514,0.856880382,0,0,0.008,1742514000.0,PFS,,,PFS,3498418886.8,0.207412188305596,converged,0.207412188305596,2016,2016,unknown,0,3498418886.8,1742514000.0,0.008,1.0,0.207412188305596,5227048386.851114,0.13881920794794203,0.0,5,converged,8.040337223351484,7.901518015403542,7.901518015403542,1.3776350931282194e-15
PFS,2018,0,-0.297562689,-0.279462689,2.305608498,5.102070964,0.618192245,0.375303287,21.58687943,33.7202484,46.341328,33.40812129,33.40812129,22.15799615,37.54551108,44.56417296,34.66567576,34.66567576,9.18253424,0.148294906,1.169156697,13.27,30.32631,3.517098608,48.15626946,51.84373054,9725.769,1442.282,0.928873539,0,0,0.0181,1442282000.0,PFS,,,PFS,3130027720.56,0.2081687187991856,converged,0.2081687187991856,2017,2017,unknown,0,3130027720.56,1442282000.0,0.0181,1.0,0.2081687187991856,4546439250.39673,0.14331520218875068,0.0,5,converged,8.20908995287118,8.06577475068243,8.06577475068243,3.6386438299141706e-16
PFS,2019,0,0.009197795,0.030597795,1.652552571,3.852613717,0.563227703,0.352552194,20.28455285,35.00457484,47.61965404,34.50534457,34.50534457,21.58687943,33.7202484,46.341328,33.40812129,33.40812129,9.191012588,0.11471041,1.146998058,13.47,30.15197,2.342317365,46.10711233,53.89288767,9808.578,1125.146,0.855532415,0,0,0.021400000000000002,1125146000.0,PFS,,,PFS,3220769000.0,0.2145569199043593,converged,0.2145569199043593,2018,2018,unknown,0,3220769000.0,1125146000.0,0.021400000000000002,1.0,0.2145569199043593,4322092683.518422,0.15988511282950704,0.0,5,converged,8.631250887973104,8.471365775143598,8.471365775143598,1.2126617224829836e-17
PFS,2020,1,-0.215560114,-0.211160114,1.698430639,4.321163543,1.020547164,0.496163232,18.99807322,31.36260157,29.27413672,26.0945396,26.0945396,20.28455285,35.00457484,47.61965404,34.50534457,34.50534457,9.466511731,0.092966802,0.860537142,11.94,29.63568,2.533708691,60.03210539,39.96789461,12919.741,1201.107,1.502008199,0,0,0.0044,1201107000.0,PFS,,,PFS,2346653600.0,0.1778490289346521,converged,0.1778490289346521,2019,2019,unknown,0,2346653600.0,1201107000.0,0.0044,1.0,0.1778490289346521,3542487338.8826013,0.11781271861463517,0.0,5,converged,9.276803202121474,9.15899048350684,9.15899048350684,2.6192531508051338e-20
PFS,2021,1,0.207801908,0.208201908,1.081994943,1.490571731,0.968039128,0.914628446,17.81198457,35.63382359,23.94767595,26.35023598,26.35023598,18.99807322,31.36260157,29.27413672,26.0945396,26.0945396,9.531060769,0.046226519,1.098472553,12.25,23.99219,1.169153156,7.134745034,92.86525497,13781.202,637.057,0.076829004,0,0,0.0004,637057000.0,PFS,,,PFS,1864213375.78,0.6993819601168372,converged,0.6993819601168372,2020,2020,unknown,0,1864213375.78,637057000.0,0.0004,1.0,0.6993819601168372,2500128135.707671,0.522535848012017,0.0,5,converged,2.8785775985738953,2.3560417505618783,2.3560417505618783,0.009235420784598408
PFS,2022,1,0.033760773,0.047960773,3.401848053,7.917154916,0.94036683,0.88668762,22.15316423,55.27794205,38.53645208,42.19232798,42.19232798,17.81198457,35.63382359,23.94767595,26.35023598,26.35023598,9.53122286,0.097788607,1.0049515,12.15,23.99219,4.417211165,7.377256556,92.62274344,13783.436,1347.863,0.079648435,0,0,0.014199999999999999,1347863000.0,PFS,,,PFS,1605614026.56,0.2852021764478007,converged,0.2852021764478007,2021,2021,unknown,0,1605614026.56,1347863000.0,0.014199999999999999,1.0,0.2852021764478007,2934472611.7694893,0.15605007650346706,0.0,7,converged,5.154647813842894,4.998597737339427,4.998597737339427,2.887436680575524e-07
PGC,2017,0,0.192472363,0.200472363,1.522355457,6.990659924,0.998863715,0.942524114,22.15799615,41.16059893,59.90391215,41.98106544,41.98106544,21.15270351,41.28140758,70.94283276,46.01499795,46.01499795,8.357152835,0.030511106,1.615296307,14.34,38.05246,2.16235384,8.800173648,91.19982635,4260.547,129.994,0.096493316,0,0,0.008,129994000.0,PGC,,,PGC,621111218.0,0.2823931872109024,converged,0.2823931872109024,2016,2016,unknown,0,621111218.0,129994000.0,0.008,1.0,0.2823931872109024,750069414.8021356,0.23384180116388592,0.0,8,converged,7.646273869167902,7.412432068004016,7.412432068004016,6.200198967603161e-14
PGC,2018,0,-0.307059341,-0.288959341,1.699310149,8.396696839,1.039064162,0.947171741,21.58687943,36.54175664,65.05996003,41.5462969,41.5462969,22.15799615,41.16059893,59.90391215,41.98106544,41.98106544,8.43768624,0.043213758,1.038185144,15.03,37.85937,3.136832903,13.50423958,86.49576042,4617.858,199.555,0.156126029,0,0,0.0181,199555000.0,PGC,,,PGC,446589962.0,0.2351100331610119,converged,0.2351100331610119,2017,2017,unknown,0,446589962.0,199555000.0,0.0181,1.0,0.2351100331610119,642565508.2777455,0.16340401005661717,0.0,5,converged,7.3488362816704935,7.185432271613877,7.185432271613877,3.349743986016933e-13
PGC,2019,0,0.031724961,0.053124961,1.340436864,6.849942772,0.999800809,0.905727717,20.28455285,34.59201737,70.48922848,42.53376287,42.53376287,21.58687943,36.54175664,65.05996003,41.5462969,41.5462969,8.553115972,0.062535707,1.161195486,14.2,37.85937,2.083853714,14.32080663,85.67919337,5182.879,324.115,0.167144508,0,0,0.021400000000000002,324115000.0,PGC,,,PGC,548039310.0,0.2260884417531962,converged,0.2260884417531962,2018,2018,unknown,0,548039310.0,324115000.0,0.021400000000000002,1.0,0.2260884417531962,865291938.2672384,0.14319485502824433,0.0,6,converged,7.078612865269141,6.935418010240897,6.935418010240897,2.025108731267586e-12
PGC,2020,1,-0.2608244,-0.2564244,1.507717021,5.475644107,1.267974836,0.758691613,18.99807322,33.67846956,70.38961039,42.04478064,42.04478064,20.28455285,34.59201737,70.48922848,42.53376287,42.53376287,8.681086316,0.06461875,0.819287073,17.67,29.84882,2.336032189,48.89833984,51.10166016,5890.442,380.633,0.956883586,0,0,0.0044,380633000.0,PGC,,,PGC,403669084.0,0.2164056030625143,converged,0.2164056030625143,2019,2019,unknown,0,403669084.0,380633000.0,0.0044,1.0,0.2164056030625143,782630978.0146908,0.11161870367203217,0.0,9,converged,6.553158024480829,6.441539320808797,6.441539320808797,5.913389950440554e-11
PGC,2021,1,0.268371685,0.268771685,1.670135311,1.63678473,1.23109539,1.012340323,17.43215031,35.34845084,65.33256329,41.0525544,41.0525544,18.99807322,33.67846956,70.38961039,42.04478064,42.04478064,8.712429822,0.022790582,1.191723894,14.64,28.26291,2.04020284,23.1492097,76.8507903,6077.993,138.521,0.301222793,0,0,0.0004,138521000.0,PGC,,,PGC,651143635.1999999,0.7486000971275792,converged,0.7486000971275792,2020,2020,unknown,0,651143635.1999999,138521000.0,0.0004,1.0,0.7486000971275792,789468149.1700455,0.6179840987584042,0.0,6,converged,3.125791955164951,2.507807856406547,2.507807856406547,0.0060741353081011085
PGC,2022,1,0.060370264,0.074570264,3.126077363,7.992705965,1.080181763,0.927741346,18.62880931,30.65559831,62.07914339,37.94750724,37.94750724,17.43215031,35.34845084,65.33256329,41.0525544,41.0525544,8.756775759,0.081404805,1.243980349,14.73,28.15674,4.266771211,18.61390171,81.38609829,6353.593,517.213,0.228711071,0,0,0.014199999999999999,517212999.99999994,PGC,,,PGC,663016646.22,0.2832655258108543,converged,0.2832655258108543,2021,2021,unknown,0,663016646.22,517212999.99999994,0.014199999999999999,1.0,0.2832655258108543,1172937118.915466,0.16011921563545617,0.0,7,converged,5.282504891614399,5.122385675978943,5.122385675978943,1.508470077174427e-07
PGC,2023,1,-0.020922972,0.028577028,3.487597183,6.885070036,1.036626536,0.852109192,18.27614192,32.90737666,64.3083381,40.0835135,40.0835135,18.62880931,30.65559831,62.07914339,37.94750724,37.94750724,8.775990641,0.083453749,0.906312126,14.95,27.45447,4.777123151,22.9875312,77.0124688,6476.857,540.518,0.298491031,0,0,0.0495,540518000.0,PGC,,,PGC,528997168.14,0.2698392317427154,converged,0.2698392317427154,2022,2022,unknown,0,528997168.14,540518000.0,0.0495,1.0,0.2698392317427154,1043410934.75867,0.13680535537888988,0.0,8,converged,5.237954918403801,5.1011495630249115,5.1011495630249115,1.6879832061272944e-07
PKBK,2018,0,-0.256880473,-0.238780473,2.133912976,4.327542465,0.232251433,0.222948712,21.58687943,18.57354284,48.19120586,26.56131136,26.56131136,22.15799615,18.81119854,46.33264699,26.01010739,26.01010739,7.291246043,0.080450566,1.310696312,16.73,31.68729,3.448396909,5.673197221,92.88046129,1467.398,118.053,0.061080631,0,0,0.0181,118053000.0,PKBK,,,PKBK,201497618.9254,0.2212484725882507,converged,0.2212484725882507,2017,2017,unknown,0,201497618.9254,118053000.0,0.0181,1.0,0.2212484725882507,317433081.15272164,0.14044232651987387,0.0,6,converged,7.242085777617207,7.101643451097334,7.101643451097334,6.164097707388657e-13
PKBK,2019,0,-0.00894398,0.01245602,1.528250867,5.412759857,0.643954658,0.617848971,20.28455285,15.64973613,31.09519261,18.95653846,18.95653846,21.58687943,18.57354284,48.19120586,26.56131136,26.56131136,7.42723931,0.088065978,1.698594087,16.7,31.68729,2.220001857,5.813448175,93.99019135,1681.16,148.053,0.061851647,0,0,0.021400000000000002,148053000.0,PKBK,,,PKBK,273364918.806,0.2737014009067742,converged,0.2737014009067742,2018,2018,unknown,0,273364918.806,148053000.0,0.021400000000000002,1.0,0.2737014009067742,418283245.2310303,0.1788748704691206,0.0,5,converged,6.015303392073745,5.836428521604625,5.836428521604625,2.666581297696275e-09
PKBK,2020,1,-0.289397112,-0.284997112,1.546657328,4.683895428,0.988210246,0.5952033,18.99807322,13.49573601,14.46390818,11.90089201,11.90089201,20.28455285,15.64973613,31.09519261,18.95653846,18.95653846,7.639316116,0.128573917,0.922407154,20.61,31.46031,2.46800663,48.98250171,50.84499432,2078.322,267.218,0.963369204,0,0,0.0044,267218000.00000003,PKBK,,,PKBK,184755480.0,0.2986347523708741,converged,0.2986347523708741,2019,2019,unknown,0,184755480.0,267218000.00000003,0.0044,1.0,0.2986347523708741,450800230.08911157,0.1223929081719346,0.0,8,converged,4.369938649862631,4.247545741690696,4.247545741690696,1.080625242963044e-05
PKBK,2021,1,0.231626059,0.232026059,1.767195501,1.606010336,0.922018337,0.821991451,17.43215031,13.38737602,15.1352392,12.08882462,12.08882462,18.99807322,13.49573601,14.46390818,11.90089201,11.90089201,7.666898512,0.056580909,1.091688609,22.57,25.74448,2.111826989,14.05854663,85.78665258,2136.445,120.882,0.163878018,0,0,0.0004,120882000.0,PKBK,,,PKBK,253180055.52,0.7694201238588875,converged,0.7694201238588875,2020,2020,unknown,0,253180055.52,120882000.0,0.0004,1.0,0.7694201238588875,373393904.38271976,0.525921798716845,0.0,5,converged,2.408182956960951,1.882261158244106,1.882261158244106,0.029900282744738316
PKBK,2022,1,0.105120101,0.119320101,3.408549351,6.876723453,0.746809447,0.662004232,15.8938172,11.18137552,18.40968343,12.17344829,12.17344829,17.43215031,13.38737602,15.1352392,12.08882462,12.08882462,7.593331371,0.063514559,0.93244647,20.59,25.38061,4.431645572,14.62993925,85.21821294,1984.915,126.071,0.171676203,0,0,0.014199999999999999,126071000.0,PKBK,,,PKBK,247647525.5,0.2932131117208982,converged,0.2932131117208982,2021,2021,unknown,0,247647525.5,126071000.0,0.014199999999999999,1.0,0.2932131117208982,371940967.758972,0.19522856653334386,0.0,5,converged,5.712007361139513,5.516778794606169,5.516778794606169,1.7263478604146108e-08
PKBK,2023,1,-0.037354877,0.012145123,3.676489165,6.437827113,0.826686507,0.709531775,14.03688525,9.375680468,18.17115054,11.21162384,11.21162384,15.8938172,11.18137552,18.40968343,12.17344829,12.17344829,7.612583964,0.083079318,0.85269194,24.19,25.38061,4.913686832,18.0846346,81.72848426,2023.5,168.111,0.22127701,0,0,0.0495,168111000.0,PKBK,,,PKBK,242115054.75,0.2478099471093232,converged,0.2478099471093232,2022,2022,unknown,0,242115054.75,168111000.0,0.0495,1.0,0.2478099471093232,402107160.58881766,0.14921027243833834,0.0,6,converged,6.251084350090205,6.101874077651867,6.101874077651867,5.241597636812726e-10
PLBC,2019,0,-0.024783871,-0.003383871,0.999704022,2.932756489,0.228529538,0.200641278,20.28455285,22.46872163,58.88676642,32.34372184,32.34372184,21.58687943,14.73860804,22.34621364,15.3549865,15.3549865,6.762950292,0.030424496,1.612599832,14.2,38.90297,1.640768365,18.53359216,81.46640784,865.191,26.323,0.227499808,0,0,0.021400000000000002,26323000.0,PLBC,,,PLBC,182890693.4,0.2830851952867934,converged,0.2830851952867934,2018,2018,unknown,0,182890693.4,26323000.0,0.021400000000000002,1.0,0.2830851952867934,208656365.87473926,0.24812877175025352,0.0,6,converged,8.553742330586182,8.305613558835928,8.305613558835928,4.9652472065932426e-17
PLBC,2020,1,-0.296399602,-0.291999602,0.536636917,3.934179471,0.617799353,0.534955707,18.99807322,20.56360847,41.80106715,25.24793398,25.24793398,20.28455285,22.46872163,58.88676642,32.34372184,32.34372184,7.013534107,0.026258214,1.215951954,15.4,38.03289,1.243004224,19.99411069,80.00588931,1111.576,29.188,0.249907986,0,0,0.0044,29188000.0,PLBC,,,PLBC,162923855.0,0.2760530247669343,converged,0.2760530247669343,2019,2019,unknown,0,162923855.0,29188000.0,0.0044,1.0,0.2760530247669343,191983709.9309823,0.23426791568249009,0.0,7,converged,8.176508426235829,7.942240510553339,7.942240510553339,9.928072254525206e-16
PLBC,2021,1,0.213714692,0.214114692,1.064562555,1.479818754,0.680460445,0.622025287,17.43215031,18.15789929,42.79237655,24.41157361,24.41157361,18.99807322,20.56360847,41.80106715,25.24793398,25.24793398,7.386516697,0.017095251,1.465939693,15.5,27.45088,1.206072326,11.46441494,88.53558506,1614.074,27.593,0.129489345,0,0,0.0004,27593000.0,PLBC,,,PLBC,196556125.89,0.507662210508349,converged,0.507662210508349,2020,2020,unknown,0,196556125.89,27593000.0,0.0004,1.0,0.507662210508349,224138082.40785536,0.4451905618824904,0.0,5,converged,4.9286703042506135,4.483479742368123,4.483479742368123,3.6717788523629207e-06
PLBC,2022,1,0.121444934,0.135644934,3.204237427,6.56784391,0.659595509,0.598652186,55.38972125,32.55112506,44.62734297,37.81402379,37.81402379,17.43215031,18.15789929,42.79237655,24.41157361,24.41157361,7.390825665,0.017848991,1.821371574,15.7,27.44621,4.252407882,12.30461906,87.69538094,1621.044,28.934,0.140310914,0,0,0.014199999999999999,28934000.0,PLBC,,,PLBC,216750502.8,0.2869523337770008,converged,0.2869523337770008,2021,2021,unknown,0,216750502.8,28934000.0,0.014199999999999999,1.0,0.2869523337770008,245276543.36765966,0.2535793348363049,0.0,5,converged,8.611585755427924,8.35800642059162,8.35800642059162,3.189348784737244e-17
PLBC,2023,1,-0.042980637,0.006519363,2.896349761,6.212065909,0.750481114,0.685053696,55.99756129,32.20338406,42.54914516,37.13082483,37.13082483,55.38972125,32.55112506,44.62734297,37.81402379,37.81402379,7.38424781,0.070201737,1.6480615,16.9,26.84304,3.95120741,11.547539,88.452461,1610.416,113.054,0.130550794,0,0,0.0495,113054000.0,PLBC,,,PLBC,242787476.05,0.3647807823317774,converged,0.3647807823317774,2022,2022,unknown,0,242787476.05,113054000.0,0.0495,1.0,0.3647807823317774,350381536.54853535,0.2527652499176022,0.0,5,converged,4.797345444761881,4.544580194844278,4.544580194844278,2.7522423982254424e-06
PNC,2016,0,0.278917781,0.280917781,2.132332584,5.19339494,0.888347714,0.563130763,80.33107012,79.53542931,89.03816183,80.32216568,80.32216568,76.84259786,60.74958959,93.93501442,72.65677906,72.65677906,12.81142633,0.143856106,1.359608839,14.3,25.87274,2.663571564,43.79139508,56.20860492,366380.0,52706.0,0.77908703,0,1,0.002,52706000000.0,PNC,,,PNC,46265517255.68,0.2122877159081543,converged,0.2122877159081543,2015,2015,unknown,0,46265517255.68,52706000000.0,0.002,1.0,0.2122877159081543,98866210597.32622,0.09934234279772636,0.0,6,converged,6.401828863885561,6.302486521087835,6.302486521087835,1.4645401023055467e-10
PNC,2017,0,0.234963036,0.242963036,2.114639368,5.344189072,0.890351156,0.622785897,81.78697073,77.87503106,94.95115581,81.68382186,81.68382186,80.33107012,79.53542931,89.03816183,80.32216568,80.32216568,12.84994554,0.155181108,1.56793719,13.7,25.06234,2.615789697,36.43980517,63.56019483,380768.0,59088.0,0.573311729,0,1,0.008,59088000000.0,PNC,,,PNC,57076363584.32,0.2242543033791031,converged,0.2242543033791031,2016,2016,unknown,0,57076363584.32,59088000000.0,0.008,1.0,0.2242543033791031,115693545392.13873,0.11063383945749355,0.0,9,converged,6.200968109438856,6.090334269981362,6.090334269981362,5.633758682101679e-10
PNC,2018,0,-0.265949724,-0.247849724,2.274576748,6.120615813,1.136762344,0.768297755,78.60841893,72.14283496,79.12731384,72.79859462,72.79859462,80.65917739,78.78947637,94.15314338,81.59738936,81.59738936,12.92463169,0.146877247,1.525116171,12.7,24.13859,3.198501175,38.73249516,61.26750484,410295.0,60263.0,0.632186593,0,1,0.0181,60263000000.0,PNC,,,PNC,46245738905.28,0.1750053687984765,converged,0.1750053687984765,2017,2017,unknown,0,46245738905.28,60263000000.0,0.0181,1.0,0.1750053687984765,105427790697.18921,0.07676583696726522,0.0,6,converged,7.56006152301205,7.483295686044785,7.483295686044785,3.624077538356544e-14
PNC,2018,0,-0.265949724,-0.247849724,2.274576748,6.120615813,1.136762344,0.768297755,78.60841893,72.14283496,79.12731384,72.79859462,72.79859462,80.65917739,78.78947637,94.15314338,81.59738936,81.59738936,12.92463169,0.146877247,1.525116171,12.7,24.13859,3.198501175,38.73249516,61.26750484,410295.0,60263.0,0.632186593,0,1,0.0181,60263000000.0,PNC,,,PNC,46245738905.28,0.1750053687984765,converged,0.1750053687984765,2017,2017,unknown,0,46245738905.28,60263000000.0,0.0181,1.0,0.1750053687984765,105427790697.18921,0.07676583696726522,0.0,6,converged,7.56006152301205,7.483295686044785,7.483295686044785,3.624077538356544e-14
PNC,2018,0,-0.265949724,-0.247849724,2.274576748,6.120615813,1.136762344,0.768297755,78.60841893,72.14283496,79.12731384,72.79859462,72.79859462,80.65917739,78.78947637,94.15314338,81.59738936,81.59738936,12.92463169,0.146877247,1.525116171,12.7,24.13859,3.198501175,38.73249516,61.26750484,410295.0,60263.0,0.632186593,0,1,0.0181,60263000000.0,PNC,,,PNC,46245738905.28,0.1750053687984765,converged,0.1750053687984765,2017,2017,unknown,0,46245738905.28,60263000000.0,0.0181,1.0,0.1750053687984765,105427790697.18921,0.07676583696726522,0.0,6,converged,7.56006152301205,7.483295686044785,7.483295686044785,3.624077538356544e-14
PNC,2018,0,-0.265949724,-0.247849724,2.274576748,6.120615813,1.136762344,0.768297755,78.60841893,72.14283496,79.12731384,72.79859462,72.79859462,80.65917739,78.78947637,94.15314338,81.59738936,81.59738936,12.92463169,0.146877247,1.525116171,12.7,24.13859,3.198501175,38.73249516,61.26750484,410295.0,60263.0,0.632186593,0,1,0.0181,60263000000.0,PNC,,,PNC,46245738905.28,0.1750053687984765,converged,0.1750053687984765,2017,2017,unknown,0,46245738905.28,60263000000.0,0.0181,1.0,0.1750053687984765,105427790697.18921,0.07676583696726522,0.0,6,converged,7.56006152301205,7.483295686044785,7.483295686044785,3.624077538356544e-14
PNC,2020,1,-0.146783972,-0.142383972,1.436878352,5.931508098,1.359596814,0.850507216,76.82087565,73.23953395,83.07919968,74.4731524,74.4731524,78.60841893,72.14283496,79.12731384,72.79859462,72.79859462,13.05339693,0.079701465,1.251183332,15.6,23.71585,1.988172442,43.96694052,56.03305948,466679.0,37195.0,0.784660715,0,1,0.0044,37195000000.0,PNC,,,PNC,58939484192.0,0.1954549763893449,converged,0.1954549763893449,2019,2019,unknown,0,58939484192.0,37195000000.0,0.0044,1.0,0.1954549763893449,95971185712.30568,0.12003619020963613,0.0,6,converged,7.993239336778824,7.873203146569188,7.873203146569188,1.728373374751552e-15
PNC,2021,1,0.307964229,0.308364229,2.045007855,1.710862676,1.332358726,0.998423457,82.74298054,74.64296028,83.85385197,77.54007797,77.54007797,76.82087565,73.23953395,83.07919968,74.4731524,74.4731524,13.23066337,0.055248559,1.661571243,13.5,16.91579,2.196746512,28.70172699,71.29827301,557191.0,30784.0,0.402558516,1,0,0.0004,30784000000.0,PNC,,,PNC,84218400000.0,0.5771282729818057,converged,0.5771282729818057,2020,2020,unknown,0,84218400000.0,30784000000.0,0.0004,1.0,0.5771282729818057,114983892196.85468,0.4228944197041247,0.0,5,converged,3.3285301383484147,2.90563571864429,2.90563571864429,0.0018325393279391053
PNC,2022,1,-0.01492285,-0.00072285,3.781632185,7.796670479,1.13872467,0.851062453,79.82662904,72.00720251,70.79361806,71.0015771,71.0015771,82.74298054,74.64296028,83.85385197,77.54007797,77.54007797,13.23079258,0.105359588,1.582240931,12.3,16.91579,4.552183866,28.91772942,71.08227058,557263.0,58713.0,0.406820564,1,0,0.014199999999999999,58713000000.0,PNC,,,PNC,63333940000.0,0.2583729514419643,converged,0.2583729514419643,2021,2021,unknown,0,63333940000.0,58713000000.0,0.014199999999999999,1.0,0.2583729514419643,121219106890.60683,0.1349933847783527,0.0,8,converged,5.542865301340359,5.407871916562006,5.407871916562006,3.1889003403168975e-08
PNFP,2016,0,0.336526901,0.338526901,2.124124354,8.530975378,1.297385381,1.185225722,21.15270351,28.81077216,52.26251422,33.10464811,33.10464811,18.2821119,29.57534847,62.57965686,37.19804931,37.19804931,9.323188817,0.075797981,2.14653115,11.9,31.88739,2.682165544,12.19858866,87.80141134,11194.6226,848.529795,0.138933856,0,0,0.002,848529795.0,PNFP,,,PNFP,5374637452.8,0.2712464667656383,converged,0.2712464667656383,2015,2015,unknown,0,5374637452.8,848529795.0,0.002,1.0,0.2712464667656383,6221471884.200151,0.23432580817349907,0.0,6,converged,8.627777298841036,8.393451490667536,8.393451490667536,2.3603724362262274e-17
PNFP,2017,0,0.225594472,0.233594472,1.668343816,8.264822181,1.296598016,1.20458674,22.15799615,28.9941027,54.24502402,33.90928359,33.90928359,21.15270351,28.81077216,52.26251422,33.10464811,33.10464811,10.00810428,0.086734909,1.390022801,12.0,33.25592,2.185568199,10.2690971,89.7309029,22205.69985,1926.009358,0.11444326,0,0,0.008,1926009358.0,PNFP,,,PNFP,5141969164.8,0.2889419142195067,converged,0.2889419142195067,2016,2016,unknown,0,5141969164.8,1926009358.0,0.008,1.0,0.2889419142195067,7052631916.177312,0.2106632575200773,0.0,5,converged,6.304565001658013,6.093901744137935,6.093901744137935,5.509565475891409e-10
PNFP,2018,0,-0.335792005,-0.317692005,1.522612833,9.847423165,1.283920383,1.183470862,21.58687943,35.10812288,48.64645792,34.9263538,34.9263538,22.15799615,28.9941027,54.24502402,33.90928359,33.90928359,10.12787209,0.081433559,0.900858308,12.2,33.25592,2.70355452,11.28207361,88.71792639,25031.044,2038.367,0.127167914,0,0,0.0181,2038367000.0,PNFP,,,PNFP,3575336025.6,0.2567170584199196,converged,0.2567170584199196,2017,2017,unknown,0,3575336025.6,2038367000.0,0.0181,1.0,0.2567170584199196,5577140472.174448,0.1645735394756304,0.0,5,converged,6.308240170417208,6.143666630941578,6.143666630941578,4.031899681164119e-10
PNFP,2019,0,0.032712977,0.054112977,1.443014993,8.902649124,1.450024749,1.283444412,28.4404144,69.98981144,42.79909521,51.29706481,51.29706481,21.58687943,35.10812288,48.64645792,34.9263538,34.9263538,10.23298898,0.105778081,1.124031969,13.21,33.25592,2.094135925,16.2802743,83.7197257,27805.496,2941.212,0.19446163,0,0,0.021400000000000002,2941212000.0,PNFP,,,PNFP,4963590144.0,0.2563916184551725,converged,0.2563916184551725,2018,2018,unknown,0,4963590144.0,2941212000.0,0.021400000000000002,1.0,0.2563916184551725,7842528907.336049,0.16227200766500013,0.0,6,converged,6.2568136218146435,6.094541614149644,6.094541614149644,5.487574023591656e-10
PNFP,2020,1,-0.195529687,-0.191129687,1.413505305,7.123804791,1.354502061,1.125308166,27.77940154,67.18121226,44.66598726,50.66614797,50.66614797,28.4404144,69.98981144,42.79909521,51.29706481,51.29706481,10.46118321,0.054094254,1.042768137,14.3,31.04862,2.25147858,21.46970175,72.68376197,34932.86,1889.667,0.29538512,0,0,0.0044,1889667000.0,PNFP,,,PNFP,4994612582.400001,0.247702402395208,converged,0.247702402395208,2019,2019,unknown,0,4994612582.400001,1889667000.0,0.0044,1.0,0.247702402395208,6875983312.7778225,0.17992736157425668,0.0,5,converged,7.293059564741769,7.113132203167512,7.113132203167512,5.671926033195555e-13
PNFP,2021,1,0.227972945,0.228372945,1.651688527,1.688416421,1.259337457,1.169222246,27.56693167,60.51570534,41.21249366,46.31169608,46.31169608,27.77940154,67.18121226,44.66598726,50.66614797,50.66614797,10.55761837,0.038138132,1.426833633,13.8,20.13893077,1.814427293,8.564565818,88.74408961,38469.399,1467.151,0.096508577,0,0,0.0004,1467151000.0,PNFP,,,PNFP,7267550000.0,0.6923110242956135,converged,0.6923110242956135,2020,2020,unknown,0,7267550000.0,1467151000.0,0.0004,1.0,0.6923110242956135,8733574914.163485,0.5763048636752333,0.0,6,converged,3.3841741229423286,2.807869259267095,2.807869259267095,0.002493523442300909
PNFP,2022,1,0.00162553,0.01582553,3.841377089,8.416162889,1.07685003,0.997180482,49.2321778,57.91968369,35.30485216,44.87782829,44.87782829,27.56693167,60.51570534,41.21249366,46.31169608,46.31169608,10.64471086,0.025872253,1.059000058,12.4,19.4269,4.750250477,8.742558222,88.16780348,41970.021,1085.859,0.099158172,0,0,0.014199999999999999,1085859000.0,PNFP,,,PNFP,5615100000.0,0.3323169731718788,converged,0.3323169731718788,2021,2021,unknown,0,5615100000.0,1085859000.0,0.014199999999999999,1.0,0.3323169731718788,6685648762.531867,0.27910426318202947,0.0,7,converged,6.702661751028024,6.4235574878459945,6.4235574878459945,6.656291774843305e-11
PRK,2016,0,0.183995151,0.185995151,2.090438318,5.14531731,0.809040311,0.546029027,21.15270351,23.99784601,64.15102389,34.99730022,34.99730022,18.2821119,21.60973678,62.55106209,33.2368118,33.2368118,8.918327067,0.15186648,2.43577643,14.32,29.52683,2.809518443,40.59973657,59.40026343,7467.586,1134.076,0.683494218,0,0,0.002,1134076000.0,PRK,,,PRK,1908184762.2762,0.2460512556908366,converged,0.2460512556908366,2015,2015,unknown,0,1908184762.2762,1134076000.0,0.002,1.0,0.2460512556908366,3039994876.9175014,0.154444752728864,0.0,6,converged,6.474575412155448,6.320130659426584,6.320130659426584,1.3067111893795564e-10
PRK,2017,0,0.14022173,0.14822173,1.983088174,4.755417265,0.725352905,0.500361519,22.15799615,25.81477761,54.13978495,32.29445227,32.29445227,21.15270351,23.99784601,64.15102389,34.99730022,34.99730022,8.927661761,0.120235432,2.07107967,14.14,29.71784,2.692998409,39.01655071,60.98344929,7537.62,906.289,0.639789175,0,0,0.008,906289000.0,PRK,,,PRK,1658459088.6738,0.2618085651905988,converged,0.2618085651905988,2016,2016,unknown,0,1658459088.6738,906289000.0,0.008,1.0,0.2618085651905988,2557526700.7258344,0.16977292728263144,0.0,5,converged,6.242745169061979,6.072972241779348,6.072972241779348,6.278208341589349e-10
PRK,2018,0,-0.171040114,-0.152940114,2.993832878,6.733113343,0.775768991,0.619393418,21.58687943,38.28227654,44.00954919,34.83144687,34.83144687,22.15799615,25.81477761,54.13978495,32.29445227,32.29445227,8.962431168,0.08161723,1.581117213,14.19,29.71784,4.419832291,26.42824585,73.57175415,7804.308,636.966,0.359217286,0,0,0.0181,636966000.0,PRK,,,PRK,1357645929.0855,0.2214032697401893,converged,0.2214032697401893,2017,2017,unknown,0,1357645929.0855,636966000.0,0.0181,1.0,0.2214032697401893,1983186556.0322556,0.15156781238885952,0.0,5,converged,7.6885079050038945,7.536940092615035,7.536940092615035,2.4056360880724404e-14
PRK,2019,0,0.073726073,0.095126073,1.267355533,5.938026621,0.798507742,0.730894307,20.28455285,36.37190814,60.9795182,39.99309299,39.99309299,21.58687943,38.28227654,44.00954919,34.83144687,34.83144687,9.054665848,0.051196272,1.708102646,13.19,28.67343,1.658779506,11.48062242,88.51937758,8558.377,438.157,0.129696149,0,0,0.021400000000000002,438157000.0,PRK,,,PRK,1639466321.3739002,0.2429490486230729,converged,0.2429490486230729,2018,2018,unknown,0,1639466321.3739002,438157000.0,0.021400000000000002,1.0,0.2429490486230729,2068346378.8947694,0.19257257251089727,0.0,5,converged,8.266335645208256,8.073763072697359,8.073763072697359,3.4082041761592943e-16
PRK,2020,1,-0.117249829,-0.112849829,0.920601115,4.713149989,0.847833124,0.66533817,18.99807322,38.43327097,63.52058794,41.93031406,41.93031406,20.28455285,36.37190814,60.9795182,39.99309299,39.99309299,9.135511325,0.06062105,1.632025321,15.43,27.87818,1.389812099,27.55269008,72.44730992,9279.021,562.504,0.380313501,0,0,0.0044,562504000.0,PRK,,,PRK,1684934956.7121,0.2146115824378809,converged,0.2146115824378809,2019,2019,unknown,0,1684934956.7121,562504000.0,0.0044,1.0,0.2146115824378809,2244969376.173543,0.1610741603885124,0.0,5,converged,8.700472833187218,8.539398672798706,8.539398672798706,6.746105717551386e-18
PRK,2021,1,0.197661336,0.198061336,1.488584291,1.532069097,0.788520142,0.670156953,17.43215031,34.25999371,52.87226875,36.02697363,36.02697363,18.99807322,38.43327097,63.52058794,41.93031406,41.93031406,9.165369575,0.044663667,1.993144252,16.05,17.68921,1.610377067,17.66681551,82.33318449,9560.254,426.996,0.214577095,0,0,0.0004,426996000.0,PRK,,,PRK,2213902924.776609,0.5773913895751949,converged,0.5773913895751949,2020,2020,unknown,0,2213902924.776609,426996000.0,0.0004,1.0,0.5773913895751949,2640718266.167452,0.48408338970276654,0.0,7,converged,4.006747575938549,3.5226641862357826,3.5226641862357826,0.00021361616081796132
PRK,2022,1,0.008139693,0.022339693,3.994990861,7.077842975,0.789940987,0.684645335,15.8938172,33.31128489,50.99441341,34.89972148,34.89972148,17.43215031,34.25999371,52.87226875,36.02697363,36.02697363,9.195733509,0.042213018,2.13537671,16.07,17.68921,4.830676695,15.74319899,84.25680101,9854.993,416.009,0.186847813,0,0,0.014199999999999999,416009000.0,PRK,,,PRK,2283200294.269321,0.298657682461877,converged,0.298657682461877,2021,2021,unknown,0,2283200294.269321,416009000.0,0.014199999999999999,1.0,0.298657682461877,2693343710.7578263,0.2531779790313352,0.0,7,converged,7.560220573122686,7.307042594091351,7.307042594091351,1.3654300631663397e-13
PRK,2023,1,0.041826648,0.091326648,4.118526875,6.041212272,0.730946022,0.565708416,14.03688525,30.6392315,35.1106659,27.83689855,27.83689855,15.8938172,33.31128489,50.99441341,34.89972148,34.89972148,9.193850458,0.052593043,1.864778215,16.19,17.68921,4.92173659,26.19174452,73.80825548,9836.453,517.329,0.354861991,0,0,0.0495,517328999.99999994,PRK,,,PRK,2135717439.85998,0.2569297796411831,converged,0.2569297796411831,2022,2022,unknown,0,2135717439.85998,517328999.99999994,0.0495,1.0,0.2569297796411831,2628062117.6135626,0.20879621053148387,0.0,5,converged,8.125726539100297,7.916930328568813,7.916930328568813,1.2172303489426075e-15
PVBC,2021,1,0.057176004,0.057576004,0.057576004,1.515266,1.110117179,1.110117179,17.43215031,11.80646148,44.5702185,21.90128356,21.90128356,18.99807322,12.27626929,74.89882211,33.05260553,33.05260553,7.455462151,0.007806704,1.420539098,14.18,27.84467,0.0,0.0,100.0,1729.283,13.5,0.0,0,0,0.0004,13500000.0,PVBC,,,PVBC,332096471.40000004,0.4727565682353949,converged,0.4727565682353949,2020,2020,unknown,0,332096471.40000004,13500000.0,0.0004,1.0,0.4727565682353949,345591072.47985435,0.45429642327159275,0.0,4,converged,7.36558548096964,6.911289057698047,6.911289057698047,2.4013464620223598e-12
PVBC,2022,1,-0.023467687,-0.009267687,-0.009267687,6.660800077,0.609627683,0.609627683,15.8938172,9.941242982,48.71042831,22.46661071,22.46661071,17.43215031,11.80646148,44.5702185,21.90128356,21.90128356,7.400242375,0.077505789,0.619804191,12.62,26.94971,0.0,0.0,100.0,1636.381,126.829,0.0,0,0,0.014199999999999999,126829000.0,PVBC,,,PVBC,128635401.44,0.2905541177949668,converged,0.2905541177949668,2021,2021,unknown,0,128635401.44,126829000.0,0.014199999999999999,1.0,0.2905541177949668,253676152.26109174,0.14733575104264854,0.0,8,converged,4.875073745741201,4.727737994698552,4.727737994698552,1.1351743940246722e-06
QCRH,2017,0,0.192672761,0.200672761,2.129369472,4.82157999,0.571653236,0.492012281,22.15799615,23.08167358,51.26630062,29.90437832,29.90437832,21.15270351,22.45083404,37.59812287,24.67093791,24.67093791,8.289706415,0.077706668,1.68812688,11.15,23.6137,2.570860434,17.48540901,82.51459099,3982.664773,309.479609,0.211906874,0,0,0.008,309479609.0,QCRH,,,QCRH,725510490.0,0.2404337114673088,converged,0.2404337114673088,2016,2016,unknown,0,725510490.0,309479609.0,0.008,1.0,0.2404337114673088,1032524139.1193163,0.1689424713785214,0.0,5,converged,7.263657663392639,7.094715192014117,7.094715192014117,6.480907056325445e-13
QCRH,2018,0,-0.258102282,-0.240002282,2.999178343,6.513327207,0.687339042,0.594106091,21.58687943,22.01597592,40.18765268,25.38747902,25.38747902,22.15799615,23.08167358,51.26630062,29.90437832,29.90437832,8.507084307,0.08181662,1.06606712,10.69,19.34683,3.967716032,16.28812374,83.71187626,4949.710195,404.968557,0.194573631,0,0,0.0181,404968557.0,QCRH,,,QCRH,543328626.0,0.2240677728739705,converged,0.2240677728739705,2017,2017,unknown,0,543328626.0,404968557.0,0.0181,1.0,0.2240677728739705,941033189.5799923,0.12937103278060302,0.0,7,converged,6.722041216026476,6.592670183245873,6.592670183245873,2.1599277328122307e-11
QCRH,2019,0,0.04612273,0.06752273,2.150694037,5.90941031,0.818557979,0.69912653,20.28455285,20.85974752,44.89546853,26.50880344,26.50880344,21.58687943,22.01597592,40.18765268,25.38747902,25.38747902,8.498835719,0.05682464,1.296757414,13.33,17.81434,2.548852401,17.20881522,82.79118478,4909.05,278.955,0.207858062,0,0,0.021400000000000002,278955000.0,QCRH,,,QCRH,742611204.0,0.2456202533502081,converged,0.2456202533502081,2018,2018,unknown,0,742611204.0,278955000.0,0.021400000000000002,1.0,0.2456202533502081,1015659988.9007003,0.179588005888562,0.0,5,converged,7.404555534734184,7.224967528845622,7.224967528845622,2.506107928729168e-13
QCRH,2020,1,-0.10125259,-0.09685259,1.862970706,6.089688673,1.134712603,0.841554929,20.85479836,45.30815443,42.63666566,38.08941266,38.08941266,20.28455285,20.85974752,44.89546853,26.50880344,26.50880344,8.6491058,0.031045165,1.053815216,14.95,19.34683,2.393717761,30.16340732,69.83659268,5705.043,177.114,0.431914075,0,0,0.0044,177114000.0,QCRH,,,QCRH,670314126.0,0.2413610851378463,converged,0.2413610851378463,2019,2019,unknown,0,670314126.0,177114000.0,0.0044,1.0,0.2413610851378463,846650536.3517386,0.19109152819029995,0.0,5,converged,8.305718352174189,8.114626823983889,8.114626823983889,2.436399492235168e-16
QCRH,2021,1,0.166135991,0.166535991,1.848182723,1.611164971,1.127476655,0.978171475,19.0205481,44.30359934,42.64606796,37.55589902,37.55589902,20.85479836,45.30815443,42.63666566,38.08941266,38.08941266,8.715409751,0.028018586,1.291493124,14.77,19.34683,2.117893675,15.91346944,84.08653056,6096.132,170.805,0.189251112,0,0,0.0004,170805000.0,QCRH,,,QCRH,874353760.0,0.6672768712316317,converged,0.6672768712316317,2020,2020,unknown,0,874353760.0,170805000.0,0.0004,1.0,0.6672768712316317,1045054676.654363,0.558401639514581,0.0,7,converged,3.5236431746036625,2.9652415350890813,2.9652415350890813,0.0015122268444712225
QCRH,2022,1,-0.036041283,-0.021841283,3.900725648,7.249788661,0.960551267,0.713137415,17.26625006,42.23341723,64.36778399,44.33714286,44.33714286,19.0205481,44.30359934,42.64606796,37.55589902,37.55589902,8.980780908,0.103901237,1.078975884,14.28,18.57459,4.809360198,29.87769152,70.12230848,7948.837,825.894,0.426079691,0,0,0.014199999999999999,825894000.0,QCRH,,,QCRH,833750560.88,0.2679535373067957,converged,0.2679535373067957,2021,2021,unknown,0,833750560.88,825894000.0,0.014199999999999999,1.0,0.2679535373067957,1647999737.3347714,0.13556217731887477,0.0,8,converged,5.268723778141813,5.133161600822938,5.133161600822938,1.4245753540157228e-07
RBB,2018,0,-0.293873335,-0.275773335,1.525892857,6.879803823,0.748021073,0.694150078,21.58687943,24.45463412,58.78858539,33.29338926,33.29338926,22.15799615,29.12308847,72.27064745,40.46248496,40.46248496,7.9976638,0.145498893,0.938196035,21.71,40.790275,2.98888205,11.5882667,88.4117333,2974.002,432.714,0.131071593,0,0,0.0181,432714000.0,RBB,,,RBB,311690043.0,0.1672072502854341,converged,0.1672072502854341,2017,2017,unknown,0,311690043.0,432714000.0,0.0181,1.0,0.1672072502854341,736642374.5978988,0.07074916788472796,0.0,6,converged,7.811091873643324,7.7403427057585965,7.7403427057585965,4.957459807466444e-15
RBB,2019,0,0.044639184,0.066039184,1.239236312,5.798081956,0.869135978,0.740668738,20.28455285,24.60223308,68.59704977,36.89764553,36.89764553,21.58687943,24.45463412,58.78858539,33.29338926,33.29338926,7.933271647,0.040781988,1.040634691,23.82,39.54008797,1.964804456,22.29270064,77.70729936,2788.535,113.722,0.286880394,0,0,0.021400000000000002,113722000.0,RBB,,,RBB,375553683.00000006,0.2548026919710118,converged,0.2548026919710118,2018,2018,unknown,0,375553683.00000006,113722000.0,0.021400000000000002,1.0,0.2548026919710118,486867887.5006439,0.19654631546820206,0.0,5,converged,7.606101177038223,7.409554861570021,7.409554861570021,6.336202265662458e-14
RBB,2020,1,-0.132136621,-0.127736621,1.161218509,4.973045586,0.940380211,0.710389198,18.99807322,34.97065676,63.47226417,40.19546086,40.19546086,20.28455285,24.60223308,68.59704977,36.89764553,36.89764553,8.116737117,0.08019947,0.702410426,20.77,38.86133668,2.035915654,34.62085635,65.37914365,3350.072,268.674,0.529539765,0,0,0.0044,268674000.0,RBB,,,RBB,272839662.0,0.2908562951071931,converged,0.2908562951071931,2019,2019,unknown,0,272839662.0,268674000.0,0.0044,1.0,0.2908562951071931,540334084.2686328,0.14686687944288224,0.0,8,converged,4.8606862004891624,4.71381932104628,4.71381932104628,1.21558126524707e-06
RBB,2021,1,0.191477681,0.191877681,1.431260082,1.607760654,0.918540606,0.7241572,23.32221139,33.52004489,58.78236596,38.63576281,38.63576281,18.99807322,34.97065676,63.47226417,40.19546086,40.19546086,8.349530231,0.079823442,1.092420138,23.15,30.07972521,1.848692066,27.7406789,72.2593211,4228.194,337.509,0.383904505,0,0,0.0004,337509000.0,RBB,,,RBB,464785380.0,0.578626005630816,converged,0.578626005630816,2020,2020,unknown,0,464785380.0,337509000.0,0.0004,1.0,0.578626005630816,801884132.7082554,0.3364091299264058,0.0,5,converged,2.7417730886909712,2.4053639587645654,2.4053639587645654,0.008078183054695315
RBB,2022,1,-0.028159045,-0.013959045,2.933788665,6.62827935,0.853683282,0.639371289,21.43199519,36.8538246,70.18156425,44.34235776,44.34235776,23.32221139,33.52004489,58.78236596,38.63576281,38.63576281,8.273606598,0.104184475,0.816189423,24.27,29.60261091,4.180900938,32.255855,67.744145,3919.058,408.305,0.476142329,0,0,0.014199999999999999,408305000.0,RBB,,,RBB,369876915.0,0.3138315117770879,converged,0.3138315117770879,2021,2021,unknown,0,369876915.0,408305000.0,0.014199999999999999,1.0,0.3138315117770879,772424827.7597978,0.15027951364142858,0.0,8,converged,4.411860270173506,4.261580756532077,4.261580756532077,1.0149298806940924e-05
RBB,2023,1,-0.035316484,0.014183516,3.091645874,6.048367559,0.989240476,0.639049571,18.87639465,32.32732642,83.22839153,46.69346421,46.69346421,21.43199519,36.8538246,70.18156425,44.34235776,44.34235776,8.300534816,0.070562155,0.693128102,25.92,29.57797,4.378841825,43.76168727,56.23831273,4026.025,284.085,0.77814723,0,0,0.0495,284085000.0,RBB,,,RBB,337767696.0,0.2879856986118396,converged,0.2879856986118396,2022,2022,unknown,0,337767696.0,284085000.0,0.0495,1.0,0.2879856986118396,608132853.4613034,0.15995235003974062,0.0,7,converged,5.14785968984009,4.9879073398003495,4.9879073398003495,3.051841456579855e-07
RBCAA,2017,0,0.104159665,0.112159665,1.412933231,4.494195259,0.529886728,0.458063886,22.15799615,31.40997143,32.66186227,27.33761625,27.33761625,21.15270351,30.78750968,35.68686007,28.11787443,28.11787443,8.534121496,0.193252909,1.253395721,16.04,35.04005,2.035996052,19.44411283,80.55588717,5085.362,982.761,0.2413742,0,0,0.008,982761000.0,RBCAA,,,RBCAA,660586094.0,0.2380026125967989,converged,0.2380026125967989,2016,2016,unknown,0,660586094.0,982761000.0,0.008,1.0,0.2380026125967989,1635516369.8757586,0.09612940814698571,0.0,6,converged,5.429850659864204,5.333721251717218,5.333721251717218,4.81100973384627e-08
RBCAA,2018,0,-0.144036292,-0.125936292,1.432599884,5.438355397,0.555434015,0.479956446,21.58687943,26.46861834,29.93004664,23.90325148,23.90325148,22.15799615,31.40997143,32.66186227,27.33761625,27.33761625,8.564153874,0.197356921,1.17224784,16.8,33.95312,2.323072748,19.23123614,80.76876386,5240.404,1034.23,0.238102395,0,0,0.0181,1034230000.0,RBCAA,,,RBCAA,672748384.0,0.2457097591757617,converged,0.2457097591757617,2017,2017,unknown,0,672748384.0,1034230000.0,0.0181,1.0,0.2457097591757617,1688427213.1214275,0.09790226986833381,0.0,6,converged,5.240253284412564,5.14235101454423,5.14235101454423,1.356607920241733e-07
RBCAA,2019,0,0.052311715,0.073711715,1.142786685,5.235597956,0.723774521,0.62780291,20.28455285,29.41442121,28.42937493,24.8241279,24.8241279,21.58687943,26.46861834,29.93004664,23.90325148,23.90325148,8.634143703,0.170605441,1.282477465,17.01,33.49010608,1.628104927,18.68887542,81.31112458,5620.319,958.857,0.229844016,0,0,0.021400000000000002,958857000.0,RBCAA,,,RBCAA,813135960.0,0.2555347173633721,converged,0.2555347173633721,2018,2018,unknown,0,813135960.0,958857000.0,0.021400000000000002,1.0,0.2555347173633721,1751691419.485797,0.11861933911305808,0.0,6,converged,5.319794006377028,5.201174667263969,5.201174667263969,9.901643945227244e-08
RBCAA,2020,1,-0.149133254,-0.144733254,0.779594534,3.811249801,0.602196246,0.506360933,18.99807322,22.9494,26.38779825,20.88250977,20.88250977,20.28455285,29.41442121,28.42937493,24.8241279,24.8241279,8.727182605,0.078994865,0.915462044,18.52,33.43822,1.340536796,22.13909616,77.86090384,6168.325,487.266,0.284341628,0,0,0.0044,487266000.0,RBCAA,,,RBCAA,626705429.0,0.2783177536248312,converged,0.2783177536248312,2019,2019,unknown,0,626705429.0,487266000.0,0.0044,1.0,0.2783177536248312,1111832167.17027,0.1568791226293102,0.0,7,converged,5.365021647667682,5.2081425250383715,5.2081425250383715,9.537019734765864e-08
RBCAA,2021,1,0.190072021,0.190472021,0.971804131,1.413868242,0.620181641,0.514965196,17.43215031,27.20648842,14.53171624,18.7258361,18.7258361,18.99807322,22.9494,26.38779825,20.88250977,20.88250977,8.71499957,0.051851999,1.216488189,17.47,18.98881,1.011829763,20.14113225,79.85886775,6093.632,315.967,0.252209089,0,0,0.0004,315967000.0,RBCAA,,,RBCAA,1015833328.24,0.649132652012163,converged,0.649132652012163,2020,2020,unknown,0,1015833328.24,315967000.0,0.0004,1.0,0.649132652012163,1331506124.6022925,0.49564013701530985,0.0,5,converged,3.150789622043716,2.6551494850284065,2.6551494850284065,0.003963663533718809
RBCAA,2022,1,0.044061626,0.058261626,3.851402148,6.208147389,0.602209999,0.491868903,15.8938172,24.8545068,13.44413408,17.18705899,17.18705899,17.43215031,27.20648842,14.53171624,18.7258361,18.7258361,8.6717226,0.053457922,0.943181798,17.92,18.98881,4.697838908,21.68611223,78.31388777,5835.543,311.956,0.276912727,0,0,0.014199999999999999,311956000.0,RBCAA,,,RBCAA,807941789.1600001,0.2557001908781594,converged,0.2557001908781594,2021,2021,unknown,0,807941789.1600001,311956000.0,0.014199999999999999,1.0,0.2557001908781594,1115499317.0209157,0.18520035517282743,0.0,5,converged,7.04936464050516,6.864164285332333,6.864164285332333,3.344081335662551e-12
RBCAA,2023,1,0.037820835,0.087320835,3.791099187,5.919463843,0.619163756,0.575413093,14.03688525,26.07071616,9.348406793,16.30879674,16.30879674,15.8938172,24.8545068,13.44413408,17.18705899,17.18705899,8.794050537,0.072422425,1.169844626,16.1,18.98881,4.581182795,8.580249608,91.41975039,6594.891,477.618,0.093855535,0,0,0.0495,477618000.0,RBCAA,,,RBCAA,1067782701.72,0.2448860336330255,converged,0.2448860336330255,2022,2022,unknown,0,1067782701.72,477618000.0,0.0495,1.0,0.2448860336330255,1522334215.9388354,0.17176587629093698,0.0,5,converged,7.1227221554446425,6.950956279153705,6.950956279153705,1.8140915583345524e-12
RF,2016,0,0.356250092,0.358250092,2.301962126,8.60749851,1.471288577,1.23102252,53.19620528,51.50771125,70.02172691,52.44053548,52.44053548,43.69233551,48.98376488,70.40837032,50.84859263,50.84859263,11.74378319,0.061626762,1.100819026,14.15,31.88739,2.990824705,21.18289334,73.92415664,125968.0,7763.0,0.286549002,0,1,0.002,7763000000.0,RF,,,RF,12908634570.24,0.2775756904970454,converged,0.2775756904970454,2015,2015,unknown,0,12908634570.24,7763000000.0,0.002,1.0,0.2775756904970454,20656124083.04435,0.1734654167489159,0.0,6,converged,5.739980497822106,5.566515081073191,5.566515081073191,1.2994214938188526e-08
RF,2017,0,0.259783842,0.267783842,2.074722673,7.679190939,1.317741644,1.103612023,62.20669713,54.57967964,71.52047932,57.458141,57.458141,53.19620528,51.50771125,70.02172691,52.44053548,52.44053548,11.73040501,0.069448244,1.274830814,13.78,30.74163,2.70386418,21.14007014,75.46027159,124294.0,8632.0,0.280148344,0,1,0.008,8632000000.0,RF,,,RF,15533510123.52,0.3418969560486493,converged,0.3418969560486493,2016,2016,unknown,0,15533510123.52,8632000000.0,0.008,1.0,0.3418969560486493,24096728782.46599,0.22039771444511888,0.0,5,converged,4.804439315955461,4.584041601510342,4.584041601510342,2.2803671809880247e-06
RF,2018,0,-0.358554803,-0.340454803,2.161707075,9.746684352,1.405091933,1.183298888,69.61963761,47.97152163,60.66986867,52.66801118,52.66801118,62.20669713,54.57967964,71.52047932,57.458141,57.458141,11.74155792,0.111577875,0.960909265,12.46,30.74163,3.496133429,20.6406496,76.26796544,125688.0,14024.0,0.270633279,0,1,0.0181,14024000000.0,RF,,,RF,12027683185.92,0.2265959580548405,converged,0.2265959580548405,2017,2017,unknown,0,12027683185.92,14024000000.0,0.0181,1.0,0.2265959580548405,25800132189.500824,0.10563606331348822,0.0,6,converged,5.995007168871838,5.889371105558349,5.889371105558349,1.9383401413976932e-09
RF,2019,0,0.063903277,0.085303277,1.701173571,8.349471528,1.570321891,1.234809877,80.3615413,72.41994073,47.46314627,63.57418892,63.57418892,69.61963761,47.97152163,60.66986867,52.66801118,52.66801118,11.74594014,0.078651774,1.096185051,12.68,30.0,2.3474136,26.38473753,67.97400147,126240.0,9929.0,0.388159251,0,1,0.021400000000000002,9929000000.0,RF,,,RF,15425638525.44,0.2661566403725935,converged,0.2661566403725935,2018,2018,unknown,0,15425638525.44,9929000000.0,0.021400000000000002,1.0,0.2661566403725935,25144415335.167336,0.16328222710881957,0.0,6,converged,5.903316052709786,5.740033825600967,5.740033825600967,4.7328821159833344e-09
RF,2020,1,-0.18406928,-0.17966928,1.531187228,7.757044088,1.596881417,1.216959393,84.68316142,80.50568692,44.51291095,66.86915772,66.86915772,80.3615413,72.41994073,47.46314627,63.57418892,63.57418892,11.90083063,0.024214833,0.940920507,13.56,29.73856,2.339703844,27.87646358,62.73881926,147389.0,3569.0,0.444325601,0,1,0.0044,3569000000.0,RF,,,RF,14490751342.080002,0.2585235772331661,converged,0.2585235772331661,2019,2019,unknown,0,14490751342.080002,3569000000.0,0.0044,1.0,0.2585235772331661,18044082239.385395,0.20761382175336704,0.0,5,converged,7.930512854721453,7.722899032968086,7.722899032968086,5.685662409042562e-15
RF,2021,1,0.261131575,0.261531575,1.961731307,1.995041766,1.448587642,1.32368303,85.278048,79.48631891,83.66134066,80.57957388,80.57957388,84.68316142,80.50568692,44.51291095,66.86915772,66.86915772,12.00112504,0.01477249,1.232111358,12.74,21.68798,2.227193849,10.02403452,83.19103146,162938.0,2407.0,0.120494173,0,1,0.0004,2407000000.0,RF,,,RF,20533592765.0,0.7103924819827174,converged,0.7103924819827174,2020,2020,unknown,0,20533592765.0,2407000000.0,0.0004,1.0,0.7103924819827174,22939410275.347813,0.6359241177455516,0.0,5,converged,3.863786446378367,3.227862328632815,3.227862328632815,0.0006235949108305863
RF,2022,1,-0.018799173,-0.004599173,3.647915395,8.813125265,1.23737707,1.129897222,86.85040811,78.45001233,84.06177448,80.2749904,80.2749904,85.278048,79.48631891,83.66134066,80.57957388,80.57957388,11.95259874,0.014714599,1.410108942,12.54,21.58631,4.656989049,10.02717125,82.65749141,155220.0,2284.0,0.121309891,0,1,0.014199999999999999,2284000000.0,RF,,,RF,20147636567.52,0.3195009056684604,converged,0.3195009056684604,2021,2021,unknown,0,20147636567.52,2284000000.0,0.014199999999999999,1.0,0.3195009056684604,22399432954.318512,0.2873817451694375,0.0,5,converged,8.137613210459694,7.850231465290257,7.850231465290257,2.0763506437361614e-15
RMBI,2020,1,-0.059686588,-0.055286588,2.044067065,5.582417924,0.783451853,0.781111738,18.99807322,33.48548056,28.86640491,27.00070412,27.00070412,20.28455285,16.80489702,9.419505465,11.72625089,11.72625089,6.988590894,0.157252978,0.935209533,21.9,23.64836218,2.749302606,0.390845247,99.60915475,1084.192657,170.492524,0.003923788,0,0,0.0044,170492524.0,RMBI,,,RMBI,137267535.675,0.1585336775114177,converged,0.1585336775114177,2019,2019,unknown,0,137267535.675,170492524.0,0.0044,1.0,0.1585336775114177,307011540.5191534,0.0708817889930015,0.0,6,converged,8.395753159637884,8.324871370644884,8.324871370644884,4.221018073187524e-17
RMBI,2021,1,0.082675597,0.083075597,1.715851335,1.516859397,0.744241357,0.742583922,17.43215031,30.99967315,13.18606218,20.12282027,20.12282027,18.99807322,33.48548056,28.86640491,27.00070412,27.00070412,7.144911979,0.142415092,1.102735248,17.3,21.41062573,2.077903056,0.283201507,99.71679849,1267.639741,180.53103,0.002840058,0,0,0.0004,180531030.0,RMBI,,,RMBI,167664825.0,0.4321481752720885,converged,0.4321481752720885,2020,2020,unknown,0,167664825.0,180531030.0,0.0004,1.0,0.4321481752720885,348112290.15874344,0.20825629409364813,0.0,5,converged,3.2590024287627557,3.0507461346691076,3.0507461346691076,0.0011413674677139447
RMBI,2022,1,-0.034281028,-0.020081028,3.465945501,6.74591548,0.629900812,0.628006857,17.26625006,28.37268241,21.08286778,21.87964856,21.87964856,17.43215031,30.99967315,13.18606218,20.12282027,20.12282027,7.191449218,0.135961299,1.158088416,14.31,20.2354385,4.370300325,0.376666,99.623334,1328.026411,180.560196,0.003780901,0,0,0.014199999999999999,180560196.0,RMBI,,,RMBI,135401575.0,0.2195806030177043,converged,0.2195806030177043,2021,2021,unknown,0,135401575.0,180560196.0,0.014199999999999999,1.0,0.2195806030177043,313415934.4303926,0.09486294808077364,0.0,6,converged,6.010422987593185,5.915560039512411,5.915560039512411,1.6537411458545997e-09
RMBI,2023,1,-0.049284549,0.000215451,4.411271485,6.054096456,0.622719721,0.620056842,15.2370401,20.16362336,16.67143675,16.17569671,16.17569671,17.26625006,28.37268241,21.08286778,21.87964856,21.87964856,7.286892703,0.185889081,0.956623466,14.1,18.154755,5.389509383,0.521979799,99.4780202,1461.023801,271.588371,0.005247187,0,0,0.0495,271588371.0,RMBI,,,RMBI,119790325.0,0.2125690505219185,converged,0.2125690505219185,2022,2022,unknown,0,119790325.0,271588371.0,0.0495,1.0,0.2125690505219185,378262378.5434595,0.06731760083157583,0.0,6,converged,5.69043347937929,5.623115878547714,5.623115878547714,9.37717527411992e-09
RNST,2016,0,0.291354285,0.293354285,2.005399287,6.515249674,1.020379605,0.82098897,21.15270351,16.74407875,28.30346985,18.49431221,18.49431221,18.2821119,20.8108932,30.36356209,21.25308538,21.25308538,9.071061178,0.035878201,1.518155872,15.03,26.79797,2.438629381,24.91226926,75.08773074,8699.851,312.135,0.331775498,0,0,0.002,312135000.0,RNST,,,RNST,4011339088.0,0.2364840051229442,converged,0.2364840051229442,2015,2015,unknown,0,4011339088.0,312135000.0,0.002,1.0,0.2364840051229442,4322850441.854133,0.21944259840269664,0.0,4,converged,12.09570087092234,11.876258272519642,11.876258272519642,7.862499233895328e-33
RNST,2017,0,0.225551465,0.233551465,1.552372481,6.311459981,1.012384301,0.847822922,22.15799615,18.46607444,38.98878975,23.19513723,23.19513723,21.15270351,16.74407875,28.30346985,18.49431221,18.49431221,9.19319228,0.030250313,1.331199846,14.46,30.62745,1.974672585,21.86229521,78.13770479,9829.981,297.36,0.279791879,0,0,0.008,297360000.0,RNST,,,RNST,3884975256.0,0.2602568778080121,converged,0.2602568778080121,2016,2016,unknown,0,3884975256.0,297360000.0,0.008,1.0,0.2602568778080121,4179965866.1960545,0.24188990122892592,0.0,4,converged,11.08095121811725,10.839061316888323,10.839061316888323,1.1238268646320306e-27
RNST,2018,0,-0.304782824,-0.286682824,2.010024274,8.935091169,1.126956902,1.023328435,21.58687943,25.36189219,34.49033977,24.99602084,24.99602084,22.15799615,18.46607444,38.98878975,23.19513723,23.19513723,9.467682663,0.050354089,0.864485311,14.12,31.82511,3.314462058,12.93284155,87.06715845,12934.878,651.324,0.148538689,0,0,0.0181,651324000.0,RNST,,,RNST,2867413872.0,0.245226588249759,converged,0.245226588249759,2017,2017,unknown,0,2867413872.0,651324000.0,0.0181,1.0,0.245226588249759,3507054957.3450155,0.2005004693699819,0.0,8,converged,8.587136633852763,8.38663616448278,8.38663616448278,2.5012510404288024e-17
RNST,2019,0,0.049888578,0.071288578,1.602115018,8.194858957,1.215606201,1.12657284,20.28455285,28.00877899,30.30775761,24.80314712,24.80314712,21.58687943,25.36189219,34.49033977,24.99602084,24.99602084,9.503056104,0.064593887,0.947365715,13.78,31.82511,2.256302793,10.38807019,89.61192981,13400.618,865.598,0.115922849,0,0,0.021400000000000002,865598000.0,RNST,,,RNST,3365268368.0,0.2433215292923797,converged,0.2433215292923797,2018,2018,unknown,0,3365268368.0,865598000.0,0.021400000000000002,1.0,0.2433215292923797,4212539369.1022305,0.19438209925989344,0.0,5,converged,8.34795245693458,8.153570357674687,8.153570357674687,1.7666727070939551e-16
RNST,2020,1,-0.117806375,-0.113406375,1.546975134,7.349656135,1.296547674,1.099561662,23.1918911,47.34982921,23.82636177,32.6669153,32.6669153,20.28455285,28.00877899,30.30775761,24.80314712,24.80314712,9.611101902,0.033243329,0.887514941,15.07,31.82511,2.40085769,20.80960594,79.19039406,14929.612,496.31,0.262779422,0,0,0.0044,496310000.0,RNST,,,RNST,3199950272.0,0.2378046831098632,converged,0.2378046831098632,2019,2019,unknown,0,3199950272.0,496310000.0,0.0044,1.0,0.2378046831098632,3694081305.267452,0.20599523976683431,0.0,6,converged,9.868691435861233,9.6626961960944,9.6626961960944,2.171404616922531e-22
RNST,2021,1,0.189403271,0.189803271,1.84733695,1.607197151,1.18516224,1.051167223,42.36545244,40.78689525,24.93101847,30.4907974,30.4907974,23.1918911,47.34982921,23.82636177,32.6669153,32.6669153,9.729747727,0.02886062,0.957506695,16.14,22.29666,2.167580921,14.09306279,85.90693721,16810.311,485.156,0.164050346,0,0,0.0004,485156000.0,RNST,,,RNST,3605644680.000001,0.6550777488618563,converged,0.6550777488618563,2020,2020,unknown,0,3605644680.000001,485156000.0,0.0004,1.0,0.6550777488618563,4090585734.5853744,0.5774377123122495,0.0,5,converged,3.981537866765096,3.4041001544528466,3.4041001544528466,0.00033191204348191665
RNST,2022,1,-0.043393098,-0.029193098,3.576454803,8.320259509,1.167305034,0.976298911,41.77970536,40.92261606,21.7207226,29.72620442,29.72620442,42.36545244,40.78689525,24.93101847,30.4907974,30.4907974,9.740272852,0.067126983,0.984672952,14.63,22.11909,4.622168299,20.07723739,79.92276261,16988.176,1140.365,0.251208001,0,0,0.014199999999999999,1140365000.0,RNST,,,RNST,3571440936.0000005,0.2978261819473289,converged,0.2978261819473289,2021,2021,unknown,0,3571440936.0000005,1140365000.0,0.014199999999999999,1.0,0.2978261819473289,4695727182.315977,0.22651840211156435,0.0,5,converged,6.424025060049364,6.1975066579378,6.1975066579378,2.8682306440412763e-10
SBCF,2017,0,0.22380648,0.23180648,1.5238065,5.534677154,0.764057322,0.669951537,22.15799615,37.46881684,16.37725921,24.48034647,24.48034647,21.15270351,36.73061402,14.48094425,23.43152448,23.43152448,8.667358053,0.085646119,1.715032392,14.24,31.375235,1.940095725,16.99094506,83.00905494,5810.129,497.615,0.204687851,0,0,0.008,497615000.0,SBCF,,,SBCF,2167691934.0,0.2290115974579363,converged,0.2290115974579363,2016,2016,unknown,0,2167691934.0,497615000.0,0.008,1.0,0.2290115974579363,2661341895.634019,0.18653245214905825,0.0,8,converged,9.125255252862814,8.938722800713757,8.938722800713757,1.968470218026027e-19
SBCF,2018,0,-0.312123059,-0.294023059,1.887211169,6.633945749,0.737551128,0.649642502,21.58687943,34.34117324,14.24716855,22.16220261,22.16220261,22.15799615,37.46881684,16.37725921,24.48034647,24.48034647,8.816950909,0.098571519,1.54629909,14.43,28.26105,2.975475577,15.8692624,84.1307376,6747.659,665.127,0.188626213,0,0,0.0181,665127000.0,SBCF,,,SBCF,2237340108.0,0.2528919578139739,converged,0.2528919578139739,2017,2017,unknown,0,2237340108.0,665127000.0,0.0181,1.0,0.2528919578139739,2890536606.053485,0.1957440424808884,0.0,5,converged,7.6961591618843626,7.500415119403474,7.500415119403474,3.180802050967543e-14
SBCF,2019,0,0.033582582,0.054982582,1.285906265,7.090304877,1.002085134,0.934134175,22.06022092,26.98033217,27.6504298,23.59209569,23.59209569,21.58687943,34.34117324,14.24716855,22.16220261,22.16220261,8.869048078,0.066428258,1.59771967,15.71,32.98087828,1.844708066,9.791211871,90.20878813,7108.511,472.206,0.108539446,0,0,0.021400000000000002,472206000.0,SBCF,,,SBCF,2628573678.0,0.2988996657328552,converged,0.2988996657328552,2018,2018,unknown,0,2628573678.0,472206000.0,0.021400000000000002,1.0,0.2988996657328552,3090781828.223103,0.25420099065058166,0.0,7,converged,7.602146209412525,7.347945218761943,7.347945218761943,1.0063847616939836e-13
SBCF,2020,1,-0.111945915,-0.107545915,0.972844318,7.847034388,1.331034726,1.202303727,20.85479836,29.2341287,28.27242525,24.94556935,24.94556935,22.06022092,26.98033217,27.6504298,23.59209569,23.59209569,9.029105265,0.022891995,1.439234012,18.51,33.7688,1.608643235,13.91639561,86.08360439,8342.392,190.974,0.161661395,0,0,0.0044,190974000.0,SBCF,,,SBCF,2532270030.0,0.2583428321929893,converged,0.2583428321929893,2019,2019,unknown,0,2532270030.0,190974000.0,0.0044,1.0,0.2583428321929893,2722405590.320042,0.24029990746769253,0.0,4,converged,11.196033883772525,10.955733976304833,10.955733976304833,3.118534037420769e-28
SBCF,2021,1,0.166638929,0.167038929,1.269341353,1.510195758,1.285843061,1.202925996,19.0205481,21.50408422,14.89074983,16.25542499,16.25542499,20.85479836,29.2341287,28.27242525,24.94556935,24.94556935,9.177965207,0.01995686,1.579620463,18.21,23.22723,1.45372405,8.238676886,91.76132311,9681.433,193.211,0.089783763,0,0,0.0004,193211000.0,SBCF,,,SBCF,2070465407.5,0.6688871152361128,converged,0.6688871152361128,2020,2020,unknown,0,2070465407.5,193211000.0,0.0004,1.0,0.6688871152361128,2263596637.1263733,0.611821907616044,0.0,5,converged,4.3288584374175345,3.7170365298014905,3.7170365298014905,0.00010078665360963056
SBCF,2022,1,-0.049043781,-0.034843781,3.454731654,8.583632166,1.1021235,1.031059662,20.8198309,22.68122934,15.49441341,17.5565599,17.5565599,19.0205481,21.50408422,14.89074983,16.25542499,16.25542499,9.404735581,0.033473569,1.389349134,15.79,22.86083,4.520035058,8.202058153,91.79794185,12145.762,406.562,0.089349042,0,0,0.014199999999999999,406562000.0,SBCF,,,SBCF,2233760803.88,0.337453341576953,converged,0.337453341576953,2021,2021,unknown,0,2233760803.88,406562000.0,0.014199999999999999,1.0,0.337453341576953,2634590419.8269563,0.2861128057383094,0.0,7,converged,6.724189906334871,6.438077100596562,6.438077100596562,6.049826936988582e-11
SBFG,2018,0,-0.251913723,-0.233813723,1.876595624,6.130852378,0.631413222,0.55630919,21.58687943,6.605457733,27.02531646,13.00542096,13.00542096,22.15799615,6.993312513,31.61404713,14.84973997,14.84973997,6.894495759,0.042047854,0.874873386,13.5,30.88089,2.975039848,15.01372451,76.86693412,986.828,41.494,0.195320975,0,0,0.0181,41494000.0,SBFG,,,SBFG,102227038.84171,0.2572375118449521,converged,0.2572375118449521,2017,2017,unknown,0,102227038.84171,41494000.0,0.0181,1.0,0.2572375118449521,142976753.54315275,0.18392241020598915,0.0,5,converged,6.916758762578956,6.732836352372967,6.732836352372967,8.319358492764927e-12
SBFG,2019,0,-0.024409894,-0.003009894,1.2702047,5.135548919,0.648141582,0.559437167,20.28455285,12.60859825,39.34309668,20.41737954,20.41737954,21.58687943,6.605457733,27.02531646,13.00542096,13.00542096,6.945606786,0.037796909,1.06965312,13.4,30.88089,1.840927227,16.97945166,74.0163864,1038.577,39.255,0.229401251,0,0,0.021400000000000002,39255000.0,SBFG,,,SBFG,122361730.35966,0.2086910350943255,converged,0.2086910350943255,2018,2018,unknown,0,122361730.35966,39255000.0,0.021400000000000002,1.0,0.2086910350943255,160785598.19238165,0.15881892689258428,0.0,5,converged,9.09214486350031,8.933325936607726,8.933325936607726,2.0669475344383982e-19
SBFG,2020,1,-0.127180729,-0.122780729,0.954307811,6.444809804,1.175094511,0.972881541,18.99807322,13.30274701,37.28682171,20.02141833,20.02141833,20.28455285,12.60859825,39.34309668,20.41737954,20.41737954,7.137150448,0.030607256,0.898018323,14.16,30.88089,1.51724005,23.11903626,76.88096374,1257.839,38.499,0.300712103,0,0,0.0044,38499000.0,SBFG,,,SBFG,113599413.86325,0.1857691132996727,converged,0.1857691132996727,2019,2019,unknown,0,113599413.86325,38499000.0,0.0044,1.0,0.1857691132996727,151929390.38758776,0.13890177753571475,0.0,5,converged,9.98425279767266,9.845351020136945,9.845351020136945,3.589409536799188e-23
SBFG,2021,1,0.098008712,0.098408712,1.491603995,1.586602182,1.123905255,0.84900306,19.0205481,14.44300266,32.42853018,19.06672947,19.06672947,18.99807322,13.30274701,37.28682171,20.02141833,20.02141833,7.19357612,0.038077806,0.889859553,15.2,19.42675,1.76411585,28.66635548,71.33364452,1330.854,50.676,0.401863043,0,0,0.0004,50676000.0,SBFG,,,SBFG,134037902.024468,0.6122425942669965,converged,0.6122425942669965,2020,2020,unknown,0,134037902.024468,50676000.0,0.0004,1.0,0.6122425942669965,184671471.13819605,0.44476456067404746,0.0,5,converged,3.130720991124624,2.6859564304505765,2.6859564304505765,0.0036161259485745483
SBFG,2022,1,-0.008193713,0.006006287,3.56845867,6.652494474,0.809112075,0.604849153,17.26625006,17.0994147,34.18528864,20.98564393,20.98564393,19.0205481,14.44300266,32.42853018,19.06672947,19.06672947,7.197160616,0.078484883,0.99263756,14.67,19.42675,4.423585129,29.53442797,70.46557203,1335.633,104.827,0.419132736,0,0,0.014199999999999999,104827000.0,SBFG,,,SBFG,116238343.12,0.2684932677032882,converged,0.2684932677032882,2021,2021,unknown,0,116238343.12,104827000.0,0.014199999999999999,1.0,0.2684932677032882,219587318.32476857,0.1421266692479317,0.0,8,converged,5.37364722465943,5.231520555411498,5.231520555411498,8.406066790144915e-08
SBFG,2023,1,-0.094641193,-0.045141193,4.078046222,5.986392885,0.733535747,0.521210019,15.2370401,14.50937296,43.54035489,23.07596626,23.07596626,17.26625006,17.0994147,34.18528864,20.98564393,20.98564393,7.202846585,0.094501466,0.835587772,14.67,18.95439,5.068858636,33.45063098,66.54936902,1343.249,126.939,0.502643849,0,0,0.0495,126939000.0,SBFG,,,SBFG,102407862.24,0.2469712388108993,converged,0.2469712388108993,2022,2022,unknown,0,102407862.24,126939000.0,0.0495,1.0,0.2469712388108993,223216363.21163118,0.11330619669047585,0.0,6,converged,5.475022980333025,5.361716783642549,5.361716783642549,4.1217357544082226e-08
SBNY,2016,0,2.774011041,2.776011041,3.411098788,6.602730428,0.880291942,0.830931686,21.15270351,33.0736496,31.56143345,27.76664624,27.76664624,18.2821119,31.30998024,29.27900327,26.07019138,26.07019138,10.57253698,0.081963734,2.270739644,13.46,42.02498,1.540478388,9.294087924,90.70591208,39047.611,3200.488,0.102463971,0,0,0.002,3200488000.0,SBNY,,,SBNY,9458694800.0,0.2365023210398207,converged,0.2365023210398207,2015,2015,unknown,0,9458694800.0,3200488000.0,0.002,1.0,0.2365023210398207,12652788220.710848,0.1767992346972944,0.0,5,converged,7.874487084122965,7.69768784942567,7.69768784942567,6.9275161188516734e-15
SBNY,2017,0,2.164467134,2.172467134,2.921136872,6.962975474,1.017555798,0.955734669,22.15799615,36.52408317,46.67009838,34.91718067,34.91718067,21.15270351,33.0736496,31.56143345,27.76664624,27.76664624,10.67168933,0.121582983,1.871739749,13.32,41.57749,1.65214566,9.968170412,90.03182959,43117.72,5242.381,0.110718292,0,0,0.008,5242381000.0,SBNY,,,SBNY,8643811240.0,0.3072308380875851,converged,0.3072308380875851,2016,2016,unknown,0,8643811240.0,5242381000.0,0.008,1.0,0.3072308380875851,13844420452.472004,0.19182064324940035,0.0,6,converged,5.200191565915726,5.008370922666326,5.008370922666326,2.7446334756135817e-07
SBNY,2018,0,-4.253721261,-4.235621261,-2.468760978,8.496792144,1.056695779,0.980389808,23.52538211,33.03176178,35.58738619,29.47435726,29.47435726,22.15799615,36.52408317,46.67009838,34.91718067,34.91718067,10.76563495,0.127693392,1.283962866,13.41,40.60203,2.148466578,11.58542557,88.41457443,47364.816,6048.174,0.131035247,0,0,0.0181,6048174000.0,SBNY,,,SBNY,6474356940.0,0.2299603662611445,converged,0.2299603662611445,2017,2017,unknown,0,6474356940.0,6048174000.0,0.0181,1.0,0.2299603662611445,12414043762.251837,0.11993235743892079,0.0,8,converged,6.2065307977779325,6.086598440339012,6.086598440339012,5.766737787427108e-10
SBNY,2019,0,-2.398083972,-2.376683972,-1.159788089,9.313306383,1.372788524,1.322777638,51.6393068,47.22842426,48.19955117,43.44888429,43.44888429,23.52538211,33.03176178,35.58738619,29.47435726,29.47435726,10.83154496,0.093854383,1.540782612,13.32,39.49611495,1.780244139,5.881262144,94.11873786,50591.809,4748.263,0.062487686,0,0,0.021400000000000002,4748263000.0,SBNY,,,SBNY,8602878140.0,0.2729590122731241,converged,0.2729590122731241,2018,2018,unknown,0,8602878140.0,4748263000.0,0.021400000000000002,1.0,0.2729590122731241,13250607854.23939,0.17721701134109308,0.0,5,converged,6.000369189851778,5.823152178510685,5.823152178510685,2.8873963587817876e-09
SBNY,2020,1,1.481214952,1.485614952,2.554065287,11.36123632,1.969459029,1.804407906,54.39040762,45.97932763,52.94067853,45.21047857,45.21047857,51.6393068,47.22842426,48.19955117,43.44888429,43.44888429,11.21031037,0.051670301,1.244983363,13.54,33.03057,1.862014134,12.01724017,87.98275983,73888.344,3817.833,0.136586306,0,0,0.0044,3817833000.0,SBNY,,,SBNY,7125724300.0,0.2449568426873152,converged,0.2449568426873152,2019,2019,unknown,0,7125724300.0,3817833000.0,0.0044,1.0,0.2449568426873152,10926795737.281805,0.1597444455448027,0.0,5,converged,6.690024514763863,6.53028006921906,6.53028006921906,3.282340944577611e-11
SBSI,2017,0,0.104977037,0.112977037,2.250807832,5.641935947,0.730207994,0.649681716,24.17324669,26.71070584,13.69137497,18.46760116,18.46760116,23.24383959,17.55626004,13.38594994,13.82797055,13.82797055,8.779264644,0.182414636,1.553488692,19.22,20.84898293,2.720277347,13.53938134,86.46061866,6498.097,1185.348,0.156595934,0,0,0.008,1185348000.0,SBSI,,,SBSI,1011304094.036,0.2963584338919891,converged,0.2963584338919891,2016,2016,unknown,0,1011304094.036,1185348000.0,0.008,1.0,0.2963584338919891,2187207008.3809013,0.13702824851197212,0.0,8,converged,4.5974269260465555,4.460398677534584,4.460398677534584,4.090366422655834e-06
SBSI,2018,0,-0.194698561,-0.176598561,3.011171401,7.335706951,0.812911448,0.732738571,23.52538211,16.36652499,11.44681324,12.51779355,12.51779355,24.17324669,26.71070584,13.69137497,18.46760116,18.46760116,8.719888128,0.149347415,1.456052243,19.59,20.27434216,3.97169303,12.0678034,87.9321966,6123.494,914.528,0.137239872,0,0,0.0181,914528000.0,SBSI,,,SBSI,953920819.244,0.235967922807012,converged,0.235967922807012,2017,2017,unknown,0,953920819.244,914528000.0,0.0181,1.0,0.235967922807012,1852044767.1007185,0.12153848835564421,0.0,8,converged,6.0155701621441615,5.8940316737885174,5.8940316737885174,1.884424395860971e-09
SBSI,2019,0,-0.00759854,0.01380146,2.204264763,5.489520236,0.695979562,0.62074714,22.06022092,16.42475479,36.01931444,21.36932778,21.36932778,23.52538211,16.36652499,11.44681324,12.51779355,12.51779355,8.817136734,0.171868862,1.553926208,18.43,17.13616418,2.645574288,12.75975042,87.24024958,6748.913,1159.928,0.146259903,0,0,0.021400000000000002,1159928000.0,SBSI,,,SBSI,1116806849.936,0.2333278503946171,converged,0.2333278503946171,2018,2018,unknown,0,1116806849.936,1159928000.0,0.021400000000000002,1.0,0.2333278503946171,2252176106.856447,0.11570238924769774,0.0,9,converged,5.9776855009831165,5.861983111735419,5.861983111735419,2.28685776272749e-09
SBSI,2020,1,-0.183389921,-0.178989921,1.92633872,4.075221507,0.596923193,0.492893594,21.88863295,27.11805309,27.03614215,23.59980611,23.59980611,22.06022092,16.42475479,36.01931444,21.36932778,21.36932778,8.854840024,0.1588426,1.164495997,21.78,15.06238,2.436734379,19.90305027,80.09694973,7008.227,1113.205,0.248486994,0,0,0.0044,1113205000.0,SBSI,,,SBSI,934579870.996,0.2042413788835161,converged,0.2042413788835161,2019,2019,unknown,0,934579870.996,1113205000.0,0.0044,1.0,0.2042413788835161,2042897529.0326176,0.09343585707088939,0.0,6,converged,6.591591967549316,6.498156110478427,6.498156110478427,4.065520392226462e-11
SBSI,2021,1,0.149267874,0.149667874,1.893923197,1.585616366,0.574665889,0.512212791,23.43731268,41.79357911,58.96717682,42.82254228,42.82254228,21.88863295,27.11805309,27.03614215,23.59980611,23.59980611,8.890080285,0.072462788,1.480566407,18.15,15.06238,2.075691742,12.5530219,87.4469781,7259.602,526.051,0.143550094,0,0,0.0004,526051000.00000006,SBSI,,,SBSI,1350531234.4116802,0.5155362093238317,converged,0.5155362093238317,2020,2020,unknown,0,1350531234.4116802,526051000.00000006,0.0004,1.0,0.5155362093238317,1876343612.2602606,0.37112234773129166,0.0,5,converged,3.613223551363407,3.2421012036321155,3.2421012036321155,0.0005932593973354985
SBSI,2022,1,0.053866138,0.068066138,4.179799922,6.065224526,0.53927767,0.457689774,21.22464922,39.18877652,55.39944134,40.16840719,40.16840719,23.43731268,41.79357911,58.96717682,42.82254228,42.82254228,8.93044603,0.070574903,1.520893628,16.11,13.31988,4.756966295,17.05739469,82.94260531,7558.636,533.45,0.205652989,0,0,0.014199999999999999,533450000.00000006,SBSI,,,SBSI,1134582087.59457,0.2718376435587732,converged,0.2718376435587732,2021,2021,unknown,0,1134582087.59457,533450000.00000006,0.014199999999999999,1.0,0.2718376435587732,1660510626.3466258,0.18573932396465917,0.0,5,converged,6.28280871260408,6.0970693886394205,6.0970693886394205,5.401531732232761e-10
SBSI,2023,1,-0.038622688,0.010877312,4.487991942,5.579747987,0.563694308,0.364707509,20.28948021,39.48089543,55.18698722,40.3502132,40.3502132,21.22464922,39.18877652,55.39944134,40.16840719,40.16840719,9.02219155,0.105808582,1.225173736,15.73,12.96545,5.148881642,38.53284004,61.46715996,8284.914,876.615,0.626884991,0,0,0.0495,876615000.0,SBSI,,,SBSI,947412147.6,0.2452433867311396,converged,0.2452433867311396,2022,2022,unknown,0,947412147.6,876615000.0,0.0495,1.0,0.2452433867311396,1781691164.8005762,0.1304078797989494,0.0,8,converged,5.883490277983332,5.753082398184382,5.753082398184382,4.381537288749338e-09
SFBS,2016,0,0.31403297,0.31603297,1.253755905,7.069431185,1.176393484,0.98312897,21.15270351,30.64570025,31.78469852,26.64275879,26.64275879,18.2821119,23.65147596,29.15645425,22.2274556,22.2274556,8.759425076,0.064548992,3.771636606,11.84,32.84873,1.503008123,22.64513959,77.35486041,6370.448,411.206,0.292743591,0,0,0.002,411206000.0,SFBS,,,SFBS,2044677024.0,0.2364840051229442,converged,0.2364840051229442,2015,2015,unknown,0,2044677024.0,411206000.0,0.002,1.0,0.2364840051229442,2455061433.9900393,0.196953697518348,0.0,7,converged,9.180879367773677,8.98392567025533,8.98392567025533,1.3063713796961152e-19
SFBS,2017,0,0.192836839,0.200836839,1.515115158,8.487569375,1.39965744,1.264734807,22.15799615,28.67686741,28.207504,24.37842768,24.37842768,21.15270351,30.64570025,31.78469852,26.64275879,26.64275879,8.865365853,0.051766326,3.622442883,11.52,29.19922,1.893449756,13.09464771,86.90535229,7082.384,366.629,0.150677114,0,0,0.008,366629000.0,SFBS,,,SFBS,2266402150.0,0.2602568778080121,converged,0.2602568778080121,2016,2016,unknown,0,2266402150.0,366629000.0,0.008,1.0,0.2602568778080121,2630109818.932684,0.22426696669424184,0.0,6,converged,8.93389832969081,8.70963136299657,8.70963136299657,1.5243230834026874e-18
SFBS,2018,0,-0.311120084,-0.293020084,1.784321229,10.42606194,1.41076564,1.275897053,21.58687943,27.23431841,37.87141905,27.14193279,27.14193279,22.15799615,28.67686741,28.207504,24.37842768,24.37842768,8.988119145,0.044133151,2.380110654,12.05,29.19922,2.880302585,12.99044631,87.00955369,8007.382,353.391,0.14929908,0,0,0.0181,353391000.0,SFBS,,,SFBS,1740487627.0,0.245226588249759,converged,0.245226588249759,2017,2017,unknown,0,1740487627.0,353391000.0,0.0181,1.0,0.245226588249759,2087539789.5404165,0.2044578298607252,0.0,7,converged,8.877957513610134,8.673499683749409,8.673499683749409,2.0951915518420687e-18
SFBS,2019,0,0.005046707,0.026446707,1.244171417,7.948247613,1.318873365,1.122626303,20.28455285,24.731894,42.69022604,27.6355008,27.6355008,21.58687943,27.23431841,37.87141905,27.14193279,27.14193279,9.099146542,0.059842732,2.399181319,12.31,28.61075,1.713040632,19.67031067,80.32968933,8947.653,535.452,0.244869747,0,0,0.021400000000000002,535452000.0,SFBS,,,SFBS,2057783928.0,0.2433215292923797,converged,0.2433215292923797,2018,2018,unknown,0,2057783928.0,535452000.0,0.021400000000000002,1.0,0.2433215292923797,2581898993.055831,0.19392824183320803,0.0,5,converged,8.319434380528714,8.125506138695506,8.125506138695506,2.227497209955067e-16
SFBS,2020,1,-0.201072387,-0.196672387,0.563111648,6.282970948,1.256896921,0.971199058,18.99807322,29.5138229,38.17678446,28.38249856,28.38249856,20.28455285,24.731894,42.69022604,27.6355008,27.6355008,9.387033955,0.076788701,2.190143949,12.2,26.47494,0.95692866,28.57628589,71.42371411,11932.654,916.293,0.40009521,0,0,0.0044,916293000.0,SFBS,,,SFBS,2200321509.0,0.2378046831098632,converged,0.2378046831098632,2019,2019,unknown,0,2200321509.0,916293000.0,0.0044,1.0,0.2378046831098632,3112591676.521672,0.16810645711685263,0.0,5,converged,7.384634260182155,7.216527803065302,7.216527803065302,2.6665881712034274e-13
SFBS,2021,1,0.194630574,0.195030574,0.769967609,1.338303562,1.169100973,0.932539464,19.0205481,29.37077558,54.76465492,34.51190974,34.51190974,18.99807322,29.5138229,38.17678446,28.38249856,28.38249856,9.645286998,0.114991605,3.999988256,11.58,20.83909,0.786079904,24.26848771,75.73151229,15448.806,1776.483,0.320454286,0,0,0.0004,1776483000.0,SFBS,,,SFBS,4638751774.0,0.6550777488618563,converged,0.6550777488618563,2020,2020,unknown,0,4638751774.0,1776483000.0,0.0004,1.0,0.6550777488618563,6412895868.177963,0.4746207128511582,0.0,5,converged,2.9427872574471245,2.468166544595966,2.468166544595966,0.0067903558710112714
SFBS,2022,1,0.01822984,0.03242984,3.726921744,6.095455881,0.598577019,0.467137574,17.26625006,25.39782616,38.62290503,26.69919792,26.69919792,19.0205481,29.37077558,54.76465492,34.51190974,34.51190974,9.588485875,0.115343415,2.885503713,11.03,20.13154,4.63629873,26.05159934,73.94840066,14595.753,1683.524,0.35229429,0,0,0.014199999999999999,1683524000.0,SFBS,,,SFBS,3763319811.0,0.2510670492102654,converged,0.2510670492102654,2021,2021,unknown,0,3763319811.0,1683524000.0,0.014199999999999999,1.0,0.2510670492102654,5423106702.5311575,0.17422589154609333,0.0,5,converged,6.882771257807701,6.708545366261608,6.708545366261608,9.82870298675578e-12
SFNC,2016,0,0.279864352,0.281864352,1.641254785,6.938335373,0.985563267,0.891004562,21.15270351,22.6571023,20.41382253,18.58689885,18.58689885,18.2821119,27.65241785,6.231617647,15.95898161,15.95898161,9.035993651,0.05340262,1.688725487,15.1,29.12093,1.969689224,13.02292075,86.97707925,8400.056,448.585,0.149728191,0,0,0.002,448585000.0,SFNC,,,SFNC,3913958400.0,0.254466433889419,converged,0.254466433889419,2015,2015,unknown,0,3913958400.0,448585000.0,0.002,1.0,0.254466433889419,4361647126.575215,0.22834745867647788,0.0,5,converged,10.08366003479011,9.855312576113633,9.855312576113633,3.250704158826518e-23
SFNC,2017,0,0.193418203,0.201418203,1.608283373,7.523407974,1.147840982,1.055933091,22.15799615,31.08576394,22.75337451,23.60975374,23.60975374,21.15270351,22.6571023,20.41382253,18.58689885,18.58689885,9.619518977,0.109129528,2.520844953,11.35,30.67199,2.061694893,11.15434006,88.84565994,15055.806,1643.033,0.125547383,0,0,0.008,1643033000.0,SFNC,,,SFNC,3595929600.0,0.276861333589923,converged,0.276861333589923,2016,2016,unknown,0,3595929600.0,1643033000.0,0.008,1.0,0.276861333589923,5225870773.089529,0.19050870334518308,0.0,5,converged,6.210867415962826,6.020358712617643,6.020358712617643,8.701547864322414e-10
SFNC,2018,0,-0.29619094,-0.27809094,2.065719801,8.980929245,1.161419253,1.033967871,21.58687943,20.92211868,29.0395292,20.83160138,20.83160138,22.15799615,31.08576394,22.75337451,23.60975374,23.60975374,9.713738702,0.108514503,0.991949296,13.35,30.51531314,3.312831993,15.06694328,84.93305672,16543.337,1795.192,0.177397869,0,0,0.0181,1795192000.0,SFNC,,,SFNC,3039221760.0,0.2392193279868035,converged,0.2392193279868035,2017,2017,unknown,0,3039221760.0,1795192000.0,0.0181,1.0,0.2392193279868035,4802213080.057251,0.15139698616915548,0.0,6,converged,6.6944887038516265,6.543091717682471,6.543091717682471,3.0129923548705074e-11
SFNC,2019,0,0.00078528,0.02218528,1.608239933,7.250759905,1.103723029,0.966154607,20.28455285,22.73688398,22.02377162,19.20605224,19.20605224,21.58687943,20.92211868,29.0395292,20.83160138,20.83160138,9.964542341,0.08636303,1.018724994,13.73,27.23672237,2.184735968,16.36600614,83.63399386,21259.143,1836.004,0.195686053,0,0,0.021400000000000002,1836004000.0,SFNC,,,SFNC,3374254080.0,0.2608210223310374,converged,0.2608210223310374,2018,2018,unknown,0,3374254080.0,1836004000.0,0.021400000000000002,1.0,0.2608210223310374,5171385019.640527,0.17018195234658703,0.0,5,converged,6.295791128012932,6.125609175666345,6.125609175666345,4.51686510100475e-10
SFNC,2020,1,-0.125454662,-0.121054662,1.342386298,5.475735312,1.012758753,0.774655506,18.99807322,24.83174198,30.98813149,23.47227136,23.47227136,20.28455285,22.73688398,22.02377162,19.20605224,19.20605224,10.01501784,0.090522113,0.784100725,16.78,27.23917654,1.961857445,29.68871853,70.28009687,22359.752,2024.052,0.422434229,0,0,0.0044,2024052000.0,SFNC,,,SFNC,2719303680.0,0.2620107543515355,converged,0.2620107543515355,2019,2019,unknown,0,2719303680.0,2024052000.0,0.0044,1.0,0.2620107543515355,4734469414.842685,0.15048926320844727,0.0,7,converged,5.751185913753593,5.600696650545146,5.600696650545146,1.0674602908942923e-08
SFNC,2021,1,0.134007871,0.134407871,1.539999542,1.565760893,0.818333287,0.706460137,17.43215031,22.44354142,33.2863996,23.1151004,23.1151004,18.99807322,24.83174198,30.98813149,23.47227136,23.47227136,10.11556041,0.07714967,1.026249925,16.75,21.13924277,1.810901799,16.71923082,83.26050357,24724.759,1907.507,0.200806266,0,0,0.0004,1907507000.0,SFNC,,,SFNC,3334122833.52,0.6200067222335999,converged,0.6200067222335999,2020,2020,unknown,0,3334122833.52,1907507000.0,0.0004,1.0,0.6200067222335999,5238781878.446036,0.3957648122550587,0.0,5,converged,2.7516512611950903,2.3558864489400317,2.3558864489400317,0.009239282638003981
SFNC,2022,1,-0.029759914,-0.015559914,3.700910504,7.29370131,0.861029893,0.740913323,15.8938172,22.12085511,28.71801632,21.31043001,21.31043001,17.43215031,22.44354142,33.2863996,23.1151004,23.1151004,10.22052432,0.050460104,0.838593828,14.2,20.64281554,4.679892467,16.96359211,83.03640789,27461.061,1385.688,0.204291016,0,0,0.014199999999999999,1385688000.0,SFNC,,,SFNC,2741666793.32,0.3285441979301866,converged,0.3285441979301866,2021,2021,unknown,0,2741666793.32,1385688000.0,0.014199999999999999,1.0,0.3285441979301866,4107817045.1215067,0.21927920307160942,0.0,5,converged,5.130156696683996,4.910877493612387,4.910877493612387,4.5334861862070287e-07
SFNC,2023,1,-0.08558889,-0.03608889,4.199609303,6.679162071,0.888633718,0.756790765,14.03688525,17.30551257,28.80656843,18.96619395,18.96619395,15.8938172,22.12085511,28.71801632,21.31043001,21.31043001,10.21631362,0.051433218,0.724839229,14.4,18.92653,5.216644792,17.68755612,82.31244388,27345.674,1406.476,0.214883137,0,0,0.0495,1406476000.0,SFNC,,,SFNC,2483652920.96,0.276242818737349,converged,0.276242818737349,2022,2022,unknown,0,2483652920.96,1406476000.0,0.0495,1.0,0.276242818737349,3822203384.79049,0.1795015114723091,0.0,5,converged,5.93504846302569,5.755546951553381,5.755546951553381,4.3180856929637786e-09
SFST,2018,0,-0.292240127,-0.274140127,1.559103076,7.521728552,0.803677721,0.780224661,21.58687943,23.97526727,57.73817455,32.67747541,32.67747541,22.15799615,27.02445503,34.22900938,25.72657307,25.72657307,7.549932271,0.03335922,1.376814357,12.49,34.55053,2.782613015,4.391087425,95.60891257,1900.614,63.403,0.045927595,0,0,0.0181,63403000.0,SFST,,,SFST,261975340.2,0.2306390474468894,converged,0.2306390474468894,2017,2017,unknown,0,261975340.2,63403000.0,0.0181,1.0,0.2306390474468894,324241069.2503696,0.18634821016965997,0.0,5,converged,8.947973942385895,8.761625732216235,8.761625732216235,9.622717209136813e-19
SFST,2019,0,-0.006015659,0.015384341,1.128570069,6.637593757,0.926329024,0.859315115,20.28455285,20.18786822,53.60607025,29.31136793,29.31136793,21.58687943,23.97526727,57.73817455,32.67747541,32.67747541,7.726298664,0.064348236,1.583659226,13.73,34.55053,1.703334892,10.64674262,89.35325738,2267.195,145.89,0.11915338,0,0,0.021400000000000002,145890000.0,SFST,,,SFST,347094861.40000004,0.213609992984259,converged,0.213609992984259,2018,2018,unknown,0,347094861.40000004,145890000.0,0.021400000000000002,1.0,0.213609992984259,489895984.2662857,0.15134423079642895,0.0,5,converged,8.220945787160945,8.069601556364516,8.069601556364516,3.5263974340446176e-16
SFST,2020,1,-0.170969054,-0.166569054,1.286776529,6.428072701,1.060886195,0.942140748,24.72489026,29.84106512,56.9359935,36.12278761,36.12278761,20.28455285,20.18786822,53.60607025,29.31136793,29.31136793,7.817056441,0.024570337,1.203564885,13.31,34.55053,2.179465388,16.14767986,83.85232014,2482.587,60.998,0.192572845,0,0,0.0044,60998000.0,SFST,,,SFST,288769201.0,0.2463269467038603,converged,0.2463269467038603,2019,2019,unknown,0,288769201.0,60998000.0,0.0044,1.0,0.2463269467038603,349499399.422697,0.20352435151638612,0.0,8,converged,8.700540422649842,8.497016071133457,8.497016071133457,9.726325616936785e-18
SFST,2021,1,0.157195875,0.157595875,1.710670368,1.556102324,0.930210561,0.872875374,25.81739207,35.71362152,24.37160426,27.69520862,27.69520862,24.72489026,29.84106512,56.9359935,36.12278761,36.12278761,7.981237093,0.012341619,1.782233347,14.36,23.05302,2.034478151,7.865055477,92.13494452,2925.548,36.106,0.085364522,0,0,0.0004,36106000.0,SFST,,,SFST,495284429.31,0.8097715944414636,converged,0.8097715944414636,2020,2020,unknown,0,495284429.31,36106000.0,0.0004,1.0,0.8097715944414636,531371533.6161714,0.7548081666723557,0.0,4,converged,3.940431784237755,3.1856236175653994,3.1856236175653994,0.0007222119004883481
SFST,2022,1,0.005252825,0.019452825,3.26157389,7.484227473,0.863518017,0.79691275,25.84508103,31.02509674,34.73688195,29.34604282,29.34604282,25.81739207,35.71362152,24.37160426,27.69520862,27.69520862,8.213918449,0.057208853,1.244449492,12.45,23.05302,4.215925034,9.797693747,90.20230625,3691.981,211.214,0.108619105,0,0,0.014199999999999999,211214000.0,SFST,,,SFST,366505308.75,0.3161790315068464,converged,0.3161790315068464,2021,2021,unknown,0,366505308.75,211214000.0,0.014199999999999999,1.0,0.3161790315068464,574741261.039875,0.20162343941433336,0.0,6,converged,5.136179255150904,4.934555815736571,4.934555815736571,4.0166685323574143e-07
SFST,2023,1,-0.079451673,-0.029951673,3.655907254,6.577508497,0.855435219,0.758124346,22.90914385,38.88492861,33.43874033,32.60247635,32.60247635,25.84508103,31.02509674,34.73688195,29.34604282,29.34604282,8.307900522,0.07675991,0.960330853,12.28,23.05302,4.784563216,14.29644853,85.70355147,4055.789,311.322,0.16681279,0,0,0.0495,311322000.0,SFST,,,SFST,300071700.6,0.2603448578090931,converged,0.2603448578090931,2022,2022,unknown,0,300071700.6,311322000.0,0.0495,1.0,0.2603448578090931,596358453.44687,0.13099861041325203,0.0,8,converged,5.405358786923352,5.2743601765101,5.2743601765101,6.661002118121162e-08
SHBI,2018,0,-0.230584355,-0.212484355,1.105506078,4.34176876,0.446843627,0.341862709,21.58687943,7.274640987,21.50122141,11.34866164,11.34866164,22.15799615,12.29218766,11.84511553,10.36116667,10.36116667,7.301873588,0.051118082,1.011969792,12.73,38.82851,2.038487297,33.42240417,66.57759583,1483.076,75.812,0.502006775,0,0,0.0181,75812000.0,SHBI,,,SHBI,485262322.0,0.1983089923035407,converged,0.1983089923035407,2017,2017,unknown,0,485262322.0,75812000.0,0.0181,1.0,0.1983089923035407,559714468.6008819,0.17193031081567092,0.0,6,converged,11.819034066669957,11.647103755854285,11.647103755854285,1.1869516380505398e-31
SHBI,2019,0,0.075824607,0.097224607,0.994851537,4.872097442,0.568344841,0.538410245,20.28455285,34.52718691,33.3099862,29.11707974,29.11707974,21.58687943,7.274640987,21.50122141,11.34866164,11.34866164,7.351950595,0.010406385,1.125540492,13.87,36.57714832,1.427660442,8.059723112,91.94027689,1559.235,16.226,0.087662593,0,0,0.021400000000000002,16226000.0,SHBI,,,SHBI,579377848.0,0.2466191397476552,converged,0.2466191397476552,2018,2018,unknown,0,579377848.0,16226000.0,0.021400000000000002,1.0,0.2466191397476552,595260300.6672722,0.2400389649745462,0.0,4,converged,15.216668047038292,14.976629082063745,14.976629082063745,5.2189240486218835e-51
SHBI,2020,1,-0.166946862,-0.162546862,1.166381691,5.704243732,0.915230189,0.819214773,18.99807322,24.8932747,36.54183026,25.50212315,25.50212315,20.28455285,34.52718691,33.3099862,29.11707974,29.11707974,7.566991425,0.013178918,0.882156857,14.25,36.57782823,2.055393487,15.59757268,84.40242732,1933.315,25.479,0.184800049,0,0,0.0044,25479000.0,SHBI,,,SHBI,487264780.0,0.2205232923370867,converged,0.2205232923370867,2019,2019,unknown,0,487264780.0,25479000.0,0.0044,1.0,0.2205232923370867,512631918.6753839,0.20961089157952767,0.0,4,converged,14.446157052403164,14.236546160823636,14.236546160823636,2.7173730988649604e-46
SHBI,2021,1,0.244173309,0.244573309,1.575995356,1.551055551,0.981602518,0.891820784,19.0205481,19.97367813,42.79237655,25.54092919,25.54092919,18.99807322,24.8932747,36.54183026,25.50212315,25.50212315,8.149063174,0.016484901,1.177631327,15.36,25.13680186,1.817198046,11.85351191,88.14648809,3460.136,57.04,0.134475147,0,0,0.0004,57040000.0,SHBI,,,SHBI,412987063.05,0.87707721881318,converged,0.87707721881318,2020,2020,unknown,0,412987063.05,57040000.0,0.0004,1.0,0.87707721881318,469891701.395457,0.7715608859941797,0.0,5,converged,3.1193942222468576,2.3478333362526778,2.3478333362526778,0.009441484233801386
SHBI,2022,1,0.019595449,0.033795449,3.09816378,7.632646428,0.914152884,0.835953645,17.26625006,20.84174001,48.91527002,28.14463058,28.14463058,19.0205481,19.97367813,42.79237655,25.54092919,25.54092919,8.154004508,0.023889964,0.949745071,13.91,25.16827212,4.10003037,11.11166934,88.88833066,3477.276,83.072,0.125007065,0,0,0.014199999999999999,83072000.0,SHBI,,,SHBI,345977883.09,0.255120391709495,converged,0.255120391709495,2021,2021,unknown,0,345977883.09,83072000.0,0.014199999999999999,1.0,0.255120391709495,427878596.5061978,0.20628751654668134,0.0,5,converged,8.117840082886177,7.911552566339496,7.911552566339496,1.2709928185399017e-15
SHBI,2023,1,0.033139711,0.082639711,3.508199086,6.76395483,0.949087225,0.822606082,18.32471056,24.06284995,35.98454493,25.51935168,25.51935168,17.26625006,20.84174001,48.91527002,28.14463058,28.14463058,8.701332761,0.012089501,0.924514719,11.48,25.62346,4.624733257,17.13123787,82.86876213,6010.918,72.669,0.206727329,0,0,0.0495,72669000.0,SHBI,,,SHBI,472551831.0,0.2177201111352403,converged,0.2177201111352403,2022,2022,unknown,0,472551831.0,72669000.0,0.0495,1.0,0.2177201111352403,541711293.1386292,0.1899241142090258,0.0,6,converged,10.932544819619826,10.7426207054108,10.7426207054108,3.2097884381451858e-27
SMBK,2018,0,-0.220747912,-0.202647912,1.643266431,5.860791234,0.592360057,0.530572558,22.90149619,30.20060187,30.81279147,26.26140827,26.26140827,23.4924188,17.93270082,19.73804621,16.19247311,16.19247311,7.729475517,0.027337212,0.899488423,12.74,37.72032223,2.912653441,15.75301982,84.24698018,2274.409,62.176,0.186986166,0,0,0.0181,62176000.0,SMBK,,,SMBK,310909725.0,0.2722802634624963,converged,0.2722802634624963,2017,2017,unknown,0,310909725.0,62176000.0,0.0181,1.0,0.2722802634624963,371970462.9885614,0.2275841562804377,0.0,7,converged,8.053472093170596,7.825887936890158,7.825887936890158,2.5204310925703447e-15
SMBK,2019,0,0.028136729,0.049536729,1.714286615,6.726401278,0.955231781,0.861148606,25.22477788,25.10319572,46.33025576,29.84146955,29.84146955,22.90149619,30.20060187,30.81279147,26.26140827,26.26140827,7.80348528,0.028942605,1.059305798,14.02,27.15842702,2.294308943,13.04251946,86.95748054,2449.123,70.884,0.14998732,0,0,0.021400000000000002,70884000.0,SMBK,,,SMBK,402463875.0,0.2768293233085931,converged,0.2768293233085931,2018,2018,unknown,0,402463875.0,70884000.0,0.021400000000000002,1.0,0.2768293233085931,471847073.2633149,0.2361226965635234,0.0,7,converged,8.23676499494612,8.000642298382596,8.000642298382596,6.188593150438559e-16
SMBK,2020,1,-0.120379879,-0.115979879,0.919816293,3.220639044,0.823086658,0.409875137,23.96883345,27.46925829,56.77841538,34.78077113,34.78077113,25.22477788,25.10319572,46.33025576,29.84146955,29.84146955,8.103176321,0.036474088,0.767271598,14.07,26.4388706,1.316922491,57.81443736,42.18556264,3304.949,120.545,1.370479229,0,0,0.0044,120545000.0,SMBK,,,SMBK,308697450.0,0.2363769137507673,converged,0.2363769137507673,2019,2019,unknown,0,308697450.0,120545000.0,0.0044,1.0,0.2363769137507673,428713217.1660669,0.17020457404212969,0.0,5,converged,7.565307116400001,7.395102542357872,7.395102542357872,7.064959513012056e-14
SMBK,2021,1,0.15215916,0.15255916,1.656613652,1.562420188,0.721121025,0.654971105,22.48509691,24.76440478,41.90778708,28.09757243,28.09757243,23.96883345,27.46925829,56.77841538,34.78077113,34.78077113,8.436325594,0.029711082,1.070558197,12.55,21.18758751,1.930386204,11.35916477,88.64083523,4611.579,137.015,0.128148215,0,0,0.0004,137015000.0,SMBK,,,SMBK,465598800.0,0.7335107401461792,converged,0.7335107401461792,2020,2020,unknown,0,465598800.0,137015000.0,0.0004,1.0,0.7335107401461792,602333346.091624,0.5680877843031902,0.0,5,converged,2.891247664428723,2.323159880125533,2.323159880125533,0.010085282576204791
SMBK,2022,1,-0.005433869,0.008766131,3.408813998,6.940405428,0.751673072,0.674724588,20.26782984,25.94358194,57.47765363,34.18982977,34.18982977,22.48509691,24.76440478,41.90778708,28.09757243,28.09757243,8.441930276,0.02608303,1.074736936,11.4,21.23126035,4.317901439,12.64725288,87.35274712,4637.498,120.96,0.144783688,0,0,0.014199999999999999,120960000.0,SMBK,,,SMBK,467981250.0,0.249939123174617,converged,0.249939123174617,2021,2021,unknown,0,467981250.0,120960000.0,0.014199999999999999,1.0,0.249939123174617,587235755.6676534,0.19918205279271223,0.0,5,converged,8.103155767637778,7.903973714845066,7.903973714845066,1.3507500846881801e-15
SMBK,2023,1,-0.026847928,0.022652072,4.042591862,7.240887608,1.052701398,0.938391537,17.67606449,21.91368946,64.95706926,34.77777672,34.77777672,20.26782984,25.94358194,57.47765363,34.18982977,34.18982977,8.482474823,0.013081784,0.904697353,11.8,21.23017,5.107251941,13.39339619,86.60660381,4829.387,63.177,0.154646362,0,0,0.0495,63177000.0,SMBK,,,SMBK,416758575.0,0.2602538953804441,converged,0.2602538953804441,2022,2022,unknown,0,416758575.0,63177000.0,0.0495,1.0,0.2602538953804441,476884451.77769464,0.22744092931426524,0.0,6,converged,9.218651215079587,8.991210285765321,8.991210285765321,1.2226135045215519e-19
SNV,2016,0,0.364560959,0.366560959,2.190676304,11.29471704,2.623788874,1.865909414,21.15270351,28.19196737,62.58105802,36.5123967,36.5123967,18.2821119,26.47127056,49.11968954,30.81283843,30.81283843,10.3124134,0.077085432,1.792573882,12.01,31.88739,2.885728608,36.62449104,61.41713298,30104.002,2320.58,0.596323685,0,0,0.002,2320580000.0,SNV,,,SNV,5710653711.36,0.2235754132797053,converged,0.2235754132797053,2015,2015,unknown,0,5710653711.36,2320580000.0,0.002,1.0,0.2235754132797053,8026597189.427561,0.15906638062068118,0.0,5,converged,7.8935257929546605,7.73445941233398,7.73445941233398,5.1921700860722096e-15
SNV,2017,0,0.293602159,0.301602159,2.081515187,11.83454992,2.534989486,2.030902289,22.15799615,29.55187903,42.51086708,29.96164415,29.96164415,21.15270351,28.19196737,62.58105802,36.5123967,36.5123967,10.34887303,0.059808396,2.010144049,12.23,31.375235,2.715675757,26.12984232,72.24387305,31221.837,1867.328,0.361689389,0,0,0.008,1867328000.0,SNV,,,SNV,6664282836.48,0.272076053767611,converged,0.272076053767611,2016,2016,unknown,0,6664282836.48,1867328000.0,0.008,1.0,0.272076053767611,8516731807.948817,0.21289760159511084,0.0,5,converged,7.271978769958593,7.059081168363482,7.059081168363482,8.380357677901021e-13
SNV,2018,0,-0.376764037,-0.358664037,1.64956805,8.214567146,1.236033071,0.969379545,21.58687943,33.75242067,63.77192982,39.69909539,39.69909539,22.15799615,29.55187903,42.51086708,29.96164415,29.96164415,10.39418777,0.077897519,1.261386965,12.37,36.46972,2.98074138,29.46877464,68.05959612,32669.192,2544.849,0.432984859,0,0,0.0181,2544849000.0,SNV,,,SNV,4447025614.08,0.2024258027301675,converged,0.2024258027301675,2017,2017,unknown,0,4447025614.08,2544849000.0,0.0181,1.0,0.2024258027301675,6946227202.464659,0.12959448398339513,0.0,5,converged,7.95268965820841,7.823095174225015,7.823095174225015,2.577005385287896e-15
SNV,2019,0,0.091773683,0.113173683,1.430524834,7.103781762,1.361578595,1.057296544,20.64448556,33.82583923,67.24503874,41.03766051,41.03766051,21.58687943,33.75242067,63.77192982,39.69909539,39.69909539,10.78318239,0.084594427,1.309687553,12.25,35.46746,2.103430976,28.8161152,64.61519648,48203.282,4077.729,0.445964986,0,0,0.021400000000000002,4077729000.0,SNV,,,SNV,5449309286.400001,0.2564454183812035,converged,0.2564454183812035,2018,2018,unknown,0,5449309286.400001,4077729000.0,0.021400000000000002,1.0,0.2564454183812035,9440701978.784992,0.14802399329186547,0.0,7,converged,5.88989430469009,5.741870311398224,5.741870311398224,4.681826256308973e-09
SNV,2020,1,-0.146982395,-0.142582395,1.306465658,7.510270052,1.680063173,1.205442002,49.65669835,54.88186015,55.73643411,49.95095258,49.95095258,20.64448556,33.82583923,67.24503874,41.03766051,41.03766051,10.90401206,0.026472695,1.036298139,13.42,32.92616,2.068635303,33.36731051,56.84255452,54394.159,1439.96,0.58701286,0,0,0.0044,1439960000.0,SNV,,,SNV,4499850551.04,0.2850647262514521,converged,0.2850647262514521,2019,2019,unknown,0,4499850551.04,1439960000.0,0.0044,1.0,0.2850647262514521,5933488645.429376,0.2161879363346522,0.0,5,converged,6.678289480188169,6.4621015438535165,6.4621015438535165,5.162938327723964e-11
SNV,2021,1,0.271549958,0.271949958,1.596472198,1.878282476,1.554419999,1.329435894,53.06294401,63.48794758,48.382905,52.55659906,52.55659906,49.65669835,54.88186015,55.73643411,49.95095258,49.95095258,10.95635649,0.025618162,1.458431928,12.61,26.30471,1.88542723,17.47947683,76.11736151,57317.226,1468.362,0.229638501,0,0,0.0004,1468362000.0,SNV,,,SNV,6941632816.82,0.8628144164314484,converged,0.8628144164314484,2020,2020,unknown,0,6941632816.82,1468362000.0,0.0004,1.0,0.8628144164314484,8403706624.587134,0.7145318537399085,0.0,6,converged,2.7993199380674216,2.084788084327513,2.084788084327513,0.018544270401846304
SNV,2022,1,-0.055514868,-0.041314868,3.446797182,7.717788326,1.367495988,0.876420899,52.33491608,59.65420902,50.4273743,51.62905514,51.62905514,53.06294401,63.48794758,48.382905,52.55659906,52.55659906,10.99761276,0.081357055,1.387027226,12.54,23.52098,4.536586969,40.32536905,55.04089495,59731.378,4859.569,0.732643775,0,0,0.014199999999999999,4859569000.0,SNV,,,SNV,5463023106.7,0.3416411497974732,converged,0.3416411497974732,2021,2021,unknown,0,5463023106.7,4859569000.0,0.014199999999999999,1.0,0.3416411497974732,10254069838.752483,0.1820166670788017,0.0,6,converged,4.2715317195409535,4.0895150524621515,4.0895150524621515,2.161380082643896e-05
SNV,2023,1,-0.013669019,0.035830981,3.858524335,7.268176061,1.440122427,0.942201609,47.30700401,60.40031236,77.79623541,61.58087845,61.58087845,52.33491608,59.65420902,50.4273743,51.62905514,51.62905514,10.99892036,0.035531191,1.205245226,13.07,23.45331,5.015063056,37.879586,54.86750313,59809.534,2125.104,0.690382901,0,0,0.0495,2125103999.9999998,SNV,,,SNV,5523455674.5,0.3957471540516553,converged,0.3957471540516553,2022,2022,unknown,0,5523455674.5,2125103999.9999998,0.0495,1.0,0.3957471540516553,7545927490.276935,0.289678750552561,0.0,5,converged,4.690175433241874,4.4004966826893135,4.4004966826893135,5.400168941568906e-06
SPFI,2020,1,-0.269019996,-0.264619996,2.509946614,4.675426874,0.787221062,0.522019592,18.99807322,30.69133549,71.36816672,40.91544242,40.91544242,20.28455285,20.34699753,41.28409212,24.95438394,24.95438394,8.188455764,0.062106714,0.925682878,19.08,12.21801039,3.050239889,36.6583588,63.3416412,3599.16,223.532,0.578740274,0,0,0.0044,223532000.0,SPFI,,,SPFI,307514915.0,0.2481962452728887,converged,0.2481962452728887,2019,2019,unknown,0,307514915.0,223532000.0,0.0044,1.0,0.2481962452728887,530065534.8182297,0.1439898324250496,0.0,7,converged,6.0991292933265315,5.955139460901482,5.955139460901482,1.2992507406309827e-09
SPFI,2021,1,0.257158626,0.257558626,2.191955049,1.704863293,0.770699817,0.623982496,20.07635504,33.26871221,58.55616517,37.9622662,37.9622662,18.99807322,30.69133549,71.36816672,40.91544242,40.91544242,8.26920736,0.031310236,1.212272034,18.4,16.33192118,2.379520162,21.93767778,78.06232222,3901.855,122.168,0.281027737,0,0,0.0004,122168000.0,SPFI,,,SPFI,451292337.0,0.7240167563162441,converged,0.7240167563162441,2020,2020,unknown,0,451292337.0,122168000.0,0.0004,1.0,0.7240167563162441,573261450.1564761,0.5707564885846512,0.0,7,converged,2.9946680726543526,2.4239115840697014,2.4239115840697014,0.007677171611074939
SPFI,2022,1,0.123547897,0.137747897,3.849465926,6.358614693,0.636723433,0.527797768,18.32180562,30.52401943,51.94040968,34.18809145,34.18809145,20.07635504,33.26871221,58.55616517,37.9622662,37.9622662,8.279966689,0.031022324,1.312998183,16.58,20.64255059,4.71303892,20.63875298,79.36124702,3944.063,122.354,0.260060845,0,0,0.014199999999999999,122354000.0,SPFI,,,SPFI,446748581.0,0.2962974322188085,converged,0.2962974322188085,2021,2021,unknown,0,446748581.0,122354000.0,0.014199999999999999,1.0,0.2962974322188085,567377431.7477099,0.2333022957767507,0.0,5,converged,6.753132195478293,6.519829899701542,6.519829899701542,3.51935835242967e-11
SPFI,2023,1,0.042579267,0.092079267,3.450358497,5.533226785,0.57104327,0.469590143,16.18572488,27.80190275,71.87082618,39.9726741,39.9726741,18.32180562,30.52401943,51.94040968,34.18809145,34.18809145,8.343980344,0.026200576,1.167828144,16.74,21.12581057,4.282868486,21.50166153,78.49833847,4204.793,110.168,0.273912314,0,0,0.0495,110168000.0,SPFI,,,SPFI,469954192.0,0.2512684863866598,converged,0.2512684863866598,2022,2022,unknown,0,469954192.0,110168000.0,0.0495,1.0,0.2512684863866598,574801645.9289055,0.20543553830045239,0.0,8,converged,8.385211432775732,8.179775894475279,8.179775894475279,1.4218612749778215e-16
SRCE,2017,0,0.16083857,0.16883857,1.320258949,6.204117313,1.044467958,0.854976081,22.15799615,29.38454613,50.2688172,32.67150907,32.67150907,21.15270351,32.17982046,47.76877133,33.15794863,33.15794863,8.68055005,0.058332331,1.784978338,14.7,34.52938,1.823903805,25.2908739,74.7091261,5887.284,343.419,0.338524558,0,0,0.008,343419000.0,SRCE,,,SRCE,1214635405.0,0.2287987585352881,converged,0.2287987585352881,2016,2016,unknown,0,1214635405.0,343419000.0,0.008,1.0,0.2287987585352881,1555318013.161426,0.1786818325161242,0.0,5,converged,8.58759737802528,8.408915545509155,8.408915545509155,2.069094687163575e-17
SRCE,2018,0,-0.222578899,-0.204478899,1.610011606,7.987766008,1.101202711,0.917883041,21.58687943,30.30355313,54.81123695,34.76260766,34.76260766,22.15799615,29.38454613,50.2688172,32.67150907,32.67150907,8.747311562,0.052310826,1.364834214,14.68,35.09027,2.721284195,23.52921618,76.47078382,6293.745,329.231,0.307688963,0,0,0.0181,329231000.0,SRCE,,,SRCE,990867386.0,0.2192837295729979,converged,0.2192837295729979,2017,2017,unknown,0,990867386.0,329231000.0,0.0181,1.0,0.2192837295729979,1314192910.675207,0.16533424746811065,0.0,5,converged,8.564384550535012,8.3990503030669,8.3990503030669,2.2505199140249323e-17
SRCE,2019,0,0.072241195,0.093641195,1.188982532,6.717139027,1.082173309,0.915536839,20.28455285,27.55496578,65.43669744,37.22447411,37.22447411,21.58687943,30.30355313,54.81123695,34.76260766,34.76260766,8.798269896,0.041719062,1.597812702,14.9,35.09027,1.71907731,21.89965933,78.10034067,6622.776,276.296,0.280404146,0,0,0.021400000000000002,276296000.0,SRCE,,,SRCE,1274323252.0,0.2308466641895133,converged,0.2308466641895133,2018,2018,unknown,0,1274323252.0,276296000.0,0.021400000000000002,1.0,0.2308466641895133,1544769335.0764,0.19043185187552142,0.0,8,converged,9.245770880540963,9.055339028665442,9.055339028665442,6.80720959810311e-20
SRCE,2020,1,-0.20721556,-0.20281556,0.749759037,5.949767753,1.141099881,0.911396614,18.99807322,22.45713821,65.19983892,34.61068256,34.61068256,20.28455285,27.55496578,65.43669744,37.22447411,37.22447411,8.897875186,0.039810366,1.153731954,15.99,35.09027,1.380147202,27.96865043,72.03134957,7316.411,291.269,0.388284415,0,0,0.0044,291269000.0,SRCE,,,SRCE,989884870.0,0.2172195375252246,converged,0.2172195375252246,2019,2019,unknown,0,989884870.0,291269000.0,0.0044,1.0,0.2172195375252246,1279875101.7532234,0.16800259132324163,0.0,5,converged,8.921189608651783,8.75318701732854,8.75318701732854,1.0370527736219007e-18
SRCE,2021,1,0.266954696,0.267354696,1.139164645,1.446427225,1.113666796,0.903544521,38.01846042,28.25706422,53.52295697,33.94313222,33.94313222,18.99807322,22.45713821,65.19983892,34.61068256,34.61068256,8.999161088,0.040764602,1.339233942,16.76,23.41911,1.219737933,23.29348126,76.70651874,8096.289,330.042,0.303670166,0,0,0.0004,330042000.0,SRCE,,,SRCE,1227079795.2,0.5761342620840685,converged,0.5761342620840685,2020,2020,unknown,0,1227079795.2,330042000.0,0.0004,1.0,0.5761342620840685,1556963987.0388076,0.45412588531176423,0.0,5,converged,3.6438977299972706,3.1897718446855063,3.1897718446855063,0.0007119257750236208
SRCE,2022,1,0.052169918,0.066369918,3.273445392,7.198629588,0.977325655,0.751948479,34.73936834,28.47744803,31.93482309,26.21666873,26.21666873,38.01846042,28.25706422,53.52295697,33.94313222,33.94313222,9.028748469,0.038473677,1.515298291,16.1,23.41911,4.212205806,28.1290388,71.8709612,8339.416,320.848,0.391382532,0,0,0.014199999999999999,320848000.0,SRCE,,,SRCE,1309320763.74,0.2855521397929257,converged,0.2855521397929257,2021,2021,unknown,0,1309320763.74,320848000.0,0.014199999999999999,1.0,0.2855521397929257,1625644917.4639904,0.22998832140084366,0.0,5,converged,7.232279019390265,7.002290697989421,7.002290697989421,1.2590545472615053e-12
SSB,2016,0,0.242343855,0.244343855,1.204541029,6.765857961,1.009554798,0.891837903,21.15270351,16.53781049,64.2903868,31.34729325,31.34729325,18.2821119,17.15903684,45.49223856,24.88808816,24.88808816,9.09387307,0.041473421,1.866524466,13.04,33.49867,1.50472683,16.56116153,83.43883847,8900.592,369.138,0.198482647,0,0,0.002,369138000.0,SSB,,,SSB,8870488200.0,0.2364840051229442,converged,0.2364840051229442,2015,2015,unknown,0,8870488200.0,369138000.0,0.002,1.0,0.2364840051229442,9238888661.784056,0.2270542111422393,0.0,4,converged,14.303998661366812,14.076944450224573,14.076944450224573,2.631846071218548e-45
SSB,2017,0,0.161609869,0.169609869,1.338328498,7.096289219,1.07652775,0.984052939,24.17324669,19.5816271,54.43148021,29.598016,29.598016,21.15270351,16.53781049,64.2903868,31.34729325,31.34729325,9.579597063,0.034786984,1.387490264,13.04,33.85004,1.798665378,12.43901617,87.56098383,14466.589,503.249,0.142061174,0,0,0.008,503249000.0,SSB,,,SSB,8845114950.0,0.2602568778080121,converged,0.2602568778080121,2016,2016,unknown,0,8845114950.0,503249000.0,0.008,1.0,0.2602568778080121,9344354019.10987,0.2463521818670993,0.0,4,converged,12.014455039767094,11.768102857899995,11.768102857899995,2.849587893103091e-32
SSB,2018,0,-0.226803523,-0.208703523,1.641615287,9.138665997,1.159465815,1.067005456,23.52538211,18.69258025,37.66711082,23.11082408,23.11082408,24.17324669,19.5816271,54.43148021,29.598016,29.598016,9.593991135,0.036571341,0.907739971,13.56,33.85004,2.76061536,11.58238853,88.41761147,14676.328,536.733,0.130996397,0,0,0.0181,536732999.99999994,SSB,,,SSB,6084505350.0,0.245226588249759,converged,0.245226588249759,2017,2017,unknown,0,6084505350.0,536732999.99999994,0.0181,1.0,0.245226588249759,6611610874.193162,0.22567608963470812,0.0,4,converged,11.319970558028308,11.0942944683936,11.0942944683936,6.685543540112535e-29
SSB,2019,0,0.054331614,0.075731614,1.426015737,7.412980468,1.358198747,1.05501727,22.06022092,17.69189557,48.2330468,26.39477325,26.39477325,23.52538211,18.69258025,37.66711082,23.11082408,23.11082408,9.67540005,0.070012597,1.233590123,12.78,32.37523,2.030127216,29.82207307,70.17792693,15921.092,1114.677,0.424949473,0,0,0.021400000000000002,1114677000.0,SSB,,,SSB,8804517750.0,0.2433215292923797,converged,0.2433215292923797,2018,2018,unknown,0,8804517750.0,1114677000.0,0.021400000000000002,1.0,0.2433215292923797,9895594089.94766,0.21649318942197568,0.0,5,converged,10.292977789726914,10.076484600304939,10.076484600304939,3.509631352495975e-24
SSB,2020,1,-0.170244809,-0.165844809,1.159208674,5.420502005,1.067497602,0.787396658,20.85479836,23.99825326,29.44226316,22.76971678,22.76971678,22.06022092,17.69189557,48.2330468,26.39477325,26.39477325,10.53979644,0.030956574,1.104026435,14.24,32.37523,1.874883364,34.47073277,65.52926723,37789.873,1169.845,0.526035682,0,0,0.0044,1169845000.0,SSB,,,SSB,7337943900.0,0.2378046831098632,converged,0.2378046831098632,2019,2019,unknown,0,7337943900.0,1169845000.0,0.0044,1.0,0.2378046831098632,8502652889.581101,0.20522976264766352,0.0,6,converged,9.788865707769734,9.58363594512207,9.58363594512207,4.68436928342791e-22
SSB,2021,1,0.219888139,0.220288139,1.234849494,1.481894556,0.942787919,0.799411875,22.26640446,29.62584326,14.47141591,20.60026058,20.60026058,20.85479836,23.99825326,29.44226316,22.76971678,22.76971678,10.6415712,0.026490103,1.156418842,13.56,20.93924,1.334788691,18.49065918,81.50934082,41838.456,1108.305,0.226853254,0,0,0.0004,1108305000.0,SSB,,,SSB,8130604230.0,0.6550777488618563,converged,0.6550777488618563,2020,2020,unknown,0,8130604230.0,1108305000.0,0.0004,1.0,0.6550777488618563,9238415680.344603,0.57654601875489,0.0,5,converged,3.966970836765357,3.390424818010467,3.390424818010467,0.0003489219623325764
SSB,2022,1,0.025535121,0.039735121,3.669649517,7.1642725,0.80528389,0.715791941,37.84955792,34.64156459,15.36384204,23.77572001,23.77572001,22.26640446,29.62584326,14.47141591,20.60026058,20.60026058,10.69009539,0.021601097,1.139090361,12.97,21.21512588,4.614282204,13.6957684,86.3042316,43918.696,948.692,0.158691737,0,0,0.014199999999999999,948692000.0,SSB,,,SSB,7750005480.0,0.2978261819473289,converged,0.2978261819473289,2021,2021,unknown,0,7750005480.0,948692000.0,0.014199999999999999,1.0,0.2978261819473289,8685321249.612173,0.26575350268026027,0.0,5,converged,8.518487668077428,8.252734165397168,8.252734165397168,7.740557974825988e-17
SSB,2023,1,0.012203766,0.061703766,3.780520749,7.14733415,1.052701398,0.924462688,33.84301041,43.64917272,18.37246132,29.18966422,29.18966422,37.84955792,34.64156459,15.36384204,23.77572001,23.77572001,10.71223815,0.02184955,1.160301371,14.08,21.55062098,4.752221531,15.02549793,84.97450207,44902.024,981.089,0.176823607,0,0,0.0495,981089000.0,SSB,,,SSB,8571083850.0,0.2671130394526987,converged,0.2671130394526987,2022,2022,unknown,0,8571083850.0,981089000.0,0.0495,1.0,0.2671130394526987,9504791311.89558,0.24087306962397428,0.0,5,converged,9.753676662025297,9.512803592401323,9.512803592401323,9.279596765581466e-22
STBA,2017,0,0.131382993,0.139382993,1.85934476,5.108186418,0.847907669,0.591094192,22.15799615,24.47262831,67.38389385,36.39662543,36.39662543,21.15270351,26.21093259,56.02246871,33.1687113,33.1687113,8.862236449,0.096750188,1.574868408,12.55,23.22174,2.305772605,36.13806668,63.86193332,7060.255,683.081,0.565878056,0,0,0.008,683081000.0,STBA,,,STBA,1525929243.0,0.2852090555851421,converged,0.2852090555851421,2016,2016,unknown,0,1525929243.0,683081000.0,0.008,1.0,0.2852090555851421,2203567395.3737354,0.1975019413903201,0.0,5,converged,6.069423532897365,5.871921591507045,5.871921591507045,2.153862439188123e-09
STBA,2018,0,-0.240729939,-0.222629939,2.014341248,6.040707753,0.751715507,0.566698539,21.58687943,20.5457031,70.43859649,35.54856347,35.54856347,22.15799615,24.47262831,67.38389385,36.39662543,36.39662543,8.889063046,0.083605422,1.402535254,13.21,26.16937,2.937411043,30.66169275,69.33830725,7252.221,606.325,0.44220423,0,0,0.0181,606325000.0,STBA,,,STBA,1450418552.0000002,0.2519224302342708,converged,0.2519224302342708,2017,2017,unknown,0,1450418552.0000002,606325000.0,0.0181,1.0,0.2519224302342708,2045867792.043266,0.17860047843774474,0.0,5,converged,7.000038617470399,6.821438139032654,6.821438139032654,4.506679069932062e-12
STBA,2019,0,0.012036536,0.033436536,1.79219882,5.416439747,0.665040591,0.618091758,20.28455285,29.29065397,63.28876154,37.31211852,37.31211852,21.58687943,20.5457031,70.43859649,35.54856347,35.54856347,9.078481751,0.047503557,1.337153794,12.81,26.16937,2.386382689,9.32838806,90.67161194,8764.649,416.352,0.102881022,0,0,0.021400000000000002,416352000.0,STBA,,,STBA,1544327787.0,0.2289620997261581,converged,0.2289620997261581,2018,2018,unknown,0,1544327787.0,416352000.0,0.021400000000000002,1.0,0.2289620997261581,1951864514.0383248,0.1811562894011589,0.0,5,converged,8.73730691480978,8.556150625408621,8.556150625408621,5.8349400588151566e-18
STBA,2020,1,-0.277502089,-0.273102089,1.259841311,4.581743092,0.710560214,0.609549639,18.99807322,24.40101291,60.22853116,33.78517362,33.78517362,20.28455285,29.29065397,63.28876154,37.31211852,37.31211852,9.101406479,0.025415881,0.845373859,13.44,26.16937,2.008491305,18.33073351,81.66926649,8967.897,227.927,0.224450816,0,0,0.0044,227927000.0,STBA,,,STBA,952124652.0,0.2181159698707197,converged,0.2181159698707197,2019,2019,unknown,0,952124652.0,227927000.0,0.0044,1.0,0.2181159698707197,1179050976.3009598,0.1761362282743172,0.0,5,converged,9.443552504799003,9.267416276524687,9.267416276524687,9.535474727238793e-21
STBA,2021,1,0.246227776,0.246627776,1.646708264,1.542430417,0.692813179,0.622528637,18.48795725,27.52469167,61.84363653,36.06799242,36.06799242,18.99807322,24.40101291,60.22853116,33.78517362,33.78517362,9.157838874,0.017000949,1.028095257,13.79,17.82969542,1.740134118,12.08015489,87.91984511,9488.529,161.314,0.137399638,0,0,0.0004,161314000.0,STBA,,,STBA,1240349634.88,0.5987263050972941,converged,0.5987263050972941,2020,2020,unknown,0,1240349634.88,161314000.0,0.0004,1.0,0.5987263050972941,1401597909.6044772,0.5298488923327553,0.0,5,converged,4.346117185983957,3.816268293651201,3.816268293651201,6.774259188173377e-05
STBA,2022,1,0.101114972,0.115314972,4.108980259,7.192692023,0.754389662,0.718765585,21.59984669,37.45316863,59.09196122,40.69088128,40.69088128,18.48795725,27.52469167,61.84363653,36.06799242,36.06799242,9.117190228,0.048321142,1.125227491,14.73,17.92971118,4.874154453,5.695140749,94.30485925,9110.567,440.233,0.060390745,0,0,0.014199999999999999,440233000.0,STBA,,,STBA,1333010873.94,0.3212631208682311,converged,0.3212631208682311,2021,2021,unknown,0,1333010873.94,440233000.0,0.014199999999999999,1.0,0.3212631208682311,1767036740.1699147,0.2423533277448036,0.0,5,converged,5.9141861734189565,5.671832845674153,5.671832845674153,7.063889539468103e-09
STBA,2023,1,-0.011198828,0.038301172,4.589685281,6.52032317,0.779621252,0.727758949,18.97318133,42.36017219,59.13567445,43.01031484,43.01031484,21.59984669,37.45316863,59.09196122,40.69088128,40.69088128,9.164456211,0.052829883,0.995555226,15.27,16.83549002,5.476382982,7.892610621,92.10738938,9551.526,504.606,0.085689223,0,0,0.0495,504606000.0,STBA,,,STBA,1277740376.52,0.2368713386065166,converged,0.2368713386065166,2022,2022,unknown,0,1277740376.52,504606000.0,0.0495,1.0,0.2368713386065166,1757976509.5466175,0.17216388941198868,0.0,5,converged,7.623323312872724,7.4511594234607355,7.4511594234607355,4.626173725690983e-14
STEL,2019,0,0.032521321,0.053921321,1.137243102,5.036059555,0.54527598,0.544646666,20.28455285,26.89487384,32.98631009,25.21492906,25.21492906,21.58687943,22.44708436,31.83433267,22.5941136,22.5941136,8.154369094,0.014513256,1.451069356,16.41,30.62434,1.561659288,0.166273412,99.83372659,3478.544,50.485,0.001665503,0,0,0.021400000000000002,50485000.0,STEL,,,STEL,1601845984.0,0.2188224950112741,converged,0.2188224950112741,2018,2018,unknown,0,1601845984.0,50485000.0,0.021400000000000002,1.0,0.2188224950112741,1651262083.0328605,0.21227395605116808,0.0,4,converged,16.636751360198264,16.424477404147098,16.424477404147098,6.38899630504722e-61
STEL,2020,1,-0.080519922,-0.076119922,0.487606923,6.99662252,1.024486749,1.020638986,18.99807322,24.78419396,38.04792107,25.99021179,25.99021179,20.28455285,26.89487384,32.98631009,25.21492906,25.21492906,8.28127261,0.012660738,1.149001909,16.71,28.61167,0.789102328,0.525317109,99.47468289,3949.217,50.0,0.005280913,0,0,0.0044,50000000.0,STEL,,,STEL,1313081332.0,0.245106703053711,converged,0.245106703053711,2019,2019,unknown,0,1313081332.0,50000000.0,0.0044,1.0,0.245106703053711,1362861815.2909157,0.23615382903602442,0.0,4,converged,14.133174835537261,13.897021006501237,13.897021006501237,3.3016491004001895e-44
STEL,2021,1,0.13539233,0.13579233,0.13579233,1.515266,0.993505518,0.993505518,17.43215031,21.53186387,33.85407643,22.86727199,22.86727199,18.99807322,24.78419396,38.04792107,25.99021179,25.99021179,8.408716938,0.011145784,1.263320738,16.42,19.37497,0.0,0.0,100.0,4486.001,50.0,0.0,0,0,0.0004,50000000.0,STEL,,,STEL,1492722800.0,0.7825581274564173,converged,0.7825581274564173,2020,2020,unknown,0,1492722800.0,50000000.0,0.0004,1.0,0.7825581274564173,1542702685.7422419,0.7572054598967765,0.0,4,converged,4.907978605013986,4.15077314511721,4.15077314511721,1.6567703336290232e-05
STEL,2022,1,-0.050534604,-0.036334604,-0.036334604,8.283294635,0.959191565,0.959191565,17.26625006,21.03177997,16.22998138,16.47218649,16.47218649,17.43215031,21.53186387,33.85407643,22.86727199,22.86727199,9.296558159,0.015897711,1.127878056,12.39,19.37497,0.0,0.0,100.0,10900.437,173.292,0.0,0,0,0.014199999999999999,173292000.0,STEL,,,STEL,1516400472.0,0.305823454371611,converged,0.305823454371611,2021,2021,unknown,0,1516400472.0,173292000.0,0.014199999999999999,1.0,0.305823454371611,1687249114.4960778,0.274856170788197,0.0,5,converged,8.46933745931482,8.194481288526623,8.194481288526623,1.258380580796118e-16
SYBT,2017,0,0.141153505,0.149153505,1.368139655,5.053185184,0.699698784,0.58692447,22.15799615,20.01738986,59.52985587,31.35937348,31.35937348,21.15270351,19.84239996,57.98634812,30.7169157,30.7169157,8.083219344,0.086825227,2.562647455,13.52,29.24111,1.767748121,21.3557156,78.6442844,3239.646,281.283,0.271548222,0,0,0.008,281283000.0,SYBT,,,SYBT,1110977530.0,0.2357558384493781,converged,0.2357558384493781,2016,2016,unknown,0,1110977530.0,281283000.0,0.008,1.0,0.2357558384493781,1390019243.1011152,0.18842864254111577,0.0,5,converged,8.615804077282466,8.42737543474135,8.42737543474135,1.7675213260516915e-17
SYBT,2018,0,-0.190251131,-0.172151131,1.540526872,4.731501997,0.455336196,0.365902738,21.58687943,10.3181379,51.23362203,23.56190033,23.56190033,22.15799615,20.01738986,59.52985587,31.35937348,31.35937348,8.102563416,0.028616462,2.035939316,13.91,29.24111,2.357979157,25.67402531,74.32597469,3302.924,94.518,0.34542467,0,0,0.0181,94518000.0,SYBT,,,SYBT,966579920.0,0.259284659357289,converged,0.259284659357289,2017,2017,unknown,0,966579920.0,94518000.0,0.0181,1.0,0.259284659357289,1059402533.7311193,0.23656668485974658,0.0,4,converged,10.41039226582005,10.173825580960303,10.173825580960303,1.2975574916387802e-24
SYBT,2019,0,0.039083059,0.060483059,1.044222153,4.739596881,0.523100898,0.504088553,20.28455285,13.31289278,54.66518094,26.28265996,26.28265996,21.58687943,10.3181379,51.23362203,23.56190033,23.56190033,8.222606537,0.032956098,2.284339387,12.85,27.09033,1.353337629,4.91857611,95.08142389,3724.197,122.735,0.051730148,0,0,0.021400000000000002,122735000.0,SYBT,,,SYBT,1209993034.0,0.2302425954729251,converged,0.2302425954729251,2018,2018,unknown,0,1209993034.0,122735000.0,0.021400000000000002,1.0,0.2302425954729251,1330129409.454304,0.20944724229668468,0.0,4,converged,11.584483062445535,11.37503582014885,11.37503582014885,2.7839996756867272e-30
SYBT,2020,1,-0.093614594,-0.089214594,0.61647174,5.492674335,0.816274658,0.776559502,18.99807322,21.28801645,55.91764824,30.68920953,30.68920953,20.28455285,13.31289278,54.66518094,26.28265996,26.28265996,8.435685695,0.019763361,2.084343262,13.36,20.40440206,0.879822677,6.037368137,93.96263186,4608.629,91.082,0.064252863,0,0,0.0044,91082000.0,SYBT,,,SYBT,1192901072.0,0.2049697282405638,converged,0.2049697282405638,2019,2019,unknown,0,1192901072.0,91082000.0,0.0044,1.0,0.2049697282405638,1283583191.5820801,0.19048910125661683,0.0,4,converged,14.007067312395522,13.816578211138905,13.816578211138905,1.0123385303418606e-43
SYBT,2021,1,0.1419749,0.1423749,0.749696521,1.475460066,0.721782174,0.690721759,18.48795725,30.90875793,61.50736356,37.62543101,37.62543101,18.99807322,21.28801645,55.91764824,30.68920953,30.68920953,8.801774211,0.012915991,2.513730442,12.79,17.81104,0.747919536,5.187478691,94.81252131,6646.025,85.84,0.054713013,0,0,0.0004,85840000.0,SYBT,,,SYBT,1698952480.0,0.5638056975723946,converged,0.5638056975723946,2020,2020,unknown,0,1698952480.0,85840000.0,0.0004,1.0,0.5638056975723946,1784758150.6015832,0.5366996583369211,0.0,4,converged,5.923194302625201,5.3864946442882795,5.3864946442882795,3.592253455225162e-08
SYBT,2022,1,-0.013383005,0.000816995,3.933528482,6.959544698,0.71163173,0.667551529,16.94937276,30.51915936,46.5009311,32.02983824,32.02983824,18.48795725,30.90875793,61.50736356,37.62543101,37.62543101,8.922159642,0.029144396,2.50022332,12.54,17.81104,4.785037121,7.436761094,92.56323891,7496.261,218.474,0.08034249,0,0,0.014199999999999999,218474000.0,SYBT,,,SYBT,1901249820.0,0.273919716247019,converged,0.273919716247019,2021,2021,unknown,0,1901249820.0,218474000.0,0.014199999999999999,1.0,0.273919716247019,2116643411.860269,0.24604513379749954,0.0,5,converged,9.410423488210538,9.164378354413039,9.164378354413039,2.4916680955019532e-20
TBBK,2017,0,0.301857215,0.309857215,2.174993666,7.913040977,1.212872082,1.11962373,22.15799615,32.50460748,39.39945093,30.30608765,30.30608765,21.15270351,29.92376133,23.31769056,23.23655422,23.23655422,8.457049691,0.011881745,1.699589269,17.09,31.375235,2.7667444,10.82285338,89.17714662,4708.147,55.941,0.121363531,0,0,0.008,55941000.0,TBBK,,,TBBK,461491836.00000006,0.5532513203244112,converged,0.5532513203244112,2016,2016,unknown,0,461491836.00000006,55941000.0,0.008,1.0,0.5532513203244112,516987041.888812,0.49386384405626177,0.0,5,converged,4.765829737890842,4.27196589383458,4.27196589383458,9.687860800339805e-06
TBBK,2018,0,-0.355379339,-0.337279339,2.290138098,8.978425272,1.088265395,1.013830325,21.58687943,34.75297832,55.88385521,37.35566512,37.35566512,22.15799615,32.50460748,39.39945093,30.30608765,30.30608765,8.397939049,0.012431074,1.102608955,21.07,28.26105,3.618820776,9.284117706,90.71588229,4437.911,55.168,0.102342803,0,0,0.0181,55168000.0,TBBK,,,TBBK,371809212.0,0.4654652178182752,converged,0.4654652178182752,2017,2017,unknown,0,371809212.0,55168000.0,0.0181,1.0,0.4654652178182752,425987651.57356036,0.40626592550914453,0.0,6,converged,5.278939606659471,4.872673681150327,4.872673681150327,5.504899628643303e-07
TBBK,2019,0,0.120232247,0.141632247,2.156216801,8.939414068,1.333557897,1.238415672,22.06022092,30.75228612,65.59800488,39.12411188,39.12411188,21.58687943,34.75297832,55.88385521,37.35566512,37.35566512,8.640642455,0.009629549,1.521622543,19.11,20.99961,2.565983787,8.862843876,91.13715612,5656.963,54.474,0.097247317,0,0,0.021400000000000002,54474000.0,TBBK,,,TBBK,605824809.0,0.3060015989394926,converged,0.3060015989394926,2018,2018,unknown,0,605824809.0,54474000.0,0.021400000000000002,1.0,0.3060015989394926,659145450.353267,0.28124803128944764,0.0,4,converged,9.081560201900519,8.800312170611072,8.800312170611072,6.821804634447036e-19
TBBK,2020,1,-0.093423927,-0.089023927,2.005621401,8.870989698,1.648670868,1.338167769,20.85479836,30.82279176,66.13812544,39.36519829,39.36519829,22.06022092,30.75228612,65.59800488,39.12411188,39.12411188,8.744622107,0.02422142,1.351711541,14.68,24.10442,2.732439491,23.41452283,76.58547717,6276.841,152.034,0.305730586,0,0,0.0044,152034000.0,TBBK,,,TBBK,637587405.0,0.3416462291892004,converged,0.3416462291892004,2019,2019,unknown,0,637587405.0,152034000.0,0.0044,1.0,0.3416462291892004,788953924.9162195,0.27609892785974977,0.0,5,converged,6.117803732027871,5.8417048041681205,5.8417048041681205,2.5834652550879397e-09
TBBK,2021,1,0.265104384,0.265504384,1.147587839,1.459745798,1.411751735,1.148142431,21.40868284,36.47478932,55.49812301,38.64344047,38.64344047,20.85479836,30.82279176,66.13812544,39.36519829,39.36519829,8.831016437,0.022159974,2.22551927,15.88,26.24321,1.281389654,23.73912651,76.26087349,6843.239,151.646,0.311288416,0,0,0.0004,151646000.0,TBBK,,,TBBK,1452048949.53,0.9266383221752206,converged,0.9266383221752206,2020,2020,unknown,0,1452048949.53,151646000.0,0.0004,1.0,0.9266383221752206,1603350696.592551,0.839717156743573,0.0,5,converged,3.2287830211375974,2.3890658643940244,2.3890658643940244,0.008445636931135104
TBBK,2023,1,0.011793539,0.061293539,2.964504013,8.726216196,1.466888379,1.401660645,21.18607797,30.08149089,76.05900117,43.33114365,30.34820656,21.40868284,36.47478932,55.49812301,38.64344047,38.64344047,8.949714945,0.019188795,2.541238321,16.23,26.81127,3.971751868,5.978242962,94.02175704,7705.695,147.863,0.063583612,0,0,0.0495,147863000.0,TBBK,,,TBBK,2051493412.8,0.4624077741540281,converged,0.4624077741540281,2022,2022,unknown,0,2051493412.8,147863000.0,0.0495,1.0,0.4624077741540281,2192215392.5935373,0.43272504423802594,0.0,4,converged,6.561920223162006,6.12919517892398,6.12919517892398,4.41623599496449e-10
TCBI,2016,0,0.435192298,0.437192298,2.791120207,8.735055943,1.382504579,1.233327657,21.15270351,27.20789586,25.01848692,22.50177164,22.50177164,18.2821119,9.603241023,3.723447712,6.103648724,6.103648724,9.984935457,0.1154081,2.087103058,12.48,35.76156,3.799451622,15.09156761,80.15048724,21697.134,2504.025,0.188290404,0,0,0.002,2504025000.0,TCBI,,,TCBI,3598826560.0000005,0.3173109221403382,converged,0.3173109221403382,2015,2015,unknown,0,3598826560.0000005,2504025000.0,0.002,1.0,0.3173109221403382,6097848379.889686,0.18727058869261368,0.0,6,converged,4.856991640706067,4.669721052013453,4.669721052013453,1.5080449984664902e-06
TCBI,2017,0,0.273369701,0.281369701,2.456817656,9.894977401,1.648884491,1.537753936,22.15799615,35.42944712,36.603752,30.75035649,30.75035649,21.15270351,27.20789586,25.01848692,22.50177164,22.50177164,10.12965234,0.141964524,2.149972296,11.5,35.68784,3.438914872,9.791660169,87.13703742,25075.645,3559.852,0.112370818,0,0,0.008,3559852000.0,TCBI,,,TCBI,4080812260.000001,0.4194431566777778,converged,0.4194431566777778,2016,2016,unknown,0,4080812260.000001,3559852000.0,0.008,1.0,0.4194431566777778,7612204238.66742,0.22490569132241575,0.0,6,converged,3.52736780284115,3.302462111518734,3.302462111518734,0.0004792001728790693
TCBI,2018,0,-0.441595356,-0.423495356,2.049812408,11.65736096,1.726430582,1.518255148,21.58687943,34.83662623,56.63224517,37.66657487,37.66657487,22.15799615,35.42944712,36.603752,30.75035649,30.75035649,10.24912364,0.174689918,1.091201847,11.31,35.54534,3.706331565,17.03326901,80.06959134,28257.767,4936.347,0.21273081,0,0,0.0181,4936347000.0,TCBI,,,TCBI,2345204706.0,0.2978956394266878,converged,0.2978956394266878,2017,2017,unknown,0,2345204706.0,4936347000.0,0.0181,1.0,0.2978956394266878,7193004477.517638,0.0971277055641368,0.0,8,converged,4.111085119044404,4.013957413480267,4.013957413480267,2.985456199150082e-05
TCBI,2019,0,-0.004919896,0.016480104,1.711598542,10.87405867,1.884660198,1.674312786,20.28455285,38.47005753,41.10474371,33.87885627,33.87885627,21.58687943,34.83662623,56.63224517,37.66657487,37.66657487,10.39047332,0.090245016,1.077830092,11.37,35.47562,2.632193563,15.58570001,80.04783199,32548.069,2937.301,0.194704836,0,0,0.021400000000000002,2937301000.0,TCBI,,,TCBI,2605936018.0,0.3090377908125263,converged,0.3090377908125263,2018,2018,unknown,0,2605936018.0,2937301000.0,0.021400000000000002,1.0,0.3090377908125263,5481045903.811399,0.14693107183085863,0.0,8,converged,4.464672927069644,4.317741855238785,4.317741855238785,7.88168191882913e-06
TCBI,2020,1,-0.253677977,-0.249277977,1.080425451,9.756310009,2.041913211,1.629051554,18.99807322,40.58122955,58.9217759,41.34012918,41.34012918,20.28455285,38.47005753,41.10474371,33.87885627,33.87885627,10.53810734,0.092976676,1.103544499,12.09,34.09342,1.894882161,25.9817055,67.56576668,37726.096,3507.647,0.384539491,0,0,0.0044,3507647000.0,TCBI,,,TCBI,2731252300.0,0.3274007886637742,converged,0.3274007886637742,2019,2019,unknown,0,2731252300.0,3507647000.0,0.0044,1.0,0.3274007886637742,6223495210.876959,0.1436866538387836,0.0,7,converged,4.09299784747561,3.9493111936368264,3.9493111936368264,3.918820175983688e-05
TCBI,2021,1,0.239300712,0.239700712,2.757067455,2.255597538,1.826995145,1.496173708,17.43215031,43.47394488,49.37241313,39.33714539,39.33714539,18.99807322,40.58122955,58.9217759,41.34012918,41.34012918,10.45540919,0.090171963,1.048167271,15.32,27.90442,3.587623724,21.82145282,71.15094551,34731.738,3131.829,0.30669238,0,0,0.0004,3131829000.0,TCBI,,,TCBI,3049764263.5,0.8238771994882542,converged,0.8238771994882542,2020,2020,unknown,0,3049764263.5,3131829000.0,0.0004,1.0,0.8238771994882542,6136137685.12199,0.42486747896493293,0.0,7,converged,1.7964060534401598,1.3715385744752269,1.3715385744752269,0.08510356359258109
TCBI,2022,1,0.004181887,0.018381887,3.364012064,8.409114415,1.313859734,1.061491089,17.26625006,47.71936329,59.54655493,45.3031943,45.3031943,17.43215031,43.47394488,49.37241313,39.33714539,39.33714539,10.25465985,0.075153542,1.067794537,17.7,24.88234,4.461070872,22.31476755,70.50426276,28414.642,2135.461,0.316502388,0,0,0.014199999999999999,2135460999.9999998,TCBI,,,TCBI,2942148746.53,0.399714358570078,converged,0.399714358570078,2021,2021,unknown,0,2942148746.53,2135460999.9999998,0.014199999999999999,1.0,0.399714358570078,5047484788.4375,0.23300383105719957,0.0,6,converged,3.8692621389107913,3.6362583078535917,3.6362583078535917,0.0001383134737262436
TCBI,2023,1,-0.116754974,-0.067254974,3.857165272,7.352434991,1.235804323,1.001605805,20.22395825,49.87368316,61.16582137,47.64798105,47.64798105,17.26625006,47.71936329,59.54655493,45.3031943,45.3031943,10.25260331,0.083251335,1.053065442,17.07,22.99383,5.070856295,21.53867566,70.93445075,28356.266,2360.697,0.30364196,0,0,0.0495,2360697000.0,TCBI,,,TCBI,3052986252.56,0.3647110025463972,converged,0.3647110025463972,2022,2022,unknown,0,3052986252.56,2360697000.0,0.0495,1.0,0.3647110025463972,5299670233.722938,0.2101023613612194,0.0,6,converged,4.189668214936652,3.9795658535754326,3.9795658535754326,3.452061697664326e-05
TCBK,2017,0,0.094600327,0.102600327,1.336964269,6.286851844,0.905698935,0.823666339,24.17324669,20.01041765,60.4975978,31.99449844,31.99449844,21.15270351,17.96020205,60.42662116,30.66184384,30.66184384,8.46827917,0.037599697,1.718266139,14.07,40.18208,2.088016877,14.2731744,85.7268256,4761.315,179.024,0.16649601,0,0,0.008,179024000.0,TCBK,,,TCBK,1244019024.0,0.2310016867604817,converged,0.2310016867604817,2016,2016,unknown,0,1244019024.0,179024000.0,0.008,1.0,0.2310016867604817,1421616545.5267494,0.20214346451719423,0.0,6,converged,10.390942074298929,10.188798609781735,10.188798609781735,1.1124836318231686e-24
TCBK,2018,0,-0.247985432,-0.229885432,1.280878505,6.83188947,0.862366774,0.734328979,23.52538211,27.70081635,51.53786365,32.57238021,32.57238021,24.17324669,20.01041765,60.4975978,31.99449844,31.99449844,8.756594427,0.011472913,1.242242574,14.4,39.73925,2.421435301,22.44111935,77.55888065,6352.441,72.881,0.289343002,0,0,0.0181,72881000.0,TCBK,,,TCBK,1110285336.0,0.2336778286651766,converged,0.2336778286651766,2017,2017,unknown,0,1110285336.0,72881000.0,0.0181,1.0,0.2336778286651766,1181859056.469385,0.21952623292690246,0.0,4,converged,12.883252361282636,12.663726128355734,12.663726128355734,4.696639460547216e-37
TCBK,2019,0,-0.059580477,-0.038180477,0.894220632,6.644582544,0.884556117,0.849665498,22.06022092,20.70945873,46.36421522,27.21870521,27.21870521,23.52538211,27.70081635,51.53786365,32.57238021,32.57238021,8.775113906,0.011695856,1.374055238,15.07,38.21133,1.505165606,6.231718235,93.76828177,6471.181,75.686,0.066458701,0,0,0.021400000000000002,75686000.0,TCBK,,,TCBK,1340951304.0,0.2067885505328714,converged,0.2067885505328714,2018,2018,unknown,0,1340951304.0,75686000.0,0.021400000000000002,1.0,0.2067885505328714,1415034831.2140472,0.1959622267757813,0.0,4,converged,15.150454598818468,14.954492372042687,14.954492372042687,7.279380712065533e-51
TCBK,2020,1,-0.312700902,-0.308300902,0.726606422,4.875575826,0.726324738,0.677668628,23.01854105,44.60323216,76.50860767,50.24524928,50.24524928,22.06022092,20.70945873,46.36421522,27.21870521,27.21870521,8.941091231,0.011067305,1.133672293,15.22,38.11281,1.62046081,10.39557897,89.60442103,7639.529,84.549,0.116016362,0,0,0.0044,84549000.0,TCBK,,,TCBK,1159244352.0,0.1926457106404847,converged,0.1926457106404847,2019,2019,unknown,0,1159244352.0,84549000.0,0.0044,1.0,0.1926457106404847,1243422153.6352828,0.17960388702146965,0.0,4,converged,15.08219133641397,14.9025874493925,14.9025874493925,1.585297011603827e-50
TCBK,2021,1,0.185342662,0.185742662,1.163086144,1.504112096,0.601766082,0.568611384,21.40314479,36.45327009,76.26143036,46.1067601,46.1067601,23.01854105,44.60323216,76.50860767,50.24524928,50.24524928,9.061235424,0.012555853,1.27698405,15.42,27.40061,1.365235083,7.434403932,92.56559607,8614.787,108.166,0.080314979,0,0,0.0004,108166000.0,TCBK,,,TCBK,1277219015.04,0.5507887448827405,converged,0.5507887448827405,2020,2020,unknown,0,1277219015.04,108166000.0,0.0004,1.0,0.5507887448827405,1385341748.2590945,0.5078009851999171,0.0,5,converged,5.276409562164638,4.768608576964721,4.768608576964721,9.275134315299475e-07
TCBK,2022,1,0.130292511,0.144492511,3.023907292,6.381769795,0.600911184,0.560425875,20.8198309,32.95311991,74.45437616,43.87700421,43.87700421,21.40314479,36.45327009,76.26143036,46.1067601,46.1067601,9.203415047,0.0368186,1.624185647,14.19,27.40061,3.984181361,9.050008029,90.94999197,9930.986,365.645,0.09950532,0,0,0.014199999999999999,365645000.0,TCBK,,,TCBK,1699573847.87,0.3020611913000161,converged,0.3020611913000161,2021,2021,unknown,0,1699573847.87,365645000.0,0.014199999999999999,1.0,0.3020611913000161,2060063379.5542805,0.24920365435209377,0.0,8,converged,7.118998098254776,6.869794443902682,6.869794443902682,3.2147240343884218e-12
TFC,2016,0,0.289288587,0.291288587,1.86566266,5.471509695,1.073585997,0.663548569,24.3362241,50.59669309,69.89050057,50.71496694,50.71496694,18.2821119,46.65570645,65.13684641,46.59049511,46.59049511,12.29808649,0.106582572,1.417547395,14.1,29.05421105,2.421366417,44.19674283,50.74182741,219276.0,23371.0,0.871012044,0,1,0.002,23371000000.0,TFC,,,TFC,61523523427.40736,0.2128881595400814,converged,0.2128881595400814,2015,2015,unknown,0,61523523427.40736,23371000000.0,0.002,1.0,0.2128881595400814,84847828138.26222,0.1543661158842562,0.0,5,converged,8.442771904520267,8.28840578863601,8.28840578863601,5.738821080196429e-17
TFC,2017,0,0.213431551,0.221431551,1.706542007,5.290902616,0.978874818,0.659205384,30.37984676,63.49712874,68.21207962,57.23487101,57.23487101,24.3362241,50.59669309,69.89050057,50.71496694,50.71496694,12.30881875,0.12897375,1.460767275,13.9,29.65023329,2.247946896,38.94871852,56.50351548,221642.0,28586.0,0.68931496,0,1,0.008,28586000000.0,TFC,,,TFC,65056350590.558975,0.2329371259923461,converged,0.2329371259923461,2016,2016,unknown,0,65056350590.558975,28586000000.0,0.008,1.0,0.2329371259923461,93414574908.09425,0.16222350044657613,0.0,5,converged,7.42980223315821,7.267578732711634,7.267578732711634,1.829940158357095e-13
TFC,2018,0,-0.283634578,-0.265534578,1.838588023,6.253531543,1.017448554,0.648169181,29.96612645,62.88244511,75.00289729,59.39734737,59.39734737,30.37984676,63.49712874,68.21207962,57.23487101,57.23487101,12.32694867,0.127990182,1.221592313,13.8,29.3309166,2.800766076,42.71419557,52.98281364,225697.0,28887.0,0.806189642,0,1,0.0181,28887000000.0,TFC,,,TFC,56729271413.76,0.1720835304458284,converged,0.1720835304458284,2017,2017,unknown,0,56729271413.76,28887000000.0,0.0181,1.0,0.1720835304458284,85098120128.78462,0.1147166740058622,0.0,5,converged,9.633239853663742,9.51852317965788,9.51852317965788,8.782876323927483e-22
TFC,2020,1,-0.16187384,-0.15747384,1.450847182,5.484132003,1.354575924,0.805093481,70.76615551,75.60060656,69.30289847,69.81289628,69.81289628,29.96612645,62.88244511,75.00289729,59.39734737,59.39734737,13.14065113,0.089722089,1.030221972,14.5,21.00652,1.935206653,42.70808575,49.43036775,509228.0,45689.0,0.864005017,1,0,0.0044,45689000000.0,TFC,,,TFC,62766250666.24,0.206396446346493,converged,0.206396446346493,2019,2019,unknown,0,62766250666.24,45689000000.0,0.0044,1.0,0.206396446346493,108254660688.83806,0.11966903835003835,0.0,7,converged,7.305057377685096,7.1853883393350575,7.1853883393350575,3.350821332548012e-13
TFC,2021,1,0.24434198,0.24474198,1.688216454,1.912398115,1.264883102,0.885289467,76.93039664,79.75898852,68.32011436,72.74215112,72.74215112,70.76615551,75.60060656,69.30289847,69.81289628,69.81289628,13.20161993,0.076130596,1.241952521,13.2,20.44335,1.932624396,33.1832825,61.56901525,541241.0,41205.0,0.538960748,1,0,0.0004,41205000000.0,TFC,,,TFC,77743743900.0,0.6671290471720958,converged,0.6671290471720958,2020,2020,unknown,0,77743743900.0,41205000000.0,0.0004,1.0,0.6671290471720958,118854910198.66742,0.4382033093070387,0.0,5,converged,2.63748571629777,2.199282406990731,2.199282406990731,0.013928923935727595
TFC,2022,1,-0.005216735,0.008983265,3.562402224,6.899010797,1.075666302,0.690841958,75.36702509,80.03639959,74.48821769,74.96194667,74.63050604,76.93039664,79.75898852,68.32011436,72.74215112,72.74215112,13.22718275,0.119989915,1.06040846,12.4,19.46703,4.417360259,38.27394475,55.3341331,555255.0,66625.0,0.691687799,1,0,0.014199999999999999,66625000000.0,TFC,,,TFC,57093451870.0,0.2820050187874403,converged,0.2820050187874403,2021,2021,unknown,0,57093451870.0,66625000000.0,0.014199999999999999,1.0,0.2820050187874403,122779060236.05203,0.13113515632141456,0.0,8,converged,4.835505838679153,4.704370682357738,4.704370682357738,1.2732510631316588e-06
TFC,2023,1,0.00660256,0.05610256,3.544201255,5.876195061,1.113004326,0.565459547,74.61173126,79.63667532,67.03483152,72.15302486,55.68729087,75.36702509,80.03639959,74.48821769,74.96194667,74.63050604,13.19067415,0.119073726,0.93922697,13.7,19.45758,4.371115891,50.57075809,42.06356105,535349.0,63746.0,1.202246239,1,0,0.0495,63746000000.0,TFC,,,TFC,49241791560.0,0.3235489399761165,converged,0.3235489399761165,2022,2022,unknown,0,49241791560.0,63746000000.0,0.0495,1.0,0.3235489399761165,109909134514.44087,0.14495947343906598,0.0,7,converged,4.17188437366003,4.026924900220965,4.026924900220965,2.8255536068862226e-05
TFIN,2017,0,0.307066003,0.315066003,1.821904744,7.519630939,1.17122103,1.058560983,22.15799615,47.62383217,49.95767559,41.60618397,41.60618397,21.15270351,47.09989151,47.83134243,40.58082946,40.58082946,8.160241924,0.132590633,1.716689398,13.2,31.375235,2.262410796,13.25737105,85.4838825,3499.033,463.939,0.155086206,0,0,0.008,463939000.0,TFIN,,,TFIN,745816050.0,0.2888336820588782,converged,0.2888336820588782,2016,2016,unknown,0,745816050.0,463939000.0,0.008,1.0,0.2888336820588782,1206058343.7413554,0.17861225501719208,0.0,6,converged,5.482887188632055,5.304274933614862,5.304274933614862,5.6560856879238926e-08
TFIN,2018,0,-0.285464181,-0.267364181,1.9553943,9.70469496,1.222336287,1.144974622,21.58687943,44.61377963,62.44614701,44.60904762,44.60904762,22.15799615,47.62383217,49.95767559,41.60618397,41.60618397,8.425029436,0.092657342,1.257311181,13.4,32.95555595,3.275700665,9.075825643,90.05731395,4559.779,422.497,0.100778329,0,0,0.0181,422497000.0,TFIN,,,TFIN,703197990.0,0.2669193633592125,converged,0.2669193633592125,2017,2017,unknown,0,703197990.0,422497000.0,0.0181,1.0,0.2669193633592125,1118116585.723004,0.1678690419751701,0.0,6,converged,5.989243630069415,5.821374588094245,5.821374588094245,2.9182796386076813e-09
TFIN,2019,0,0.133307008,0.154707008,1.476528311,7.658232187,1.126160093,1.039651317,20.28455285,40.04956325,61.17266263,41.88674192,41.88674192,21.58687943,44.61377963,62.44614701,44.60904762,44.60904762,8.529180456,0.110453201,1.49101905,12.8,34.40183,2.041575843,11.25681998,88.74318002,5060.297,558.926,0.126847156,0,0,0.021400000000000002,558926000.0,TFIN,,,TFIN,900188134.0000001,0.2973018529588031,converged,0.2973018529588031,2018,2018,unknown,0,900188134.0000001,558926000.0,0.021400000000000002,1.0,0.2973018529588031,1447280190.3010483,0.1849176225053342,0.0,6,converged,5.3533108862362555,5.168393263730922,5.168393263730922,1.1805753535156364e-07
TFIN,2020,1,0.182703122,0.187103122,2.24006275,6.07541933,1.169243892,0.855840714,56.76657322,57.73752065,89.0509771,66.04617413,66.04617413,20.28455285,40.04956325,61.17266263,41.88674192,41.88674192,8.688755575,0.072027469,1.770879482,13.0,22.42371,2.729942914,30.84861417,65.35129704,5935.791,427.54,0.472042875,0,0,0.0044,427540000.0,TFIN,,,TFIN,1149503785.0,0.2941917337137358,converged,0.2941917337137358,2019,2019,unknown,0,1149503785.0,427540000.0,0.0044,1.0,0.2941917337137358,1575166741.5089853,0.2146912467123648,0.0,5,converged,6.201998209648191,5.987306962935826,5.987306962935826,1.0667195660404547e-09
TFIN,2021,1,0.076090545,0.076490545,1.562361717,1.646955438,0.89169896,0.827836102,58.53816547,69.55856229,79.82800874,69.1771004,69.1771004,56.76657322,57.73752065,89.0509771,66.04617413,66.04617413,8.692196367,0.05990447,3.681105579,14.1,24.41979,1.976792625,9.113689121,89.28907444,5956.25,356.806,0.102069477,0,0,0.0004,356806000.0,TFIN,,,TFIN,2995919311.32,0.7526445541651002,converged,0.7526445541651002,2020,2020,unknown,0,2995919311.32,356806000.0,0.0004,1.0,0.7526445541651002,3352503488.005116,0.672673041184502,0.0,5,converged,3.6673313749733407,2.9946583337888386,2.9946583337888386,0.0013737620734429216
TFIN,2022,1,-0.25981271,-0.24561271,4.074153402,8.930321729,1.201162203,1.097425479,57.78766753,67.08882046,84.68259977,69.67849748,69.67849748,58.53816547,69.55856229,79.82800874,69.1771004,69.1771004,8.581816021,0.033615541,1.392818828,17.7,22.40278,5.524278925,10.54114576,86.53195064,5333.783,179.298,0.121817961,0,0,0.014199999999999999,179298000.0,TFIN,,,TFIN,1175498698.95,0.4091570790811872,converged,0.4091570790811872,2021,2021,unknown,0,1175498698.95,179298000.0,0.014199999999999999,1.0,0.4091570790811872,1352268658.7809541,0.3556716437127828,0.0,6,converged,5.898532871751804,5.542861228039022,5.542861228039022,1.4878434429072788e-08
TFIN,2023,1,-0.018206189,0.031293811,3.992754715,7.669613467,1.157758265,1.074777176,55.50086907,62.26603275,77.08797208,64.40435259,64.40435259,57.78766753,67.08882046,84.68259977,69.67849748,69.67849748,8.584353398,0.075816846,2.28018984,16.7,22.40278,5.109776937,8.810295462,88.5474262,5347.334,405.418,0.099498041,0,0,0.0495,405418000.0,TFIN,,,TFIN,1868387554.52,0.5140850275012191,converged,0.5140850275012191,2022,2022,unknown,0,1868387554.52,405418000.0,0.0495,1.0,0.5140850275012191,2254224492.277789,0.42609618704018043,0.0,7,converged,4.355640087973695,3.9295439009335147,3.9295439009335147,4.255356903988314e-05
THFF,2017,0,0.10057449,0.10857449,1.280180532,6.801454497,0.910221953,0.885053759,22.15799615,16.17919148,31.83825212,19.48664973,19.48664973,21.15270351,15.64398135,46.90415245,24.64490963,24.64490963,8.00659021,0.019224386,1.334082871,17.88,29.63328,1.670993574,3.884271377,96.11572862,3000.668,57.686,0.040412443,0,0,0.008,57686000.0,THFF,,,THFF,533900602.2732,0.2140087343898531,converged,0.2140087343898531,2016,2016,unknown,0,533900602.2732,57686000.0,0.008,1.0,0.2140087343898531,591126955.3126706,0.1932907833027651,0.0,5,converged,12.1769746193775,11.983683836074734,11.983683836074734,2.1633073569467725e-33
THFF,2018,0,-0.193769743,-0.175669743,1.518489118,8.605323577,1.036009536,0.970805809,21.58687943,16.89093302,32.42616034,20.0513205,20.0513205,22.15799615,16.17919148,31.83825212,19.48664973,19.48664973,8.009269353,0.023151389,1.10625665,19.36,29.58445,2.384220528,8.707739689,91.29226031,3008.718,69.656,0.09538311,0,0,0.0181,69656000.0,THFF,,,THFF,472681575.8826,0.2338406499310744,converged,0.2338406499310744,2017,2017,unknown,0,472681575.8826,69656000.0,0.0181,1.0,0.2338406499310744,541088143.7558429,0.20427756278605394,0.0,6,converged,10.2261745457853,10.021896982999246,10.021896982999246,6.106793425706403e-24
THFF,2019,0,-0.004131508,0.017268492,1.155408043,6.434300826,0.916768102,0.827050692,20.28455285,17.22040133,31.21405073,19.77837732,19.77837732,21.58687943,16.89093302,32.42616034,20.0513205,20.0513205,8.299845313,0.027612502,1.119346185,16.16,28.82238,1.60222175,13.22500198,86.77499802,4023.25,111.092,0.152405673,0,0,0.021400000000000002,111092000.0,THFF,,,THFF,538256574.7176,0.2619107849163043,converged,0.2619107849163043,2018,2018,unknown,0,538256574.7176,111092000.0,0.021400000000000002,1.0,0.2619107849163043,646996463.3137028,0.21789177274476254,0.0,7,converged,8.293661256226828,8.075769483482066,8.075769483482066,3.3526223684969166e-16
THFF,2020,1,-0.21379331,-0.20939331,0.440332454,4.961059883,0.830947029,0.713533962,18.99807322,21.90893758,24.40451022,19.65245672,19.65245672,20.28455285,17.22040133,31.21405073,19.77837732,19.77837732,8.424539161,0.02675125,0.87655121,17.4,25.60363,0.822352179,18.11213294,81.88786706,4557.544,121.92,0.221182131,0,0,0.0044,121920000.0,THFF,,,THFF,457376810.397,0.2379692603611828,converged,0.2379692603611828,2019,2019,unknown,0,457376810.397,121920000.0,0.0044,1.0,0.2379692603611828,578761540.8535641,0.18805952640877452,0.0,5,converged,8.399514117492812,8.211454591084037,8.211454591084037,1.0926242706316945e-16
THFF,2021,1,0.174718281,0.175118281,0.731707198,1.391581898,0.752083661,0.654225778,18.48795725,29.95919904,19.68128256,22.09706065,22.09706065,18.99807322,21.90893758,24.40451022,19.65245672,19.65245672,8.551613748,0.021122494,0.975421192,15.63,19.88065,0.729086085,15.73228977,84.26771023,5175.099,109.311,0.186694165,0,0,0.0004,109311000.0,THFF,,,THFF,568256977.8272879,0.5224421011061688,converged,0.5224421011061688,2020,2020,unknown,0,568256977.8272879,109311000.0,0.0004,1.0,0.5224421011061688,677523864.467435,0.43818841767670896,0.0,7,converged,4.383165353293242,3.9449769356165327,3.9449769356165327,3.990382994593217e-05
THFF,2022,1,0.075803701,0.090003701,3.663185014,6.292857487,0.595852534,0.526059742,20.12867766,32.72654656,22.18386154,24.8477125,24.8477125,18.48795725,29.95919904,19.68128256,22.09706065,22.09706065,8.51504709,0.016127374,1.163346354,14.61,19.30606,4.443815276,14.11977448,85.88022552,4989.281,80.464,0.164412406,0,0,0.014199999999999999,80464000.0,THFF,,,THFF,552930381.133004,0.233704509379459,converged,0.233704509379459,2021,2021,unknown,0,552930381.133004,80464000.0,0.014199999999999999,1.0,0.233704509379459,632259866.4531344,0.20438166437487515,0.0,6,converged,10.258143997804996,10.053762333430122,10.053762333430122,4.421276414477689e-24
THFF,2023,1,-0.026519942,0.022980058,3.705311188,5.445300385,0.53057529,0.41951323,17.61816778,23.94386529,17.71774834,18.78254635,18.78254635,20.12867766,32.72654656,22.18386154,24.8477125,24.8477125,8.486970245,0.036238448,0.961293473,15.8,19.24314,4.566800433,24.68880953,75.31119047,4851.146,175.798,0.327823918,0,0,0.0495,175798000.0,THFF,,,THFF,507539882.72,0.1792442188008942,converged,0.1792442188008942,2022,2022,unknown,0,507539882.72,175798000.0,0.0495,1.0,0.1792442188008942,674847746.1100749,0.13480609561619097,0.0,5,converged,10.413014565702625,10.278208470086433,10.278208470086433,4.41773170311485e-25
TMP,2017,0,0.131126058,0.139126058,1.693438994,4.567130895,0.737862105,0.496553109,22.15799615,30.62559847,62.30954015,37.62173129,37.62173129,21.15270351,27.7450528,65.83617747,37.46257008,37.46257008,8.802114958,0.175023954,2.148563782,12.3,31.26011,2.344976329,41.41654992,58.58345008,6648.29,1163.61,0.706966726,0,0,0.008,1163610000.0,TMP,,,TMP,1174246575.0,0.2586319089218523,converged,0.2586319089218523,2016,2016,unknown,0,1174246575.0,1163610000.0,0.008,1.0,0.2586319089218523,2328584830.297079,0.13042155320746646,0.0,8,converged,5.445713118469937,5.315291565262471,5.315291565262471,5.3243340056980097e-08
TMP,2018,0,-0.17904829,-0.16094829,2.269182541,6.089951234,0.902684464,0.569011767,21.58687943,21.21166913,69.47812569,35.53311314,35.53311314,22.15799615,30.62559847,62.30954015,37.62173129,37.62173129,8.818546781,0.17382424,1.84371647,13.1,31.26011,3.427466845,46.03583659,53.96416341,6758.436,1174.78,0.853081632,0,0,0.0181,1174780000.0,TMP,,,TMP,1082731845.0,0.2590381902927157,converged,0.2590381902927157,2017,2017,unknown,0,1082731845.0,1174780000.0,0.0181,1.0,0.2590381902927157,2236439604.1070046,0.12540867349387552,0.0,9,converged,5.340682521313095,5.215273847819219,5.215273847819219,9.177293502205942e-08
TMP,2019,0,0.051788476,0.073188476,1.251720927,5.890756362,0.733863804,0.70685621,22.8865219,32.5704858,63.40761965,39.35638758,39.35638758,21.58687943,21.21166913,69.47812569,35.53311314,35.53311314,8.81367984,0.109355074,2.059247576,13.5,31.26011,1.720087584,5.265666954,94.73433305,6725.623,735.481,0.055583512,0,0,0.021400000000000002,735481000.0,TMP,,,TMP,1320756750.0,0.2624790754937218,converged,0.2624790754937218,2018,2018,unknown,0,1320756750.0,735481000.0,0.021400000000000002,1.0,0.2624790754937218,2040665672.0983348,0.16988133605914163,0.0,5,converged,6.21808431224477,6.048202976185628,6.048202976185628,7.323517643905311e-10
TMP,2020,1,-0.139390954,-0.134990954,0.670009155,4.85664408,0.719492095,0.673996821,21.86357029,23.41648932,69.6234773,37.09166211,37.09166211,22.8865219,32.5704858,63.40761965,39.35638758,39.35638758,8.938816516,0.045140026,1.462662523,14.4,29.10481,1.118925985,8.693476369,91.30652363,7622.171,344.065,0.095211996,0,0,0.0044,344065000.0,TMP,,,TMP,1019075700.0,0.2103282607436029,converged,0.2103282607436029,2019,2019,unknown,0,1019075700.0,344065000.0,0.0044,1.0,0.2103282607436029,1361630139.6697662,0.15741456751184024,0.0,5,converged,8.845413706515432,8.687999139003592,8.687999139003592,1.8443929352175722e-18
TMP,2021,1,0.187878077,0.188278077,0.746482431,1.469182905,0.666706002,0.635792988,20.26364203,19.12008529,61.86447204,32.16250705,32.16250705,21.86357029,23.41648932,69.6234773,37.09166211,37.09166211,8.964437532,0.024397371,1.674300532,14.2,20.91807,0.719645563,5.792095389,94.20790461,7819.982,190.787,0.061482053,0,0,0.0004,190787000.0,TMP,,,TMP,1218102191.46,0.5789004367452381,converged,0.5789004367452381,2020,2020,unknown,0,1218102191.46,190787000.0,0.0004,1.0,0.5789004367452381,1408811051.1853542,0.5005409239849771,0.0,6,converged,4.245435858471438,3.7448949344864606,3.7448949344864606,9.023464163124801e-05
TOWN,2016,0,0.281575631,0.283575631,1.321641298,7.683322349,1.010688252,0.995408925,21.15270351,15.23574208,6.443401593,9.876552643,9.876552643,18.2821119,13.8894842,6.962826797,9.395801809,9.395801809,8.983930868,0.090201363,1.932713906,12.44,27.94896,1.448946414,2.085966678,97.91403332,7973.915,719.258,0.021304062,0,0,0.002,719258000.0,TOWN,,,TOWN,2506953708.0,0.2265376311614691,converged,0.2265376311614691,2015,2015,unknown,0,2506953708.0,719258000.0,0.002,1.0,0.2265376311614691,3224774629.55747,0.17611133169940535,0.0,5,converged,8.619012787777182,8.442901456077777,8.442901456077777,1.54778030812589e-17
TOWN,2017,0,0.17550377,0.18350377,2.179961108,6.899802224,0.993167163,0.909000398,22.15799615,18.5671714,15.61313201,14.83004453,14.83004453,21.15270351,15.23574208,6.443401593,9.876552643,9.876552643,9.050426986,0.09375176,1.702416623,16.48,28.43836,2.819220591,11.45652339,88.54347661,8522.176,798.969,0.129388678,0,0,0.008,798969000.0,TOWN,,,TOWN,2318460948.0,0.2332605280156028,converged,0.2332605280156028,2016,2016,unknown,0,2318460948.0,798969000.0,0.008,1.0,0.2332605280156028,3111063694.965463,0.17383296452257765,0.0,5,converged,7.953075976469012,7.779243011946435,7.779243011946435,3.647989669464301e-15
TOWN,2018,0,-0.258037328,-0.239937328,2.24918238,8.966985132,1.114888235,1.019132784,21.58687943,13.89569452,19.11170331,13.77247767,13.77247767,22.15799615,18.5671714,15.61313201,14.83004453,14.83004453,9.320362704,0.098031807,1.137678975,14.83,28.80572,3.456943537,11.65873062,88.34126938,11163.03,1094.332,0.131973773,0,0,0.0181,1094332000.0,TOWN,,,TOWN,1805760640.8,0.2285309618385759,converged,0.2285309618385759,2017,2017,unknown,0,1805760640.8,1094332000.0,0.0181,1.0,0.2285309618385759,2880463412.015137,0.14326591150246887,0.0,6,converged,6.953291309515547,6.810025398013078,6.810025398013078,4.879075831140592e-12
TOWN,2019,0,0.053896317,0.075296317,1.68177517,7.431992749,1.092287585,0.990566912,20.28455285,11.00257099,11.76483073,9.692614273,9.692614273,21.58687943,13.89569452,19.11170331,13.77247767,13.77247767,9.388290973,0.064660009,1.231819591,14.58,28.80572,2.269803716,12.6056098,87.3943902,11947.663,772.536,0.144238203,0,0,0.021400000000000002,772536000.0,TOWN,,,TOWN,2097547433.28,0.2197212990971592,converged,0.2197212990971592,2018,2018,unknown,0,2097547433.28,772536000.0,0.021400000000000002,1.0,0.2197212990971592,2853726803.0423155,0.16149963846135512,0.0,5,converged,8.304312870197307,8.142813231735952,8.142813231735952,1.9309887848180445e-16
TOWN,2020,1,-0.218260605,-0.213860605,1.470016468,6.804678889,1.181921634,0.997946351,20.0319078,22.09353575,11.2141347,15.14435441,15.14435441,20.28455285,11.00257099,11.76483073,9.692614273,9.692614273,9.590586402,0.065342677,0.965694179,15.42,28.43836,2.291826911,20.48444097,79.51555903,14626.444,955.731,0.257615506,0,0,0.0044,955731000.0,TOWN,,,TOWN,1770324001.92,0.211822387608615,converged,0.211822387608615,2019,2019,unknown,0,1770324001.92,955731000.0,0.0044,1.0,0.211822387608615,2721859023.4431915,0.13777137381509813,0.0,5,converged,7.697421779194612,7.559650405379514,7.559650405379514,2.0207705852587282e-14
TOWN,2021,1,0.257867079,0.258267079,1.811754466,1.573586875,1.059579642,0.947560925,18.48795725,21.98896535,10.28684185,14.76182608,14.76182608,20.0319078,22.09353575,11.2141347,15.14435441,15.14435441,9.702679387,0.029448359,1.208903365,15.56,19.49465,1.970746716,12.8042469,87.1957531,16361.387,481.816,0.146844846,0,0,0.0004,481816000.0,TOWN,,,TOWN,2296087086.15,0.5898420595958465,converged,0.5898420595958465,2020,2020,unknown,0,2296087086.15,481816000.0,0.0004,1.0,0.5898420595958465,2777688345.8230405,0.4876043781648012,0.0,7,converged,3.8373138770972455,3.3497094989324445,3.3497094989324445,0.00040448177097945985
TRMK,2016,0,0.25965852,0.26165852,1.744005118,5.806078961,1.024189042,0.719243437,21.15270351,32.59548986,54.33304892,35.72726058,35.72726058,18.2821119,24.38857123,41.17851307,26.92099604,26.92099604,9.499446405,0.121514345,1.585941024,13.59,23.98553,2.073334854,35.8054088,64.1945912,13352.333,1622.5,0.557763639,0,0,0.002,1622500000.0,TRMK,,,TRMK,2156026440.0,0.2230782739521483,converged,0.2230782739521483,2015,2015,unknown,0,2156026440.0,1622500000.0,0.002,1.0,0.2230782739521483,3775284682.8902845,0.127397719580919,0.0,7,converged,6.7083046324234585,6.58090691284254,6.58090691284254,2.3379363867586558e-11
TRMK,2017,0,0.151218136,0.159218136,1.80309207,5.403405009,1.128793637,0.681794738,22.15799615,37.61979305,49.25417525,36.39092044,36.39092044,21.15270351,32.59548986,54.33304892,35.72726058,35.72726058,9.532275527,0.108978339,1.373283185,13.1,23.76998,2.253040866,46.23818036,53.76181964,13797.953,1503.678,0.86005609,0,0,0.008,1503678000.0,TRMK,,,TRMK,1926816336.0,0.2342623507771055,converged,0.2342623507771055,2016,2016,unknown,0,1926816336.0,1503678000.0,0.008,1.0,0.2342623507771055,3418512901.6927557,0.13204002447636598,0.0,7,converged,6.34662719079793,6.214587166321564,6.214587166321564,2.5729881018060574e-10
TRMK,2018,0,-0.240501058,-0.222401058,2.12989597,7.567832292,1.012511771,0.810825053,21.58687943,37.85885211,59.15944926,40.07539238,40.07539238,22.15799615,37.61979305,49.25417525,36.39092044,36.39092044,9.494500751,0.014466758,1.176077364,13.07,23.38299,2.999058918,24.50876678,75.49123322,13286.46,192.212,0.324657126,0,0,0.0181,192212000.0,TRMK,,,TRMK,1719378168.0,0.2182722517733622,converged,0.2182722517733622,2017,2017,unknown,0,1719378168.0,192212000.0,0.0181,1.0,0.2182722517733622,1908142426.982632,0.19667952414464832,0.0,5,converged,11.860553327504885,11.663873803360236,11.663873803360236,9.748291074386812e-32
TRMK,2019,0,0.026042907,0.047442907,1.482371337,6.958591198,1.088647477,0.920687983,20.28455285,42.40150194,43.21553645,36.58873808,36.58873808,21.58687943,37.85885211,59.15944926,40.07539238,40.07539238,9.510287693,0.029876698,1.334101983,13.25,22.26596,1.857546773,19.00752304,80.99247696,13497.877,403.272,0.234682575,0,0,0.021400000000000002,403272000.0,TRMK,,,TRMK,2087081976.0,0.2215006642645473,converged,0.2215006642645473,2018,2018,unknown,0,2087081976.0,403272000.0,0.021400000000000002,1.0,0.2215006642645473,2481815641.302294,0.18627090828192389,0.0,7,converged,9.963353135673204,9.77708222739128,9.77708222739128,7.061152660756996e-23
TRMK,2020,1,-0.205012978,-0.200612978,0.791757034,5.724686663,1.025949932,0.833970817,18.99807322,36.73263734,32.28027786,29.84028815,29.84028815,20.28455285,42.40150194,43.21553645,36.58873808,36.58873808,9.714252553,0.031268306,0.994834813,14.12,20.56821,1.192588318,22.46901699,77.53098301,16551.84,517.548,0.289806941,0,0,0.0044,517548000.0,TRMK,,,TRMK,1651643256.0,0.2054103725462739,converged,0.2054103725462739,2019,2019,unknown,0,1651643256.0,517548000.0,0.0044,1.0,0.2054103725462739,2166919047.3249135,0.15656545035561378,0.0,5,converged,9.252461102903291,9.095895652547677,9.095895652547677,4.69050188095315e-20
TRMK,2021,1,0.212156477,0.212556477,1.573627945,1.540239586,0.941157747,0.798603188,18.48795725,37.7513373,30.11935701,29.71966802,29.71966802,18.99807322,36.73263734,32.28027786,29.84028815,29.84028815,9.775406196,0.029240205,1.149200872,13.55,15.67957,1.658207434,17.47120175,82.52879825,17595.636,514.5,0.211698245,0,0,0.0004,514500000.0,TRMK,,,TRMK,2001116120.34,0.539444432989176,converged,0.539444432989176,2020,2020,unknown,0,2001116120.34,514500000.0,0.0004,1.0,0.539444432989176,2515397901.5740533,0.4291726930530564,0.0,5,converged,3.9133089162564008,3.484136223203344,3.484136223203344,0.00024686406306153994
TRMK,2022,1,0.047693305,0.061893305,4.183948776,6.834917017,0.858289017,0.60017991,18.32180562,37.06334308,22.7150838,26.91047867,26.91047867,18.48795725,37.7513373,30.11935701,29.71966802,29.71966802,9.798986556,0.093552167,1.426507181,11.91,15.67957,4.913353068,33.77580704,66.22419296,18015.478,1685.387,0.510022177,0,0,0.014199999999999999,1685387000.0,TRMK,,,TRMK,2128731018.26,0.3076834929162622,converged,0.3076834929162622,2021,2021,unknown,0,2128731018.26,1685387000.0,0.014199999999999999,1.0,0.3076834929162622,3790354565.752602,0.17280066342552486,0.0,7,converged,4.858745184538435,4.68594452111291,4.68594452111291,1.393358749104024e-06
TRST,2017,0,0.172971175,0.180971175,1.122887052,7.080959659,1.200996271,1.036754991,22.15799615,27.85414732,52.46282315,32.7022734,32.7022734,21.15270351,26.7695758,33.7983504,25.44511574,25.44511574,8.498623436,0.049509088,1.932895915,19.28,37.41726,1.563485819,20.20011643,79.79988357,4908.008,242.991,0.25313466,0,0,0.008,242991000.0,TRST,,,TRST,874906200.0,0.2606138000948262,converged,0.2606138000948262,2016,2016,unknown,0,874906200.0,242991000.0,0.008,1.0,0.2606138000948262,1115961027.0181732,0.2043195272847311,0.0,5,converged,7.602406240581228,7.398086713296497,7.398086713296497,6.908031274814975e-14
TRST,2018,0,-0.252586795,-0.234486795,1.303561082,8.144307987,1.065114912,0.938679053,21.58687943,24.10717359,36.01265823,24.92171506,24.92171506,22.15799615,27.85414732,52.46282315,32.7022734,32.7022734,8.508941842,0.032646872,1.353576638,20.046,37.33256,2.38810511,17.6912054,82.3087946,4958.913,161.893,0.214937,0,0,0.0181,161893000.0,TRST,,,TRST,652375710.0,0.2547603031790585,converged,0.2547603031790585,2017,2017,unknown,0,652375710.0,161893000.0,0.0181,1.0,0.2547603031790585,811364806.3069803,0.20483934276460744,0.0,5,converged,8.05930007636055,7.854460733595943,7.854460733595943,2.0074791445669806e-15
TRST,2019,0,0.041214546,0.062614546,0.940394835,7.143373169,1.103264301,0.98493134,21.1284347,19.6574372,39.20089144,23.98392876,23.98392876,21.58687943,24.10717359,36.01265823,24.92171506,24.92171506,8.560505906,0.028472866,1.561170159,19.666,37.19755,1.413695082,16.05834284,83.94165716,5221.322,148.666,0.19130362,0,0,0.021400000000000002,148666000.0,TRST,,,TRST,824503995.0,0.2333322274871504,converged,0.2333322274871504,2018,2018,unknown,0,824503995.0,148666000.0,0.021400000000000002,1.0,0.2333322274871504,970022342.6224586,0.19832878863577372,0.0,7,converged,9.664174793844,9.465846005208226,9.465846005208226,1.4559709698716293e-21
TRST,2020,1,-0.175007295,-0.170607295,0.319222904,6.064075838,1.208537308,0.972158127,19.71444749,28.09857025,38.92781637,28.05406263,28.05406263,21.1284347,19.6574372,39.20089144,23.98392876,23.98392876,8.68301199,0.036388076,1.132083727,19.902,36.73158,0.699347603,27.76201323,72.23798677,5901.796,214.755,0.384313219,0,0,0.0044,214755000.0,TRST,,,TRST,634306995.0,0.2040649927185919,converged,0.2040649927185919,2019,2019,unknown,0,634306995.0,214755000.0,0.0044,1.0,0.2040649927185919,848119148.7828041,0.1526198913229118,0.0,5,converged,9.104774558876331,8.952154667553419,8.952154667553419,1.7430502664852644e-19
TRST,2021,1,0.211249469,0.211649469,0.866473747,1.35938612,1.13597288,0.885404807,22.45895173,31.39616449,32.42949273,27.97097438,27.97097438,19.71444749,28.09857025,38.92781637,28.05406263,28.05406263,8.731747319,0.039487482,1.065027471,20.206,24.47081,0.943359583,27.25618663,72.74381337,6196.546,244.686,0.37468735,0,0,0.0004,244686000.0,TRST,,,TRST,640217833.59,0.6177422940923482,converged,0.6177422940923482,2020,2020,unknown,0,640217833.59,244686000.0,0.0004,1.0,0.6177422940923482,884684954.2066395,0.4474776797636751,0.0,5,converged,3.0968560922644794,2.649378412500804,2.649378412500804,0.004031999145717629
TRST,2022,1,0.019758257,0.033958257,3.169669272,7.537221989,0.949739409,0.820853876,20.8198309,24.44762638,51.02607076,31.22408948,31.22408948,22.45895173,31.39616449,32.42949273,27.97097438,27.97097438,8.699523415,0.020449823,1.191906552,19.684,24.47081,4.159392493,17.21067271,82.78932729,6000.052,122.7,0.207885162,0,0,0.014199999999999999,122700000.0,TRST,,,TRST,715128436.47,0.2420344806080296,converged,0.2420344806080296,2021,2021,unknown,0,715128436.47,122700000.0,0.014199999999999999,1.0,0.2420344806080296,836098408.7488682,0.2070159917776443,0.0,7,converged,9.44193616104718,9.234920169269534,9.234920169269534,1.292393434733575e-20
TRST,2023,1,-0.011168453,0.038331547,3.263926491,6.585446164,0.903082651,0.785192521,18.32471056,21.89633753,55.21179164,31.35427525,31.35427525,20.8198309,24.44762638,51.02607076,31.22408948,31.22408948,8.727160881,0.014427245,0.915422867,19.532,24.40105,4.275120623,16.56953094,83.43046906,6168.191,88.99,0.198602874,0,0,0.0495,88990000.0,TRST,,,TRST,590708644.65,0.2078839497728344,converged,0.2078839497728344,2022,2022,unknown,0,590708644.65,88990000.0,0.0495,1.0,0.2078839497728344,675400886.6745421,0.18181623535950497,0.0,6,converged,11.51058366420262,11.328767428843115,11.328767428843115,4.72627682033564e-30
UBFO,2018,0,-0.174608796,-0.156508796,2.179181704,4.244967579,0.254564923,0.245327773,21.58687943,21.82937674,62.73040195,33.41031557,33.41031557,22.15799615,4.434321837,71.65293983,27.99448197,27.99448197,6.838467364,0.010883568,1.486164763,17.8,32.09777811,3.427675642,5.253749596,94.7462504,933.058,10.155,0.055450739,0,0,0.0181,10155000.0,UBFO,,,UBFO,167419122.0,0.2865988146151465,converged,0.2865988146151465,2017,2017,unknown,0,167419122.0,10155000.0,0.0181,1.0,0.2865988146151465,177391969.94893825,0.27048643703045133,0.0,4,converged,10.777165379916399,10.506678942885948,10.506678942885948,4.0238908296164564e-26
UBFO,2019,0,0.011482911,0.032882911,1.211395491,4.1140028,0.405152292,0.391487303,20.28455285,18.03078206,60.42555449,30.69646752,30.69646752,21.58687943,21.82937674,62.73040195,33.41031557,33.41031557,6.863718748,0.011294582,1.570246802,17.98,39.73396,1.958504072,5.474779826,94.52522017,956.919,10.808,0.057918721,0,0,0.021400000000000002,10808000.0,UBFO,,,UBFO,187516407.0,0.240403324221315,converged,0.240403324221315,2018,2018,unknown,0,187516407.0,10808000.0,0.021400000000000002,1.0,0.240403324221315,198095573.0561984,0.22756474005692456,0.0,4,converged,12.988637257689692,12.761072517632767,12.761072517632767,1.3522574847999234e-37
UBFO,2020,1,-0.202990617,-0.198590617,1.176247574,5.125659053,0.752465546,0.710097281,18.99807322,18.09111173,57.21634954,29.57107725,29.57107725,20.28455285,18.03078206,60.42555449,30.69646752,30.69646752,6.996364878,0.009997675,1.017933358,17.78,38.60578,2.210709473,8.857595135,91.14240487,1092.654,10.924,0.097184128,0,0,0.0044,10924000.0,UBFO,,,UBFO,123205095.0,0.2195743933825382,converged,0.2195743933825382,2019,2019,unknown,0,123205095.0,10924000.0,0.0044,1.0,0.2195743933825382,134081134.98940733,0.20176353668769106,0.0,4,converged,12.550519296214318,12.348755759526627,12.348755759526627,2.473530449888248e-35
UBSI,2016,0,0.260494538,0.262494538,1.422028659,6.678821394,0.994437159,0.868009576,21.15270351,18.39422486,34.37002275,21.49674372,21.49674372,18.2821119,19.34444463,48.40482026,27.02057983,27.02057983,9.582516982,0.095222778,1.676441385,14.9,32.00007,1.773296669,17.64089018,82.35910982,14508.892,1381.577,0.214194765,0,0,0.002,1381577000.0,UBSI,,,UBSI,6570275000.0,0.2356549783685886,converged,0.2356549783685886,2015,2015,unknown,0,6570275000.0,1381577000.0,0.002,1.0,0.2356549783685886,7949091607.881059,0.1947792472090779,0.0,8,converged,9.091325495793583,8.896546248584505,8.896546248584505,2.8805730888203734e-19
UBSI,2017,0,0.206803407,0.214803407,1.524180968,6.9458836,1.045262182,0.948886087,22.15799615,23.55578346,48.72454816,29.22450593,29.22450593,21.15270351,18.39422486,34.37002275,21.49674372,21.49674372,9.855292559,0.096624585,1.126409111,14.2,32.20321,1.97260789,13.02924777,86.97075223,19058.959,1841.564,0.149811833,0,0,0.008,1841564000.0,UBSI,,,UBSI,4936585000.0,0.2552383532111784,converged,0.2552383532111784,2016,2016,unknown,0,4936585000.0,1841564000.0,0.008,1.0,0.2552383532111784,6763475261.214947,0.18629562129328858,0.0,5,converged,7.1191939956746735,6.932898374381385,6.932898374381385,2.0615220464701544e-12
UBSI,2018,0,-0.259292801,-0.241192801,1.494199429,9.277513794,1.165763444,1.08631985,21.58687943,15.41422575,59.66355763,29.12433672,29.12433672,22.15799615,23.55578346,48.72454816,29.22450593,29.22450593,9.86529221,0.096123747,0.978982721,14.4,33.35181,2.568027324,9.887732843,90.11226716,19250.498,1850.43,0.109726824,0,0,0.0181,1850430000.0,UBSI,,,UBSI,4419486600.0,0.2435621928615812,converged,0.2435621928615812,2017,2017,unknown,0,4419486600.0,1850430000.0,0.0181,1.0,0.2435621928615812,6236725106.16973,0.17259376183830502,0.0,5,converged,7.231034698994574,7.058440937156269,7.058440937156269,8.419051842497353e-13
UBSI,2019,0,0.081760535,0.103160535,1.380123728,8.247913248,1.209610599,1.137499597,20.28455285,14.81578068,59.27305529,28.68692712,28.68692712,21.58687943,15.41422575,59.66355763,29.12433672,29.12433672,9.886459596,0.112534154,1.16714026,14.7,33.35181,1.929419735,8.685624882,91.31437512,19662.324,2212.683,0.095117826,0,0,0.021400000000000002,2212683000.0,UBSI,,,UBSI,5492039599.999999,0.2373774860820587,converged,0.2373774860820587,2018,2018,unknown,0,5492039599.999999,2212683000.0,0.021400000000000002,1.0,0.2373774860820587,7657874249.031029,0.17024131127264314,0.0,5,converged,7.503582228049579,7.333340916776936,7.333340916776936,1.1224245840379028e-13
UBSI,2020,1,-0.126451631,-0.122051631,1.070177076,8.056533676,1.359859453,1.231645144,18.99807322,15.88152755,61.86147186,30.14736753,30.14736753,20.28455285,14.81578068,59.27305529,28.68692712,28.68692712,10.17291325,0.059491266,0.973959454,15.6,32.20321,1.734569696,13.31086919,86.68913081,26184.247,1557.734,0.153547152,0,0,0.0044,1557734000.0,UBSI,,,UBSI,4602744000.0,0.2195703551740986,converged,0.2195703551740986,2019,2019,unknown,0,4602744000.0,1557734000.0,0.0044,1.0,0.2195703551740986,6153639027.173772,0.1642322746578504,0.0,5,converged,8.473958850754043,8.309726576096192,8.309726576096192,4.796141855236388e-17
UBSI,2021,1,0.227212691,0.227612691,1.656104683,1.54152864,1.270023352,1.189910734,19.0205481,29.61442572,54.52486712,34.5464366,34.5464366,18.99807322,15.88152755,61.86147186,30.14736753,30.14736753,10.28632873,0.032262988,1.048679671,15.4,21.68417,1.847021732,7.916258069,92.08374193,29328.902,946.238,0.085968032,0,0,0.0004,946238000.0,UBSI,,,UBSI,4948329260.24,0.6211299615177949,converged,0.6211299615177949,2020,2020,unknown,0,4948329260.24,946238000.0,0.0004,1.0,0.6211299615177949,5894121263.377282,0.5215039290574811,0.0,7,converged,3.7690987135110987,3.2475947844536175,3.2475947844536175,0.0005819244599119602
UBSI,2022,1,-0.021752934,-0.007552934,3.457470966,8.562050488,1.099945557,1.027193336,19.31996254,26.74027515,47.64777494,30.90974038,30.90974038,19.0205481,29.61442572,54.52486712,34.5464366,34.5464366,10.29178548,0.079972994,1.208059529,14.4,20.54972,4.360470096,8.184889039,91.81511096,29489.38,2358.354,0.089145337,0,0,0.014199999999999999,2358354000.0,UBSI,,,UBSI,5455829989.780001,0.3178429757376402,converged,0.3178429757376402,2021,2021,unknown,0,5455829989.780001,2358354000.0,0.014199999999999999,1.0,0.3178429757376402,7780932005.894346,0.22286498138255337,0.0,5,converged,5.531360738505371,5.3084957571228175,5.3084957571228175,5.526682902657991e-08
UBSI,2023,1,0.017405982,0.066905982,3.508979231,7.264767228,1.07046047,0.973164335,16.18572488,24.7405265,58.4891563,33.6491254,33.6491254,19.31996254,26.74027515,47.64777494,30.90974038,30.90974038,10.30649905,0.066335829,1.062058776,15.4,20.21005,4.323255318,11.13503955,88.86496045,29926.482,1985.198,0.125302926,0,0,0.0495,1985198000.0,UBSI,,,UBSI,5067337315.65,0.2629016332092783,converged,0.2629016332092783,2022,2022,unknown,0,5067337315.65,1985198000.0,0.0495,1.0,0.2629016332092783,6956660492.171732,0.19150154845292094,0.0,5,converged,6.9023844443475495,6.7108828958946285,6.7108828958946285,9.672515768663261e-12
UCB,2016,0,0.321293496,0.323293496,1.851158004,7.762322733,1.142675532,1.044101001,21.15270351,17.34999177,29.54493743,19.24177339,19.24177339,18.2821119,19.61262784,26.75449346,19.35948105,19.35948105,9.278807572,0.083043762,1.952183165,12.04,31.88739,2.300926398,12.17361814,87.82638186,10708.655,889.287,0.138610038,0,0,0.002,889287000.0,UCB,,,UCB,3598800380.0,0.2364840051229442,converged,0.2364840051229442,2015,2015,unknown,0,3598800380.0,889287000.0,0.002,1.0,0.2364840051229442,4486310583.38887,0.1897012504331582,0.0,5,converged,8.636522990840486,8.446821740407328,8.446821740407328,1.4967013031088086e-17
UCB,2017,0,0.212313873,0.220313873,1.799521178,6.574718697,0.887315541,0.843943722,22.15799615,30.83476459,35.53992221,28.08841523,28.08841523,21.15270351,17.34999177,29.54493743,19.24177339,19.24177339,9.385591996,0.056665542,1.675003373,13.06,31.375235,2.323587877,6.967067161,93.03293284,11915.46,675.196,0.074888182,0,0,0.008,675196000.0,UCB,,,UCB,3418981860.0,0.2568794452807293,converged,0.2568794452807293,2016,2016,unknown,0,3418981860.0,675196000.0,0.008,1.0,0.2568794452807293,4088797840.9676647,0.2147981437070883,0.0,7,converged,8.529274741279819,8.31447659757273,8.31447659757273,4.607904291025585e-17
UCB,2018,0,-0.327249761,-0.309149761,2.324137006,8.842941844,1.086755463,0.994586017,21.58687943,27.95819452,42.24183877,29.07432644,29.07432644,22.15799615,30.83476459,35.53992221,28.08841523,28.08841523,9.439322207,0.033976177,1.166586825,14.29,28.26105,3.621352066,11.44002787,88.55997213,12573.192,427.189,0.129178314,0,0,0.0181,427189000.0,UCB,,,UCB,2607368540.0,0.2463904573617524,converged,0.2463904573617524,2017,2017,unknown,0,2607368540.0,427189000.0,0.0181,1.0,0.2463904573617524,3026894974.5406795,0.21224083976263222,0.0,6,converged,9.417080912492704,9.204840072730072,9.204840072730072,1.710901951709663e-20
UCB,2019,0,0.011686399,0.033086399,1.288543203,8.582025436,1.285863451,1.205369178,55.53099449,23.35572017,42.5124027,30.80937724,30.80937724,21.58687943,27.95819452,42.24183877,29.07432644,29.07432644,9.466223371,0.016465139,1.491689115,15.01,37.76584,2.022463327,9.690566837,90.30943316,12916.016,212.664,0.107304038,0,0,0.021400000000000002,212664000.0,UCB,,,UCB,3751889120.0,0.2501859628137846,converged,0.2501859628137846,2018,2018,unknown,0,3751889120.0,212664000.0,0.021400000000000002,1.0,0.2501859628137846,3960050460.689797,0.237034856292342,0.0,4,converged,12.545797691600955,12.308762835308613,12.308762835308613,4.062961455462777e-35
UCB,2020,1,-0.176417844,-0.172017844,1.156241983,7.289698609,1.323016411,1.161906404,21.33203312,23.28503305,72.00140944,37.80597402,37.80597402,55.53099449,23.35572017,42.5124027,30.80937724,30.80937724,9.786637619,0.018374122,1.289851194,15.15,37.76584,2.072395661,17.29089414,77.60593081,17794.374,326.956,0.222803772,0,0,0.0044,326956000.0,UCB,,,UCB,3455431560.0,0.2468118498811121,converged,0.2468118498811121,2019,2019,unknown,0,3455431560.0,326956000.0,0.0044,1.0,0.2468118498811121,3780952113.897791,0.2255626175324364,0.0,4,converged,10.984731459188668,10.759168841656232,10.759168841656232,2.6825935612193647e-27
UCB,2021,1,0.187765554,0.188165554,1.85193185,1.737559472,1.157409277,1.084789858,19.69459375,35.55464481,69.55529887,43.00080327,43.00080327,21.33203312,23.28503305,72.00140944,37.80597402,37.80597402,9.949739785,0.01180898,1.510583311,14.65,23.04888701,2.188489654,7.760889782,89.21117649,20946.771,247.36,0.086994591,0,0,0.0004,247360000.0,UCB,,,UCB,3211232746.44,0.6774174431656395,converged,0.6774174431656395,2020,2020,unknown,0,3211232746.44,247360000.0,0.0004,1.0,0.6774174431656395,3458492172.077392,0.6289886056992803,0.0,4,converged,4.508756639795221,3.879768034095941,3.879768034095941,5.2278064393451485e-05
UCB,2022,1,-0.0066839,0.0075161,3.582457524,8.324885782,1.049162889,0.979009642,21.06625006,30.79915086,67.32681564,40.25886279,40.25886279,19.69459375,35.55464481,69.55529887,43.00080327,43.00080327,10.08617921,0.043050564,1.378641245,14.79,22.40626897,4.608291686,8.247038442,89.30254805,24008.884,1033.596,0.092349419,0,0,0.014199999999999999,1033596000.0,UCB,,,UCB,3590329220.4,0.3095761446942054,converged,0.3095761446942054,2021,2021,unknown,0,3590329220.4,1033596000.0,0.014199999999999999,1.0,0.3095761446942054,4609351872.832257,0.2411359143319729,0.0,5,converged,6.379458407638928,6.138322493306955,6.138322493306955,4.169871460671185e-10
UCB,2023,1,-0.072917337,-0.023417337,3.713136349,7.179971005,1.027418435,0.93974834,46.36686394,45.88621982,67.73327033,51.16047231,51.16047231,21.06625006,30.79915086,67.32681564,40.25886279,40.25886279,10.21454128,0.011899477,1.097370852,14.49,22.19872,4.79876774,10.42868226,86.97136103,27297.251,324.823,0.119909383,0,0,0.0495,324823000.0,UCB,,,UCB,3482241933.94,0.294447431592881,converged,0.294447431592881,2022,2022,unknown,0,3482241933.94,324823000.0,0.0495,1.0,0.294447431592881,3791377658.52177,0.2704392139388281,0.0,4,converged,9.404231579088167,9.13379236514934,9.13379236514934,3.307040940368254e-20
UMBF,2016,0,0.277646692,0.279646692,1.26257672,4.544978992,0.802505196,0.528364034,53.07136133,23.92908992,73.28815194,39.91947478,39.91947478,44.73838964,31.21868383,62.25923974,39.25405721,39.25405721,9.937044758,0.093494791,1.952108292,12.87,27.12873,1.508457888,41.58904626,58.41095374,20682.532,1933.709,0.712007656,0,0,0.002,1933709000.0,UMBF,,,UMBF,5854834411.52,0.254853320086284,converged,0.254853320086284,2015,2015,unknown,0,5854834411.52,1933709000.0,0.002,1.0,0.254853320086284,7784679858.361013,0.19167441892031542,0.0,5,converged,7.372331219777724,7.180656800857409,7.180656800857409,3.4688654769304444e-13
UMBF,2017,0,0.156576237,0.164576237,1.455730765,4.948662508,0.820778087,0.595586438,55.31447349,27.43232897,68.46078515,39.95975867,39.95975867,53.07136133,23.92908992,73.28815194,39.91947478,39.91947478,9.988360866,0.061547431,1.6449217,14.04,27.12873,1.848980729,34.16119653,65.83880347,21771.583,1339.985,0.518861139,0,0,0.008,1339985000.0,UMBF,,,UMBF,5460058232.32,0.2673070241261314,converged,0.2673070241261314,2016,2016,unknown,0,5460058232.32,1339985000.0,0.008,1.0,0.2673070241261314,6789366117.722933,0.2149702773911337,0.0,5,converged,7.693181086355863,7.47821080896473,7.47821080896473,3.767063758223378e-14
UMBF,2018,0,-0.27451133,-0.25641133,1.731170534,6.782692653,0.892548342,0.703102709,54.41537057,30.67996871,53.40193876,36.24636672,36.24636672,55.31447349,27.43232897,68.46078515,39.95975867,39.95975867,10.05840018,0.068587334,1.343826493,13.95,24.73341,2.550916913,26.36142857,73.63857143,23351.119,1601.591,0.357983976,0,0,0.0181,1601591000.0,UMBF,,,UMBF,4628750701.12,0.2409833557020977,converged,0.2409833557020977,2017,2017,unknown,0,4628750701.12,1601591000.0,0.0181,1.0,0.2409833557020977,6201613676.933622,0.17986477951921453,0.0,5,converged,7.71739576610538,7.537530986586165,7.537530986586165,2.3947642573422594e-14
UMBF,2019,0,-0.018157963,0.003242037,1.376947177,5.255287748,0.942204803,0.646019078,61.83536307,43.54586145,72.18251874,52.59150446,52.59150446,54.41537057,30.67996871,53.40193876,36.24636672,36.24636672,10.18721262,0.075071396,1.292974201,13.26,22.63721,1.77722589,37.21093977,62.78906023,26561.355,1993.998,0.592634125,0,0,0.021400000000000002,1993998000.0,UMBF,,,UMBF,5211045565.44,0.2256288999862215,converged,0.2256288999862215,2018,2018,unknown,0,5211045565.44,1993998000.0,0.021400000000000002,1.0,0.2256288999862215,7162825354.274873,0.16414786352553712,0.0,5,converged,8.00275476936265,7.838606905837112,7.838606905837112,2.27786135724053e-15
UMBF,2020,1,-0.190141259,-0.185741259,0.48290812,3.956270033,1.0169428,0.584517166,61.57959929,47.29095954,68.21174383,53.11457621,53.11457621,61.83536307,43.54586145,72.18251874,52.59150446,52.59150446,10.40811915,0.078034614,1.097785103,14.26,21.31197,0.735363109,48.45807306,51.54192694,33127.504,2585.092,0.940168052,0,0,0.0044,2585092000.0,UMBF,,,UMBF,5237617039.04,0.2287065688055634,converged,0.2287065688055634,2019,2019,unknown,0,5237617039.04,2585092000.0,0.0044,1.0,0.2287065688055634,7811359621.270577,0.15335069435568718,0.0,5,converged,7.316407409209337,7.16305671485365,7.16305671485365,3.944884421401544e-13
UMBF,2021,1,0.153296644,0.153696644,0.86811284,1.291046926,0.984902986,0.656158212,59.97004712,42.71584172,67.09773326,50.69417243,50.69417243,61.57959929,47.29095954,68.21174383,53.11457621,53.11457621,10.66180159,0.082213459,1.633799678,13.88,15.4587,0.912699148,37.21065531,62.78934469,42693.484,3509.979,0.59262691,0,0,0.0004,3509979000.0,UMBF,,,UMBF,5138992718.55,0.5704423208919189,converged,0.5704423208919189,2020,2020,unknown,0,5138992718.55,3509979000.0,0.0004,1.0,0.5704423208919189,8645285368.228537,0.3398946400207549,0.0,5,converged,2.8231344182501394,2.4832397782293847,2.4832397782293847,0.006509670941530309
UMBF,2022,1,0.027388005,0.041588005,3.958170601,6.494664926,0.836602606,0.536397019,59.46407192,47.90232018,53.48422353,48.62834783,48.62834783,59.97004712,42.71584172,67.09773326,50.69417243,50.69417243,10.55873713,0.067600925,1.513121823,12.5,15.4587,4.652338988,39.83183203,60.16816797,38512.461,2603.478,0.66200839,0,0,0.014199999999999999,2603478000.0,UMBF,,,UMBF,4035636622.08,0.310085984907406,converged,0.310085984907406,2021,2021,unknown,0,4035636622.08,2603478000.0,0.014199999999999999,1.0,0.310085984907406,6602406434.046437,0.1895361345156832,0.0,6,converged,5.079495400593696,4.889959266078012,4.889959266078012,5.042842312824725e-07
UMBF,2023,1,-0.080462751,-0.030962751,4.086546341,5.658290868,0.848595273,0.377674418,25.78826593,45.77561483,76.45090303,51.91922887,51.91922887,59.46407192,47.90232018,53.48422353,48.62834783,48.62834783,10.6922102,0.097767038,1.308435186,12.85,15.4587,4.848585329,59.5942637,40.4057363,44011.674,4302.891,1.47489612,0,0,0.0495,4302891000.0,UMBF,,,UMBF,4056697310.85,0.302239948091486,converged,0.302239948091486,2022,2022,unknown,0,4056697310.85,4302891000.0,0.0495,1.0,0.302239948091486,8151780459.64843,0.15040861511169698,0.0,8,converged,4.652397188545763,4.501988573434065,4.501988573434065,3.366030093949388e-06
UNB,2018,0,-0.192867499,-0.174767499,2.814470985,4.698479297,0.342957261,0.302022887,21.58687943,16.07375732,55.04885632,27.79017191,27.79017191,22.15799615,13.27159059,64.97712194,29.97447283,29.97447283,6.691260823,0.034545786,3.307188945,12.86,23.38644,3.867420331,15.03144959,84.96855041,805.337,27.821,0.176906038,0,0,0.0181,27821000.0,UNB,,,UNB,216718150.0,0.3164099028198505,converged,0.3164099028198505,2017,2017,unknown,0,216718150.0,27821000.0,0.0181,1.0,0.3164099028198505,244040119.7481688,0.2809856384417369,0.0,5,converged,7.933209621065442,7.652223982623705,7.652223982623705,9.876638984525793e-15
UNB,2019,0,0.041474409,0.062874409,2.015094994,4.340416141,0.529545806,0.418808699,21.29806636,26.05797156,52.86745198,32.10298255,32.10298255,21.58687943,16.07375732,55.04885632,27.79017191,27.79017191,6.771834749,0.054030647,2.257058948,13.02,23.38644,2.569195896,25.65726547,74.34273453,872.912,47.164,0.345121358,0,0,0.021400000000000002,47164000.0,UNB,,,UNB,164569636.0,0.2378284976225044,converged,0.2378284976225044,2018,2018,unknown,0,164569636.0,47164000.0,0.021400000000000002,1.0,0.2378284976225044,210735049.38587433,0.18572776288626186,0.0,5,converged,8.268113187265604,8.082385424379341,8.082385424379341,3.175600028424645e-16
UNB,2020,1,-0.207862291,-0.203462291,-0.203462291,6.871113632,0.99791506,0.99791506,23.08641908,19.78885553,68.57847579,35.09224543,35.09224543,21.29806636,26.05797156,52.86745198,32.10298255,32.10298255,6.997188222,0.006551117,1.424355683,13.87,23.38644,0.0,0.0,100.0,1093.554,7.164,0.0,0,0,0.0044,7164000.0,UNB,,,UNB,116687406.0,0.3560710850188954,converged,0.3560710850188954,2019,2019,unknown,0,116687406.0,7164000.0,0.0044,1.0,0.3560710850188954,123819953.64592277,0.33555989999373836,0.0,4,converged,8.673444779373595,8.337884879379857,8.337884879379857,3.7815575229154515e-17
UNB,2021,1,0.225649985,0.226049985,3.731255043,1.786640209,0.943532238,0.861837134,25.61020975,23.2466258,69.11564207,37.5895981,37.5895981,23.08641908,19.78885553,68.57847579,35.09224543,35.09224543,7.094544342,0.013415764,1.589330559,15.39,15.88939,4.194596121,10.12843497,89.87156503,1205.373,16.171,0.112698994,0,0,0.0004,16171000.0,UNB,,,UNB,130585614.3,0.7693456479015901,converged,0.7693456479015901,2020,2020,unknown,0,130585614.3,16171000.0,0.0004,1.0,0.7693456479015901,146744728.17450306,0.6847526335344065,0.0,5,converged,3.5637951351627555,2.8790425016283487,2.8790425016283487,0.0019944228680013843
UNB,2022,1,0.067584506,0.081784506,5.126759574,7.213319927,0.769917556,0.678948985,24.56151073,22.84201962,67.26364016,36.79270006,36.79270006,25.61020975,23.2466258,69.11564207,37.5895981,37.5895981,7.197801305,0.049536509,1.96035355,13.98,15.88939,6.011385297,13.74071404,86.25928596,1336.489,66.205,0.159295476,0,0,0.014199999999999999,66205000.0,UNB,,,UNB,105546021.67,0.2747004142609173,converged,0.2747004142609173,2021,2021,unknown,0,105546021.67,66205000.0,0.014199999999999999,1.0,0.2747004142609173,170817553.9547116,0.16973393744443288,0.0,6,converged,5.752796887022791,5.583062949578358,5.583062949578358,1.181595797209972e-08
UNB,2023,1,0.021778642,0.071278642,4.460023768,6.521325183,0.816028755,0.715142328,21.84449035,23.29783745,72.68750718,38.84752509,38.84752509,24.56151073,22.84201962,67.26364016,36.79270006,36.79270006,7.292254804,0.055780633,2.104680219,13.34,15.88939,5.22999773,14.36316309,85.63683691,1468.879,81.935,0.167721784,0,0,0.0495,81935000.0,UNB,,,UNB,138502691.2,0.3347454930212905,converged,0.3347454930212905,2022,2022,unknown,0,138502691.2,81935000.0,0.0495,1.0,0.3347454930212905,216480648.31732154,0.21416776637450227,0.0,5,converged,4.8747243480378435,4.660556581663341,4.660556581663341,1.5767772596326348e-06
UNTY,2018,0,-0.264685514,-0.246585514,1.644375426,5.955353883,0.540530888,0.525862733,21.58687943,23.25782561,23.15234288,19.87072494,19.87072494,22.15799615,31.361166,9.474948524,18.96611981,18.96611981,7.364646439,0.139511144,1.615972503,13.49,33.48413,2.82795148,4.024733555,95.97526645,1579.157,220.31,0.041935112,0,0,0.0181,220310000.0,UNTY,,,UNTY,208245636.00000003,0.2099771131624451,converged,0.2099771131624451,2017,2017,unknown,0,208245636.00000003,220310000.0,0.0181,1.0,0.2099771131624451,424603896.1308833,0.10298261008746697,0.0,6,converged,6.5984323782304015,6.495449768142935,6.495449768142935,4.139285356574669e-11
UNTY,2019,0,0.075965153,0.097365153,1.531168588,5.802403423,0.705279325,0.685690918,20.28455285,21.11906936,49.6094662,28.33446623,28.33446623,21.58687943,23.25782561,23.15234288,19.87072494,19.87072494,7.449464264,0.17063403,1.528129538,13.06,33.48413,2.161608798,4.117965338,95.88203466,1718.942,293.31,0.042948247,0,0,0.021400000000000002,293310000.0,UNTY,,,UNTY,226401927.0,0.3013764047089723,converged,0.3013764047089723,2018,2018,unknown,0,226401927.0,293310000.0,0.021400000000000002,1.0,0.3013764047089723,513501714.14809805,0.1328768773150034,0.0,8,converged,4.442092872233083,4.3092159949180795,4.3092159949180795,8.1917150187132e-06
USB,2016,0,0.287997177,0.289997177,1.889560132,4.969372243,0.838823558,0.544760428,74.21371681,63.3681364,32.42922133,51.04307094,51.04307094,67.23016439,49.53154334,29.76945216,42.60883528,42.60883528,13.00799351,0.10603098,2.085565412,16.0,26.17208,2.341925405,40.48296965,55.36788988,445964.0,47286.0,0.73116331,0,1,0.002,47286000000.0,USB,,,USB,80035998634.23999,0.2028963591105147,converged,0.2028963591105147,2015,2015,unknown,0,80035998634.23999,47286000000.0,0.002,1.0,0.2028963591105147,127227521143.35762,0.12763757858986563,0.0,6,converged,7.833965567779898,7.706327989190032,7.706327989190032,6.474478563227437e-15
USB,2017,0,0.206004198,0.214004198,1.864231602,5.15088223,0.853304292,0.60310987,75.13243601,64.6126814,35.35852023,52.69409462,52.69409462,74.21371681,63.3681364,32.42922133,51.04307094,51.04307094,13.04340675,0.105856636,2.033641743,12.9,26.17208,2.346431796,34.63501406,61.63889074,462040.0,48910.0,0.561901969,0,1,0.008,48910000000.0,USB,,,USB,83479244828.16,0.2035638539590011,converged,0.2035638539590011,2016,2016,unknown,0,83479244828.16,48910000000.0,0.008,1.0,0.2035638539590011,131999525782.95576,0.12873801408733113,0.0,6,converged,7.838424421603419,7.709686407516087,7.709686407516087,6.306363615979542e-15
USB,2018,0,-0.259610361,-0.241510361,2.000167899,6.408034741,1.033938346,0.664584934,75.43582083,62.91087012,34.32354658,51.43078247,51.43078247,75.13243601,64.6126814,35.35852023,52.69409462,52.69409462,13.05488507,0.118703651,1.63172154,12.6,26.17208,2.888738216,41.30865321,54.87443284,467374.0,55479.0,0.75278506,0,1,0.0181,55479000000.0,USB,,,USB,71201968806.40001,0.1632766108253354,converged,0.1632766108253354,2017,2017,unknown,0,71201968806.40001,55479000000.0,0.0181,1.0,0.1632766108253354,125685832063.46254,0.09249742838977568,0.0,7,converged,9.083049420124977,8.990551991735202,8.990551991735202,1.2299591248098324e-19
USB,2019,0,0.10973876,0.13113876,1.70847891,5.894260477,1.116100677,0.757595687,76.24117827,60.71433837,48.70252559,55.83625388,55.83625388,75.43582083,62.91087012,34.32354658,51.43078247,51.43078247,13.11317328,0.126250944,1.983040048,12.7,26.11457,2.208485088,37.47435795,58.5107,495426.0,62548.0,0.64047017,0,1,0.021400000000000002,62548000000.0,USB,,,USB,92375595854.08,0.1892171226019484,converged,0.1892171226019484,2018,2018,unknown,0,92375595854.08,62548000000.0,0.021400000000000002,1.0,0.1892171226019484,153599289274.54373,0.1137963890186681,0.0,6,converged,8.139869363760171,8.026072974741503,8.026072974741503,5.032118466017093e-16
USB,2020,1,-0.20999201,-0.20559201,1.073355001,4.519649763,1.106555083,0.625721547,76.98169436,61.29160242,47.14739858,55.63468786,55.63468786,76.24117827,60.71433837,48.70252559,55.83625388,55.83625388,13.22474847,0.093570197,1.490408936,13.4,26.11457,1.582099422,48.3551466,46.49303206,553905.0,51829.0,1.040051476,1,0,0.0044,51829000000.0,USB,,,USB,72588615463.68001,0.1629956770113862,converged,0.1629956770113862,2019,2019,unknown,0,72588615463.68001,51829000000.0,0.0044,1.0,0.1629956770113862,124190068834.1863,0.09527034395501398,0.0,7,converged,9.266278986986748,9.171008643031735,9.171008643031735,2.3430675608582483e-20
USB,2021,1,0.319927608,0.320327608,1.568656288,1.736643804,1.092828872,0.741057681,77.27983235,70.22181973,55.88843868,63.5866309,63.5866309,76.98169436,61.29160242,47.14739858,55.63468786,55.63468786,13.25913651,0.074572114,1.716446267,13.4,19.17617,1.701365185,35.4864588,60.42182409,573284.0,42751.0,0.587311941,1,0,0.0004,42751000000.0,USB,,,USB,83328316945.07,0.5838949384039546,converged,0.5838949384039546,2020,2020,unknown,0,83328316945.07,42751000000.0,0.0004,1.0,0.5838949384039546,126040828190.21376,0.3865624708684732,0.0,5,converged,2.991311003734406,2.604748532865933,2.604748532865933,0.004597085613910312
USB,2022,1,0.035617225,0.049817225,3.611220313,6.336451543,0.978488428,0.551886878,76.6526491,71.47213493,60.7741433,65.96213447,36.25209527,77.27983235,70.22181973,55.88843868,63.5866309,63.5866309,13.42217904,0.103059402,1.518858042,11.9,19.17617,4.438238516,46.20155542,48.30851214,674805.0,69545.0,0.956385394,1,0,0.014199999999999999,69545000000.0,USB,,,USB,66765961831.38,0.2642162862057539,converged,0.2642162862057539,2021,2021,unknown,0,66765961831.38,69545000000.0,0.014199999999999999,1.0,0.2642162862057539,135330401100.35846,0.13035250084673902,0.0,8,converged,5.28137980982514,5.1510273089784,5.1510273089784,1.2953172932172685e-07
USB,2023,1,0.069527993,0.119027993,3.590465481,5.790548733,1.081843085,0.535505463,71.88367404,69.36279693,58.91099306,63.73975909,51.48065799,76.6526491,71.47213493,60.7741433,65.96213447,36.25209527,13.40527057,0.098498699,1.390365364,13.7,19.17617,4.380833699,52.71498386,41.76152043,663491.0,65353.0,1.262286031,1,0,0.0495,65353000000.0,USB,,,USB,67429939420.4,0.2917860538732647,converged,0.2917860538732647,2022,2022,unknown,0,67429939420.4,65353000000.0,0.0495,1.0,0.2917860538732647,129626724916.07875,0.15178293591714634,0.0,7,converged,4.9140876941780505,4.762304758260904,4.762304758260904,9.569717089635482e-07
UVSP,2017,0,0.155886379,0.163886379,2.226661702,4.723144985,0.615717517,0.471037751,22.15799615,33.41796623,42.52688172,31.88498867,31.88498867,21.15270351,35.59613857,19.85637088,24.80397825,24.80397825,8.423950513,0.078068227,1.363735917,14.0,21.18654,2.675601351,28.0430124,71.9569876,4554.862,355.59,0.389719099,0,0,0.008,355590000.0,UVSP,,,UVSP,810089610.0,0.1933138931365913,converged,0.1933138931365913,2016,2016,unknown,0,810089610.0,355590000.0,0.008,1.0,0.1933138931365913,1162846238.5969455,0.1346709230362571,0.0,5,converged,8.924834349297397,8.79016342626114,8.79016342626114,7.467128249248069e-19
UVSP,2018,0,-0.27536884,-0.25726884,2.466758751,6.246094143,0.747250762,0.568397762,21.58687943,31.95077345,56.75660671,36.27996205,36.27996205,22.15799615,33.41796623,42.52688172,31.88498867,31.88498867,8.514057681,0.086204271,1.011598934,13.7,25.09519,3.535051377,29.58153551,70.41846449,4984.347,429.672,0.420082087,0,0,0.0181,429672000.0,UVSP,,,UVSP,622945914.0,0.2471827508172923,converged,0.2471827508172923,2017,2017,unknown,0,622945914.0,429672000.0,0.0181,1.0,0.2471827508172923,1044910810.4951607,0.14736328052575576,0.0,6,converged,6.226942356201353,6.079579075675597,6.079579075675597,6.024922327822019e-10
UVSP,2019,0,0.00599189,0.02739189,1.858039082,5.486524486,0.816688946,0.640879267,47.63989599,44.79986775,50.01633223,42.32244629,42.32244629,21.58687943,31.95077345,56.75660671,36.27996205,36.27996205,8.590615386,0.05967897,1.163613931,13.78,25.09519,2.453767476,26.80601449,73.19398551,5380.924,321.128,0.366232475,0,0,0.021400000000000002,321128000.0,UVSP,,,UVSP,773411756.0,0.2174814212165453,converged,0.2174814212165453,2018,2018,unknown,0,773411756.0,321128000.0,0.021400000000000002,1.0,0.2174814212165453,1087740626.9562292,0.15463492280520102,0.0,5,converged,8.105375965849914,7.950741043044713,7.950741043044713,9.26995636963756e-16
UVSP,2020,1,-0.264615869,-0.260215869,2.235740491,5.194717544,1.100843801,0.607212656,45.76363235,49.37770506,49.89782644,44.55839139,44.55839139,47.63989599,44.79986775,50.01633223,42.32244629,42.32244629,8.754081213,0.050455173,0.870637614,15.31,17.90564,2.882640506,49.75526113,50.24473887,6336.496,319.709,0.990258129,0,0,0.0044,319709000.0,UVSP,,,UVSP,594354516.0,0.2120540270564101,converged,0.2120540270564101,2019,2019,unknown,0,594354516.0,319709000.0,0.0044,1.0,0.2120540270564101,912659886.6494272,0.1380966452903321,0.0,5,converged,7.696692564673186,7.558595919382854,7.558595919382854,2.0372174903467478e-14
UVSP,2021,1,0.235077483,0.235477483,2.004819828,1.597010489,1.077764948,0.966211322,43.77253391,48.81905492,54.10899517,46.00440171,46.00440171,45.76363235,49.37770506,49.89782644,44.55839139,44.55839139,8.871002975,0.030043155,1.140686302,13.77,17.54223,2.180829856,12.28199039,87.71800961,7122.421,213.98,0.140016747,0,0,0.0004,213980000.0,UVSP,,,UVSP,882656216.6400001,0.6113793680482671,converged,0.6113793680482671,2020,2020,unknown,0,882656216.6400001,213980000.0,0.0004,1.0,0.6113793680482671,1096523318.3737514,0.49222428037694577,0.0,5,converged,3.5665848317356144,3.0743605513586685,3.0743605513586685,0.0010547715792642133
UVSP,2022,1,0.078374588,0.092574588,4.046057348,7.545624488,0.928219163,0.786664424,43.08091398,55.56543839,49.12947493,47.80120483,47.80120483,43.77253391,48.81905492,54.10899517,46.00440171,46.00440171,8.884889417,0.060980341,0.985029155,13.67,17.90564,4.83605226,17.97835857,82.02164143,7222.016,440.401,0.219190427,0,0,0.014199999999999999,440401000.0,UVSP,,,UVSP,764875138.9499999,0.3133712220843804,converged,0.3133712220843804,2021,2021,unknown,0,764875138.9499999,440401000.0,0.014199999999999999,1.0,0.3133712220843804,1199066631.6203706,0.1998970508464473,0.0,6,converged,5.181629552401435,4.981732501554988,4.981732501554988,3.150875421521707e-07
VABK,2023,1,-0.016125928,0.033374072,3.820025654,4.852471876,0.295879476,0.240123177,15.2370401,10.30524816,14.79202442,10.60935418,10.60935418,17.26625006,7.831312176,16.71042831,10.09771536,10.09771536,7.406113709,0.04460525,1.205452569,18.12,18.58569,4.660185393,22.19147996,77.80852004,1646.017,73.421,0.285206298,0,0,0.0495,73421000.0,VABK,,,VABK,185376272.4,0.2231136131311649,converged,0.2231136131311649,2022,2022,unknown,0,185376272.4,73421000.0,0.0495,1.0,0.2231136131311649,255251416.81553856,0.16203620116994485,0.0,5,converged,8.076385803171473,7.914349602001527,7.914349602001527,1.2427448744172904e-15
VBTX,2017,0,0.299095237,0.307095237,1.852677684,6.416108964,0.815314368,0.800514062,22.15799615,44.94650578,27.3678792,32.14590338,32.14590338,21.15270351,44.21213582,31.92974972,33.42392926,33.42392926,7.988062039,0.034917706,1.36048694,13.16,33.28016147,2.328936695,2.696347608,97.30365239,2945.583,102.853,0.027710652,0,0,0.008,102853000.0,VBTX,,,VBTX,1497350685.0,0.2948025172512067,converged,0.2948025172512067,2016,2016,unknown,0,1497350685.0,102853000.0,0.008,1.0,0.2948025172512067,1599384143.5367544,0.27599545295892663,0.0,4,converged,10.109441494739974,9.833446041781047,9.833446041781047,4.040270627062756e-23
VBTX,2018,0,-0.376661878,-0.358561878,1.835755593,12.42368732,1.584833272,1.5597653,21.58687943,40.39277757,40.93826338,34.77259249,34.77259249,22.15799615,44.94650578,27.3678792,32.14590338,32.14590338,8.073574401,0.013934643,0.977216584,12.98,34.19722,3.321696697,2.384163217,97.61583678,3208.55,44.71,0.024423939,0,0,0.0181,44710000.0,VBTX,,,VBTX,1160324670.0,0.2276424937903456,converged,0.2276424937903456,2017,2017,unknown,0,1160324670.0,44710000.0,0.0181,1.0,0.2276424937903456,1204232698.734317,0.21934232624883077,0.0,4,converged,15.207079606607818,14.987737280358989,14.987737280358989,4.415544846265718e-51
VLY,2016,0,0.317628178,0.319628178,2.034927152,4.597733048,0.84192284,0.44988145,21.15270351,26.335553,79.71700796,41.76055715,41.76055715,18.2821119,27.8407167,79.74468954,42.51708372,42.51708372,10.0373381,0.111808691,1.354520672,12.15,26.25405,2.564732311,53.06722751,44.90872638,22864.439,2556.443,1.181668504,0,0,0.002,2556443000.0,VLY,,,VLY,6522369146.88,0.192242159492508,converged,0.192242159492508,2015,2015,unknown,0,6522369146.88,2556443000.0,0.002,1.0,0.192242159492508,9073704370.35918,0.1381876991612283,0.0,5,converged,9.250546101638912,9.112358402477684,9.112358402477684,4.030512582505675e-20
VLY,2017,0,0.237796117,0.245796117,2.063717438,4.610379776,0.901566526,0.48294259,24.17324669,43.5914859,80.955159,51.05543033,51.05543033,21.15270351,26.335553,79.71700796,41.76055715,41.76055715,10.08590519,0.129413441,1.277113713,12.61,26.25405,2.649707136,52.44285457,44.61654611,24002.306,3106.221,1.175412692,0,0,0.008,3106221000.0,VLY,,,VLY,6287025930.240001,0.2452283380221025,converged,0.2452283380221025,2016,2016,unknown,0,6287025930.240001,3106221000.0,0.008,1.0,0.2452283380221025,9368496296.777567,0.16456823712327232,0.0,5,converged,6.839029815095112,6.67446157797184,6.67446157797184,1.2407073815639029e-11
VLY,2018,0,-0.308474056,-0.290374056,2.200466536,6.150803383,1.159962204,0.597960354,23.52538211,52.11760297,75.41083722,53.27737686,53.27737686,24.17324669,43.5914859,80.955159,51.05543033,51.05543033,10.3692035,0.120156339,0.937068224,11.34,26.25405,3.152787974,54.68167057,42.90566066,31863.088,3828.552,1.27446285,0,0,0.0181,3828552000.0,VLY,,,VLY,4975828008.96,0.2186094121141109,converged,0.2186094121141109,2017,2017,unknown,0,4975828008.96,3828552000.0,0.0181,1.0,0.2186094121141109,8735706587.1769,0.12451915945937578,0.0,7,converged,6.832560404472301,6.708041245012925,6.708041245012925,9.862709261006159e-12
VLY,2019,0,0.09161017,0.11301017,1.817465867,5.459144755,1.254211354,0.659953382,23.07373443,44.03405076,73.86436364,48.83370224,48.83370224,23.52538211,52.11760297,75.41083722,53.27737686,53.27737686,10.53038862,0.087434856,1.106130287,11.72,21.39536,2.246920241,51.9832638,45.37848253,37436.02,3273.213,1.145548747,0,0,0.021400000000000002,3273213000.0,VLY,,,VLY,6415904358.4,0.2355143037841008,converged,0.2355143037841008,2018,2018,unknown,0,6415904358.4,3273213000.0,0.021400000000000002,1.0,0.2355143037841008,9619814782.560034,0.1570755032565673,0.0,5,converged,7.0780565627349326,6.920981059478366,6.920981059478366,2.2426323114067207e-12
VLY,2020,1,-0.180569346,-0.176169346,1.281204376,4.577147985,1.306666536,0.613443588,21.88863295,39.36185572,77.78541915,47.94247193,47.94247193,23.07373443,44.03405076,73.86436364,48.83370224,48.83370224,10.6136412,0.086051921,0.898502915,12.64,27.95184,1.870731523,59.31587985,37.81773996,40686.076,3501.115,1.568467072,0,0,0.0044,3501115000.0,VLY,,,VLY,5463324672.0,0.2387853065201448,converged,0.2387853065201448,2019,2019,unknown,0,5463324672.0,3501115000.0,0.0044,1.0,0.2387853065201448,8949068607.159294,0.14577624945263315,0.0,6,converged,6.540800250204895,6.395024000752262,6.395024000752262,8.026107001065923e-11
VLY,2021,1,0.284656621,0.285056621,1.54074966,1.701276725,1.200736724,1.075084236,22.45895173,36.06567086,81.36538546,47.90397091,47.90397091,21.88863295,39.36185572,77.78541915,47.94247193,47.94247193,10.67928426,0.049177375,1.188821066,13.1,27.95184,1.809058847,13.50749669,83.2662811,43446.443,2136.582,0.162220487,0,0,0.0004,2136581999.9999998,VLY,,,VLY,5794759685.0,0.6211847895653563,converged,0.6211847895653563,2020,2020,unknown,0,5794759685.0,2136581999.9999998,0.0004,1.0,0.6211847895653563,7929451259.976531,0.45437437854599816,0.0,5,converged,3.114182014048386,2.659807635502388,2.659807635502388,0.003909264600005684
VLY,2022,1,-0.003648991,0.010551009,3.222958909,8.352171549,1.141245599,1.012611791,27.46435433,40.27941665,82.0571799,51.20466812,51.20466812,22.45895173,36.06567086,81.36538546,47.90397091,47.90397091,10.95889217,0.030255775,0.925051311,11.63,26.30993,4.361841876,14.23821342,82.59472685,57462.749,1738.58,0.17238647,0,0,0.014199999999999999,1738580000.0,VLY,,,VLY,5727095346.18,0.3179534174483041,converged,0.3179534174483041,2021,2021,unknown,0,5727095346.18,1738580000.0,0.014199999999999999,1.0,0.3179534174483041,7441161966.940625,0.24471306313482916,0.0,5,converged,6.1218659492794805,5.877152886144652,5.877152886144652,2.0869134872962574e-09
VLY,2023,1,0.022462919,0.071962919,3.576074358,7.533397081,1.183159262,1.045431766,62.34885864,38.57897899,82.47709179,55.58176752,55.58176752,27.46435433,40.27941665,82.0571799,51.20466812,51.20466812,11.01756257,0.054210772,0.84935068,11.76,26.30993,4.773270744,14.56998089,81.49725689,60934.974,3303.332,0.178778789,0,0,0.0495,3303332000.0,VLY,,,VLY,5513729807.219999,0.3232505308873848,converged,0.3232505308873848,2022,2022,unknown,0,5513729807.219999,3303332000.0,0.0495,1.0,0.3232505308873848,8657527823.460438,0.20586899355033544,0.0,5,converged,5.023527625332313,4.817658631781978,4.817658631781978,7.262630050406832e-07
WABC,2016,0,0.173539217,0.175539217,1.349128142,7.589615816,1.017232229,0.984626371,21.15270351,10.97286463,51.4092719,23.94987874,23.94987874,18.2821119,10.69410988,47.23243464,22.30795497,22.30795497,8.587853499,0.01100952,2.904209742,15.95,23.37098,1.541009592,4.142449597,95.8575504,5366.083,59.078,0.043214641,0,0,0.002,59078000.0,WABC,,,WABC,1647551451.0,0.2336862575571994,converged,0.2336862575571994,2015,2015,unknown,0,1647551451.0,59078000.0,0.002,1.0,0.2336862575571994,1706511413.0772712,0.22561239835067037,0.0,4,converged,15.029308466972061,14.803696068621392,14.803696068621392,6.93248551617904e-50
WABC,2017,0,0.103618779,0.111618779,1.574069196,7.425759437,1.03897648,1.006316087,22.15799615,12.91271383,63.46259437,29.25124004,29.25124004,21.15270351,10.97286463,51.4092719,23.94987874,23.94987874,8.614872562,0.010605934,2.666053497,16.17,23.37098,1.914399818,4.063296446,95.93670355,5513.046,58.471,0.04235393,0,0,0.008,58471000.0,WABC,,,WABC,1559060685.0,0.2464461429914689,converged,0.2464461429914689,2016,2016,unknown,0,1559060685.0,58471000.0,0.008,1.0,0.2464461429914689,1617065783.0924401,0.2376059752950477,0.0,4,converged,14.124501421673612,13.886895446378563,13.886895446378563,3.8030654672838644e-44
WABC,2018,0,-0.1496792,-0.1315792,1.830093115,8.69143633,0.992858695,0.964414947,21.58687943,9.819467685,71.2158561,30.50816417,30.50816417,22.15799615,12.91271383,63.46259437,29.25124004,29.25124004,8.624885666,0.009202974,2.417719557,17.03,23.37098,2.553596191,3.706192566,96.29380743,5568.526,51.247,0.038488379,0,0,0.0181,51247000.0,WABC,,,WABC,1457741376.0,0.228905970991147,converged,0.228905970991147,2017,2017,unknown,0,1457741376.0,51247000.0,0.0181,1.0,0.228905970991147,1508069149.396277,0.22126684659045898,0.0,4,converged,15.4768230500999,15.255556203509443,15.255556203509443,7.56005524006939e-53
WABC,2019,0,0.045513064,0.066913064,1.155093264,7.252788114,0.95876675,0.939186113,20.28455285,8.63625925,74.62273161,31.14776797,31.14776797,21.58687943,9.819467685,71.2158561,30.50816417,30.50816417,8.634007758,0.005503639,2.507450251,16.83,23.37098,1.422375609,2.64864584,97.35135416,5619.555,30.928,0.027207078,0,0,0.021400000000000002,30928000.0,WABC,,,WABC,1774266039.0,0.2340821242336964,converged,0.2340821242336964,2018,2018,unknown,0,1774266039.0,30928000.0,0.021400000000000002,1.0,0.2340821242336964,1804539211.4517903,0.23015513823144823,0.0,6,converged,17.876135013270453,17.645979875039004,17.645979875039004,5.463125129811577e-70
WABC,2020,1,-0.156120098,-0.151720098,0.503963847,4.889391876,0.715333699,0.677170488,18.99807322,8.953502187,62.99708044,27.11988604,27.11988604,20.28455285,8.63625925,74.62273161,31.14776797,31.14776797,8.816991218,0.01519651,1.754430919,16.68,23.59622,0.844541407,6.869482918,93.13051708,6747.931,102.545,0.07376189,0,0,0.0044,102545000.0,WABC,,,WABC,1447530903.0,0.184742799067652,converged,0.184742799067652,2019,2019,unknown,0,1447530903.0,102545000.0,0.0044,1.0,0.184742799067652,1549625696.181347,0.17257129345524222,0.0,4,converged,15.847116508761353,15.674545215306111,15.674545215306111,1.129178204325141e-55
WABC,2021,1,0.187606144,0.188006144,0.690127895,1.454631567,0.635550322,0.599955896,17.43215031,7.508192238,76.42987776,31.23881934,31.23881934,18.99807322,8.953502187,62.99708044,27.11988604,27.11988604,8.917448217,0.019601326,1.875190944,15.47,24.70904,0.685147736,7.304312633,92.69568737,7461.026,146.246,0.07879884,0,0,0.0004,146246000.0,WABC,,,WABC,1550974180.0,0.4469094805693018,converged,0.4469094805693018,2020,2020,unknown,0,1550974180.0,146246000.0,0.0004,1.0,0.4469094805693018,1697161693.2681541,0.40841427671499553,0.0,5,converged,6.207480155493314,5.799065878778318,5.799065878778318,3.3342666643567226e-09
WABC,2022,1,0.047448737,0.061648737,3.180223724,6.765873592,0.663102962,0.636902174,17.26625006,6.744673447,65.27746741,27.04287663,27.04287663,17.43215031,7.508192238,76.42987776,31.23881934,31.23881934,8.846542549,0.008315016,2.637617927,15.64,24.70904,4.146273167,5.180780194,94.81921981,6950.317,57.792,0.054638503,0,0,0.014199999999999999,57792000.0,WABC,,,WABC,1588136130.0,0.2428098461674749,converged,0.2428098461674749,2021,2021,unknown,0,1588136130.0,57792000.0,0.014199999999999999,1.0,0.2428098461674749,1645113282.7078807,0.23440032578401662,0.0,4,converged,14.464083669361948,14.22968334357793,14.22968334357793,2.9976313662291377e-46
WAL,2017,0,0.310793438,0.318793438,2.231375065,10.72012968,1.759768326,1.670398162,22.15799615,38.81793834,41.51109586,34.19769193,34.19769193,21.15270351,31.60828548,56.73919226,36.10381881,36.10381881,9.919807898,0.039004313,2.678701154,13.3,24.8683,2.573845916,6.64774207,93.35225793,20329.085,792.922,0.071211369,0,0,0.008,792922000.0,WAL,,,WAL,6251074480.0,0.3206891672013235,converged,0.3206891672013235,2016,2016,unknown,0,6251074480.0,792922000.0,0.008,1.0,0.3206891672013235,7037678409.99158,0.2848456201613281,0.0,5,converged,7.835392658362281,7.5505470382009525,7.5505470382009525,2.1671690944025698e-14
WAL,2018,0,-0.469365659,-0.451265659,2.386445941,11.71184523,1.516187523,1.447557463,21.58687943,43.74834552,51.87097491,40.37273034,40.37273034,22.15799615,38.81793834,41.51109586,34.19769193,34.19769193,10.04799846,0.037814298,1.585632568,13.2,24.8683,3.741330686,5.93580586,94.06419414,23109.486,873.869,0.063103776,0,0,0.0181,873869000.0,WAL,,,WAL,4359853960.0,0.2477698446296029,converged,0.2477698446296029,2017,2017,unknown,0,4359853960.0,873869000.0,0.0181,1.0,0.2477698446296029,5218048215.713077,0.2070200048685201,0.0,7,converged,8.822707107222815,8.615687102354295,8.615687102354295,3.4761693071419925e-18
WAL,2019,0,0.005391602,0.026791602,1.838205117,10.8678205,1.686665182,1.585903323,20.28455285,38.7470604,63.39488486,42.04070051,42.04070051,21.58687943,43.74834552,51.87097491,40.37273034,40.37273034,10.19697579,0.015294862,1.937135368,12.8,24.8683,2.413764784,7.797227866,92.20277213,26821.948,410.238,0.084566089,0,0,0.021400000000000002,410238000.0,WAL,,,WAL,6293028000.0,0.2648880316165743,converged,0.2648880316165743,2018,2018,unknown,0,6293028000.0,410238000.0,0.021400000000000002,1.0,0.2648880316165743,6694580176.5879965,0.24899960204661442,0.0,4,converged,11.424582399307862,11.175582797261248,11.175582797261248,2.684836711616681e-29
WAL,2020,1,-0.186441614,-0.182041614,1.845233221,9.607690212,1.694583936,1.469969969,24.36983596,52.47942086,26.32940703,36.28191311,36.28191311,20.28455285,38.7470604,63.39488486,42.04070051,42.04070051,10.50399848,0.015624914,1.771082873,12.5,24.8683,2.657345249,16.9006273,83.0993727,36461.0,569.7,0.203378518,0,0,0.0044,569700000.0,WAL,,,WAL,6618719800.0,0.2796198530409525,converged,0.2796198530409525,2019,2019,unknown,0,6618719800.0,569700000.0,0.0044,1.0,0.2796198530409525,7185918626.61721,0.25754890280255294,0.0,4,converged,9.987751560662167,9.730202657859614,9.730202657859614,1.12072974846278e-22
WAL,2021,1,0.208683594,0.209083594,1.828873787,1.561096716,1.512735884,1.31723134,22.65177677,47.98434962,53.51525652,43.81735597,43.81735597,24.36983596,52.47942086,26.32940703,36.28191311,36.28191311,10.93279621,0.042829379,2.459000792,12.3,18.61847,2.0346638,15.09310431,82.75793068,55982.6,2397.7,0.182376531,0,0,0.0004,2397700000.0,WAL,,,WAL,11478861598.0,0.7650428987559578,converged,0.7650428987559578,2020,2020,unknown,0,11478861598.0,2397700000.0,0.0004,1.0,0.7650428987559578,13872665336.288555,0.6336696996862643,0.0,6,converged,3.087695501326025,2.454025801639761,2.454025801639761,0.0070633422482107985
WAL,2022,1,-0.056452908,-0.042252908,3.873323345,8.391746183,1.364939638,1.000195989,22.76532853,43.59779391,42.93668529,38.10263006,38.10263006,22.65177677,47.98434962,53.51525652,43.81735597,43.81735597,11.12334355,0.106180057,1.281752454,12.1,18.61847,4.794323936,30.08792088,67.14526595,67734.0,7192.0,0.448101895,0,0,0.014199999999999999,7192000000.0,WAL,,,WAL,6486949168.56,0.3683253854816238,converged,0.3683253854816238,2021,2021,unknown,0,6486949168.56,7192000000.0,0.014199999999999999,1.0,0.3683253854816238,13577498215.627731,0.17598940950405642,0.0,6,converged,3.7793792270763302,3.603389817572274,3.603389817572274,0.00015704696315863584
WASH,2017,0,0.149847377,0.157847377,2.033476123,6.172060261,0.760157977,0.748401721,22.15799615,43.64377743,21.61862274,29.43001779,29.43001779,21.15270351,42.4963665,19.9132537,28.24696911,28.24696911,8.418444105,0.179705067,2.219567056,12.45,31.75869,2.753728617,2.250107159,97.74989284,4529.85,814.037,0.023019024,0,0,0.008,814037000.0,WASH,,,WASH,1027251075.0,0.2468786584493763,converged,0.2468786584493763,2016,2016,unknown,0,1027251075.0,814037000.0,0.008,1.0,0.2468786584493763,1834801758.8562057,0.13822003815071718,0.0,7,converged,6.006642035395061,5.8684219972443445,5.8684219972443445,2.199811479669857e-09
WASH,2018,0,-0.231560625,-0.213460625,2.095011912,7.02386077,0.703420307,0.692318718,21.58687943,41.15329275,51.58227848,38.98165345,38.98165345,22.15799615,43.64377743,21.61862274,29.43001779,29.43001779,8.519344077,0.194262314,1.834884375,12.56,32.44797,3.409998103,2.318739379,97.68126062,5010.766,973.403,0.023737812,0,0,0.0181,973403000.0,WASH,,,WASH,916905983.0,0.2486951269081981,converged,0.2486951269081981,2017,2017,unknown,0,916905983.0,973403000.0,0.0181,1.0,0.2486951269081981,1872848879.1806066,0.12175572032888589,0.0,9,converged,5.5843788025758725,5.462623082246987,5.462623082246987,2.3457501600748116e-08
WASH,2019,0,0.028191541,0.049591541,1.57855514,5.769816139,0.688867366,0.676492212,20.28455285,35.52652649,63.7419081,40.56824406,40.56824406,21.58687943,41.15329275,51.58227848,38.98165345,38.98165345,8.574076045,0.219954658,1.855005133,12.94,32.44797,2.265322199,2.636605272,97.36339473,5292.659,1164.145,0.027080047,0,0,0.021400000000000002,1164145000.0,WASH,,,WASH,1037668269.0,0.2271846931840959,converged,0.2271846931840959,2018,2018,unknown,0,1037668269.0,1164145000.0,0.021400000000000002,1.0,0.2271846931840959,2177165240.5178456,0.10827949258125366,0.0,6,converged,6.033450830931321,5.925171338350068,5.925171338350068,1.5598596987024331e-09
WASH,2020,1,-0.182376658,-0.177976658,1.376350022,4.711619756,0.735710963,0.632088435,18.99807322,36.33826852,75.18876472,45.09173649,45.09173649,20.28455285,35.52652649,63.7419081,40.56824406,40.56824406,8.65052914,0.107915589,1.447948965,13.51,32.44797,2.249480572,19.52890333,80.47109667,5713.169,616.54,0.242682207,0,0,0.0044,616540000.0,WASH,,,WASH,864241280.0,0.2111510841578611,converged,0.2111510841578611,2019,2019,unknown,0,864241280.0,616540000.0,0.0044,1.0,0.2111510841578611,1478074463.3751154,0.12346163090166475,0.0,7,converged,7.1795071812326245,7.05604555033096,7.05604555033096,8.56538456858604e-13
WASH,2021,1,0.197480562,0.197880562,1.937567859,1.53244271,0.792770062,0.777715177,22.77871804,48.67126457,69.5081336,49.93378108,49.93378108,18.99807322,36.33826852,75.18876472,45.09173649,45.09173649,8.674389571,0.028657898,1.729681964,14.01,21.68125,2.22738525,2.412055352,97.58794465,5851.127,167.681,0.024716735,0,0,0.0004,167681000.0,WASH,,,WASH,976938210.66,0.5750074207931738,converged,0.5750074207931738,2020,2020,unknown,0,976938210.66,167681000.0,0.0004,1.0,0.5750074207931738,1144549972.3746626,0.49080922100593727,0.0,6,converged,4.159559753531555,3.668750532525618,3.668750532525618,0.00012186938490358754
WASH,2022,1,0.034815178,0.049015178,3.690540352,7.415540762,0.789159707,0.771977812,21.06625006,31.19890492,47.33891993,33.28083369,33.28083369,22.77871804,48.67126457,69.5081336,49.93378108,49.93378108,8.803882421,0.15055155,1.786946621,12.37,21.68125,4.651350563,2.763316491,97.23668351,6660.051,1002.681,0.028418457,0,0,0.014199999999999999,1002681000.0,WASH,,,WASH,810682286.54,0.284779063507983,converged,0.284779063507983,2021,2021,unknown,0,810682286.54,1002681000.0,0.014199999999999999,1.0,0.284779063507983,1799225778.5524802,0.12831386244232204,0.0,9,converged,4.731454956681214,4.603141094238891,4.603141094238891,2.0808304031674837e-06
WASH,2023,1,-0.014899563,0.034600437,4.07876458,6.821443558,0.863636082,0.830680339,59.77811421,48.12101301,61.20572082,52.28673565,52.28673565,21.06625006,31.19890492,47.33891993,33.28083369,33.28083369,8.882231644,0.168361344,1.166658964,11.58,21.61626,5.161569279,4.817569543,95.18243046,7202.847,1212.681,0.050614063,0,0,0.0495,1212681000.0,WASH,,,WASH,551463359.0600001,0.2220405909838639,converged,0.2220405909838639,2022,2022,unknown,0,551463359.0600001,1212681000.0,0.0495,1.0,0.2220405909838639,1705578121.4706616,0.07179222767406751,0.0,6,converged,5.476185808888965,5.404393581214897,5.404393581214897,3.251400844369977e-08
WBS,2016,0,0.38786573,0.38986573,1.729508549,7.553616551,1.271737757,1.05454766,21.15270351,32.24857654,73.16695108,42.33539636,42.33539636,18.2821119,36.23998633,72.23651961,43.98018028,43.98018028,10.16863751,0.154106569,2.07141363,12.7,30.06297,2.053720192,22.14685354,75.20477423,26072.529,4017.948,0.294487335,0,0,0.002,4017948000.0,WBS,,,WBS,9131469685.76,0.2528208156866413,converged,0.2528208156866413,2015,2015,unknown,0,9131469685.76,4017948000.0,0.002,1.0,0.2528208156866413,13141389820.30071,0.1756759099289353,0.0,5,converged,6.844572293706437,6.668896383777502,6.668896383777502,1.288670641848141e-11
WBS,2017,0,0.249119188,0.257119188,1.690038649,7.289506468,1.20622745,1.039426657,22.15799615,39.2571872,67.05902539,43.61281399,43.61281399,21.15270351,32.24857654,73.16695108,42.33539636,42.33539636,10.18443368,0.096125609,2.021173405,13.4,31.24385,2.160936489,18.54153229,79.44250162,26487.645,2546.141,0.233395625,0,0,0.008,2546141000.0,WBS,,,WBS,9447740190.72,0.2919326373064066,converged,0.2919326373064066,2016,2016,unknown,0,9447740190.72,2546141000.0,0.008,1.0,0.2919326373064066,11973593322.393911,0.2303488715716684,0.0,5,converged,6.870687403266791,6.6403385316951224,6.6403385316951224,1.5648175537316046e-11
WBS,2018,0,-0.390267486,-0.372167486,1.651153842,8.954237828,1.152658312,1.047923669,51.23173222,43.06951058,75.00222074,51.38873126,51.38873126,22.15799615,39.2571872,67.05902539,43.61281399,43.61281399,10.22594471,0.09542459,1.65729817,13.4,31.24385,2.86329852,12.40249734,85.32179593,27610.315,2634.703,0.145361419,0,0,0.0181,2634703000.0,WBS,,,WBS,8292007015.68,0.2463001449393457,converged,0.2463001449393457,2017,2017,unknown,0,8292007015.68,2634703000.0,0.0181,1.0,0.2463001449393457,10879450876.79374,0.18772294235518966,0.0,5,converged,7.744526270504755,7.556803328149566,7.556803328149566,2.0654792790674078e-14
WBS,2019,0,0.012087095,0.033487095,1.244218074,7.200498566,1.318000681,1.029588921,52.6256366,53.89122729,78.04036619,58.32668409,58.32668409,51.23173222,43.06951058,75.00222074,51.38873126,51.38873126,10.3218473,0.116135149,1.603318784,13.55,31.24385,1.775810837,28.27325821,69.39661788,30389.344,3529.271,0.407415506,0,0,0.021400000000000002,3529271000.0,WBS,,,WBS,8976699013.12,0.2695267810491116,converged,0.2695267810491116,2018,2018,unknown,0,8976699013.12,3529271000.0,0.021400000000000002,1.0,0.2695267810491116,12431246012.220516,0.19462737581655018,0.0,5,converged,6.676664631853587,6.482037256037037,6.482037256037037,4.524614310430902e-11
WBS,2020,1,-0.227974925,-0.223574925,0.965917234,6.506831002,1.622115753,1.005403094,56.81147715,53.2010319,69.71003321,56.83980207,56.83980207,52.6256366,53.89122729,78.04036619,58.32668409,58.32668409,10.39178194,0.052044986,1.230547426,13.59,21.89434,1.391723813,42.53764371,54.16431932,32590.69,1696.182,0.785344379,0,0,0.0044,1696182000.0,WBS,,,WBS,7090852012.8,0.3005826235605404,converged,0.3005826235605404,2019,2019,unknown,0,7090852012.8,1696182000.0,0.0044,1.0,0.3005826235605404,8779587206.986223,0.24276618604529107,0.0,5,converged,6.911659676894126,6.668893490848835,6.668893490848835,1.2886960402693762e-11
WBS,2021,1,0.234054931,0.234454931,1.412083312,1.614481969,1.410514413,1.180886743,57.9536662,64.21745102,68.62819818,62.41180951,62.41180951,56.81147715,53.2010319,69.71003321,56.83980207,56.83980207,10.46068897,0.035766936,1.535908611,13.64,21.36238,1.562151077,19.36890515,78.32843712,34915.599,1248.824,0.247278075,0,0,0.0004,1248824000.0,WBS,,,WBS,5058189396.64,0.7742974327246149,converged,0.7742974327246149,2020,2020,unknown,0,5058189396.64,1248824000.0,0.0004,1.0,0.7742974327246149,6304074814.283664,0.6223852779624067,0.0,7,converged,2.9131081551237457,2.290722877161339,2.290722877161339,0.010989723309620952
WBS,2022,1,0.004864289,0.019064289,3.640088484,8.393259753,1.252891489,1.015441616,57.94606669,72.28870564,38.09223098,55.50791725,55.50791725,57.9536662,64.21745102,68.62819818,62.41180951,62.41180951,11.17433628,0.107825159,1.059868646,13.25,21.36238,4.610759429,22.30031937,74.99364463,71277.521,7685.51,0.29736279,0,0,0.014199999999999999,7685510000.0,WBS,,,WBS,8237518505.820001,0.3665458158334651,converged,0.3665458158334651,2021,2021,unknown,0,8237518505.820001,7685510000.0,0.014199999999999999,1.0,0.3665458158334651,15814637292.68894,0.19093364551503947,0.0,6,converged,3.9491573668756774,3.758223721360638,3.758223721360638,8.556192346744878e-05
WBS,2023,1,-0.084358512,-0.034858512,3.984961978,7.998560588,1.341687602,1.180747102,56.56877801,66.09829709,53.7510366,58.05763782,58.05763782,57.94606669,72.28870564,38.09223098,55.50791725,55.50791725,11.22451311,0.051600669,1.038760032,13.72,21.19947,5.093473829,14.25250215,82.39707501,74945.249,3867.225,0.172973399,0,0,0.0495,3867225000.0,WBS,,,WBS,8731834486.56,0.3577289275773936,converged,0.3577289275773936,2022,2022,unknown,0,8731834486.56,3867225000.0,0.0495,1.0,0.3577289275773936,12412292245.862263,0.2516562489998231,0.0,5,converged,4.956425818765171,4.7047695697653475,4.7047695697653475,1.2707642400103343e-06
WFC,2016,0,0.300206983,0.302206983,1.569456302,4.263513523,0.982199558,0.453873147,91.47656339,77.2049598,84.6714931,81.19024,41.59512,84.07776004,76.39654915,87.12437594,79.94497381,45.40726952,14.47309014,0.182298982,1.579373736,16.04,31.47193,2.13322813,60.47723307,35.60349074,1930115.0,351858.0,1.698632123,1,0,0.002,351858000000.0,WFC,,,WFC,179337865090.56,0.1994826443111199,converged,0.1994826443111199,2015,2015,unknown,0,179337865090.56,351858000000.0,0.002,1.0,0.1994826443111199,530492852335.51855,0.06743689648191067,0.0,6,converged,6.151716471911745,6.084279575429834,6.084279575429834,5.850813212462318e-10
WFC,2017,0,0.207840596,0.215840596,1.605949448,4.536545507,0.948817466,0.517319372,92.98477167,78.65993893,89.61141662,83.77104709,42.21447092,91.47656339,77.2049598,84.6714931,81.19024,41.59512,14.48424055,0.168195119,1.634418161,17.46,31.36675,2.203684903,52.63957751,43.31385306,1951757.0,328276.0,1.215305815,1,0,0.008,328276000000.0,WFC,,,WFC,197431106424.32,0.2366522556807739,converged,0.2366522556807739,2016,2016,unknown,0,197431106424.32,328276000000.0,0.008,1.0,0.2366522556807739,523091374933.44977,0.0893199944922042,0.0,6,converged,5.350319123150864,5.260999128658661,5.260999128658661,7.163735663118828e-08
WFC,2018,0,-0.240220673,-0.222120673,1.800111639,5.727877728,1.072013561,0.566254054,91.59599321,80.67178847,88.34368302,83.98208317,43.67643484,92.98477167,78.65993893,89.61141662,83.77104709,42.21447092,14.45519525,0.176609527,1.220593958,16.89,30.81062,2.736396979,54.15615528,41.95218002,1895883.0,334831.0,1.290902052,1,0,0.0181,334831000000.0,WFC,,,WFC,149952618823.68,0.1773862006904813,converged,0.1773862006904813,2017,2017,unknown,0,149952618823.68,334831000000.0,0.0181,1.0,0.1773862006904813,478777695297.4504,0.05555715230688234,0.0,6,converged,6.790372508436492,6.73481535612961,6.73481535612961,8.206911935047505e-12
WFC,2019,0,0.167838341,0.189238341,1.475825471,4.53828491,1.106953117,0.524493452,90.81550793,83.84685632,58.05554813,74.56057492,50.41160059,91.59599321,80.67178847,88.34368302,83.98208317,43.67643484,14.47176292,0.172603635,1.343213436,15.31,30.39068,2.019179705,59.25591915,37.14268925,1927555.0,332703.0,1.595358881,1,0,0.021400000000000002,332703000000.0,WFC,,,WFC,175074889164.8,0.2365762186196464,converged,0.2365762186196464,2018,2018,unknown,0,175074889164.8,332703000000.0,0.021400000000000002,1.0,0.2365762186196464,500733686163.64374,0.08271574227445394,0.0,6,converged,5.2425950632897464,5.159879321015293,5.159879321015293,1.2355453742072805e-07
WFC,2020,1,-0.282706879,-0.278306879,1.472476834,3.980210142,1.266459913,0.415532721,91.13052984,80.98267892,52.92718116,71.06330408,42.21769855,90.81550793,83.84685632,58.05554813,74.56057492,50.41160059,14.48483164,0.139253146,0.764725507,16.14,26.78891,2.105958043,69.66785014,24.9070394,1952911.0,271949.0,2.797114865,1,0,0.0044,271949000000.0,WFC,,,WFC,98211155297.28,0.1981648265078247,converged,0.1981648265078247,2019,2019,unknown,0,98211155297.28,271949000000.0,0.0044,1.0,0.1981648265078247,368966208300.9322,0.05274736859253887,0.0,6,converged,5.893785139490938,5.841037770898399,5.841037770898399,2.5938320023369264e-09
WFC,2021,1,0.438530933,0.438930933,1.771707454,2.009096665,1.301313345,0.694563882,88.71369128,78.32363608,59.0680208,71.64402068,45.92839332,91.13052984,80.98267892,52.92718116,71.06330408,42.21769855,14.48234867,0.100149481,1.112753617,15.84,20.93924,1.990208027,49.90199103,45.16288266,1948068.0,195098.0,1.1049337,1,0,0.0004,195098000000.0,WFC,,,WFC,186440755826.06,0.6140947117568867,converged,0.6140947117568867,2020,2020,unknown,0,186440755826.06,195098000000.0,0.0004,1.0,0.6140947117568867,381070956258.1111,0.3032126590832222,0.0,6,converged,2.360892710548425,2.057680051465203,2.057680051465203,0.019810428268856765
WFC,2022,1,0.090328548,0.104528548,3.705579532,6.576520399,1.176937193,0.572090548,89.59374671,75.68746162,71.49007988,74.77399595,38.08793255,88.71369128,78.32363608,59.0680208,71.64402068,45.92839332,14.44732474,0.120155554,1.010248763,14.82,21.24215,4.651379866,54.26336955,40.42221497,1881020.0,226015.0,1.342414551,1,0,0.014199999999999999,226015000000.0,WFC,,,WFC,158297785823.08,0.3366268185046059,converged,0.3366268185046059,2021,2021,unknown,0,158297785823.08,226015000000.0,0.014199999999999999,1.0,0.3366268185046059,381125465255.736,0.13982207698416516,0.0,7,converged,3.908555613628931,3.768733536644766,3.768733536644766,8.203896453297103e-05
WNEB,2018,0,-0.194256586,-0.176156586,1.726144765,4.02539137,0.253948973,0.225038354,21.58687943,12.78253392,52.19298246,25.12961051,25.12961051,22.15799615,13.07307453,39.15008007,20.57827379,20.57827379,7.658615553,0.126139902,1.202676524,14.87,24.95862,2.500689453,14.61737937,85.38262063,2118.822,267.268,0.171198533,0,0,0.0181,267267999.99999997,WNEB,,,WNEB,207938440.0,0.2206996806830636,converged,0.2206996806830636,2017,2017,unknown,0,207938440.0,267267999.99999997,0.0181,1.0,0.2206996806830636,470412406.0812694,0.09755683896557991,0.0,6,converged,6.029475166037657,5.9319183270720774,5.9319183270720774,1.4970778219269151e-09
WNEB,2019,0,-0.007448622,0.013951378,0.013951378,3.087070732,0.20416706,0.20416706,21.29806636,21.26641131,45.61498461,27.11548041,27.11548041,21.58687943,12.78253392,52.19298246,25.12961051,25.12961051,7.687756991,0.110253333,1.102271132,13.93,24.95862,0.0,0.0,100.0,2181.476,240.515,0.0,0,0,0.021400000000000002,240515000.0,WNEB,,,WNEB,199446930.00000003,0.1835302261323666,converged,0.1835302261323666,2018,2018,unknown,0,199446930.00000003,240515000.0,0.021400000000000002,1.0,0.1835302261323666,434869591.3625544,0.08417360259571594,0.0,6,converged,7.332540335236614,7.248366732640898,7.248366732640898,2.1091359498068154e-13
WNEB,2020,1,-0.26922284,-0.26482284,-0.26482284,2.953686238,0.34030881,0.34030881,20.74828207,30.24941865,62.17557636,37.63894922,37.63894922,21.29806636,21.26641131,45.61498461,27.11548041,27.11548041,7.768907861,0.024451728,0.768412327,14.65,24.95862,0.0,0.0,100.0,2365.886,57.85,0.0,0,0,0.0044,57850000.0,WNEB,,,WNEB,142698790.0,0.2416916668649481,converged,0.2416916668649481,2019,2019,unknown,0,142698790.0,57850000.0,0.0044,1.0,0.2416916668649481,200294809.16758928,0.17219172358100787,0.0,5,converged,7.324172393504985,7.151980669923977,7.151980669923977,4.276730805589123e-13
WNEB,2021,1,0.209773319,0.210173319,1.783345716,1.564353463,0.416822752,0.386614442,18.86779151,24.81238781,57.32216768,33.14965705,33.14965705,20.74828207,30.24941865,62.17557636,37.63894922,37.63894922,7.839299089,0.00877946,0.887267405,14.27,22.39405,2.051901318,9.147266576,90.85273342,2538.425,22.286,0.100682349,0,0,0.0004,22286000.0,WNEB,,,WNEB,198471071.4,0.7638418083073238,converged,0.7638418083073238,2020,2020,unknown,0,198471071.4,22286000.0,0.0004,1.0,0.7638418083073238,220743145.62327206,0.6868526377730999,0.0,5,converged,3.6824847774937406,2.995632139720641,2.995632139720641,0.0013693830474559975
WNEB,2022,1,0.115827341,0.130027341,3.694149042,6.197828497,0.547095694,0.504528287,20.8198309,20.09619864,55.36405959,30.6274573,30.6274573,18.86779151,24.81238781,57.32216768,33.14965705,33.14965705,7.84508317,0.024362454,0.921224074,14.2,22.39405,4.609017371,9.80564199,90.19435801,2553.15,62.201,0.1087168,0,0,0.014199999999999999,62201000.0,WNEB,,,WNEB,210170823.94000003,0.3165423169244653,converged,0.3165423169244653,2021,2021,unknown,0,210170823.94000003,62201000.0,0.014199999999999999,1.0,0.3165423169244653,271494811.26354843,0.24504320826532422,0.0,5,converged,6.193989414111696,5.948946205846372,5.948946205846372,1.3493715452509761e-09
WSBC,2016,0,0.298060012,0.300060012,1.91091277,6.267400333,0.877052675,0.759115484,21.15270351,36.52434575,49.92463026,36.08894239,36.08894239,18.2821119,28.8449772,41.64419935,29.29902045,29.29902045,9.189206313,0.136036843,1.410234357,14.18,24.51705,2.201914849,17.06909421,82.93090579,9790.877,1331.92,0.205823077,0,0,0.002,1331920000.0,WSBC,,,WSBC,4119644932.0,0.2155709092216208,converged,0.2155709092216208,2015,2015,unknown,0,4119644932.0,1331920000.0,0.002,1.0,0.2155709092216208,5448903754.065007,0.16298243531999937,0.0,5,converged,8.737595351673267,8.574612916353267,8.574612916353267,4.971030091183003e-18
WSBC,2017,0,0.157447582,0.165447582,1.809000624,6.703588813,1.011361395,0.889975754,22.15799615,42.86289057,52.28208648,40.08154486,40.08154486,21.15270351,36.52434575,49.92463026,36.08894239,36.08894239,9.19178712,0.132162946,1.283115404,15.16,25.31646,2.234899716,15.44246302,84.55753698,9816.178,1297.335,0.182626689,0,0,0.008,1297335000.0,WSBC,,,WSBC,3889074930.0,0.2174972697811287,converged,0.2174972697811287,2016,2016,unknown,0,3889074930.0,1297335000.0,0.008,1.0,0.2174972697811287,5176072654.235152,0.1634179494288099,0.0,5,converged,8.598120044468542,8.434702095039732,8.434702095039732,1.6602375692750405e-17
WSBC,2018,0,-0.262695758,-0.244595758,1.822276078,8.34229357,1.107590051,0.944887022,21.58687943,41.92542727,44.6913169,36.88388601,36.88388601,22.15799615,42.86289057,52.28208648,40.08154486,40.08154486,9.430168995,0.123170666,1.012319691,15.99,26.02654,2.731637108,18.88231968,81.11768032,12458.632,1534.538,0.232776869,0,0,0.0181,1534538000.0,WSBC,,,WSBC,3510213018.0,0.2297403205364822,converged,0.2297403205364822,2017,2017,unknown,0,3510213018.0,1534538000.0,0.0181,1.0,0.2297403205364822,5017225735.466113,0.16073374140111943,0.0,5,converged,7.563224978656207,7.402491237255087,7.402491237255087,6.682650804406684e-14
WSBC,2019,0,0.030986585,0.052386585,1.451809035,7.148908301,1.128695448,0.96107386,20.28455285,41.89169879,37.66422583,34.3374039,34.3374039,21.58687943,41.92542727,44.6913169,36.88388601,36.88388601,9.662696191,0.121083488,0.988112257,15.12,26.02654,1.90530136,19.07910255,80.92089745,15720.112,1903.446,0.235774727,0,0,0.021400000000000002,1903446000.0,WSBC,,,WSBC,3615452438.0,0.2111307479416538,converged,0.2111307479416538,2018,2018,unknown,0,3615452438.0,1903446000.0,0.021400000000000002,1.0,0.2111307479416538,5478597452.157925,0.1393300354921409,0.0,5,converged,7.8108760018756325,7.6715459663834915,7.6715459663834915,8.496777852566786e-15
WSBC,2020,1,-0.274039736,-0.269639736,1.024194063,5.294533035,1.068859592,0.824881845,18.99807322,33.07144025,50.01610792,34.40923322,34.40923322,20.28455285,41.89169879,37.66422583,34.3374039,34.3374039,9.706596981,0.060177004,0.771346034,17.58,26.02654,1.627467103,26.64685203,66.64435518,16425.61,988.444,0.399836595,0,0,0.0044,988444000.0,WSBC,,,WSBC,2866339112.0,0.2232788606048385,converged,0.2232788606048385,2019,2019,unknown,0,2866339112.0,988444000.0,0.0044,1.0,0.2232788606048385,3850443512.520083,0.16621278274929605,0.0,5,converged,8.290728011236073,8.124515228486777,8.124515228486777,2.245769668980311e-16
WSBC,2021,1,0.270066937,0.270466937,1.624365249,1.843574671,1.049809532,0.936737583,17.43215031,27.78601977,46.32495909,30.45885108,30.45885108,18.99807322,33.07144025,50.01610792,34.40923322,34.40923322,9.736672644,0.034934048,0.85539526,15.91,17.99867,1.70912395,12.12929872,82.3985661,16927.125,591.333,0.147202789,0,0,0.0004,591333000.0,WSBC,,,WSBC,2180130502.55,0.5954779139026934,converged,0.5954779139026934,2020,2020,unknown,0,2180130502.55,591333000.0,0.0004,1.0,0.5954779139026934,2771151756.534234,0.4685732999617718,0.0,5,converged,3.531612807846364,3.063039507884592,3.063039507884592,0.0010955056558972212
WSBC,2022,1,0.087929483,0.102129483,3.769891831,7.502790619,0.93258821,0.797397416,23.31785617,27.26166683,43.91620112,30.40068076,30.40068076,17.43215031,27.78601977,46.32495909,30.45885108,30.45885108,9.736954991,0.066476454,0.959249301,15.11,17.99867,4.500034714,16.15557012,78.13954675,16931.905,1125.573,0.2067528,0,0,0.014199999999999999,1125573000.0,WSBC,,,WSBC,2189177651.74,0.3204395925719785,converged,0.3204395925719785,2021,2021,unknown,0,2189177651.74,1125573000.0,0.014199999999999999,1.0,0.3204395925719785,3298880449.0907793,0.2126476740134226,0.0,5,converged,5.229779425182578,5.017131751169155,5.017131751169155,2.6224300875121113e-07
WSBC,2023,1,-0.000390787,0.049109213,4.292179621,6.698286992,0.910938947,0.74670544,20.53144691,28.31502412,36.56267888,28.14203324,28.14203324,23.31785617,27.26166683,43.91620112,30.40068076,30.40068076,9.78201877,0.099589756,0.779810735,14.91,17.99867,5.190499356,19.60814562,73.10464412,17712.374,1763.971,0.268220246,0,0,0.0495,1763971000.0,WSBC,,,WSBC,1862638765.95,0.2446048827161489,converged,0.2446048827161489,2022,2022,unknown,0,1862638765.95,1763971000.0,0.0495,1.0,0.2446048827161489,3541419065.4706426,0.12865197166569226,0.0,8,converged,5.866491203884031,5.737839232218339,5.737839232218339,4.7946037346591335e-09
WSBF,2021,1,0.04402937,0.04442937,0.04442937,1.515266,0.294499011,0.294499011,18.86779151,42.84895593,61.28020021,43.52068655,43.52068655,18.99807322,37.22499202,58.14054163,39.39419103,39.39419103,7.703394966,0.215323816,1.224796966,29.01,24.94635,0.0,0.0,100.0,2215.858,477.127,0.0,0,0,0.0004,477127000.0,WSBF,,,WSBF,530061705.73471606,0.4141933279283645,converged,0.4141933279283645,2020,2020,unknown,0,530061705.73471606,477127000.0,0.0004,1.0,0.4141933279283645,1006986170.0662652,0.2180691421446959,0.0,6,converged,3.536087333544194,3.318018191399498,3.318018191399498,0.00045329289918531014
WSBF,2022,1,-0.082015008,-0.067815008,3.238486112,5.786231704,0.438006337,0.420453509,19.68436486,36.77585949,57.51582868,39.51169884,39.51169884,18.86779151,42.84895593,61.28020021,43.52068655,43.52068655,7.616614378,0.190377187,1.031843684,24.36,24.53231,4.376371343,5.241850264,94.75814974,2031.672,386.784,0.0553182,0,0,0.014199999999999999,386784000.0,WSBF,,,WSBF,382283639.0,0.1862483495963501,converged,0.1862483495963501,2021,2021,unknown,0,382283639.0,386784000.0,0.014199999999999999,1.0,0.1862483495963501,763614117.9713371,0.09324042277654937,0.0,9,converged,7.493992949795678,7.400752527019129,7.400752527019129,6.770744405245336e-14
WSFS,2016,0,0.324872133,0.326872133,1.615237207,7.422722721,1.240057076,1.036022514,21.15270351,33.36156572,56.66808874,36.94784854,36.94784854,18.2821119,30.23154141,48.52736928,32.46469748,32.46469748,8.819557451,0.187346107,2.116766661,11.93,35.16586,2.104635425,23.29877518,76.70122482,6765.27,1267.447,0.303760145,0,0,0.002,1267447000.0,WSFS,,,WSFS,2631613950.0,0.2208391454949733,converged,0.2208391454949733,2015,2015,unknown,0,2631613950.0,1267447000.0,0.002,1.0,0.2208391454949733,3896528589.2053375,0.14914900858864943,0.0,5,converged,7.617912680375167,7.468763671786518,7.468763671786518,4.0475887241056415e-14
WSFS,2017,0,0.216014009,0.224014009,1.558453639,7.494346862,1.218721626,1.079167116,22.15799615,33.06238382,54.30221917,35.94774127,35.94774127,21.15270351,33.36156572,56.66808874,36.94784854,36.94784854,8.853599712,0.13398109,2.075488308,11.41,35.16586,2.115692351,16.62900946,83.37099054,6999.54,937.806,0.199457981,0,0,0.008,937806000.0,WSFS,,,WSFS,2716779450.0,0.2695852397939356,converged,0.2695852397939356,2016,2016,unknown,0,2716779450.0,937806000.0,0.008,1.0,0.2695852397939356,3647112931.9254265,0.20081737340420885,0.0,5,converged,6.903346242789827,6.702528869385619,6.702528869385619,1.0242154417060445e-11
WSFS,2018,0,-0.326446921,-0.308346921,1.491625132,8.732159472,1.093369611,1.004188053,21.58687943,26.0021204,62.01088163,35.2209691,35.2209691,22.15799615,33.06238382,54.30221917,35.94774127,35.94774127,8.888600874,0.096537529,1.448852251,12.71,35.61226,2.737473097,12.12108533,87.87891467,7248.87,699.788,0.137929393,0,0,0.0181,699788000.0,WSFS,,,WSFS,2152416070.0,0.237298048339441,converged,0.237298048339441,2017,2017,unknown,0,2152416070.0,699788000.0,0.0181,1.0,0.237298048339441,2839651847.4979086,0.17986857546485438,0.0,5,converged,7.977689550344093,7.797820974879238,7.797820974879238,3.1492638607923164e-15
WSFS,2019,0,0.023650743,0.045050743,1.510777189,7.805578983,1.106920758,1.04979933,22.06022092,28.06476893,45.70625066,30.63007183,30.63007183,21.58687943,26.0021204,62.01088163,35.2209691,35.2209691,9.413795533,0.03992134,1.225974144,13.78,32.76434107,2.185000239,7.486809053,92.51319095,12256.302,489.288,0.080926936,0,0,0.021400000000000002,489288000.0,WSFS,,,WSFS,2497620230.0,0.256318920629334,converged,0.256318920629334,2018,2018,unknown,0,2497620230.0,489288000.0,0.021400000000000002,1.0,0.256318920629334,2976548709.145009,0.21507705670282745,0.0,7,converged,8.602021909680804,8.386944852977976,8.386944852977976,2.494694532143944e-17
WSFS,2020,1,-0.185817655,-0.181417655,1.345818072,8.263210932,1.370413006,1.254625332,20.85479836,37.85710092,29.38387194,29.62268438,29.62268438,22.06022092,28.06476893,45.70625066,30.63007183,30.63007183,9.570383617,0.023764688,1.196218775,13.76,32.7650184,2.23892287,12.06957943,87.93042057,14333.914,340.641,0.137262842,0,0,0.0044,340641000.0,WSFS,,,WSFS,2548151760.0,0.2294434845407719,converged,0.2294434845407719,2019,2019,unknown,0,2548151760.0,340641000.0,0.0044,1.0,0.2294434845407719,2887297232.179723,0.20249277194265755,0.0,5,converged,10.677658434682188,10.475165662739531,10.475165662739531,5.617036883648727e-26
WSFS,2021,1,0.20874977,0.20914977,3.100939822,1.717579575,1.146013083,1.067175795,19.0205481,32.60584191,39.95283473,30.78424737,30.78424737,20.85479836,37.85710092,29.38387194,29.62268438,29.62268438,9.666329188,0.015178553,1.230545758,15.59,23.60865439,3.809636406,8.817825356,91.18217464,15777.327,239.477,0.096705583,0,0,0.0004,239477000.0,WSFS,,,WSFS,2386150048.8,0.6798268242795956,converged,0.6798268242795956,2020,2020,unknown,0,2386150048.8,239477000.0,0.0004,1.0,0.6798268242795956,2625525517.472607,0.6178541809850858,0.0,5,converged,4.185212218912902,3.567358037927816,3.567358037927816,0.00018029931152409247
WSFS,2022,1,-0.000723036,0.013476964,3.475017346,8.10027512,1.01966961,0.927541391,17.26625006,31.91278572,25.72532588,25.28748937,25.28748937,19.0205481,32.60584191,39.95283473,30.78424737,30.78424737,9.899216193,0.036500273,1.266821288,13.84,23.63834608,4.535118626,11.5100686,88.4899314,19914.755,726.894,0.130072071,0,0,0.014199999999999999,726894000.0,WSFS,,,WSFS,2793484090.0800004,0.3400530728442244,converged,0.3400530728442244,2021,2021,unknown,0,2793484090.0800004,726894000.0,0.014199999999999999,1.0,0.3400530728442244,3510129134.927526,0.27062618301494606,0.0,5,converged,6.006243340879611,5.735617157864665,5.735617157864665,4.857895158142528e-09
WSFS,2023,1,-0.057147888,-0.007647888,3.793549705,6.832638185,1.058344767,0.805791647,15.2370401,32.03978015,35.2556764,28.75659676,28.75659676,17.26625006,31.91278572,25.72532588,25.28748937,25.28748937,9.932787681,0.043461532,1.122240143,15.23,23.89875,4.991989796,29.17090392,70.82909608,20594.672,895.076,0.411849163,0,0,0.0495,895076000.0,WSFS,,,WSFS,2780502577.83,0.3121271994385811,converged,0.3121271994385811,2022,2022,unknown,0,2780502577.83,895076000.0,0.0495,1.0,0.3121271994385811,3632351023.912217,0.2389280323402265,0.0,5,converged,6.1891860890835035,5.9502580567432775,5.9502580567432775,1.338600236000693e-09
WTBA,2017,0,0.191678878,0.199678878,1.872170016,6.825230435,0.974167982,0.901678591,22.15799615,32.84275939,55.48501487,36.26461401,36.26461401,21.15270351,31.76728393,35.69254835,28.60589024,28.60589024,7.656515485,0.056875382,2.289886191,11.76,30.15295,2.4240134,10.32192938,89.67807062,2114.377,120.256,0.115099815,0,0,0.008,120256000.0,WTBA,,,WTBA,425620995.0,0.2698908696715171,converged,0.2698908696715171,2016,2016,unknown,0,425620995.0,120256000.0,0.008,1.0,0.2698908696715171,544918784.9506443,0.2108042953619802,0.0,5,converged,7.311203901959056,7.100399606597076,7.100399606597076,6.219833607858265e-13
WTBA,2018,0,-0.23345547,-0.21535547,1.702181823,6.557275695,0.718399489,0.643121711,21.58687943,31.53896837,43.5631801,31.32607315,31.32607315,22.15799615,32.84275939,55.48501487,36.26461401,36.26461401,7.739171114,0.089406453,1.628500131,11.5,30.23419,2.704185337,14.3671713,85.6328287,2296.568,205.328,0.167776442,0,0,0.0181,205328000.0,WTBA,,,WTBA,323065797.0,0.2388022160382651,converged,0.2388022160382651,2017,2017,unknown,0,323065797.0,205328000.0,0.0181,1.0,0.2388022160382651,524710791.94500047,0.14703114456110677,0.0,6,converged,6.577841854120475,6.430810709559369,6.430810709559369,6.346257184885636e-11
WTBA,2019,0,0.064845564,0.086245564,1.318441624,5.47727091,0.706308933,0.646779408,20.28455285,36.13026734,57.30977396,38.55213123,38.55213123,21.58687943,31.53896837,43.5631801,31.32607315,31.32607315,7.813466646,0.091114048,1.98193298,11.4,30.15295,1.778511358,11.64310017,88.35689983,2473.691,225.388,0.131773525,0,0,0.021400000000000002,225388000.0,WTBA,,,WTBA,433744179.0,0.2402471857469944,converged,0.2402471857469944,2018,2018,unknown,0,433744179.0,225388000.0,0.021400000000000002,1.0,0.2402471857469944,654360118.9588652,0.15924842502998418,0.0,5,converged,6.906909812443498,6.747661387413514,6.747661387413514,7.51235393253865e-12
WTBA,2020,1,-0.058925054,-0.054525054,1.521410638,6.22957878,1.00563715,0.897478512,18.99807322,29.57815257,67.85361925,39.0980666,39.0980666,20.28455285,36.13026734,57.30977396,38.55213123,38.55213123,8.066441136,0.0698063,1.420939,11.45,30.15295,2.244779568,14.71504246,85.28495754,3185.744,222.385,0.172539717,0,0,0.0044,222385000.0,WTBA,,,WTBA,326619690.0,0.2435447998484146,converged,0.2435447998484146,2019,2019,unknown,0,326619690.0,222385000.0,0.0044,1.0,0.2435447998484146,548028345.5340923,0.1451503883239298,0.0,6,converged,6.3165605354632195,6.17141014713929,6.17141014713929,3.3841795968392e-10
WTBA,2021,1,0.155306435,0.155706435,1.405442085,1.527703564,0.96150888,0.856023861,21.31944896,36.40155206,63.64327654,41.52652038,41.52652038,18.99807322,29.57815257,67.85361925,39.0980666,39.0980666,8.160575674,0.057101292,1.975811535,10.89,20.94923,1.607491369,13.48605497,86.51394503,3500.201,199.866,0.155883019,0,0,0.0004,199866000.0,WTBA,,,WTBA,514359065.22,0.5721295896607146,converged,0.5721295896607146,2020,2020,unknown,0,514359065.22,199866000.0,0.0004,1.0,0.5721295896607146,714102689.4968401,0.4123001162144068,0.0,5,converged,3.295597726762841,2.8832976105484343,2.8832976105484343,0.001967677209326556
WTBA,2022,1,-0.05830058,-0.04410058,3.635529592,6.376524074,0.913274077,0.5173181,21.43199519,27.8927097,61.216946,36.68971755,36.68971755,21.31944896,36.40155206,63.64327654,41.52652038,41.52652038,8.192354067,0.134466008,2.013919399,12.08,20.94923,4.62732455,49.19319382,50.80680618,3613.218,485.855,0.968240232,0,0,0.014199999999999999,485855000.0,WTBA,,,WTBA,425162552.15,0.2829281922876176,converged,0.2829281922876176,2021,2021,unknown,0,425162552.15,485855000.0,0.014199999999999999,1.0,0.2829281922876176,904167148.926833,0.1330401727711972,0.0,9,converged,4.841799641785103,4.708759469013906,4.708759469013906,1.246144811326958e-06
WTBA,2023,1,-0.008234806,0.041265194,3.69943247,5.727238282,0.963149614,0.452106263,19.58276213,26.35578359,75.871971,41.18498449,41.18498449,21.43199519,27.8927097,61.216946,36.68971755,36.68971755,8.249511897,0.15490708,1.575574414,11.88,20.94923,4.65833582,58.84634688,41.15365312,3825.758,592.637,1.42991794,0,0,0.0495,592637000.0,WTBA,,,WTBA,354571992.8,0.2749447049247645,converged,0.2749447049247645,2022,2022,unknown,0,354571992.8,592637000.0,0.0495,1.0,0.2749447049247645,918587649.6242725,0.10612798307860045,0.0,6,converged,4.648979630011982,4.542851646933381,4.542851646933381,2.7749154933293426e-06
WTFC,2016,0,0.347050949,0.349050949,1.656306246,6.371364663,0.919421476,0.809698526,21.15270351,25.92301647,62.67207053,35.41976156,35.41976156,18.2821119,26.74515979,42.51021242,28.56927573,28.56927573,10.1530219,0.031511476,1.540268532,11.9,38.56374,2.261609292,16.8632351,76.45247247,25668.553,808.854,0.220571481,0,0,0.002,808854000.0,WTFC,,,WTFC,4857131871.0,0.2205104837143776,converged,0.2205104837143776,2015,2015,unknown,0,4857131871.0,808854000.0,0.002,1.0,0.2205104837143776,5664369779.69103,0.1890852026303257,0.0,6,converged,10.398534987001028,10.209449784370703,10.209449784370703,8.994098158937588e-25
WTFC,2017,0,0.227809389,0.235809389,1.572171039,6.065299788,0.818506799,0.750233446,22.15799615,26.4841092,45.11210249,29.37647506,29.37647506,21.15270351,25.92301647,62.67207053,35.41976156,35.41976156,10.23695421,0.043646701,1.616392953,12.0,38.26971,2.222015189,12.53549369,85.03250014,27915.97,1218.44,0.14742003,0,0,0.008,1218440000.0,WTFC,,,WTFC,5513048811.0,0.2766938244304992,converged,0.2766938244304992,2016,2016,unknown,0,5513048811.0,1218440000.0,0.008,1.0,0.2766938244304992,6721780178.159845,0.22693789469139128,0.0,8,converged,7.674047039646957,7.447109144955565,7.447109144955565,4.770384345300499e-14
WTFC,2018,0,-0.335027679,-0.316927679,1.455769578,7.871492926,0.960227067,0.873208607,21.58687943,30.86978512,69.54585832,40.34792241,40.34792241,22.15799615,26.4841092,45.11210249,29.37647506,29.37647506,10.34960981,0.038821023,1.193462208,8.0,37.73996,2.767353543,13.49389314,84.30498872,31244.849,1212.957,0.160060435,0,0,0.0181,1212957000.0,WTFC,,,WTFC,4450195647.0,0.2512774205952718,converged,0.2512774205952718,2017,2017,unknown,0,4450195647.0,1212957000.0,0.0181,1.0,0.2512774205952718,5641395620.372688,0.1982193341102038,0.0,5,converged,7.944814084672159,7.746594750561956,7.746594750561956,4.719479365203999e-15
WTFC,2019,0,0.049635513,0.071035513,1.352613157,6.838959455,1.109636245,0.934692416,33.740097,48.05943286,73.72963713,52.31774642,52.31774642,21.58687943,30.86978512,69.54585832,40.34792241,40.34792241,10.50836574,0.04868041,1.149547023,8.0,37.66084,2.084367857,22.50073834,74.94243628,36620.583,1782.705,0.300240284,0,0,0.021400000000000002,1782705000.0,WTFC,,,WTFC,4745358270.0,0.2466884384710358,converged,0.2466884384710358,2018,2018,unknown,0,4745358270.0,1782705000.0,0.021400000000000002,1.0,0.2466884384710358,6490318690.449191,0.1803647983166742,0.0,5,converged,7.37308778263423,7.192722984317556,7.192722984317556,3.175586033748404e-13
WTFC,2020,1,-0.227147811,-0.222747811,1.232490169,7.196416834,1.590684779,1.193415432,33.15534139,49.55381952,64.33200039,49.77686124,49.77686124,33.740097,48.05943286,73.72963713,52.31774642,52.31774642,10.716211,0.054068045,0.936427993,12.6,35.86361,2.12622705,30.56983394,58.8984931,45080.768,2437.429,0.51902574,0,0,0.0044,2437429000.0,WTFC,,,WTFC,4088772027.0,0.2620419722756326,converged,0.2620419722756326,2019,2019,unknown,0,4088772027.0,2437429000.0,0.0044,1.0,0.2620419722756326,6515499899.055305,0.16444323593612598,0.0,6,converged,6.088185543616776,5.92374230768065,5.92374230768065,1.5734823268186206e-09
WTFC,2021,1,0.270601151,0.271001151,1.751431691,1.977474893,1.474942883,1.236218236,34.42497202,42.96886037,74.48777937,50.57512164,50.57512164,33.15534139,49.55381952,64.33200039,49.77686124,49.77686124,10.82261711,0.048376692,1.268089609,11.6,25.91205,2.093165532,19.29828847,74.03963324,50142.143,2425.711,0.260648083,0,0,0.0004,2425711000.0,WTFC,,,WTFC,5181652544.62,0.780267220656107,converged,0.780267220656107,2020,2020,unknown,0,5181652544.62,2425711000.0,0.0004,1.0,0.780267220656107,7592916375.210123,0.5369496687417238,0.0,5,converged,2.3943557984981294,1.8574061297564057,1.8574061297564057,0.031626697524746436
WTFC,2022,1,0.023098016,0.037298016,3.287715185,8.314205679,1.187196025,1.014498978,32.35203205,46.62868759,70.8650429,51.02856277,51.02856277,34.42497202,42.96886037,74.48777937,50.57512164,50.57512164,10.87709672,0.06805792,1.171969304,11.9,25.91205,4.399243752,17.49867177,76.15867264,52949.649,3603.643,0.229765976,0,0,0.014199999999999999,3603643000.0,WTFC,,,WTFC,5138309556.16,0.3325069933669653,converged,0.3325069933669653,2021,2021,unknown,0,5138309556.16,3603643000.0,0.014199999999999999,1.0,0.3325069933669653,8691141842.474745,0.1965825371464617,0.0,6,converged,4.648843228516134,4.4522606913696725,4.4522606913696725,4.248545799481407e-06
WTFC,2023,1,-0.021577689,0.027922311,3.62936058,7.360471071,1.21201653,0.998314413,41.11469357,50.38667933,63.92275955,50.73591093,50.73591093,32.35203205,46.62868759,70.8650429,51.02856277,51.02856277,10.93773791,0.065114118,1.139024804,12.1,25.91205,4.871373024,20.96455359,72.55907087,56259.934,3663.316,0.288930844,0,0,0.0495,3663316000.0,WTFC,,,WTFC,5680346311.5,0.3259273365879853,converged,0.3259273365879853,2022,2022,unknown,0,5680346311.5,3663316000.0,0.0495,1.0,0.3259273365879853,9166742857.761007,0.20196716749160562,0.0,6,converged,4.887470870614998,4.685503703123393,4.685503703123393,1.396361244543555e-06
ZION,2019,0,-0.034662837,-0.013262837,1.144842532,7.016131802,1.577625066,1.054632035,58.05637955,42.50133331,50.76667416,44.92708585,44.92708585,21.58687943,39.41474051,51.26249167,38.00420829,38.00420829,11.14435144,0.054588562,1.262672674,13.2,31.73077,1.687763276,40.42192686,55.64768135,69172.0,3776.0,0.726390137,0,0,0.021400000000000002,3776000000.0,ZION,,,ZION,7661886735.360001,0.2502890004615432,converged,0.2502890004615432,2018,2018,unknown,0,7661886735.360001,3776000000.0,0.021400000000000002,1.0,0.2502890004615432,11357938829.012215,0.16884101962515924,0.0,5,converged,6.7335849719297824,6.564743952304624,6.564743952304624,2.6061173442707552e-11
ZION,2020,1,-0.246234332,-0.241834332,0.913674715,7.415574724,1.651625372,1.204253824,56.76657322,49.52594298,64.5910959,53.16767437,53.16767437,58.05637955,42.50133331,50.76667416,44.92708585,44.92708585,11.3081006,0.035690178,0.97378,14.1,31.5116,1.546700545,32.66504946,60.22128451,81479.0,2908.0,0.542417016,0,0,0.0044,2908000000.0,ZION,,,ZION,6410484587.52,0.2520659965985808,converged,0.2520659965985808,2019,2019,unknown,0,6410484587.52,2908000000.0,0.0044,1.0,0.2520659965985808,9305717495.718914,0.173642192234493,0.0,5,converged,6.81078271539096,6.637140523156467,6.637140523156467,1.5991335933574673e-11
ZION,2021,1,0.194330682,0.194730682,1.511388054,1.756110641,1.411314005,1.256722436,59.67766824,47.44017419,54.75148549,49.34291993,49.34291993,56.76657322,49.52594298,64.5910959,53.16767437,53.16767437,11.442503,0.02054721,1.363610281,12.8,22.83465,1.748912844,13.24822548,83.10623405,93200.0,1915.0,0.159413137,0,0,0.0004,1915000000.0,ZION,,,ZION,9576635000.0,0.5900690592844725,converged,0.5900690592844725,2020,2020,unknown,0,9576635000.0,1915000000.0,0.0004,1.0,0.5900690592844725,11490795880.5882,0.4917987616578541,0.0,7,converged,3.8901312776877925,3.3983325160299387,3.3983325160299387,0.0003389898059755772
ZION,2022,1,0.011566724,0.025766724,3.505417416,7.086573755,1.147021186,0.713071668,58.40970545,42.34191749,44.84144346,43.17012615,43.17012615,59.67766824,47.44017419,54.75148549,49.34291993,49.34291993,11.40249657,0.123602658,1.641213169,12.2,22.50712,4.505491487,42.61512461,54.2649661,89545.0,11068.0,0.785315604,0,0,0.014199999999999999,11068000000.0,ZION,,,ZION,7308322239.999999,0.3493735012893206,converged,0.3493735012893206,2021,2021,unknown,0,7308322239.999999,11068000000.0,0.014199999999999999,1.0,0.3493735012893206,18220206436.49382,0.14015101803989002,0.0,6,converged,3.728080760974232,3.587929742934342,3.587929742934342,0.00016665703580434236
