ticker,Symbol,year,name_ok,vendor_name,total_assets_ref,total_liabilities,deposits,total_equity,debt_total_ref
ABCB,ABCB.N,2016,True,Ameris Bancorp,6892031000,6245594000,5575163000,646437000,630054000
ACNB,ACNB.O,2016,True,ACNB Corp,1206320000,1086259000,967621000,120061000,108840000
ALRS,ALRS.O,2016,True,Alerus Financial Corp,2050045000,1910829000,1785209000,139216000,59542000
AMTB,AMTB.N,2016,True,Amerant Bancorp Inc.,8434264000,7729527000,6577365000,704737000,1099110000
AROW,AROW.OQ,2016,True,Arrow Financial Corp,2605242000,2372390000,2116546000,232852000,233836000
ASB,ASB.N,2016,True,Associated Banc-Corp,29139315000,26048003000,21888448000,3091312000,3853830000
ATLO,ATLO.OQ,2016,True,Ames National Corp,1366453029,1201347786,1109408865,165105243,85837367
AUB,AUB.N,2016,True,Atlantic Union Bankshares Corporation,8426793000,7425761000,6379489000,1001032000,990089000
AUBN,AUBN.OQ,2016,True,Auburn National Bancorporation Inc,831943000,749766000,739143000,82177000,6583000
BAC,BAC.N,2016,True,Bank of America Corporation,2188067000000,1921872000000,1260934000000,266195000000,411058000000
BANC,BANC.N,2016,True,"Banc of California, Inc.",11029853000,10049614000,9142150000,980239000,742691000
BANF,BANF.OQ,2016,True,BancFirst Corp,7018952000,6307858000,6248057000,711094000,32459000
BANR,BANR.OQ,2016,True,Banner Corp,9793668000,8487958000,8121414000,1305710000,255101000
BCBP,BCBP.OQ,2016,True,BCB Bancorp Inc,1708208000,1577127000,1392205000,131081000,179124000
BCML,BCML.OQ,2016,True,BayCom Corp,675299000,597236000,590759000,78063000,0
BFC,BFC.OQ,2016,True,Bank First Corp,1315997000,1188474000,1127020000,127523000,50106000
BFIN,BFIN.OQ,2016,True,BankFinancial Corp,1620037000,1415257000,1350431000,204780000,101069000
BHB,BHB.A,2016,True,Bar Harbor Bankshares,1755349000,1598609000,1050300000,156740000,536596000
BHLB,BHLIP.PK^B11,2016,False,Beacon Financial Corporation,9162542000,8069244000,6622092000,1093298000,1325636000
BKU,BKU.N,2016,True,"BankUnited, Inc.",27880151000,25461722000,19490890000,2418429000,5642157000
BMRC,BMRC.OQ,2016,True,Bank of Marin Bancorp,2023493000,1792930000,1772700000,230563000,5586000
BOH,BOH.N,2016,True,Bank of Hawaii Corporation,16492367000,15330830000,14320240000,1161537000,800932000
BOKF,BOKF.OQ,2016,True,BOK Financial Corp,32772281000,29465924000,22748095000,3306357000,5717302000
BRKL,BRKL.O^I25,2016,True,Brookline Bancorp Inc,6438129000,5735380000,4618721000,702749000,1044086000
BSRR,BSRR.OQ,2016,True,Sierra Bancorp,2032873000,1826995000,1695471000,205878000,107504000
BUSE,BUSE.OQ,2016,True,First Busey Corporation,5425170000,4830856000,4374298000,594314000,415025000
BWB,BWB.OQ,2016,True,Bridgewater Bancshares Inc,1260394000,1145028000,1023508000,115366000,116000000
BWFG,BWFG.O,2016,True,Bankwell Financial Group Inc,1628919000,1483024000,1289037000,145895000,185051000
BY,BY,2016,True,Byline Bancorp Inc,3295830000,2913172000,2490394000,382658000,378540000
CAC,CAC.OQ,2016,True,Camden National Corp,3864230000,3472683000,2828529000,391547000,599675000
CADE,CADE.N,2016,True,Cadence Bank (Mississippi),9530888000,8450390000,8016749000,1080498000,331712000
CATY,CATY.OQ,2016,True,Cathay General Bancorp,14520769000,12692230000,11674726000,1828539000,836798000
CBAN,CBAN.N,2016,True,Colony Bankcorp Inc,1210441617,1117053884,1044356528,93387733,70229000
CBFV,CBFV.O,2016,True,CB Financial Services Inc,846075000,756606000,698218000,89469000,55027000
CBNK,CBNK.OQ,2016,True,Capital Bancorp Inc,905600334,834852632,790924496,70747702,32985934
CBSH,CBSH.OQ,2016,True,"Commerce Bancshares, Inc.",25641424000,23140292000,21101095000,2501132000,1825954000
CBU,CBU.N,2016,True,Community Financial System Inc,8666437000,7468337000,7075954000,1198100000,248370000
CCB,CCB.OQ,2016,True,Coastal Financial Corp (EVERETT),740611000,680714000,648662000,59897000,28513000
CCBG,CCBG.OQ,2016,True,Capital City Bank Group Inc,2845197000,2570029000,2412286000,275168000,80517000
CCNE,CCNE.OQ,2016,True,CNB Financial Corp,2573821000,2362037000,2017522000,211784000,307624000
CFFI,CFFI.OQ,2016,True,C&F Financial Corp,1451992000,1312778000,1119921000,139214000,164567000
CFG,CFG.N,2016,True,Citizens Financial Group Inc,149520000000,129773000000,109804000000,19747000000,17149000000
CFR,CFR.N,2016,True,Cullen/Frost Bankers Inc,30196319000,27193791000,25811575000,3002528000,1213109000
CHCO,CHCO.OQ,2016,True,City Holding Co,3984403000,3541965000,3231653000,442438000,265518000
CHMG,CHMG.O,2016,True,Chemung Financial Corp,1657179000,1513431000,1456343000,143748000,41421000
CIVB,CIVB.OQ,2016,True,Civista Bancshares Inc,1377263000,1239647000,1121103000,137616000,106852000
CLBK,CLBK.O,2016,True,Columbia Financial Inc,5037412000,4597748000,3822815000,439664000,681990000
CMA,CMA.N,2016,True,Comerica Inc,72978000000,65182000000,58985000000,7796000000,5185000000
CNOB,CNOB.OQ,2016,True,"ConnectOne Bancorp, Inc.",4426348000,3895316000,3344271000,531032000,530814000
COFS,COFS.OQ,2016,True,ChoiceOne Financial Services Inc,607371000,535673000,512386000,71698000,20214000
COLB,COLB.OQ,2016,True,Columbia Banking System Inc,9509607000,8258595000,8059415000,1251012000,87315000
CPF,CPF.N,2016,True,Central Pacific Financial Corp,5384236000,4879561000,4608201000,504675000,227785000
CTBI,CTBI.OQ,2016,True,"Community Trust Bancorp, Inc.",3932169000,3431554000,3081308000,500615000,318166000
CUBI,CUBI.N,2016,True,"Customers Bancorp, Inc.",9382736000,8526864000,7303775000,855872000,1147706000
CVBF,CVBF.OQ,2016,True,CVB Financial Corp,8073707000,7082845000,6309680000,990862000,681802000
CWBC,CWBC.OQ,2016,True,Community West Bancshares,1443323000,1279290000,1255979000,164033000,5555000
CZNC,CZNC.OQ,2016,True,Citizens & Northern Corp,1242292000,1056284000,983843000,186008000,64629000
DCOM,DCOM.OQ,2016,True,"Dime Community Bancshares, Inc.",6005430000,5439562000,4498427000,565868000,901805000
DFS,DFS.N^E25,2016,True,Discover Financial Services,92308000000,80985000000,51992000000,11323000000,25443000000
EBC,EBC.OQ,2016,True,Eastern Bankshares Inc,9801109000,8546182000,8188950000,1254927000,154331000
EBMT,EBMT.OQ,2016,True,Eagle Bancorp Montana Inc,673925000,614469000,512795000,59456000,97383000
EBTC,EBTC.OQ^G25,2016,True,Enterprise Bancorp Inc,2526269000,2311483000,2268921000,214786000,25505000
EFSC,EFSC.OQ,2016,True,Enterprise Financial Services Corp,4081328000,3694230000,3233361000,387098000,382520000
EGBN,EGBN.OQ,2016,True,"Eagle Bancorp, Inc.",6890096000,6047297000,5716114000,842799000,285390000
EQBK,EQBK.N,2016,True,Equity Bancshares Inc,2192192000,1934228000,1630451000,257964000,293909000
ESQ,ESQ.OQ,2016,True,Esquire Financial Holdings Inc,424833000,372647000,370788000,52186000,371000
EVBN,EVBN.K^E25,2016,True,Evans Bancorp Inc,1100709000,1003961000,939974000,96748000,49689000
EWBC,EWBC.OQ,2016,True,"East West Bancorp, Inc.",34788840000,31361099000,29890983000,3427741000,918020000
EXSR,EXSR.PK,2016,True,Exchange Bank,2179401000,1990229000,1943410000,189172000,8000000
FBIZ,FBIZ.OQ,2016,True,First Business Financial Services Inc,1780699000,1619049000,1538855000,161650000,69680000
FBK,FBK.N,2016,True,FB Financial Corporation,3276881000,2946383000,2671562000,330498000,216453000
FBNC,FBNC.OQ,2016,True,First Bancorp (North Carolina),3614862000,3246761000,2947353000,368101000,271394000
FCBC,FCBC.OQ,2016,True,First Community Bankshares Inc,2386398000,2047341000,1841338000,339057000,178713000
FCCO,FCCO.OQ,2016,True,First Community Corp (South Carolina),914793000,832932000,766622000,81861000,58526000
FCF,FCF.N,2016,True,First Commonwealth Financial Corp,6684018000,5934089000,4947408000,749929000,948859000
FCNCA,FCNCA.OQ,2016,True,"First Citizens BancShares, Inc. (Delaware)",32990836000,29978409000,28161343000,3012427000,1436429000
FDBC,FDBC.O,2016,True,Fidelity D&D Bancorp Inc,792944000,712313000,703459000,80631000,4223000
FFBC,FFBC.OQ,2016,True,First Financial Bancorp.,8437967000,7572743000,6525788000,865224000,927501000
FFIC,FFIC.OQ,2016,True,Flushing Financial Corp,6058487000,5544634000,4165415000,513853000,1266563000
FFIN,FFIN.OQ,2016,True,First Financial Bankshares Inc,6809931000,5972046000,5478539000,837885000,445770000
FFWM,FFWM.N,2016,True,First Foundation Inc,3975403000,3691139000,2426795000,284264000,1250000000
FGBI,FGBI.O,2016,True,First Guaranty Bancshares Inc,1500946000,1376597000,1326181000,124349000,43230000
FHB,FHB.OQ,2016,True,"First Hawaiian, Inc.",19661829000,17185344000,16794532000,2476485000,9192000
FHN,FHN.N,2016,True,First Horizon Corporation,28555231000,25850147000,22672363000,2705084000,1991093000
FISI,FISI.OQ,2016,True,Financial Institutions Inc,3710340000,3390286000,2995222000,320054000,370561000
FITB,FITB.OQ,2016,True,Fifth Third Bancorp,142177000000,125945000000,103821000000,16232000000,17681000000
FLG,FLG.N,2016,True,Flagstar Bank NA,48926555000,42802564000,28887903000,6123991000,13673379000
FLIC,FLIC.OQ^F25,2016,True,First of Long Island Corp,3510320000,3204490000,2608717000,305830000,586224000
FMAO,FMAO.OQ,2016,True,Farmers & Merchants Bancorp Inc,1055895000,930318000,842203000,125577000,80324000
FMBH,FMBH.O,2016,True,First Mid Bancshares Inc,2884535000,2603862000,2329887000,280673000,267837000
FMNB,FMNB.OQ,2016,True,Farmers National Banc Corp,1966113000,1752897000,1524756000,213216000,213496000
FNB,FNB.N,2016,False,FNB Corp,21844817000,19273200000,16065647000,2571617000,3042504000
FNLC,FNLC.OQ,2016,True,First Bancorp Inc,1712875000,1540354000,1242957000,172521000,278901000
FNWB,FNWB.OQ,2016,True,First Northwest Bancorp,1010102000,820361000,723287000,189741000,80672000
FRAF,FRAF.OQ,2016,True,Franklin Financial Services Corp,1127443000,1010950000,982120000,116493000,24270000
FRBA,FRBA.OQ,2016,True,FIRST BANK (Hamilton),1073294000,984488000,894934000,88806000,86151000
FRBKQ,FRBKQ.PK,2016,True,Republic First Bancorp Inc,1923931000,1708878000,1677670000,215053000,21881000
FRCB,FRCB.PK,2016,True,First Republic Bank,73277772000,66369120000,58602381000,6908652000,6811308000
FRME,FRME.OQ,2016,True,First Merchants Corporation,7211611000,6309954000,5556498000,901657000,694197000
FRST,FRST.OQ,2016,True,Primis Financial Corp,1142443000,1016099000,912982000,126344000,95000000
FSBC,FSBC.OQ,2016,True,Five Star Bancorp,840369000,763749000,761188000,76620000,0
FSBW,FSBW.OQ,2016,True,FS Bancorp Inc,827926000,746893000,712593000,81033000,22495000
FULT,FULT.OQ,2016,True,Fulton Financial Corporation,18944247000,16823132000,15012864000,2121115000,1470720000
FUNC,FUNC.OQ,2016,True,First United Corp,1318190000,1204492000,1014229000,113698000,167737000
FVCB,FVCB.O,2016,True,FVCBankcorp Inc,909305122,829493684,775990979,79811438,51247346
GABC,GABC.OQ,2016,True,German American Bancorp Inc,2955994000,2625727000,2349551000,330267000,258114000
GBCI,GBCI.N,2016,True,Glacier Bancorp Inc,9450600000,8333731000,7372279000,1116869000,855830000
GNTY,GNTY.K^J25,2016,True,Guaranty Bancshares Inc,1828336000,1718083000,1576791000,110253000,103625000
GSBC,GSBC.OQ,2016,True,Great Southern Bancorp Inc,4550663000,4120857000,3677230000,429806000,416786000
HAFC,HAFC.OQ,2016,True,Hanmi Financial Corp,4701346000,4170321000,3809737000,531025000,333978000
HBAN,HBAN.OQ,2016,True,Huntington Bancshares Inc,99714097000,89405951000,75607717000,10308146000,12001813000
HBCP,HBCP.OQ,2016,True,Home Bancorp Inc,1556732033,1376889009,1248072453,179843024,118533173
HBNC,HBNC.OQ,2016,True,Horizon Bancorp Inc,3141156000,2800301000,2471210000,340855000,304945000
HBT,HBT.OQ,2016,True,HBT Financial Inc,3317124000,2990878000,2877181000,326246000,43084000
HFWA,HFWA.OQ,2016,True,Heritage Financial Corp,3878981000,3397218000,3229648000,481763000,121421000
HIFS,HIFS.OQ,2016,True,Hingham Institution For Savings,2014599000,1853575000,1371694000,161024000,476186000
HOMB,HOMB.N,2016,True,Home BancShares Inc,9808465000,8480975000,6942427000,1327490000,1487314000
HONE,HONE.OQ,2016,True,HarborOne Bancorp Inc,2448310000,2118926000,1804753000,329384000,275119000
HOPE,HOPE.OQ,2016,True,Hope Bancorp Inc,13441422000,11585949000,10642035000,1855473000,854098000
HTBK,HTBK.OQ,2016,True,Heritage Commerce Corp,2570880000,2311030000,2262140000,259850000,
HTH,HTH.N,2016,True,Hilltop Holdings Inc.,12738062000,10863542000,7063811000,1874520000,1956102000
HWBK,HWBK.OQ,2016,True,Hawthorn Bancshares Inc,1287048000,1196031000,1010666000,91017000,173893000
HWC,HWC.OQ,2016,True,Hancock Whitney Corporation,23975302000,21255534000,19424266000,2719768000,1661686000
IBCP,IBCP.OQ,2016,True,Independent Bank Corp,2548950000,2299970000,2225719000,248980000,45002000
IBOC,IBOC.OQ,2016,True,International Bancshares Corp,11804041000,10079374000,8610089000,1724667000,1398776000
INBK,INBK.O,2016,True,First Internet Bancorp,1854335000,1700393000,1462867000,153942000,268559000
INDB,INDB.OQ,2016,True,Independent Bank Corp (Massachusetts),7709375000,6844685000,6412253000,864690000,335474000
ISTR,ISTR.OQ,2016,True,Investar Holding Corp,1158960000,1046203000,907787000,112757000,126499000
JPM,JPM.N,2016,True,JPMorgan Chase & Co,2490972000000,2236782000000,1375179000000,254190000000,495354000000
KEY,KEY.N,2016,True,KeyCorp,136453000000,121213000000,104087000000,15240000000,14694000000
LARK,LARK.OQ,2016,True,Landmark Bancorp Inc,911382000,826431000,741521000,84951000,72867000
LCNB,LCNB.OQ,2016,True,LCNB Corp,1306799000,1163855000,1110905000,142944000,42638000
LKFN,LKFN.OQ,2016,True,Lakeland Financial Corp,4290025000,3862958000,3577912000,427067000,261005000
LOB,LOB.N,2016,True,"Live Oak Bancshares, Inc.",1755261000,1532414000,1485076000,222847000,27843000
MBCN,MBCN.O,2016,True,Middlefield Banc Corp,787821000,710861000,629934000,76960000,77796000
MBIN,MBIN.OQ,2016,True,Merchants Bancorp,2718512000,2512224000,2428621000,206288000,57006000
MBWM,MBWM.OQ,2016,True,Mercantile Bank Corp,3082571000,2741760000,2374985000,340811000,351545000
MCB,MCB.N,2016,True,Metropolitan Bank Holding Corp,1220301000,1110810000,1000644000,109491000,99038000
MCBS,MCBS.O,2016,True,Metrocity Bankshares Inc,1100062960,992801986,870867104,107260974,114041561
HMST,MCHB.O,2016,False,Mechanics Bancorp,6243700000,5614416000,4429701000,629284000,993526000
MFIN,MFIN.OQ,2016,True,Medallion Financial Corp,689377000,403281000,,286096000,349073000
MNSB,MNSB.O,2016,True,"MainStreet Bancshares, Inc.",575711000,529316000,473566000,46395000,54211000
MOFG,MOFG.OQ,2016,True,Midwestone Financial Group Inc (IOWA),3079575000,2774119000,2480448000,305456000,274063000
MPB,MPB.OQ,2016,True,Mid Penn Bancorp Inc,1032599000,962132000,935373000,70467000,20995000
MSBI,MSBI.OQ,2016,True,Midland States Bancorp Inc,3233723000,2911953000,2404366000,321770000,460988000
MTB,MTB.N,2016,True,M&T Bank Corporation,123449206000,106962584000,95493876000,16486622000,9657277000
MVBF,MVBF.O,2016,True,MVB Financial Corp,1418804000,1273179000,1107017000,145625000,149605000
MYFW,MYFW.OQ,2016,True,First Western Financial Inc,915998000,820070000,753900000,95928000,57635000
NBHC,NBHC.N,2016,True,National Bank Holdings Corp,4573046000,4036857000,3868649000,536189000,130676000
NBTB,NBTB.OQ,2016,True,NBT Bancorp Inc.,8867268000,7953952000,6973688000,913316000,887758000
NFBK,NFBK.OQ,2016,True,Northfield Bancorp Inc,3850094000,3228898000,2713587000,621196000,473206000
NIC,NIC,2016,True,Nicolet Bankshares Inc,2300879000,2024514000,1969986000,276365000,37617000
NKSH,NKSH.OQ,2016,True,National Bankshares Inc,1233942000,1055679000,1043442000,178263000,
NRIM,NRIM.OQ,2016,True,Northrim BanCorp Inc,1526540000,1339828000,1267653000,186712000,50503000
NWBI,NWBI.OQ,2016,True,Northwest Bancshares Inc,9623640000,8452977000,7882321000,1170663000,254112000
NWFL,NWFL.OQ,2016,True,Norwood Financial Corp,1111183000,1000104000,925385000,111079000,64812000
OBK,OBK.N,2016,True,Origin Bancorp Inc,4071455000,3622798000,3443266000,448657000,119939000
OCFC,OCFC.OQ,2016,True,OceanFirst Financial Corp,5166917000,4595014000,4187750000,571903000,376992000
ONB,ONB.OQ,2016,True,Old National Bancorp,14860237000,13045820000,10743253000,1814417000,2152219000
OPBK,OPBK.O,2016,True,OP Bancorp,761250420,679966633,661783900,81283787,10000000
OPOF,OPOF.O^I25,2016,True,Old Point Financial Corp,902966000,808976000,784502000,93990000,18704000
ORRF,ORRF.OQ,2016,True,Orrstown Financial Services Inc,1414504000,1279645000,1152452000,134859000,112027000
OSBC,OSBC.OQ,2016,True,"Old Second Bancorp, Inc",2251188000,2075978000,1866785000,175210000,197304000
OVBC,OVBC.OQ,2016,True,Ohio Valley Banc Corp,954640000,850112000,790452000,104528000,45585000
OVLY,OVLY.OQ,2016,True,Oak Valley Bancorp,1002110000,919660000,914093000,82450000,0
OZK,OZK.OQ,2016,True,Bank Ozk,18890142000,16095271000,15574878000,2794871000,447771000
PB,PB.N,2016,True,"Prosperity Bancshares, Inc.",22331072000,18688761000,17307302000,3642311000,1311211000
PCB,PCB.O,2016,True,PCB Bancorp,1226642000,1099635000,1091812000,127007000,
PDLB,PDLB.OQ,2016,True,Ponce Financial Group Inc,744983000,651991000,643078000,92992000,3000000
PEBK,PEBK.OQ,2016,True,Peoples Bancorp of North Carolina Inc,1087991000,980563000,892918000,107428000,77053000
PEBO,PEBO.OQ,2016,True,Peoples Bancorp Inc,3432348000,2997087000,2509722000,435261000,450762000
PFBC,PFBC.OQ,2016,True,Preferred Bank,3221598000,2923533000,2763724000,298065000,125355000
PFIS,PFIS.OQ,2016,True,Peoples Financial Services Corp,1999442000,1742824000,1588757000,256618000,149234000
PFS,PFS.N,2016,True,Provident Financial Services Inc,9500465000,8248684000,6578081000,1251781000,1612745000
PGC,PGC.OQ,2016,True,Peapack-Gladstone Financial Corp,3878633000,3554423000,3411837000,324210000,120252000
PKBK,PKBK.OQ,2016,True,Parke Bancorp Inc,1016185000,889095000,788694000,127090000,93053000
PLBC,PLBC.OQ,2016,True,Plumas Bancorp,657975000,609981000,582353000,47994000,20232000
PNC,PNC.N,2016,True,"The PNC Financial Services Group, Inc.",366380000000,319526000000,257164000000,46854000000,52706000000
PPBI,PPBI.O^I25,2016,True,Pacific Premier Bancorp Inc,4036311000,3576571000,3145581000,459740000,397354000
PRK,PRK.A,2016,True,Park National Corp,7467586000,6725346000,5521956000,742240000,1134076000
PVBC,PVBC.OQ,2016,True,Provident Bancorp Inc (Maryland),795543000,686394000,627982000,109149000,49858000
PWOD,PWOD.O^G25,2016,True,Penns Woods Bancorp Inc,1348590000,1210341000,1095214000,138249000,99239000
QCRH,QCRH.OQ,2016,True,QCR Holdings Inc,3301943748,3015902949,2669261273,286040799,290951589
RBB,RBB.OQ,2016,True,RBB Bancorp,1395551000,1213966000,1152763000,181585000,52717000
RBCAA,RBCAA.OQ,2016,True,Republic Bancorp Inc,4816309000,4211903000,3160692000,604406000,1017213000
RF,RF.N,2016,True,Regions Financial Corporation,125968000000,109304000000,99035000000,16664000000,7763000000
RMBI,RMBI.OQ,2016,True,Richmond Mutual Bancorporation Inc,693956000,615851000,516302000,78105000,92300000
RNST,RNST.N,2016,True,Renasant Corp,8699851000,7466968000,7059137000,1232883000,312135000
RRBI,RRBI.O,2016,True,Red River Bancshares Inc,1644877000,1493054000,1472889000,151823000,11756000
SBCF,SBCF.OQ,2016,True,Seacoast Banking Corporation of Florida,4680932000,4245535000,3523245000,435397000,689443000
SBFG,SBFG.OQ,2016,True,SB Financial Group Inc,816005000,729457000,673073000,86548000,47342000
SBNY,SBNY.PK,2016,True,Signature Bank,39047611000,35435347000,31861260000,3612264000,3200488000
SBSI,SBSI.N,2016,True,Southside Bancshares Inc,5563767000,5045493000,3533076000,518274000,1475079000
SFBS,SFBS.N,2016,True,ServisFirst Bancshares Inc,6370448000,5847559000,5420311000,522889000,411206000
SFNC,SFNC.OQ,2016,True,Simmons First National Corporation,8400056000,7248945000,6735219000,1151111000,448585000
SFST,SFST.OQ,2016,True,Southern First Bancshares Inc,1340908000,1231036000,1091151000,109872000,128603000
SHBI,SHBI.OQ,2016,True,Shore Bancshares Inc,1160271000,1005972000,997489000,154299000,3203000
SMBK,SMBK.K,2016,True,SmartFinancial Inc,1062456285,957216145,907065171,105240140,45127374
SRCE,SRCE.OQ,2016,True,1st Source Corp,5486268000,4813618000,4333760000,672650000,425015000
SSB,SSB.N,2016,True,SouthState Bank Corp,8900592000,7766004000,7334423000,1134588000,369138000
STBA,STBA.OQ,2016,True,S&T Bancorp Inc,6943053000,6101097000,5272377000,841956000,771164000
SYBT,SYBT.OQ,2016,True,Stock Yards Bancorp Inc,3039481000,2725609000,2520548000,313872000,166044000
TBBK,TBBK.OQ,2016,False,Bancorp Inc,4858114000,4559151000,4238304000,298963000,276774000
TCBI,TCBI.OQ,2016,True,"Texas Capital Bancshares, Inc.",21697134000,19687577000,17016831000,2009557000,2504025000
TCBK,TCBK.OQ,2016,True,Trico Bancshares,4517968000,4040621000,3895560000,477347000,74160000
TFC,TFC.N,2016,True,Truist Financial Corporation,219276000000,189350000000,160234000000,29926000000,23371000000
TFIN,TFIN.N,2016,True,"Triumph Financial, Inc.",2641067000,2351722000,2015785000,289345000,321964000
THFF,THFF.OQ,2016,True,First Financial Corp,2988527000,2574132000,2428526000,414395000,81121000
TMP,TMP.A,2016,True,Tompkins Financial Corp,6236756000,5687351000,4625139000,549405000,991558000
TOWN,TOWN.OQ,2016,True,TowneBank,7973915000,6887357000,6035197000,1086558000,719258000
TRMK,TRMK.OQ,2016,True,Trustmark Corporation,13352333000,11832125000,10056012000,1520208000,1622500000
TRST,TRST.OQ,2016,True,TrustCo Bank Corp NY,4868806000,4436120000,4196163000,432686000,209406000
UBFO,UBFO.OQ,2016,True,United Security Bancshares,787972000,691318000,676629000,96654000,8832000
UBSI,UBSI.OQ,2016,True,"United Bankshares, Inc.",14508892000,12273145000,10796867000,2235747000,1381577000
UCB,UCB.N,2016,True,United Community Banks Inc,10708655000,9632920000,8637558000,1075735000,889287000
UMBF,UMBF.OQ,2016,True,UMB Financial Corp,20682532000,18720148000,16570614000,1962384000,1933709000
UNB,UNB.OQ,2016,True,Union Bankshares Inc,691381000,635102000,597660000,56279000,31595000
UNTY,UNTY.OQ,2016,True,Unity Bancorp Inc,1189906000,1083615000,945723000,106291000,131310000
USB,USB.N,2016,True,U.S. Bancorp,445964000000,398031000000,334590000000,47933000000,47286000000
UVSP,UVSP.OQ,2016,True,Univest Financial Corp,4230528000,3725319000,3257567000,505209000,417780000
VABK,VABK.OQ,2016,True,Virginia National Bankshares Corp,605030000,545976000,524651000,59054000,19700000
VBTX,VBTX.O,2016,True,Veritex Holdings Inc,1408507000,1169419000,1119630000,239088000,46341000
VLY,VLY.OQ,2016,True,Valley National Bancorp,22864439000,20487283000,17730708000,2377156000,2556443000
WABC,WABC.OQ,2016,True,Westamerica Bancorp,5366083000,4804716000,4704741000,561367000,59078000
WAL,WAL.N,2016,True,Western Alliance Bancorp,17200842000,15309313000,14549863000,1891529000,489665000
WASH,WASH.OQ,2016,True,Washington Trust Bancorp Inc,4381115000,3990311000,3063752000,390804000,871611000
WBS,WBS.N,2016,True,Webster Financial Corporation,26072529000,23545517000,19303857000,2527012000,4017948000
WFC,WFC.N,2016,True,Wells Fargo & Co,1930115000000,1729618000000,1306079000000,200497000000,351858000000
WNEB,WNEB.OQ,2016,True,Western New England Bancorp Inc,2076018000,1837622000,1518071000,238396000,297187000
WSBC,WSBC.OQ,2016,True,"Wesbanco, Inc.",9790877000,8449469000,7040879000,1341408000,1331920000
WSBF,WSBF.OQ,2016,True,Waterstone Financial Inc,1790619000,1379929000,949411000,410690000,387155000
WSFS,WSFS.OQ,2016,True,WSFS Financial Corporation,6765270000,6077934000,4738438000,687336000,1267447000
WTBA,WTBA.OQ,2016,True,West Bancorporation Inc,1854204000,1688828000,1546605000,165376000,135100000
WTFC,WTFC.OQ,2016,True,Wintrust Financial Corp,25668553000,22972936000,21658632000,2695617000,808854000
ZION,ZION.OQ,2016,True,"Zions Bancorporation, National Association",63239165000,55604859000,53235830000,7634306000,1362119000
ABCB,ABCB.N,2017,True,Ameris Bancorp,7856203000,7051724000,6625845000,804479000,366742000
ACNB,ACNB.O,2017,True,ACNB Corp,1595432000,1441466000,1298492000,153966000,131508000
ALRS,ALRS.O,2017,True,Alerus Financial Corp,2136081000,1987978000,1834962000,148103000,88819000
AMTB,AMTB.N,2017,True,Amerant Bancorp Inc.,8436767000,7683317000,6322973000,753450000,1291110000
AROW,AROW.OQ,2017,True,Arrow Financial Corp,2760465000,2510862000,2245116000,249603000,244966000
ASB,ASB.N,2017,True,Associated Banc-Corp,30483594000,27246151000,22785962000,3237443000,4073732000
ATLO,ATLO.OQ,2017,True,Ames National Corp,1375059650,1204306508,1134390687,170753142,63924619
AUB,AUB.N,2017,True,Atlantic Union Bankshares Corporation,9315179000,8268850000,6991718000,1046329000,1219414000
AUBN,AUBN.OQ,2017,True,Auburn National Bancorporation Inc,853381000,766475000,757659000,86906000,5875000
BAC,BAC.N,2017,True,Bank of America Corporation,2281234000000,2014088000000,1309545000000,267146000000,436933000000
BANC,BANC.N,2017,True,"Banc of California, Inc.",10327852000,9315544000,7292903000,1012308000,1875707000
BANF,BANF.OQ,2017,True,BancFirst Corp,7253156000,6477527000,6415045000,775629000,32859000
BANR,BANR.OQ,2017,True,Banner Corp,9763209000,8490583000,8183431000,1272626000,194769000
BCBP,BCBP.OQ,2017,True,BCB Bancorp Inc,1942837000,1766383000,1569370000,176454000,189124000
BCML,BCML.OQ,2017,True,BayCom Corp,1245794000,1127159000,1104305000,118635000,11387000
BFC,BFC.OQ,2017,True,Bank First Corp,1753404000,1591676000,1506642000,161728000,67568000
BFIN,BFIN.OQ,2017,True,BankFinancial Corp,1625558000,1427924000,1351696000,197634000,60768000
BHB,BHB.A,2017,True,Bar Harbor Bankshares,3565184000,3210543000,2352085000,354641000,829721000
BHLB,BHLIP.PK^B11,2017,False,Beacon Financial Corporation,11570751000,10074487000,8749530000,1496264000,1148398000
BKU,BKU.N,2017,True,"BankUnited, Inc.",30346986000,27320924000,21878479000,3026062000,5173830000
BMRC,BMRC.OQ,2017,True,Bank of Marin Bancorp,2468154000,2171129000,2148670000,297025000,5739000
BOH,BOH.N,2017,True,Bank of Hawaii Corporation,17089052000,15857184000,14883968000,1231868000,766009000
BOKF,BOKF.OQ,2017,True,BOK Financial Corp,32272160000,28753826000,22061305000,3518334000,5854537000
BRBS,BRBS.K,2017,True,Blue Ridge Bankshares Inc,424122390,387680767,339289742,36441623,45777297
BRKL,BRKL.O^I25,2017,True,Brookline Bancorp Inc,6780249000,5967666000,4879029000,812583000,1020819000
BSRR,BSRR.OQ,2017,True,Sierra Bancorp,2340298000,2084356000,1988386000,255942000,64638000
BUSE,BUSE.OQ,2017,True,First Busey Corporation,7860640000,6925637000,6125965000,935003000,749693000
BWB,BWB.OQ,2017,True,Bridgewater Bancshares Inc,1616612000,1479450000,1339350000,137162000,132527000
BWFG,BWFG.O,2017,True,Bankwell Financial Group Inc,1796607000,1635580000,1398405000,161027000,224103000
BY,BY,2017,True,Byline Bancorp Inc,3366130000,2907552000,2443329000,458578000,420340000
CAC,CAC.OQ,2017,True,Camden National Corp,4065398000,3661985000,3000491000,403413000,611498000
CADE,CADE.N,2017,True,Cadence Bank (Mississippi),10948926000,9589870000,9011515000,1359056000,470814000
CATY,CATY.OQ,2017,True,Cathay General Bancorp,15640186000,13666882000,12689893000,1973304000,741617000
CBAN,CBAN.N,2017,True,Colony Bankcorp Inc,1232755317,1142432654,1067985405,90322663,71729000
CBFV,CBFV.O,2017,True,CB Financial Services Inc,934486000,841230000,773344000,93256000,64105000
CBNK,CBNK.OQ,2017,True,Capital Bancorp Inc,1026008747,945889672,904898982,80119075,30621594
CBSH,CBSH.OQ,2017,True,"Commerce Bancshares, Inc.",24833415000,22115231000,20425446000,2718184000,1508896000
CBU,CBU.N,2017,True,Community Financial System Inc,10746198000,9110883000,8444420000,1635315000,485896000
CCB,CCB.OQ,2017,True,Coastal Financial Corp (EVERETT),805753000,740042000,703295000,65711000,33666000
CCBG,CCBG.OQ,2017,True,Capital City Bank Group Inc,2898794000,2614584000,2469877000,284210000,74334000
CCNE,CCNE.OQ,2017,True,CNB Financial Corp,2768773000,2524863000,2167815000,243910000,327979000
CFFI,CFFI.OQ,2017,True,C&F Financial Corp,1509056000,1367354000,1171429000,141702000,167860000
CFG,CFG.N,2017,True,Citizens Financial Group Inc,152336000000,132066000000,115089000000,20270000000,14436000000
CFR,CFR.N,2017,True,Cullen/Frost Bankers Inc,31747880000,28450017000,26872389000,3297863000,1382560000
CHCO,CHCO.OQ,2017,True,City Holding Co,4132281000,3629774000,3315634000,502507000,269432000
CHMG,CHMG.O,2017,True,Chemung Financial Corp,1707620000,1557807000,1467446000,149813000,74217000
CIVB,CIVB.OQ,2017,True,Civista Bancshares Inc,1525857000,1341396000,1204923000,184461000,123082000
CLBK,CLBK.O,2017,True,Columbia Financial Inc,5429328000,4953414000,4123428000,475914000,733043000
CMA,CMA.N,2017,True,Comerica Inc,71567000000,63604000000,57903000000,7963000000,4632000000
CNOB,CNOB.OQ,2017,True,"ConnectOne Bancorp, Inc.",5108442000,4543005000,3795128000,565437000,724776000
COFS,COFS.OQ,2017,True,ChoiceOne Financial Services Inc,646544000,569994000,539853000,76550000,27416000
COLB,COLB.OQ,2017,True,Columbia Banking System Inc,12716886000,10766964000,10532085000,1949922000,134533000
CPF,CPF.N,2017,True,Central Pacific Financial Corp,5623708000,5123673000,4956354000,500035000,124785000
CTBI,CTBI.OQ,2017,True,"Community Trust Bancorp, Inc.",4136231000,3605532000,3263863000,530699000,311312000
CUBI,CUBI.N,2017,True,"Customers Bancorp, Inc.",9839555000,8918591000,6800142000,920964000,2062237000
CVBF,CVBF.OQ,2017,True,CVB Financial Corp,8270586000,7201320000,6546853000,1069266000,579547000
CWBC,CWBC.OQ,2017,True,Community West Bancshares,1661655000,1452096000,1425687000,209559000,5155000
CZNC,CZNC.OQ,2017,True,Citizens & Northern Corp,1276959000,1088516000,1008449000,188443000,70955000
DCOM,DCOM.OQ,2017,True,"Dime Community Bancshares, Inc.",6403460000,5804893000,4485615000,598567000,1283612000
DFS,DFS.N^E25,2017,True,Discover Financial Services,100087000000,89195000000,58764000000,10892000000,26326000000
EBC,EBC.OQ,2017,True,Eastern Bankshares Inc,10873073000,9542559000,8815452000,1330514000,526505000
EBMT,EBMT.OQ,2017,True,Eagle Bancorp Montana Inc,716782000,633166000,520564000,83616000,107780000
EBTC,EBTC.OQ^G25,2017,True,Enterprise Bancorp Inc,2817564000,2585754000,2441362000,231810000,103847000
EFSC,EFSC.OQ,2017,True,Enterprise Financial Services Corp,5289225000,4740652000,4156414000,548573000,544522000
EGBN,EGBN.OQ,2017,True,"Eagle Bancorp, Inc.",7479029000,6528591000,5853984000,950438000,618466000
EQBK,EQBK.N,2017,True,Equity Bancshares Inc,3170509000,2796365000,2382013000,374144000,401652000
ESQ,ESQ.OQ,2017,True,Esquire Financial Holdings Inc,533557000,450174000,448494000,83383000,278000
EVBN,EVBN.K^E25,2017,True,Evans Bancorp Inc,1295633000,1177291000,1051229000,118342000,108869000
EWBC,EWBC.OQ,2017,True,"East West Bancorp, Inc.",37121563000,33279612000,31615063000,3841951000,545468000
EXSR,EXSR.PK,2017,True,Exchange Bank,2584092000,2380887000,2343669000,203205000,0
FBIZ,FBIZ.OQ,2017,True,First Business Financial Services Inc,1794066000,1624788000,1394331000,169278000,217917000
FBK,FBK.N,2017,True,FB Financial Corporation,4727713000,4130984000,3664395000,596729000,347595000
FBNC,FBNC.OQ,2017,True,First Bancorp (North Carolina),5547037000,4854058000,4406955000,692979000,407543000
FCBC,FCBC.OQ,2017,True,First Community Bankshares Inc,2388460000,2037746000,1929891000,350714000,80086000
FCCO,FCCO.OQ,2017,True,First Community Corp (South Carolina),1050731000,945068000,888323000,105663000,48484000
FCF,FCF.N,2017,True,First Commonwealth Financial Corp,7308539000,6420412000,5580705000,888127000,795384000
FCNCA,FCNCA.OQ,2017,True,"First Citizens BancShares, Inc. (Delaware)",34527512000,31193448000,29266275000,3334064000,1564047000
FDBC,FDBC.O,2017,True,Fidelity D&D Bancorp Inc,863637000,776254000,730146000,87383000,39706000
FFBC,FFBC.OQ,2017,True,First Financial Bancorp.,8896923000,7966259000,6895046000,930664000,934219000
FFIC,FFIC.OQ,2017,True,Flushing Financial Corp,6299274000,5766666000,4340672000,532608000,1309653000
FFIN,FFIN.OQ,2017,True,First Financial Bankshares Inc,7254715000,6331947000,5962961000,922768000,331000000
FFWM,FFWM.N,2017,True,First Foundation Inc,4541185000,4146234000,3443527000,394951000,678000000
FGBI,FGBI.O,2017,True,First Guaranty Bancshares Inc,1750430000,1606447000,1549286000,143983000,52938000
FHB,FHB.OQ,2017,True,"First Hawaiian, Inc.",20549461000,18016910000,17612122000,2532551000,34000
FHN,FHN.N,2017,True,First Horizon Corporation,41423388000,36842900000,30620362000,4580488000,4900732000
FISI,FISI.OQ,2017,True,Financial Institutions Inc,4105210000,3724033000,3210174000,381177000,485331000
FITB,FITB.OQ,2017,True,Fifth Third Bancorp,142081000000,125861000000,103162000000,16220000000,18749000000
FLG,FLG.N,2017,True,Flagstar Bank NA,49124195000,42328819000,29102163000,6795376000,12913679000
FLIC,FLIC.OQ^F25,2017,True,First of Long Island Corp,3894708000,3540258000,2821997000,354450000,704938000
FMAO,FMAO.OQ,2017,True,Farmers & Merchants Bancorp Inc,1107009000,972872000,919340000,134137000,44495000
FMBH,FMBH.O,2017,True,First Mid Bancshares Inc,2841539000,2533575000,2274639000,307964000,249739000
FMNB,FMNB.OQ,2017,True,Farmers National Banc Corp,2159069000,1916995000,1604719000,242074000,296559000
FNB,FNB.N,2017,False,FNB Corp,31417635000,27008441000,22399725000,4409194000,4346510000
FNLC,FNLC.OQ,2017,True,First Bancorp Inc,1842930000,1661609000,1418879000,181321000,228758000
FNWB,FNWB.OQ,2017,True,First Northwest Bancorp,1215659000,1038614000,885032000,177045000,144100000
FRAF,FRAF.OQ,2017,True,Franklin Financial Services Corp,1179813000,1064669000,1047181000,115144000,0
FRBA,FRBA.OQ,2017,True,FIRST BANK (Hamilton),1452327000,1289077000,1167098000,163250000,116611000
FRBKQ,FRBKQ.PK,2017,True,Republic First Bancorp Inc,2322347000,2095887000,2063295000,226460000,21681000
FRCB,FRCB.PK,2017,True,First Republic Bank,87780507000,79962206000,68918708000,7818301000,10071807000
FRME,FRME.OQ,2017,True,First Merchants Corporation,9367478000,8064015000,7172530000,1303463000,834387000
FRST,FRST.OQ,2017,True,Primis Financial Corp,2614252000,2291480000,1865156000,322772000,407745000
FSBC,FSBC.OQ,2017,True,Five Star Bancorp,972830000,892632000,864502000,80198000,28130000
FSBW,FSBW.OQ,2017,True,FS Bancorp Inc,981783000,859781000,829842000,122002000,17374000
FULT,FULT.OQ,2017,True,Fulton Financial Corporation,20036905000,17807048000,15797532000,2229857000,1655870000
FUNC,FUNC.OQ,2017,True,First United Corp,1336470000,1228080000,1039390000,108390000,169774000
FVCB,FVCB.O,2017,True,FVCBankcorp Inc,1053223885,954940900,928162587,98282985,24327274
GABC,GABC.OQ,2017,True,German American Bancorp Inc,3144360000,2779789000,2484052000,364571000,275216000
GBCI,GBCI.N,2017,True,Glacier Bancorp Inc,9706349000,8507292000,7579747000,1199057000,850927000
GNTY,GNTY.K^J25,2017,True,Guaranty Bancshares Inc,1962624000,1755279000,1676320000,207345000,71842000
GSBC,GSBC.OQ,2017,True,Great Southern Bancorp Inc,4414521000,3942859000,3597144000,471662000,324097000
HAFC,HAFC.OQ,2017,True,Hanmi Financial Corp,5210485000,4648008000,4348654000,562477000,267270000
HBAN,HBAN.OQ,2017,True,Huntington Bancshares Inc,104185000000,93371000000,77041000000,10814000000,14262000000
HBCP,HBCP.OQ,2017,True,Home Bancorp Inc,2228120838,1950250112,1866227328,277870726,71825595
HBNC,HBNC.OQ,2017,True,Horizon Bancorp Inc,3964303000,3507225000,2881003000,457078000,601810000
HBT,HBT.OQ,2017,True,HBT Financial Inc,3312875000,2988959000,2855685000,323916000,104289000
HFWA,HFWA.OQ,2017,True,Heritage Financial Corp,4113270000,3604965000,3393060000,508305000,144330000
HIFS,HIFS.OQ,2017,True,Hingham Institution For Savings,2284599000,2098441000,1512286000,186158000,579976000
HOMB,HOMB.N,2017,True,Home BancShares Inc,14449760000,12245469000,10388502000,2204291000,1815008000
HONE,HONE.OQ,2017,True,HarborOne Bancorp Inc,2684920000,2341436000,2013738000,343484000,290365000
HOPE,HOPE.OQ,2017,True,Hope Bancorp Inc,14206717000,12278462000,10846609000,1928255000,1328446000
HTBK,HTBK.OQ,2017,True,Heritage Commerce Corp,2843452000,2572213000,2482989000,271239000,39183000
HTH,HTH.N,2017,True,Hilltop Holdings Inc.,13365786000,11450979000,7978119000,1914807000,1715066000
HWBK,HWBK.OQ,2017,True,Hawthorn Bancshares Inc,1429216000,1337845000,1125812000,91371000,198428000
HWC,HWC.OQ,2017,True,Hancock Whitney Corporation,27336086000,24451137000,22253202000,2884949000,2009403000
IBCP,IBCP.OQ,2017,True,Independent Bank Corp,2789355000,2524422000,2400534000,264933000,90169000
IBOC,IBOC.OQ,2017,True,International Bancshares Corp,12184698000,10345718000,8544892000,1838980000,1709446000
INBK,INBK.O,2017,True,First Internet Bancorp,2767687000,2543560000,2084941000,224127000,501902000
INDB,INDB.OQ,2017,True,Independent Bank Corp (Massachusetts),8082029000,7138220000,6729253000,943809000,323698000
ISTR,ISTR.OQ,2017,True,Investar Holding Corp,1622734000,1450005000,1225237000,172729000,212553000
JPM,JPM.N,2017,True,JPMorgan Chase & Co,2533600000000,2277907000000,1443982000000,255693000000,494798000000
KEY,KEY.N,2017,True,KeyCorp,137698000000,122673000000,105235000000,15025000000,15344000000
LARK,LARK.OQ,2017,True,Landmark Bancorp Inc,929454000,841832000,765558000,87622000,66593000
LCNB,LCNB.OQ,2017,True,LCNB Corp,1295638000,1145367000,1085821000,150271000,47303000
LKFN,LKFN.OQ,2017,True,Lakeland Financial Corp,4682976000,4214309000,4008655000,468667000,181610000
LOB,LOB.N,2017,True,"Live Oak Bancshares, Inc.",2758474000,2321541000,2260263000,436933000,26564000
MBCN,MBCN.O,2017,True,Middlefield Banc Corp,1106336000,986473000,878194000,119863000,103772000
MBIN,MBIN.OQ,2017,True,Merchants Bancorp,3393133000,3025659000,2943561000,367474000,56612000
MBWM,MBWM.OQ,2017,True,Mercantile Bank Corp,3286704000,2920834000,2522365000,365870000,384265000
MCB,MCB.N,2017,True,Metropolitan Bank Holding Corp,1759855000,1522971000,1413237000,236884000,87307000
MCBS,MCBS.O,2017,True,Metrocity Bankshares Inc,1288967000,1153852000,1019984000,135115000,125039000
HMST,MCHB.O,2017,False,Mechanics Bancorp,6742041000,6037661000,4760952000,704380000,1104475000
MFIN,MFIN.OQ,2017,True,Medallion Financial Corp,635522000,348363000,,287159000,327623000
MNSB,MNSB.O,2017,True,"MainStreet Bancshares, Inc.",807951000,739150000,667655000,68801000,68527000
MOFG,MOFG.OQ,2017,True,Midwestone Financial Group Inc (IOWA),3212271000,2871967000,2605319000,340304000,248522000
MPB,MPB.OQ,2017,True,Mid Penn Bancorp Inc,1170354000,1094651000,1023568000,75703000,64301000
MSBI,MSBI.OQ,2017,True,Midland States Bancorp Inc,4412701000,3963156000,3131089000,449545000,791913000
MTB,MTB.N,2017,True,M&T Bank Corporation,118593487000,102342668000,92432146000,16250819000,8316529000
MVBF,MVBF.O,2017,True,MVB Financial Corp,1534302000,1384110000,1159580000,150192000,208096000
MYFW,MYFW.OQ,2017,True,First Western Financial Inc,969659000,867813000,816117000,101846000,41998000
NBHC,NBHC.N,2017,True,National Bank Holdings Corp,4843465000,4311058000,3979559000,532407000,259578000
NBTB,NBTB.OQ,2017,True,NBT Bancorp Inc.,9136812000,8178635000,7170636000,958177000,909188000
NFBK,NFBK.OQ,2017,True,Northfield Bancorp Inc,3991417000,3352540000,2836979000,638877000,471549000
NIC,NIC,2017,True,Nicolet Bankshares Inc,2932433000,2567554000,2471064000,364879000,79065000
NKSH,NKSH.OQ,2017,True,National Bankshares Inc,1256757000,1071861000,1059734000,184896000,
NRIM,NRIM.OQ,2017,True,Northrim BanCorp Inc,1518596000,1325794000,1258283000,192802000,45418000
NWBI,NWBI.OQ,2017,True,Northwest Bancshares Inc,9363934000,8156210000,7826989000,1207724000,219451000
NWFL,NWFL.OQ,2017,True,Norwood Financial Corp,1132916000,1017177000,929384000,115739000,78475000
OBK,OBK.N,2017,True,Origin Bancorp Inc,4153995000,3698653000,3512014000,455342000,121401000
OCFC,OCFC.OQ,2017,True,OceanFirst Financial Corp,5416006000,4814065000,4342798000,601941000,424878000
ONB,ONB.OQ,2017,True,Old National Bancorp,17518292000,15363895000,12605764000,2154397000,2579156000
OPBK,OPBK.O,2017,True,OP Bancorp,900998830,809518880,773306014,91479950,25000000
OPOF,OPOF.O^I25,2017,True,Old Point Financial Corp,981826000,885438000,783594000,96388000,98193000
ORRF,ORRF.OQ,2017,True,Orrstown Financial Services Inc,1558849000,1414084000,1219515000,144765000,177391000
OSBC,OSBC.OQ,2017,True,"Old Second Bancorp, Inc",2383429000,2183079000,1922925000,200350000,246615000
OVBC,OVBC.OQ,2017,True,Ohio Valley Banc Corp,1026290000,916929000,856724000,109361000,44449000
OVLY,OVLY.OQ,2017,True,Oak Valley Bancorp,1034852000,944085000,938882000,90767000,0
OZK,OZK.OQ,2017,True,Bank Ozk,21275647000,17811859000,17192345000,3463788000,433350000
PB,PB.N,2017,True,"Prosperity Bancshares, Inc.",22587292000,18763138000,17821460000,3824154000,829377000
PCB,PCB.O,2017,True,PCB Bancorp,1441999000,1299815000,1251290000,142184000,40000000
PDLB,PDLB.OQ,2017,True,Ponce Financial Group Inc,925522000,760737000,713985000,164785000,36400000
PEBK,PEBK.OQ,2017,True,Peoples Bancorp of North Carolina Inc,1092166000,976191000,906952000,115975000,58376000
PEBO,PEBO.OQ,2017,True,Peoples Bancorp Inc,3581686000,3123094000,2730330000,458592000,353510000
PFBC,PFBC.OQ,2017,True,Preferred Bank,3769859000,3414825000,3262690000,355034000,105364000
PFIS,PFIS.OQ,2017,True,Peoples Financial Services Corp,2169031000,1904055000,1719018000,264976000,173409000
PFS,PFS.N,2017,True,Provident Financial Services Inc,9845274000,8546613000,6740099000,1298661000,1742514000
PGC,PGC.OQ,2017,True,Peapack-Gladstone Financial Corp,4260547000,3856869000,3698354000,403678000,129994000
PKBK,PKBK.OQ,2017,True,Parke Bancorp Inc,1137452000,1002672000,866383000,134780000,128053000
PLBC,PLBC.OQ,2017,True,Plumas Bancorp,745427000,689727000,662657000,55700000,20384000
PNC,PNC.N,2017,True,"The PNC Financial Services Group, Inc.",380768000000,333183000000,265053000000,47585000000,59088000000
PPBI,PPBI.O^I25,2017,True,Pacific Premier Bancorp Inc,8024501000,6782505000,6085886000,1241996000,641410000
PRK,PRK.A,2017,True,Park National Corp,7537620000,6781519000,5817326000,756101000,906289000
PVBC,PVBC.OQ,2017,True,Provident Bancorp Inc (Maryland),902265000,786488000,750057000,115777000,26841000
PWOD,PWOD.O^G25,2017,True,Penns Woods Bancorp Inc,1474492000,1336298000,1146320000,138194000,171718000
QCRH,QCRH.OQ,2017,True,QCR Holdings Inc,3982664773,3629377644,3266655056,353287129,309479609
RBB,RBB.OQ,2017,True,RBB Bancorp,1691059000,1425883000,1337281000,265176000,77952000
RBCAA,RBCAA.OQ,2017,True,Republic Bancorp Inc,5085362000,4452938000,3433158000,632424000,982761000
RF,RF.N,2017,True,Regions Financial Corporation,124294000000,108102000000,96889000000,16192000000,8632000000
RMBI,RMBI.OQ,2017,True,Richmond Mutual Bancorporation Inc,753620877,671823054,560394944,81797823,104501438
RNST,RNST.N,2017,True,Renasant Corp,9829981000,8314998000,7921075000,1514983000,297360000
RRBI,RRBI.O,2017,True,Red River Bancshares Inc,1724264000,1546161000,1525985000,178103000,11523000
SBCF,SBCF.OQ,2017,True,Seacoast Banking Corporation of Florida,5810129000,5120465000,4592720000,689664000,497615000
SBFG,SBFG.OQ,2017,True,SB Financial Group Inc,876627000,782627000,729600000,94000000,43892000
SBNY,SBNY.PK,2017,True,Signature Bank,43117720000,39086029000,33439827000,4031691000,5242381000
SBSI,SBSI.N,2017,True,Southside Bancshares Inc,6498097000,5743957000,4515447000,754140000,1185348000
SFBS,SFBS.N,2017,True,ServisFirst Bancshares Inc,7082384000,6474780000,6091674000,607604000,366629000
SFNC,SFNC.OQ,2017,True,Simmons First National Corporation,15055806000,12971242000,11092875000,2084564000,1643033000
SFST,SFST.OQ,2017,True,Southern First Bancshares Inc,1624625000,1474939000,1381123000,149686000,80603000
SHBI,SHBI.OQ,2017,True,Shore Bancshares Inc,1393860000,1230124000,1202781000,163736000,21734000
SMBK,SMBK.K,2017,True,SmartFinancial Inc,1720770682,1514918842,1438582719,205851840,67654730
SPFI,SPFI.OQ,2017,True,South Plains Financial Inc,2573375000,2358048000,2154081000,215327000,177830000
SRCE,SRCE.OQ,2017,True,1st Source Corp,5887284000,5168747000,4752730000,718537000,343419000
SSB,SSB.N,2017,True,SouthState Bank Corp,14466589000,12157669000,11532766000,2308920000,503249000
STBA,STBA.OQ,2017,True,S&T Bancorp Inc,7060255000,6176224000,5427891000,884031000,683081000
SYBT,SYBT.OQ,2017,True,Stock Yards Bancorp Inc,3239646000,2906002000,2578295000,333644000,281283000
TBBK,TBBK.OQ,2017,False,Bancorp Inc,4708147000,4383998000,4260842000,324149000,55941000
TCBI,TCBI.OQ,2017,True,"Texas Capital Bancshares, Inc.",25075645000,22872924000,19123180000,2202721000,3559852000
TCBK,TCBK.OQ,2017,True,Trico Bancshares,4761315000,4255507000,4009131000,505808000,179024000
TFC,TFC.N,2017,True,Truist Financial Corporation,221642000000,191947000000,157371000000,29695000000,28586000000
TFIN,TFIN.N,2017,True,"Triumph Financial, Inc.",3499033000,3107335000,2621348000,391698000,463939000
THFF,THFF.OQ,2017,True,First Financial Corp,3000668000,2587099000,2458653000,413569000,57686000
TMP,TMP.A,2017,True,Tompkins Financial Corp,6648290000,6072088000,4837807000,576202000,1163610000
TOWN,TOWN.OQ,2017,True,TowneBank,8522176000,7379671000,6448220000,1142505000,798969000
TRMK,TRMK.OQ,2017,True,Trustmark Corporation,13797953000,12226252000,10577512000,1571701000,1503678000
TRST,TRST.OQ,2017,True,TrustCo Bank Corp NY,4908008000,4449700000,4173326000,458308000,242991000
UBFO,UBFO.OQ,2017,True,United Security Bancshares,805836000,704484000,687693000,101352000,9730000
UBSI,UBSI.OQ,2017,True,"United Bankshares, Inc.",19058959000,15818429000,13830591000,3240530000,1841564000
UCB,UCB.N,2017,True,United Community Banks Inc,11915460000,10612126000,9807697000,1303334000,675196000
UMBF,UMBF.OQ,2017,True,UMB Financial Corp,21771583000,19590052000,18023000000,2181531000,1339985000
UNB,UNB.OQ,2017,True,Union Bankshares Inc,745831000,687170000,647574000,58661000,31581000
UNTY,UNTY.OQ,2017,True,Unity Bancorp Inc,1455496000,1337391000,1043137000,118105000,285310000
USB,USB.N,2017,True,U.S. Bancorp,462040000000,412374000000,347215000000,49666000000,48910000000
UVSP,UVSP.OQ,2017,True,Univest Financial Corp,4554862000,3951488000,3554919000,603374000,355590000
VABK,VABK.OQ,2017,True,Virginia National Bankshares Corp,643886000,578781000,542962000,65105000,34092000
VBTX,VBTX.O,2017,True,Veritex Holdings Inc,2945583000,2456654000,2278630000,488929000,102853000
VLY,VLY.OQ,2017,True,Valley National Bancorp,24002306000,21469141000,18153462000,2533165000,3106221000
WABC,WABC.OQ,2017,True,Westamerica Bancorp,5513046000,4922807000,4827613000,590239000,58471000
WAL,WAL.N,2017,True,Western Alliance Bancorp,20329085000,18099387000,16972532000,2229698000,792922000
WASH,WASH.OQ,2017,True,Washington Trust Bancorp Inc,4529850000,4116566000,3242707000,413284000,814037000
WBS,WBS.N,2017,True,Webster Financial Corporation,26487645000,23785687000,20993729000,2701958000,2546141000
WFC,WFC.N,2017,True,Wells Fargo & Co,1951757000000,1743678000000,1335991000000,208079000000,328276000000
WNEB,WNEB.OQ,2017,True,Western New England Bancorp Inc,2083070000,1835789000,1506082000,247281000,309436000
WSBC,WSBC.OQ,2017,True,"Wesbanco, Inc.",9816178000,8420857000,7043588000,1395321000,1297335000
WSBF,WSBF.OQ,2017,True,Waterstone Financial Inc,1806401000,1394297000,967380000,412104000,386285000
WSFS,WSFS.OQ,2017,True,WSFS Financial Corporation,6999540000,6275195000,5247604000,724345000,937806000
WTBA,WTBA.OQ,2017,True,West Bancorporation Inc,2114377000,1936279000,1810813000,178098000,120256000
WTFC,WTFC.OQ,2017,True,Wintrust Financial Corp,27915970000,24939031000,23183347000,2976939000,1218440000
ZION,ZION.OQ,2017,True,"Zions Bancorporation, National Association",66288000000,58609000000,52621000000,7679000000,5359000000
ABCB,ABCB.N,2018,True,Ameris Bancorp,11443515000,9987168000,9649313000,1456347000,261345000
ACNB,ACNB.O,2018,True,ACNB Corp,1647724000,1479587000,1348092000,168137000,118164000
ALRS,ALRS.O,2018,True,Alerus Financial Corp,2179070000,2016610000,1799293000,162460000,152284000
AMTB,AMTB.N,2018,True,Amerant Bancorp Inc.,8124347000,7376929000,6032686000,747418000,1284110000
AROW,AROW.OQ,2018,True,Arrow Financial Corp,2988334000,2718750000,2345584000,269584000,353659000
ASB,ASB.N,2018,True,Associated Banc-Corp,33615122000,29834234000,24897393000,3780888000,4527056000
ATLO,ATLO.OQ,2018,True,Ames National Corp,1455687351,1282822287,1221083839,172865064,55274486
AUB,AUB.N,2018,True,Atlantic Union Bankshares Corporation,13765599000,11841018000,9970960000,1924581000,1756278000
AUBN,AUBN.OQ,2018,True,Auburn National Bancorporation Inc,818077000,729022000,724193000,89055000,2300000
BAC,BAC.N,2018,True,Bank of America Corporation,2354507000000,2089182000000,1381476000000,265325000000,436569000000
BANC,BANC.N,2018,True,"Banc of California, Inc.",10630067000,9684533000,7916644000,945534000,1696763000
BANF,BANF.OQ,2018,True,BancFirst Corp,7574258000,6671469000,6605495000,902789000,28479000
BANR,BANR.OQ,2018,True,Banner Corp,11871317000,10392722000,9477048000,1478595000,773275000
BCBP,BCBP.OQ,2018,True,BCB Bancorp Inc,2674731000,2474516000,2180724000,200215000,282377000
BCML,BCML.OQ,2018,True,BayCom Corp,1478395000,1277642000,1257768000,200753000,8161000
BFC,BFC.OQ,2018,True,Bank First Corp,1793165000,1618842000,1557167000,174323000,42989000
BFIN,BFIN.OQ,2018,True,BankFinancial Corp,1585325000,1398175000,1363015000,187150000,21049000
BFST,BFST.OQ,2018,True,Business First Bancshares Inc,2094896000,1834838000,1733934000,260058000,92229000
BHB,BHB.A,2018,True,Bar Harbor Bankshares,3608487000,3237908000,2483238000,370579000,723796000
BHLB,BHLIP.PK^B11,2018,False,Beacon Financial Corporation,12212231000,10659313000,8982381000,1552918000,1528802000
BKU,BKU.N,2018,True,"BankUnited, Inc.",32164326000,29240493000,23474223000,2923833000,5373749000
BMRC,BMRC.OQ,2018,True,Bank of Marin Bancorp,2520892000,2204485000,2174840000,316407000,9640000
BOH,BOH.N,2018,True,Bank of Hawaii Corporation,17143974000,15875774000,15027242000,1268200000,640138000
BOKF,BOKF.OQ,2018,True,BOK Financial Corp,38020504000,33577459000,25263763000,4443045000,7418714000
BRBS,BRBS.K,2018,True,Blue Ridge Bankshares Inc,539590000,499969000,415027000,39621000,82866000
BRKL,BRKL.O^I25,2018,True,Brookline Bancorp Inc,7392805000,6482186000,5461470000,910619000,920542000
BSRR,BSRR.OQ,2018,True,Sierra Bancorp,2522502000,2249478000,2116340000,273024000,107226000
BUSE,BUSE.OQ,2018,True,First Busey Corporation,7702357000,6707393000,6249321000,994964000,405637000
BWB,BWB.OQ,2018,True,Bridgewater Bancshares Inc,1973741000,1752743000,1560934000,220998000,181630000
BWFG,BWFG.O,2018,True,Bankwell Financial Group Inc,1873665000,1699469000,1502244000,174196000,185155000
BY,BY,2018,True,Byline Bancorp Inc,4942574000,4291902000,3749916000,650672000,495934000
CAC,CAC.OQ,2018,True,Camden National Corp,4297435000,3861610000,3464474000,435825000,341694000
CADE,CADE.N,2018,True,Cadence Bank (Mississippi),12730285000,11292011000,10708689000,1438274000,616770000
CATY,CATY.OQ,2018,True,Cathay General Bancorp,16784737000,14662871000,13702340000,2121866000,736746000
CBAN,CBAN.N,2018,True,Colony Bankcorp Inc,1251878468,1156186073,1085125458,95692395,68229000
CBFV,CBFV.O,2018,True,CB Financial Services Inc,1281701000,1144076000,1086658000,137625000,50979000
CBNK,CBNK.OQ,2018,True,Capital Bancorp Inc,1105058000,990494000,955240000,114564000,22725000
CBSH,CBSH.OQ,2018,True,"Commerce Bancshares, Inc.",25463842000,22526693000,20323659000,2937149000,1965091000
CBU,CBU.N,2018,True,Community Financial System Inc,10607295000,8893512000,8322371000,1713783000,413682000
CCB,CCB.OQ,2018,True,Coastal Financial Corp (EVERETT),952110000,842954000,803614000,109156000,33622000
CCBG,CCBG.OQ,2018,True,Capital City Bank Group Inc,2959183000,2656596000,2531856000,302587000,74996000
CCNE,CCNE.OQ,2018,True,CNB Financial Corp,3221521000,2958691000,2610786000,262830000,315737000
CFFI,CFFI.OQ,2018,True,C&F Financial Corp,1521411000,1369453000,1181661000,151958000,159691000
CFG,CFG.N,2018,True,Citizens Financial Group Inc,160518000000,139701000000,119575000000,20817000000,17242000000
CFR,CFR.N,2018,True,Cullen/Frost Bankers Inc,32292966000,28924049000,27149204000,3368917000,1602498000
CHCO,CHCO.OQ,2018,True,City Holding Co,4899012000,4298248000,3975559000,600764000,266152000
CHMG,CHMG.O,2018,True,Chemung Financial Corp,1755343000,1590314000,1569237000,165029000,4304000
CIVB,CIVB.OQ,2018,True,Civista Bancshares Inc,2138954000,1840056000,1579893000,298898000,245226000
CLBK,CLBK.O,2018,True,Columbia Financial Inc,6691618000,5719558000,4413873000,972060000,1189180000
CMA,CMA.N,2018,True,Comerica Inc,70818000000,63311000000,55561000000,7507000000,6507000000
CNOB,CNOB.OQ,2018,True,"ConnectOne Bancorp, Inc.",5462092000,4848165000,4092092000,613927000,728557000
COFS,COFS.OQ,2018,True,ChoiceOne Financial Services Inc,670544000,590067000,577015000,80477000,10033000
COLB,COLB.OQ,2018,True,Columbia Banking System Inc,13095145000,11061496000,10458126000,2033649000,496079000
CPF,CPF.N,2018,True,Central Pacific Financial Corp,5807026000,5315301000,4946490000,491725000,319166000
CTBI,CTBI.OQ,2018,True,"Community Trust Bancorp, Inc.",4201616000,3637466000,3305950000,564150000,293669000
CUBI,CUBI.N,2018,True,"Customers Bancorp, Inc.",9833425000,8876609000,7142236000,956816000,1667918000
CVBF,CVBF.OQ,2018,True,CVB Financial Corp,11529153000,9677963000,8827490000,1851190000,748029000
CWBC,CWBC.OQ,2018,True,Community West Bancshares,1537836000,1318098000,1282298000,219738000,15155000
CZNC,CZNC.OQ,2018,True,Citizens & Northern Corp,1290893000,1093525000,1033772000,197368000,48768000
DCOM,DCOM.OQ,2018,True,"Dime Community Bancshares, Inc.",6320578000,5718497000,4441988000,602081000,1239109000
DFS,DFS.N^E25,2018,True,Discover Financial Services,109553000000,98423000000,67759000000,11130000000,27228000000
EBC,EBC.OQ,2018,True,Eastern Bankshares Inc,11378287000,9945146000,9414368000,1433141000,306062000
EBMT,EBMT.OQ,2018,True,Eagle Bancorp Montana Inc,853903000,759097000,626611000,94806000,127098000
EBTC,EBTC.OQ^G25,2018,True,Enterprise Bancorp Inc,2964358000,2709061000,2564782000,255297000,115352000
EFSC,EFSC.OQ,2018,True,Enterprise Financial Services Corp,5645662000,5041858000,4587985000,603804000,411606000
EGBN,EGBN.OQ,2018,True,"Eagle Bancorp, Inc.",8389137000,7280196000,6974285000,1108941000,247709000
EQBK,EQBK.N,2018,True,Equity Bancshares Inc,4061716000,3605775000,3123447000,455941000,464676000
ESQ,ESQ.OQ,2018,True,Esquire Financial Holdings Inc,663899000,571125000,568421000,92774000,89000
EVBN,EVBN.K^E25,2018,True,Evans Bancorp Inc,1388207000,1256561000,1215058000,131646000,24472000
EWBC,EWBC.OQ,2018,True,"East West Bancorp, Inc.",41042356000,36618382000,35439628000,4423974000,580645000
EXSR,EXSR.PK,2018,True,Exchange Bank,2653960000,2422388000,2379683000,231572000,
FBIZ,FBIZ.OQ,2018,True,First Business Financial Services Inc,1966457000,1785750000,1455299000,180707000,308977000
FBK,FBK.N,2018,True,FB Financial Corporation,5136764000,4464907000,4171717000,671857000,227776000
FBNC,FBNC.OQ,2018,True,First Bancorp (North Carolina),5864116000,5099886000,4659339000,764230000,406609000
FCBC,FCBC.OQ,2018,True,First Community Bankshares Inc,2244374000,1911517000,1855750000,332857000,29370000
FCCO,FCCO.OQ,2018,True,First Community Corp (South Carolina),1091595000,979098000,925523000,112497000,43217000
FCF,FCF.N,2018,True,First Commonwealth Financial Corp,7828255000,6852866000,5897992000,975389000,906879000
FCNCA,FCNCA.OQ,2018,True,"First Citizens BancShares, Inc. (Delaware)",35408629000,31919675000,30672460000,3488954000,892154000
FDBC,FDBC.O,2018,True,Fidelity D&D Bancorp Inc,981102000,887545000,770183000,93557000,108406000
FFBC,FFBC.OQ,2018,True,First Financial Bancorp.,13986660000,11908411000,10140394000,2078249000,1611430000
FFIC,FFIC.OQ,2018,True,Flushing Financial Corp,6834176000,6284712000,4915923000,549464000,1250843000
FFIN,FFIN.OQ,2018,True,First Financial Bankshares Inc,7731854000,6678559000,6180389000,1053295000,468706000
FFWM,FFWM.N,2018,True,First Foundation Inc,5840412000,5281228000,4532968000,559184000,708000000
FGBI,FGBI.O,2018,True,First Guaranty Bancshares Inc,1817211000,1669927000,1629622000,147284000,34538000
FHB,FHB.OQ,2018,True,"First Hawaiian, Inc.",20695678000,18170839000,17150068000,2524839000,600026000
FHN,FHN.N,2018,True,First Horizon Corporation,40832258000,36046878000,32682992000,4785380000,2304886000
FISI,FISI.OQ,2018,True,Financial Institutions Inc,4311698000,3915405000,3366907000,396293000,508702000
FITB,FITB.OQ,2018,True,Fifth Third Bancorp,146069000000,129819000000,108835000000,16250000000,16653000000
FLG,FLG.N,2018,True,Flagstar Bank NA,51899376000,45244141000,30764430000,6655235000,14207866000
FLIC,FLIC.OQ^F25,2018,True,First of Long Island Corp,4241060000,3852873000,3084972000,388187000,750950000
FMAO,FMAO.OQ,2018,True,Farmers & Merchants Bancorp Inc,1116163000,972876000,928790000,143287000,32181000
FMBH,FMBH.O,2018,True,First Mid Bancshares Inc,3839734000,3363870000,2988686000,475864000,348799000
FMNB,FMNB.OQ,2018,True,Farmers National Banc Corp,2328864000,2066544000,1799720000,262320000,250792000
FNB,FNB.N,2018,False,FNB Corp,33102000000,28494000000,23455000000,4608000000,4756000000
FNLC,FNLC.OQ,2018,True,First Bancorp Inc,1944570000,1753028000,1527085000,191542000,210317000
FNWB,FNWB.OQ,2018,True,First Northwest Bancorp,1258758000,1086494000,940260000,172264000,136552000
FRAF,FRAF.OQ,2018,True,Franklin Financial Services Corp,1209587000,1091191000,1082629000,118396000,
FRBA,FRBA.OQ,2018,True,FIRST BANK (Hamilton),1711159000,1516323000,1393204000,194836000,115207000
FRBKQ,FRBKQ.PK,2018,True,Republic First Bancorp Inc,2753297000,2508108000,2392867000,245189000,102681000
FRCB,FRCB.PK,2018,True,First Republic Bank,99205204000,90527427000,79063236000,8677777000,10473907000
FRME,FRME.OQ,2018,True,First Merchants Corporation,9884716000,8476456000,7754593000,1408260000,670961000
FRST,FRST.OQ,2018,True,Primis Financial Corp,2701295000,2353005000,2097600000,348290000,238734000
FSBC,FSBC.OQ,2018,True,Five Star Bancorp,1272090000,1191774000,1161394000,80316000,24446000
FSBW,FSBW.OQ,2018,True,FS Bancorp Inc,1621644000,1441606000,1274219000,180038000,147014000
FULT,FULT.OQ,2018,True,Fulton Financial Corporation,20682152000,18434579000,16376159000,2247573000,1747056000
FUNC,FUNC.OQ,2018,True,First United Corp,1384516000,1267450000,1067527000,117066000,178636000
FVCB,FVCB.O,2018,True,FVCBankcorp Inc,1351576000,1193240000,1162440000,158336000,24407000
GABC,GABC.OQ,2018,True,German American Bancorp Inc,3929090000,3470450000,3072632000,458640000,376409000
GBCI,GBCI.N,2018,True,Glacier Bancorp Inc,12115484000,10599630000,9493767000,1515854000,985177000
GNTY,GNTY.K^J25,2018,True,Guaranty Bancshares Inc,2266970000,2022387000,1871480000,244583000,140174000
GSBC,GSBC.OQ,2018,True,Great Southern Bancorp Inc,4676200000,4144223000,3725007000,531977000,397594000
HAFC,HAFC.OQ,2018,True,Hanmi Financial Corp,5502219000,4949651000,4747235000,552568000,172808000
HBAN,HBAN.OQ,2018,True,Huntington Bancshares Inc,108781000000,97679000000,84774000000,11102000000,10642000000
HBCP,HBCP.OQ,2018,True,Home Bancorp Inc,2153658000,1849618000,1773217000,304040000,64237000
HBNC,HBNC.OQ,2018,True,Horizon Bancorp Inc,4246688000,3754696000,3139376000,491992000,588221000
HBT,HBT.OQ,2018,True,HBT Financial Inc,3249569000,2909173000,2795970000,340396000,83712000
HFWA,HFWA.OQ,2018,True,Heritage Financial Corp,5316927000,4556204000,4432402000,760723000,51789000
HIFS,HIFS.OQ,2018,True,Hingham Institution For Savings,2408587000,2196011000,1580556000,212576000,607351000
HOMB,HOMB.N,2018,True,Home BancShares Inc,15302438000,12952552000,10899778000,2349886000,1984862000
HONE,HONE.OQ,2018,True,HarborOne Bancorp Inc,3653121000,3295547000,2685061000,357574000,553735000
HOPE,HOPE.OQ,2018,True,Hope Bancorp Inc,15305952000,13402741000,12155656000,1903211000,1117752000
HTBK,HTBK.OQ,2018,True,Heritage Commerce Corp,3096562000,2729096000,2637532000,367466000,39369000
HTH,HTH.N,2018,True,Hilltop Holdings Inc.,13683572000,11709679000,8536156000,1973893000,1443358000
HWBK,HWBK.OQ,2018,True,Hawthorn Bancshares Inc,1481682000,1382268000,1198468000,99414000,169286000
HWC,HWC.OQ,2018,True,Hancock Whitney Corporation,28235907000,25154567000,23150185000,3081340000,1814121000
IBCP,IBCP.OQ,2018,True,Independent Bank Corp,3353281000,3014287000,2913428000,338994000,65088000
IBOC,IBOC.OQ,2018,True,International Bancshares Corp,11871952000,9932370000,8696545000,1939582000,1096070000
INBK,INBK.O,2018,True,First Internet Bancorp,3541692000,3252957000,2671351000,288735000,699028000
INDB,INDB.OQ,2018,True,Independent Bank Corp (Massachusetts),8851592000,7778102000,7427120000,1073490000,258707000
ISTR,ISTR.OQ,2018,True,Investar Holding Corp,1786469000,1604207000,1361731000,182262000,232549000
JPM,JPM.N,2018,True,JPMorgan Chase & Co,2622532000000,2366017000000,1470666000000,256515000000,533627000000
KEY,KEY.N,2018,True,KeyCorp,139613000000,124017000000,107309000000,15596000000,14595000000
LARK,LARK.OQ,2018,True,Landmark Bancorp Inc,985784000,893883000,823648000,91901000,56897000
LCNB,LCNB.OQ,2018,True,LCNB Corp,1636927000,1417942000,1300919000,218985000,103262000
LKFN,LKFN.OQ,2018,True,Lakeland Financial Corp,4875254000,4353550000,4044065000,521704000,276483000
LOB,LOB.N,2018,True,"Live Oak Bancshares, Inc.",3670449000,3176889000,3149583000,493560000,1457000
MBCN,MBCN.O,2018,True,Middlefield Banc Corp,1248398000,1120108000,1016067000,128290000,99201000
MBIN,MBIN.OQ,2018,True,Merchants Bancorp,3884163000,3462926000,3231086000,421237000,195453000
MBWM,MBWM.OQ,2018,True,Mercantile Bank Corp,3363907000,2988658000,2463708000,375249000,499718000
MCB,MCB.N,2018,True,Metropolitan Bank Holding Corp,2182644000,1918127000,1668241000,264517000,230165000
MCBS,MCBS.O,2018,True,Metrocity Bankshares Inc,1432650000,1264042000,1244232000,168608000,4257000
HMST,MCHB.O,2018,False,Mechanics Bancorp,7042221000,6302701000,4888558000,739520000,1077052000
MFIN,MFIN.OQ,2018,True,Medallion Financial Corp,1381846000,1091642000,848040000,290204000,213988000
MNSB,MNSB.O,2018,True,"MainStreet Bancshares, Inc.",1100613000,979362000,920137000,121251000,54776000
MOFG,MOFG.OQ,2018,True,Midwestone Financial Group Inc (IOWA),3291480000,2934413000,2612929000,357067000,298810000
MPB,MPB.OQ,2018,True,Mid Penn Bancorp Inc,2077981000,1854772000,1726026000,223209000,118206000
MSBI,MSBI.OQ,2018,True,Midland States Bancorp Inc,5637673000,5029148000,4074170000,608525000,906794000
MTB,MTB.N,2018,True,M&T Bank Corporation,120097403000,104637212000,90156572000,15460191000,12843292000
MVBF,MVBF.O,2018,True,MVB Financial Corp,1750969000,1574196000,1309154000,176773000,247336000
MYFW,MYFW.OQ,2018,True,First Western Financial Inc,1084324000,967449000,937758000,116875000,21560000
NBHC,NBHC.N,2018,True,National Bank Holdings Corp,5676666000,4981660000,4535621000,695006000,367707000
NBTB,NBTB.OQ,2018,True,NBT Bancorp Inc.,9556363000,8538454000,7368211000,1017909000,1047039000
NFBK,NFBK.OQ,2018,True,Northfield Bancorp Inc,4408432000,3741993000,3286512000,666439000,408891000
NIC,NIC,2018,True,Nicolet Bankshares Inc,3096535000,2709183000,2614138000,387352000,77305000
NKSH,NKSH.OQ,2018,True,National Bankshares Inc,1256032000,1065794000,1051942000,190238000,0
NRIM,NRIM.OQ,2018,True,Northrim BanCorp Inc,1502988000,1297041000,1228088000,205947000,51829000
NWBI,NWBI.OQ,2018,True,Northwest Bancshares Inc,9607773000,8350135000,7894179000,1257638000,345602000
NWFL,NWFL.OQ,2018,True,Norwood Financial Corp,1184559000,1062274000,946780000,122285000,105330000
OBK,OBK.N,2018,True,Origin Bancorp Inc,4821576000,4271797000,3783138000,549779000,454868000
OCFC,OCFC.OQ,2018,True,OceanFirst Financial Corp,7516154000,6476796000,5814569000,1039358000,610673000
ONB,ONB.OQ,2018,True,Old National Bancorp,19728435000,17038865000,14349949000,2689570000,2483955000
OPBK,OPBK.O,2018,True,OP Bancorp,1044186000,914399000,905176000,129787000,0
OPOF,OPOF.O^I25,2018,True,Old Point Financial Corp,1038183000,936177000,843144000,102006000,88325000
ORRF,ORRF.OQ,2018,True,Orrstown Financial Services Inc,1934388000,1760955000,1558756000,173433000,179378000
OSBC,OSBC.OQ,2018,True,"Old Second Bancorp, Inc",2676003000,2446922000,2116673000,229081000,313355000
OVBC,OVBC.OQ,2018,True,Ohio Valley Banc Corp,1030493000,912619000,846704000,117874000,48213000
OVLY,OVLY.OQ,2018,True,Oak Valley Bancorp,1094887000,995849000,986495000,99038000,0
OZK,OZK.OQ,2018,True,Bank Ozk,22388030000,18614665000,17938415000,3773365000,459895000
PB,PB.N,2018,True,"Prosperity Bancshares, Inc.",22693402000,18640578000,17256558000,4052824000,1315846000
PCB,PCB.O,2018,True,PCB Bancorp,1697028000,1486732000,1443753000,210296000,30000000
PDLB,PDLB.OQ,2018,True,Ponce Financial Group Inc,1059901000,890729000,809758000,169172000,69404000
PEBK,PEBK.OQ,2018,True,Peoples Bancorp of North Carolina Inc,1093251000,969634000,877213000,123617000,78714000
PEBO,PEBO.OQ,2018,True,Peoples Bancorp Inc,3991454000,3471314000,2955465000,520140000,465842000
PFBC,PFBC.OQ,2018,True,Preferred Bank,4216435000,3799784000,3639685000,416651000,100394000
PFIS,PFIS.OQ,2018,True,Peoples Financial Services Corp,2288993000,2010379000,1875022000,278614000,124406000
PFS,PFS.N,2018,True,Provident Financial Services Inc,9725769000,8366789000,6855690000,1358980000,1442282000
PGC,PGC.OQ,2018,True,Peapack-Gladstone Financial Corp,4617858000,4148845000,3895340000,469013000,199555000
PKBK,PKBK.OQ,2018,True,Parke Bancorp Inc,1467398000,1312402000,1183873000,154996000,118053000
PLBC,PLBC.OQ,2018,True,Plumas Bancorp,824398000,757466000,726565000,66932000,23368000
PNC,PNC.N,2018,True,"The PNC Financial Services Group, Inc.",382315000000,334545000000,267839000000,47770000000,57419000000
PPBI,PPBI.O^I25,2018,True,Pacific Premier Bancorp Inc,11487387000,9517690000,8658351000,1969697000,777994000
PRK,PRK.A,2018,True,Park National Corp,7804308000,6971802000,6260860000,832506000,636966000
PVBC,PVBC.OQ,2018,True,Provident Bancorp Inc (Maryland),974079000,848495000,768096000,125584000,68022000
PWOD,PWOD.O^G25,2018,True,Penns Woods Bancorp Inc,1684771000,1541227000,1219903000,143544000,306807000
QCRH,QCRH.OQ,2018,True,QCR Holdings Inc,4949710195,4476571792,3977030574,473138403,404968557
RBB,RBB.OQ,2018,True,RBB Bancorp,2974002000,2599381000,2144041000,374621000,432714000
RBCAA,RBCAA.OQ,2018,True,Republic Bancorp Inc,5240404000,4550470000,3456145000,689934000,1034230000
RF,RF.N,2018,True,Regions Financial Corporation,125688000000,110598000000,94491000000,15090000000,14024000000
RMBI,RMBI.OQ,2018,True,Richmond Mutual Bancorporation Inc,849618363,763765331,620636820,85853032,136643527
RNST,RNST.N,2018,True,Renasant Corp,12934878000,10890965000,10128557000,2043913000,651324000
RRBI,RRBI.O,2018,True,Red River Bancshares Inc,1860588000,1666885000,1645583000,193703000,11341000
SBCF,SBCF.OQ,2018,True,Seacoast Banking Corporation of Florida,6747659000,5883392000,5177240000,864267000,665127000
SBFG,SBFG.OQ,2018,True,SB Financial Group Inc,986828000,856393000,802552000,130435000,41494000
SBNY,SBNY.PK,2018,True,Signature Bank,47364816000,42957676000,36378773000,4407140000,6048174000
SBSI,SBSI.N,2018,True,Southside Bancshares Inc,6123494000,5392203000,4425030000,731291000,914528000
SFBS,SFBS.N,2018,True,ServisFirst Bancshares Inc,8007382000,7292179000,6915708000,715203000,353391000
SFNC,SFNC.OQ,2018,True,Simmons First National Corporation,16543337000,14296903000,12398752000,2246434000,1795192000
SFST,SFST.OQ,2018,True,Southern First Bancshares Inc,1900614000,1726698000,1648136000,173916000,63403000
SHBI,SHBI.OQ,2018,True,Shore Bancshares Inc,1483076000,1299891000,1212341000,183185000,75812000
SMBK,SMBK.K,2018,True,SmartFinancial Inc,2274409000,1991398000,1921964000,283011000,62176000
SPFI,SPFI.OQ,2018,True,South Plains Financial Inc,2712745000,2499970000,2277454000,212775000,193100000
SRCE,SRCE.OQ,2018,True,1st Source Corp,6293745000,5530155000,5122322000,763590000,329231000
SSB,SSB.N,2018,True,SouthState Bank Corp,14676328000,12310032000,11646933000,2366296000,536733000
STBA,STBA.OQ,2018,True,S&T Bancorp Inc,7252221000,6316460000,5673922000,935761000,606325000
SYBT,SYBT.OQ,2018,True,Stock Yards Bancorp Inc,3302924000,2936424000,2794356000,366500000,94518000
TBBK,TBBK.OQ,2018,False,Bancorp Inc,4437911000,4031135000,3935714000,406776000,55168000
TCBI,TCBI.OQ,2018,True,"Texas Capital Bancshares, Inc.",28257767000,25757373000,20606113000,2500394000,4936347000
TCBK,TCBK.OQ,2018,True,Trico Bancshares,6352441000,5525068000,5366466000,827373000,72881000
TFC,TFC.N,2018,True,Truist Financial Corporation,225697000000,195519000000,161199000000,30178000000,28887000000
TFIN,TFIN.N,2018,True,"Triumph Financial, Inc.",4559779000,3923172000,3450349000,636607000,422497000
THFF,THFF.OQ,2018,True,First Financial Corp,3008718000,2566017000,2436727000,442701000,69656000
TMP,TMP.A,2018,True,Tompkins Financial Corp,6758436000,6137565000,4888959000,620871000,1174780000
TOWN,TOWN.OQ,2018,True,TowneBank,11163030000,9624610000,8370422000,1538420000,1094332000
TRMK,TRMK.OQ,2018,True,Trustmark Corporation,13286460000,11695007000,11364411000,1591453000,192212000
TRST,TRST.OQ,2018,True,TrustCo Bank Corp NY,4958913000,4469042000,4274247000,489871000,161893000
UBFO,UBFO.OQ,2018,True,United Security Bancshares,933058000,823818000,805643000,109240000,10155000
UBSI,UBSI.OQ,2018,True,"United Bankshares, Inc.",19250498000,15998874000,13994749000,3251624000,1850430000
UCB,UCB.N,2018,True,United Community Banks Inc,12573192000,11115638000,10534513000,1457554000,427189000
UMBF,UMBF.OQ,2018,True,UMB Financial Corp,23351119000,21122649000,19281260000,2228470000,1601591000
UNB,UNB.OQ,2018,True,Union Bankshares Inc,805337000,740846000,706770000,64491000,27821000
UNTY,UNTY.OQ,2018,True,Unity Bancorp Inc,1579157000,1440669000,1207687000,138488000,220310000
USB,USB.N,2018,True,U.S. Bancorp,467374000000,415717000000,345475000000,51657000000,55479000000
UVSP,UVSP.OQ,2018,True,Univest Financial Corp,4984347000,4360214000,3885933000,624133000,429672000
VABK,VABK.OQ,2018,True,Virginia National Bankshares Corp,644800000,574058000,572533000,70742000,0
VBTX,VBTX.O,2018,True,Veritex Holdings Inc,3208550000,2677912000,2622428000,530638000,44710000
VLY,VLY.OQ,2018,True,Valley National Bancorp,31863088000,28512634000,24452974000,3350454000,3828552000
WABC,WABC.OQ,2018,True,Westamerica Bancorp,5568526000,4952935000,4866839000,615591000,51247000
WAL,WAL.N,2018,True,Western Alliance Bancorp,23109486000,20495752000,19177447000,2613734000,873869000
WASH,WASH.OQ,2018,True,Washington Trust Bancorp Inc,5010766000,4562582000,3524048000,448184000,973403000
WBS,WBS.N,2018,True,Webster Financial Corporation,27610315000,24723800000,21858845000,2886515000,2634703000
WFC,WFC.N,2018,True,Wells Fargo & Co,1895883000000,1698817000000,1286170000000,197066000000,334831000000
WNEB,WNEB.OQ,2018,True,Western New England Bancorp Inc,2118822000,1881793000,1595993000,237029000,267268000
WSBC,WSBC.OQ,2018,True,"Wesbanco, Inc.",12458632000,10479805000,8831633000,1978827000,1534538000
WSBF,WSBF.OQ,2018,True,Waterstone Financial Inc,1915381000,1515702000,1038495000,399679000,435046000
WSFS,WSFS.OQ,2018,True,WSFS Financial Corporation,7248870000,6427950000,5640431000,820920000,699788000
WTBA,WTBA.OQ,2018,True,West Bancorporation Inc,2296568000,2105545000,1894529000,191023000,205328000
WTFC,WTFC.OQ,2018,True,Wintrust Financial Corp,31244849000,27977279000,26094678000,3267570000,1212957000
ZION,ZION.OQ,2018,True,"Zions Bancorporation, National Association",68746000000,61168000000,54101000000,7578000000,6377000000
ABCB,ABCB.N,2019,True,Ameris Bancorp,18242579000,15772997000,14027073000,2469582000,1546904000
ACNB,ACNB.O,2019,True,ACNB Corp,1720253000,1530737000,1412260000,189516000,99731000
ALRS,ALRS.O,2019,True,Alerus Financial Corp,2356878000,2071150000,1971316000,285728000,58769000
AMTB,AMTB.N,2019,True,Amerant Bancorp Inc.,7985399000,7150698000,5757143000,834701000,1327246000
AROW,AROW.OQ,2019,True,Arrow Financial Corp,3184275000,2882547000,2616054000,301728000,236353000
ASB,ASB.N,2019,True,Associated Banc-Corp,32386478000,28464354000,23779064000,3922124000,4195423000
ATLO,ATLO.OQ,2019,True,Ames National Corp,1737182505,1549603033,1493175098,187579472,47033570
AUB,AUB.N,2019,True,Atlantic Union Bankshares Corporation,17562990000,15049888000,13304981000,2513102000,1513748000
AUBN,AUBN.OQ,2019,True,Auburn National Bancorporation Inc,827879000,729551000,724152000,98328000,1069000
BAC,BAC.N,2019,True,Bank of America Corporation,2434079000000,2169269000000,1434803000000,264810000000,430169000000
BANC,BANC.N,2019,True,"Banc of California, Inc.",7828410000,6921165000,5427167000,907245000,1374622000
BANF,BANF.OQ,2019,True,BancFirst Corp,8565758000,7560769000,7483635000,1004989000,27904000
BANR,BANR.OQ,2019,True,Banner Corp,12604031000,11009997000,10048641000,1594034000,687778000
BCBP,BCBP.OQ,2019,True,BCB Bancorp Inc,2907468000,2667995000,2362063000,239473000,282610000
BCML,BCML.OQ,2019,True,BayCom Corp,1994177000,1739957000,1701183000,254220000,8242000
BFC,BFC.OQ,2019,True,Bank First Corp,2210168000,1979957000,1843311000,230211000,114277000
BFIN,BFIN.OQ,2019,True,BankFinancial Corp,1488015000,1313643000,1294979000,174372000,61000
BFST,BFST.OQ,2019,True,Business First Bancshares Inc,2273835000,1988738000,1782010000,285097000,185989000
BHB,BHB.A,2019,True,Bar Harbor Bankshares,3669128000,3272721000,2695751000,396407000,531316000
BHLB,BHLIP.PK^B11,2019,False,Beacon Financial Corporation,13215970000,11457406000,10335977000,1758564000,838433000
BKU,BKU.N,2019,True,"BankUnited, Inc.",32871293000,29890514000,24394591000,2980779000,5009839000
BMRC,BMRC.OQ,2019,True,Bank of Marin Bancorp,2707280000,2370492000,2336489000,336788000,2920000
BOH,BOH.N,2019,True,Bank of Hawaii Corporation,18095496000,16808664000,15784482000,1286832000,689871000
BOKF,BOKF.OQ,2019,True,BOK Financial Corp,42172021000,37308102000,27621168000,4863919000,8621328000
BRBS,BRBS.K,2019,True,Blue Ridge Bankshares Inc,960811000,868474000,722030000,92337000,134600000
BRKL,BRKL.O^I25,2019,True,Brookline Bancorp Inc,7856853000,6911247000,5837304000,945606000,902749000
BSRR,BSRR.OQ,2019,True,Sierra Bancorp,2593819000,2284534000,2168374000,309285000,80656000
BUSE,BUSE.OQ,2019,True,First Busey Corporation,9695729000,8475295000,7902396000,1220434000,467872000
BWB,BWB.OQ,2019,True,Bridgewater Bancshares Inc,2268830000,2024036000,1823310000,244794000,174233000
BWFG,BWFG.O,2019,True,Bankwell Financial Group Inc,1882182000,1699785000,1491903000,182397000,175207000
BY,BY,2019,True,Byline Bancorp Inc,5521809000,4771694000,4147577000,750115000,576972000
CAC,CAC.OQ,2019,True,Camden National Corp,4429521000,3956106000,3537743000,473415000,339554000
CADE,CADE.N,2019,True,Cadence Bank (Mississippi),17800229000,15339383000,14742794000,2460846000,372173000
CATY,CATY.OQ,2019,True,Cathay General Bancorp,18094144000,15799861000,14692308000,2294283000,843841000
CBAN,CBAN.N,2019,True,Colony Bankcorp Inc,1515313000,1384807000,1293742000,130506000,85792000
CBFV,CBFV.O,2019,True,CB Financial Services Inc,1321537000,1170440000,1118359000,151097000,44571000
CBNK,CBNK.OQ,2019,True,Capital Bancorp Inc,1427609000,1294278000,1225421000,133331000,47645000
CBSH,CBSH.OQ,2019,True,"Commerce Bancshares, Inc.",26065789000,22927317000,20520415000,3138472000,1853190000
CBU,CBU.N,2019,True,Community Financial System Inc,11410295000,9555061000,8994967000,1855234000,344873000
CCB,CCB.OQ,2019,True,Coastal Financial Corp (EVERETT),1128526000,1004353000,967959000,124173000,24052000
CCBG,CCBG.OQ,2019,True,Capital City Bank Group Inc,3088953000,2761937000,2645454000,327016000,65805000
CCNE,CCNE.OQ,2019,True,CNB Financial Corp,3763659000,3458693000,3102327000,304966000,299156000
CFFI,CFFI.OQ,2019,True,C&F Financial Corp,1657432000,1492153000,1291250000,165279000,161170000
CFG,CFG.N,2019,True,Citizens Financial Group Inc,165733000000,143532000000,125313000000,22201000000,14321000000
CFR,CFR.N,2019,True,Cullen/Frost Bankers Inc,34027428000,30115760000,27639564000,3911668000,1930506000
CHCO,CHCO.OQ,2019,True,City Holding Co,5018756000,4360773000,4075894000,657983000,215463000
CHMG,CHMG.O,2019,True,Chemung Financial Corp,1787827000,1605200000,1572138000,182627000,4085000
CIVB,CIVB.OQ,2019,True,Civista Bancshares Inc,2309557000,1979431000,1678764000,330126000,274601000
CLBK,CLBK.O,2019,True,Columbia Financial Inc,8188694000,7206177000,5645842000,982517000,1407022000
CMA,CMA.N,2019,True,Comerica Inc,73402000000,66075000000,57295000000,7327000000,7340000000
CNOB,CNOB.OQ,2019,True,"ConnectOne Bancorp, Inc.",6174032000,5442842000,4767542000,731190000,629178000
COFS,COFS.OQ,2019,True,ChoiceOne Financial Services Inc,1386128000,1193989000,1154602000,192139000,33198000
COLB,COLB.OQ,2019,True,Columbia Banking System Inc,14079524000,11919562000,10684708000,2159962000,1053183000
CPF,CPF.N,2019,True,Central Pacific Financial Corp,6012672000,5484152000,5120023000,528520000,251547000
CTBI,CTBI.OQ,2019,True,"Community Trust Bancorp, Inc.",4366003000,3751117000,3405572000,614886000,294535000
CUBI,CUBI.N,2019,True,"Customers Bancorp, Inc.",11520717000,10467922000,8648936000,1052795000,1692745000
CVBF,CVBF.OQ,2019,True,CVB Financial Corp,11282450000,9288352000,8704928000,1994098000,454433000
CWBC,CWBC.OQ,2019,True,Community West Bancshares,1596755000,1368627000,1333285000,228128000,5155000
CZNC,CZNC.OQ,2019,True,Citizens & Northern Corp,1654145000,1409693000,1252660000,244452000,144847000
DCOM,DCOM.OQ,2019,True,"Dime Community Bancshares, Inc.",6354460000,5757702000,4359106000,596758000,1316156000
DFS,DFS.N^E25,2019,True,Discover Financial Services,113996000000,102137000000,72746000000,11859000000,25701000000
EBC,EBC.OQ,2019,True,Eastern Bankshares Inc,11628775000,10028622000,9566741000,1600153000,220046000
EBMT,EBMT.OQ,2019,True,Eagle Bancorp Montana Inc,1054260000,932601000,808993000,121659000,113291000
EBTC,EBTC.OQ^G25,2019,True,Enterprise Bancorp Inc,3235049000,2938408000,2786730000,296641000,111045000
EFSC,EFSC.OQ,2019,True,Enterprise Financial Services Corp,7333791000,6466606000,5771023000,867185000,628836000
EGBN,EGBN.OQ,2019,True,"Eagle Bancorp, Inc.",8988719000,7798038000,7224391000,1190681000,498667000
EQBK,EQBK.N,2019,True,Equity Bancshares Inc,3949578000,3471518000,3063516000,478060000,383632000
ESQ,ESQ.OQ,2019,True,Esquire Financial Holdings Inc,798008000,686946000,680620000,111062000,86000
EVBN,EVBN.K^E25,2019,True,Evans Bancorp Inc,1460230000,1311777000,1267440000,148453000,23755000
EWBC,EWBC.OQ,2019,True,"East West Bancorp, Inc.",44196096000,39178479000,37324259000,5017617000,1126854000
EXSR,EXSR.PK,2019,True,Exchange Bank,2673118000,2402303000,2355004000,270815000,
FBIZ,FBIZ.OQ,2019,True,First Business Financial Services Inc,2096779000,1902623000,1530379000,194156000,329429000
FBK,FBK.N,2019,True,FB Financial Corporation,6124921000,5362592000,4934938000,762329000,304675000
FBNC,FBNC.OQ,2019,True,First Bancorp (North Carolina),6143639000,5291238000,4931355000,852401000,300671000
FCBC,FCBC.OQ,2019,True,First Community Bankshares Inc,2798847000,2370028000,2329912000,428819000,1601000
FCCO,FCCO.OQ,2019,True,First Community Corp (South Carolina),1170279000,1050085000,988201000,120194000,48471000
FCF,FCF.N,2019,True,First Commonwealth Financial Corp,8308773000,7253108000,6677615000,1055665000,436035000
FCNCA,FCNCA.OQ,2019,True,"First Citizens BancShares, Inc. (Delaware)",39824496000,36238312000,34431236000,3586184000,1326871000
FDBC,FDBC.O,2019,True,Fidelity D&D Bancorp Inc,1009927000,903092000,835737000,106835000,53125000
FFBC,FFBC.OQ,2019,True,First Financial Bancorp.,14511625000,12263920000,10210229000,2247705000,1730557000
FFIC,FFIC.OQ,2019,True,Flushing Financial Corp,7017776000,6438104000,5022049000,579672000,1237231000
FFIN,FFIN.OQ,2019,True,First Financial Bankshares Inc,8262227000,7035030000,6603806000,1227197000,381356000
FFWM,FFWM.N,2019,True,First Foundation Inc,6314436000,5700567000,4891144000,613869000,743000000
FGBI,FGBI.O,2019,True,First Guaranty Bancshares Inc,2117216000,1951181000,1853013000,166035000,86747000
FHB,FHB.OQ,2019,True,"First Hawaiian, Inc.",20166734000,17526476000,16444994000,2640258000,600019000
FHN,FHN.N,2019,True,First Horizon Corporation,43310900000,38234892000,32429535000,5076008000,4312390000
FISI,FISI.OQ,2019,True,Financial Institutions Inc,4384178000,3945231000,3555675000,438947000,314773000
FITB,FITB.OQ,2019,True,Fifth Third Bancorp,169369000000,148166000000,127062000000,21203000000,15699000000
FLG,FLG.N,2019,True,Flagstar Bank NA,53640821000,46929127000,31657132000,6711694000,14557593000
FLIC,FLIC.OQ^F25,2019,True,First of Long Island Corp,4097843000,3708735000,3144016000,389108000,528182000
FMAO,FMAO.OQ,2019,True,Farmers & Merchants Bancorp Inc,1607330000,1377072000,1288347000,230258000,72879000
FMBH,FMBH.O,2019,True,First Mid Bancshares Inc,3839426000,3312817000,2917366000,526609000,345862000
FMNB,FMNB.OQ,2019,True,Farmers National Banc Corp,2449158000,2149849000,2008964000,299309000,125397000
FNB,FNB.N,2019,False,FNB Corp,34615000000,29732000000,24786000000,4883000000,4556000000
FNLC,FNLC.OQ,2019,True,First Bancorp Inc,2068796000,1856288000,1650466000,212508000,184955000
FNWB,FNWB.OQ,2019,True,First Northwest Bancorp,1307336000,1130485000,1001645000,176851000,112930000
FRAF,FRAF.OQ,2019,True,Franklin Financial Services Corp,1269157000,1141629000,1125392000,127528000,
FRBA,FRBA.OQ,2019,True,FIRST BANK (Hamilton),2011587000,1785194000,1640867000,226393000,127440000
FRBKQ,FRBKQ.PK,2019,True,Republic First Bancorp Inc,3341290000,3092122000,2999163000,249168000,11265000
FRCB,FRCB.PK,2019,True,First Republic Bank,116263634000,106412527000,90133246000,9851107000,14275604000
FRME,FRME.OQ,2019,True,First Merchants Corporation,12457254000,10670817000,9839956000,1786437000,732703000
FRST,FRST.OQ,2019,True,Primis Financial Corp,2722170000,2344929000,2124718000,377241000,191206000
FSBC,FSBC.OQ,2019,True,Five Star Bancorp,1479859000,1370982000,1311750000,108877000,53253000
FSBW,FSBW.OQ,2019,True,FS Bancorp Inc,1713056000,1512814000,1392408000,200242000,94749000
FULT,FULT.OQ,2019,True,Fulton Financial Corporation,21886040000,19543864000,17393913000,2342176000,1765010000
FUNC,FUNC.OQ,2019,True,First United Corp,1442027000,1316087000,1142031000,125940000,149657000
FVCB,FVCB.O,2019,True,FVCBankcorp Inc,1537295000,1358217000,1285722000,179078000,49487000
GABC,GABC.OQ,2019,True,German American Bancorp Inc,4397672000,3823852000,3430021000,573820000,349686000
GBCI,GBCI.N,2019,True,Glacier Bancorp Inc,13683999000,11723266000,10776457000,1960733000,777169000
GNTY,GNTY.K^J25,2019,True,Guaranty Bancshares Inc,2318444000,2056893000,1956804000,261551000,77028000
GSBC,GSBC.OQ,2019,True,Great Southern Bancorp Inc,5015072000,4412006000,3960106000,603066000,412374000
HAFC,HAFC.OQ,2019,True,Hanmi Financial Corp,5538184000,4974917000,4698962000,563267000,208377000
HBAN,HBAN.OQ,2019,True,Huntington Bancshares Inc,109002000000,97207000000,82347000000,11795000000,12455000000
HBCP,HBCP.OQ,2019,True,Home Bancorp Inc,2200465000,1884136000,1820975000,316329000,46159000
HBNC,HBNC.OQ,2019,True,Horizon Bancorp Inc,5246829000,4590806000,3931002000,656023000,606052000
HBT,HBT.OQ,2019,True,HBT Financial Inc,3245103000,2912185000,2776855000,332918000,82016000
HFWA,HFWA.OQ,2019,True,Heritage Financial Corp,5552970000,4743659000,4582676000,809311000,40764000
HIFS,HIFS.OQ,2019,True,Hingham Institution For Savings,2590346000,2343123000,1828649000,247223000,505887000
HOMB,HOMB.N,2019,True,Home BancShares Inc,15032047000,12520516000,11278383000,2511531000,1139723000
HONE,HONE.OQ,2019,True,HarborOne Bancorp Inc,4058921000,3393127000,2942873000,665794000,388039000
HOPE,HOPE.OQ,2019,True,Hope Bancorp Inc,15667440000,13631429000,12527364000,2036011000,927493000
HTBK,HTBK.OQ,2019,True,Heritage Commerce Corp,4109463000,3532755000,3414768000,576708000,39882000
HTH,HTH.N,2019,True,Hilltop Holdings Inc.,15172448000,13043652000,9032214000,2128796000,1818608000
HWBK,HWBK.OQ,2019,True,Hawthorn Bancshares Inc,1492962000,1377924000,1186521000,115038000,173677000
HWC,HWC.OQ,2019,True,Hancock Whitney Corporation,30600757000,27133072000,23803575000,3467685000,2948334000
IBCP,IBCP.OQ,2019,True,Independent Bank Corp,3564694000,3214525000,3036727000,350169000,128102000
IBOC,IBOC.OQ,2019,True,International Bancshares Corp,12112894000,9994841000,8826034000,2118053000,997689000
INBK,INBK.O,2019,True,First Internet Bancorp,4100083000,3795170000,3153963000,304913000,694438000
INDB,INDB.OQ,2019,True,Independent Bank Corp (Massachusetts),11395165000,9687022000,9147367000,1708143000,303103000
ISTR,ISTR.OQ,2019,True,Investar Holding Corp,2148916000,1906940000,1707706000,241976000,183318000
JPM,JPM.N,2019,True,JPMorgan Chase & Co,2687379000000,2426049000000,1562431000000,261330000000,516093000000
KEY,KEY.N,2019,True,KeyCorp,144988000000,127950000000,111870000000,17038000000,13540000000
LARK,LARK.OQ,2019,True,Landmark Bancorp Inc,998465000,889858000,835048000,108607000,42199000
LCNB,LCNB.OQ,2019,True,LCNB Corp,1639308000,1411260000,1348280000,228048000,40994000
LKFN,LKFN.OQ,2019,True,Lakeland Financial Corp,4946745000,4348645000,4133819000,598100000,170000000
LOB,LOB.N,2019,True,"Live Oak Bancshares, Inc.",4812828000,4280442000,4226980000,532386000,14000
MBCN,MBCN.O,2019,True,Middlefield Banc Corp,1182475000,1044700000,1020843000,137775000,18270000
MBIN,MBIN.OQ,2019,True,Merchants Bancorp,6371928000,5718200000,5478075000,653728000,181439000
MBWM,MBWM.OQ,2019,True,Mercantile Bank Corp,3632915000,3216354000,2690384000,416561000,503556000
MCB,MCB.N,2019,True,Metropolitan Bank Holding Corp,3357572000,3058448000,2801470000,299124000,232193000
MCBS,MCBS.O,2019,True,Metrocity Bankshares Inc,1631858000,1415134000,1307377000,216724000,63129000
HMST,MCHB.O,2019,False,Mechanics Bancorp,6812435000,6132712000,5339959000,679723000,605753000
MFIN,MFIN.OQ,2019,True,Medallion Financial Corp,1541667000,1207199000,951651000,334468000,212837000
MNSB,MNSB.O,2019,True,"MainStreet Bancshares, Inc.",1277358000,1140324000,1071623000,137034000,54805000
MOFG,MOFG.OQ,2019,True,Midwestone Financial Group Inc (IOWA),4653573000,4144591000,3728655000,508982000,371009000
MPB,MPB.OQ,2019,True,Mid Penn Bancorp Inc,2231175000,1993301000,1912394000,237874000,59973000
MSBI,MSBI.OQ,2019,True,Midland States Bancorp Inc,6087017000,5425106000,4544254000,661911000,800281000
MTB,MTB.N,2019,True,M&T Bank Corporation,119872757000,104156108000,94770069000,15716649000,7048549000
MVBF,MVBF.O,2019,True,MVB Financial Corp,1944114000,1732178000,1265042000,211936000,237181000
MYFW,MYFW.OQ,2019,True,First Western Financial Inc,1251682000,1124004000,1086784000,127678000,16560000
NBHC,NBHC.N,2019,True,National Bank Holdings Corp,5895512000,5128592000,4737132000,766920000,264610000
NBTB,NBTB.OQ,2019,True,NBT Bancorp Inc.,9715925000,8595528000,7587820000,1120397000,820916000
NFBK,NFBK.OQ,2019,True,Northfield Bancorp Inc,5055302000,4359449000,3408233000,695853000,857004000
NIC,NIC,2019,True,Nicolet Bankshares Inc,3577260000,3060270000,2954453000,516990000,77690000
NKSH,NKSH.OQ,2019,True,National Bankshares Inc,1321837000,1138111000,1119753000,183726000,0
NRIM,NRIM.OQ,2019,True,Northrim BanCorp Inc,1643996000,1436879000,1372351000,207117000,19201000
NWBI,NWBI.OQ,2019,True,Northwest Bancshares Inc,10493908000,9140623000,8592007000,1353285000,368136000
NWFL,NWFL.OQ,2019,True,Norwood Financial Corp,1230610000,1093182000,957529000,137428000,118694000
OBK,OBK.N,2019,True,Origin Bancorp Inc,5324626000,4725364000,4228612000,599262000,427109000
OCFC,OCFC.OQ,2019,True,OceanFirst Financial Corp,8246145000,7093026000,6328777000,1153119000,687800000
ONB,ONB.OQ,2019,True,Old National Bancorp,20411667000,17559214000,14553397000,2852453000,2722545000
OPBK,OPBK.O,2019,True,OP Bancorp,1179520000,1038944000,1020711000,140576000,
OPOF,OPOF.O^I25,2019,True,Old Point Financial Corp,1054488000,944732000,889496000,109756000,50402000
ORRF,ORRF.OQ,2019,True,Orrstown Financial Services Inc,2383274000,2160025000,1875522000,223249000,249783000
OSBC,OSBC.OQ,2019,True,"Old Second Bancorp, Inc",2635545000,2357681000,2126749000,277864000,205870000
OVBC,OVBC.OQ,2019,True,Ohio Valley Banc Corp,1013272000,885093000,821471000,128179000,42491000
OVLY,OVLY.OQ,2019,True,Oak Valley Bancorp,1147785000,1035215000,1019929000,112570000,0
OZK,OZK.OQ,2019,True,Bank Ozk,23555728000,19402260000,18474259000,4153468000,706215000
PB,PB.N,2019,True,"Prosperity Bancshares, Inc.",32185708000,26214873000,24199732000,5970835000,1806828000
PCB,PCB.O,2019,True,PCB Bancorp,1746328000,1519494000,1479307000,226834000,20000000
PDLB,PDLB.OQ,2019,True,Ponce Financial Group Inc,1053756000,895354000,782043000,158402000,104404000
PEBK,PEBK.OQ,2019,True,Peoples Bancorp of North Carolina Inc,1154882000,1020762000,966517000,134120000,39840000
PEBO,PEBO.OQ,2019,True,Peoples Bancorp Inc,4354165000,3759772000,3291412000,594393000,400100000
PFBC,PFBC.OQ,2019,True,Preferred Bank,4628481000,4158466000,3983294000,470015000,99211000
PFIS,PFIS.OQ,2019,True,Peoples Financial Services Corp,2475327000,2176317000,1971489000,299010000,184883000
PFS,PFS.N,2019,True,Provident Financial Services Inc,9808578000,8394738000,7129413000,1413840000,1125146000
PGC,PGC.OQ,2019,True,Peapack-Gladstone Financial Corp,5182879000,4679227000,4243511000,503652000,324115000
PKBK,PKBK.OQ,2019,True,Parke Bancorp Inc,1681160000,1501736000,1339219000,179424000,148053000
PLBC,PLBC.OQ,2019,True,Plumas Bancorp,865191000,780686000,747324000,84505000,26323000
PNC,PNC.N,2019,True,"The PNC Financial Services Group, Inc.",410295000000,360952000000,288540000000,49343000000,60263000000
PPBI,PPBI.O^I25,2019,True,Pacific Premier Bancorp Inc,11776012000,9763418000,8898509000,2012594000,732171000
PRK,PRK.A,2019,True,Park National Corp,8558377000,7589363000,7052612000,969014000,438157000
PVBC,PVBC.OQ,2019,True,Provident Bancorp Inc (Maryland),1121788000,890855000,849905000,230933000,24998000
PWOD,PWOD.O^G25,2019,True,Penns Woods Bancorp Inc,1665323000,1510341000,1324005000,154982000,166840000
QCRH,QCRH.OQ,2019,True,QCR Holdings Inc,4909050000,4373699000,3911051000,535351000,278955000
RBB,RBB.OQ,2019,True,RBB Bancorp,2788535000,2380968000,2249061000,407567000,113722000
RBCAA,RBCAA.OQ,2019,True,Republic Bancorp Inc,5620319000,4856075000,3786008000,764244000,958857000
RF,RF.N,2019,True,Regions Financial Corporation,126240000000,109945000000,97475000000,16295000000,9929000000
RMBI,RMBI.OQ,2019,True,Richmond Mutual Bancorporation Inc,986042071,798254625,617218813,187787446,154545498
RNST,RNST.N,2019,True,Renasant Corp,13400618000,11274929000,10213168000,2125689000,865598000
RRBI,RRBI.O,2019,True,Red River Bancshares Inc,1988225000,1736327000,1721120000,251898000,0
SBCF,SBCF.OQ,2019,True,Seacoast Banking Corporation of Florida,7108511000,6122872000,5584753000,985639000,472206000
SBFG,SBFG.OQ,2019,True,SB Financial Group Inc,1038577000,902483000,840219000,136094000,39255000
SBNY,SBNY.PK,2019,True,Signature Bank,50591809000,45846611000,40383207000,4745198000,4748263000
SBSI,SBSI.N,2019,True,Southside Bancshares Inc,6748913000,5944333000,4702769000,804580000,1159928000
SFBS,SFBS.N,2019,True,ServisFirst Bancshares Inc,8947653000,8104971000,7530433000,842682000,535452000
SFNC,SFNC.OQ,2019,True,Simmons First National Corporation,21259143000,18270219000,16108940000,2988924000,1836004000
SFST,SFST.OQ,2019,True,Southern First Bancshares Inc,2267195000,2061335000,1876124000,205860000,145890000
SHBI,SHBI.OQ,2019,True,Shore Bancshares Inc,1559235000,1366433000,1341334000,192802000,16226000
SMBK,SMBK.K,2019,True,SmartFinancial Inc,2449123000,2136376000,2047214000,312747000,70884000
SPFI,SPFI.OQ,2019,True,South Plains Financial Inc,3237167000,2930985000,2696857000,306182000,205030000
SRCE,SRCE.OQ,2019,True,1st Source Corp,6622776000,5774140000,5357326000,848636000,276296000
SSB,SSB.N,2019,True,SouthState Bank Corp,15921092000,13548079000,12177096000,2373013000,1114677000
STBA,STBA.OQ,2019,True,S&T Bancorp Inc,8764649000,7572651000,7036576000,1191998000,416352000
SYBT,SYBT.OQ,2019,True,Stock Yards Bancorp Inc,3724197000,3317900000,3133938000,406297000,122735000
TBBK,TBBK.OQ,2019,False,Bancorp Inc,5656963000,5172466000,5052030000,484497000,54474000
TCBI,TCBI.OQ,2019,True,"Texas Capital Bancshares, Inc.",32548069000,29746748000,26478593000,2801321000,2937301000
TCBK,TCBK.OQ,2019,True,Trico Bancshares,6471181000,5564611000,5366994000,906570000,75686000
TFC,TFC.N,2019,True,Truist Financial Corporation,473078000000,406520000000,334727000000,66558000000,59557000000
TFIN,TFIN.N,2019,True,"Triumph Financial, Inc.",5060297000,4423707000,3789906000,636590000,558926000
THFF,THFF.OQ,2019,True,First Financial Corp,4023250000,3465642000,3275357000,557608000,111092000
TMP,TMP.A,2019,True,Tompkins Financial Corp,6725623000,6062569000,5212921000,663054000,735481000
TOWN,TOWN.OQ,2019,True,TowneBank,11947663000,10293969000,9270917000,1653694000,772536000
TRMK,TRMK.OQ,2019,True,Trustmark Corporation,13497877000,11837175000,11245557000,1660702000,403272000
TRST,TRST.OQ,2019,True,TrustCo Bank Corp NY,5221322000,4683065000,4450016000,538257000,148666000
UBFO,UBFO.OQ,2019,True,United Security Bancshares,956919000,840931000,818362000,115988000,10808000
UBSI,UBSI.OQ,2019,True,"United Bankshares, Inc.",19662324000,16298491000,13852421000,3363833000,2212683000
UCB,UCB.N,2019,True,United Community Banks Inc,12916016000,11280324000,10897244000,1635692000,212664000
UMBF,UMBF.OQ,2019,True,UMB Financial Corp,26561355000,23954915000,21603244000,2606440000,1993998000
UNB,UNB.OQ,2019,True,Union Bankshares Inc,872912000,801069000,744027000,71843000,47164000
UNTY,UNTY.OQ,2019,True,Unity Bancorp Inc,1718942000,1558233000,1250114000,160709000,293310000
USB,USB.N,2019,True,U.S. Bancorp,495426000000,442943000000,361916000000,52483000000,62548000000
UVSP,UVSP.OQ,2019,True,Univest Financial Corp,5380924000,4705802000,4360075000,675122000,321128000
VABK,VABK.OQ,2019,True,Virginia National Bankshares Corp,702627000,626520000,621211000,76107000,0
VBTX,VBTX.O,2019,True,Veritex Holdings Inc,7954937000,6764140000,5894350000,1190797000,825794000
VLY,VLY.OQ,2019,True,Valley National Bancorp,37436020000,33051832000,29185837000,4384188000,3273213000
WABC,WABC.OQ,2019,True,Westamerica Bancorp,5619555000,4888138000,4812621000,731417000,30928000
WAL,WAL.N,2019,True,Western Alliance Bancorp,26821948000,23805200000,22796493000,3016748000,410238000
WASH,WASH.OQ,2019,True,Washington Trust Bancorp Inc,5292659000,4789167000,3498882000,503492000,1164145000
WBS,WBS.N,2019,True,Webster Financial Corporation,30389344000,27181574000,23324746000,3207770000,3529271000
WFC,WFC.N,2019,True,Wells Fargo & Co,1927555000000,1739571000000,1322626000000,187984000000,332703000000
WNEB,WNEB.OQ,2019,True,Western New England Bancorp Inc,2181476000,1949452000,1677864000,232024000,240515000
WSBC,WSBC.OQ,2019,True,"Wesbanco, Inc.",15720112000,13126191000,11004006000,2593921000,1903446000
WSBF,WSBF.OQ,2019,True,Waterstone Financial Inc,1996347000,1602661000,1067776000,393686000,483562000
WSFS,WSFS.OQ,2019,True,WSFS Financial Corporation,12256302000,10406811000,9586857000,1849491000,489288000
WTBA,WTBA.OQ,2019,True,West Bancorporation Inc,2473691000,2261871000,2014756000,211820000,225388000
WTFC,WTFC.OQ,2019,True,Wintrust Financial Corp,36620583000,32929333000,30107138000,3691250000,1782705000
ZION,ZION.OQ,2019,True,"Zions Bancorporation, National Association",69172000000,61819000000,57085000000,7353000000,3776000000
ABCB,ABCB.N,2020,True,Ameris Bancorp,20438638000,17791550000,16957823000,2647088000,561141000
ACNB,ACNB.O,2020,True,ACNB Corp,2555362000,2297390000,2185525000,257972000,92209000
ALRS,ALRS.O,2020,True,Alerus Financial Corp,3013771000,2683608000,2571993000,330163000,58735000
AMTB,AMTB.N,2020,True,Amerant Bancorp Inc.,7770893000,6987472000,5731643000,783421000,1172755000
AROW,AROW.OQ,2020,True,Arrow Financial Corp,3688636000,3354244000,3234726000,334392000,87703000
ASB,ASB.N,2020,True,Associated Banc-Corp,33419783000,29328850000,26482481000,4090933000,2434505000
ATLO,ATLO.OQ,2020,True,Ames National Corp,1975647743,1766161317,1716446180,209486426,40293019
AUB,AUB.N,2020,True,Atlantic Union Bankshares Corporation,19628449000,16919959000,15722765000,2708490000,851338000
AUBN,AUBN.OQ,2020,True,Auburn National Bancorporation Inc,956597000,848907000,839792000,107690000,2392000
BAC,BAC.N,2020,True,Bank of America Corporation,2819627000000,2546703000000,1795480000000,272924000000,452578000000
BANC,BANC.N,2020,True,"Banc of California, Inc.",7877334000,6980127000,6085800000,897207000,801625000
BANF,BANF.OQ,2020,True,BancFirst Corp,9212357000,8144472000,8064704000,1067885000,27904000
BANR,BANR.OQ,2020,True,Banner Corp,15031623000,13365359000,12567296000,1666264000,549960000
BCBP,BCBP.OQ,2020,True,BCB Bancorp Inc,2821016000,2571805000,2318050000,249211000,228203000
BCML,BCML.OQ,2020,True,BayCom Corp,2195666000,1943075000,1838397000,252591000,76694000
BFC,BFC.OQ,2020,True,Bank First Corp,2718016000,2423159000,2320963000,294857000,77346000
BFIN,BFIN.OQ,2020,True,BankFinancial Corp,1596842000,1423912000,1402214000,172930000,4000000
BFST,BFST.OQ,2020,True,Business First Bancshares Inc,4160360000,3750397000,3616679000,409963000,105990000
BHB,BHB.A,2020,True,Bar Harbor Bankshares,3724275000,3317210000,2906215000,407065000,336023000
BHLB,BHLIP.PK^B11,2020,False,Beacon Financial Corporation,12838013000,11650240000,10215808000,1187773000,582020000
BKU,BKU.N,2020,True,"BankUnited, Inc.",35010493000,32027481000,27495816000,2983012000,4025494000
BMRC,BMRC.OQ,2020,True,Bank of Marin Bancorp,2911926000,2553673000,2504249000,358253000,2835000
BOH,BOH.N,2020,True,Bank of Hawaii Corporation,20603651000,19229144000,18211621000,1374507000,661071000
BOKF,BOKF.OQ,2020,True,BOK Financial Corp,46671088000,41379527000,36143880000,5291561000,3821361000
BRBS,BRBS.K,2020,True,Blue Ridge Bankshares Inc,1498258000,1390058000,945109000,108200000,421156000
BRKL,BRKL.O^I25,2020,True,Brookline Bancorp Inc,8942424000,8000646000,6916597000,941778000,820247000
BSRR,BSRR.OQ,2020,True,Sierra Bancorp,3220742000,2876846000,2624606000,343896000,217162000
BUSE,BUSE.OQ,2020,True,First Busey Corporation,10544047000,9273978000,8677849000,1270069000,478532000
BWB,BWB.OQ,2020,True,Bridgewater Bancshares Inc,2927345000,2661940000,2501636000,265405000,142239000
BWFG,BWFG.O,2020,True,Bankwell Financial Group Inc,2253747000,2077145000,1827316000,176602000,200258000
BY,BY,2020,True,Byline Bancorp Inc,6390652000,5585188000,4752031000,805464000,757694000
CAC,CAC.OQ,2020,True,Camden National Corp,4898745000,4369431000,4005244000,529314000,251698000
CADE,CADE.N,2020,True,Cadence Bank (Mississippi),18712567000,16591465000,16052245000,2121102000,422669000
CATY,CATY.OQ,2020,True,Cathay General Bancorp,19043134000,16624990000,16109401000,2418144000,292850000
CBAN,CBAN.N,2020,True,Colony Bankcorp Inc,1763974000,1619486000,1445027000,144488000,167081000
CBFV,CBFV.O,2020,True,CB Financial Services Inc,1416720000,1282190000,1224569000,134530000,49055000
CBNK,CBNK.OQ,2020,True,Capital Bancorp Inc,1876593000,1717282000,1652128000,159311000,36016000
CBSH,CBSH.OQ,2020,True,"Commerce Bancshares, Inc.",32922974000,29523002000,26946745000,3399972000,2099185000
CBU,CBU.N,2020,True,Community Financial System Inc,13931094000,11826987000,11224974000,2104107000,371289000
CCB,CCB.OQ,2020,True,Coastal Financial Corp (EVERETT),1766122000,1625905000,1421307000,140217000,192292000
CCBG,CCBG.OQ,2020,True,Capital City Bank Group Inc,3798071000,3455234000,3217560000,342837000,135598000
CCNE,CCNE.OQ,2020,True,CNB Financial Corp,4729399000,4313262000,4181744000,416137000,71170000
CFFI,CFFI.OQ,2020,True,C&F Financial Corp,2086310000,1891839000,1752173000,194471000,76169000
CFG,CFG.N,2020,True,Citizens Financial Group Inc,183349000000,160676000000,147164000000,22673000000,8589000000
CFR,CFR.N,2020,True,Cullen/Frost Bankers Inc,42391317000,38098301000,35015761000,4293016000,2352375000
CHCO,CHCO.OQ,2020,True,City Holding Co,5758640000,5057534000,4652216000,701106000,295956000
CHMG,CHMG.O,2020,True,Chemung Financial Corp,2279451000,2079752000,2037774000,199699000,3849000
CIVB,CIVB.OQ,2020,True,Civista Bancshares Inc,2768862000,2418754000,2189398000,350108000,183341000
CLBK,CLBK.O,2020,True,Columbia Financial Inc,8798536000,7787249000,6778624000,1011287000,799364000
CMA,CMA.N,2020,True,Comerica Inc,88129000000,80079000000,72869000000,8050000000,5728000000
CNOB,CNOB.OQ,2020,True,"ConnectOne Bancorp, Inc.",7547339000,6632029000,5959224000,915310000,628602000
COFS,COFS.OQ,2020,True,ChoiceOne Financial Services Inc,1919342000,1692074000,1674578000,227268000,12416000
COLB,COLB.OQ,2020,True,Columbia Banking System Inc,16584779000,14237172000,13869862000,2347607000,116365000
CPF,CPF.N,2020,True,Central Pacific Financial Corp,6594583000,6047850000,5796118000,546733000,127385000
CTBI,CTBI.OQ,2020,True,"Community Trust Bancorp, Inc.",5139141000,4484276000,4016082000,654865000,416039000
CUBI,CUBI.N,2020,True,"Customers Bancorp, Inc.",18439248000,17322162000,11309929000,1117086000,5820447000
CVBF,CVBF.OQ,2020,True,CVB Financial Corp,14419314000,12411324000,11736501000,2007990000,470180000
CWBC,CWBC.OQ,2020,True,Community West Bancshares,2004096000,1759075000,1722710000,245021000,5155000
CZNC,CZNC.OQ,2020,True,Citizens & Northern Corp,2239100000,1939344000,1820469000,299756000,91183000
DFS,DFS.N^E25,2020,True,Discover Financial Services,112889000000,102005000000,76904000000,10884000000,21241000000
EBC,EBC.OQ,2020,True,Eastern Bankshares Inc,15964190000,12536138000,12169209000,3428052000,14624000
EBMT,EBMT.OQ,2020,True,Eagle Bancorp Montana Inc,1257634000,1104696000,1033083000,152938000,46861000
EBTC,EBTC.OQ^G25,2020,True,Enterprise Bancorp Inc,4014324000,3679898000,3551263000,334426000,78518000
EFSC,EFSC.OQ,2020,True,Enterprise Financial Services Corp,9751571000,8672596000,7985389000,1078975000,554718000
EGBN,EGBN.OQ,2020,True,"Eagle Bancorp, Inc.",11117802000,9876910000,9189203000,1240892000,594803000
EQBK,EQBK.N,2020,True,Equity Bancshares Inc,4013356000,3605707000,3447590000,407649000,133857000
ESQ,ESQ.OQ,2020,True,Esquire Financial Holdings Inc,936714000,810638000,804054000,126076000,49000
EVBN,EVBN.K^E25,2020,True,Evans Bancorp Inc,2044115000,1875210000,1771409000,168905000,79663000
EWBC,EWBC.OQ,2020,True,"East West Bancorp, Inc.",52156913000,46887738000,44862752000,5269175000,1125360000
EXSR,EXSR.PK,2020,True,Exchange Bank,3139097000,2834179000,2778573000,304918000,5000000
FBIZ,FBIZ.OQ,2020,True,First Business Financial Services Inc,2567837000,2361675000,1855516000,206162000,429229000
FBK,FBK.N,2020,True,FB Financial Corporation,11207330000,9915948000,9458037000,1291382000,238324000
FBNC,FBNC.OQ,2020,True,First Bancorp (North Carolina),7289751000,6396330000,6273596000,893421000,61829000
FCBC,FCBC.OQ,2020,True,First Community Bankshares Inc,3011136000,2584406000,2546247000,426730000,964000
FCCO,FCCO.OQ,2020,True,First Community Corp (South Carolina),1395382000,1259045000,1189413000,136337000,55878000
FCF,FCF.N,2020,True,First Commonwealth Financial Corp,9068104000,7999487000,7438666000,1068617000,350628000
FCNCA,FCNCA.OQ,2020,True,"First Citizens BancShares, Inc. (Delaware)",49957680000,45728412000,43431609000,4229268000,1889650000
FDBC,FDBC.O,2020,True,Fidelity D&D Bancorp Inc,1699510000,1532840000,1509505000,166670000,5291000
FFBC,FFBC.OQ,2020,True,First Financial Bancorp.,15973134000,13691064000,12232003000,2282070000,942796000
FFIC,FFIC.OQ,2020,True,Flushing Financial Corp,7976394000,7357397000,6090733000,618997000,1020895000
FFIN,FFIN.OQ,2020,True,First Financial Bankshares Inc,10904500000,9226310000,8675817000,1678190000,430093000
FFWM,FFWM.N,2020,True,First Foundation Inc,6957160000,6261449000,5913433000,695711000,269000000
FGBI,FGBI.O,2020,True,First Guaranty Bancshares Inc,2473078000,2294487000,2166318000,178591000,116630000
FHB,FHB.OQ,2020,True,"First Hawaiian, Inc.",22662831000,19918727000,19227723000,2744104000,200010000
FHN,FHN.N,2020,True,First Horizon Corporation,84209000000,75902000000,69982000000,8307000000,3872000000
FISI,FISI.OQ,2020,True,Financial Institutions Inc,4912306000,4443943000,4278367000,468363000,78923000
FITB,FITB.OQ,2020,True,Fifth Third Bancorp,204680000000,181569000000,159081000000,23111000000,15991000000
FLG,FLG.N,2020,True,Flagstar Bank NA,56306120000,49464476000,32436813000,6841644000,16083544000
FLIC,FLIC.OQ^F25,2020,True,First of Long Island Corp,4069141000,3662023000,3321588000,407118000,306097000
FMAO,FMAO.OQ,2020,True,Farmers & Merchants Bancorp Inc,1909544000,1660384000,1596162000,249160000,48100000
FMBH,FMBH.O,2020,True,First Mid Bancshares Inc,4726348000,4158120000,3692784000,568228000,414186000
FMNB,FMNB.OQ,2020,True,Farmers National Banc Corp,3071148000,2721051000,2610878000,350097000,78906000
FNB,FNB.N,2020,False,FNB Corp,37354000000,32395000000,29122000000,4959000000,2899000000
FNLC,FNLC.OQ,2020,True,First Bancorp Inc,2361236000,2137510000,1844611000,223726000,262038000
FNWB,FNWB.OQ,2020,True,First Northwest Bancorp,1654349000,1467966000,1333517000,186383000,109977000
FRAF,FRAF.OQ,2020,True,Franklin Financial Services Corp,1535038000,1389862000,1354573000,145176000,19555000
FRBA,FRBA.OQ,2020,True,FIRST BANK (Hamilton),2346270000,2108162000,1903617000,238108000,190643000
FRBKQ,FRBKQ.PK,2020,True,Republic First Bancorp Inc,5065735000,4757622000,4013751000,308113000,645155000
FRCB,FRCB.PK,2020,True,First Republic Bank,142502134000,130751488000,114928800000,11750646000,13529458000
FRME,FRME.OQ,2020,True,First Merchants Corporation,14067210000,12191565000,11361610000,1875645000,684912000
FRST,FRST.OQ,2020,True,Primis Financial Corp,3088673000,2698119000,2432606000,390554000,231394000
FSBC,FSBC.OQ,2020,True,Five Star Bancorp,1953765000,1819990000,1784001000,133775000,28320000
FSBW,FSBW.OQ,2020,True,FS Bancorp Inc,2113241000,1883234000,1674071000,230007000,175809000
FULT,FULT.OQ,2020,True,Fulton Financial Corporation,25906733000,23289905000,20839207000,2616828000,1926329000
FUNC,FUNC.OQ,2020,True,First United Corp,1733414000,1602367000,1422366000,131047000,155089000
FVCB,FVCB.O,2020,True,FVCBankcorp Inc,1821481000,1631981000,1532493000,189500000,69085000
GABC,GABC.OQ,2020,True,German American Bancorp Inc,4977577000,4352868000,4106530000,624709000,194529000
GBCI,GBCI.N,2020,True,Glacier Bancorp Inc,18504206000,16197165000,14797529000,2307041000,1177610000
GNTY,GNTY.K^J25,2020,True,Guaranty Bancshares Inc,2740832000,2468189000,2286390000,272643000,156542000
GSBC,GSBC.OQ,2020,True,Great Southern Bancorp Inc,5526420000,4896679000,4516903000,629741000,339863000
HAFC,HAFC.OQ,2020,True,Hanmi Financial Corp,6201888000,5624844000,5275008000,577044000,268972000
HBAN,HBAN.OQ,2020,True,Huntington Bancshares Inc,123038000000,110045000000,98948000000,12993000000,8535000000
HBCP,HBCP.OQ,2020,True,Home Bancorp Inc,2591850000,2270008000,2213821000,321842000,34363000
HBNC,HBNC.OQ,2020,True,Horizon Bancorp Inc,5886614000,5194398000,4531133000,692216000,590151000
HBT,HBT.OQ,2020,True,HBT Financial Inc,3666567000,3302650000,3130534000,363917000,122622000
HFWA,HFWA.OQ,2020,True,Heritage Financial Corp,6615318000,5794879000,5597990000,820439000,56570000
HIFS,HIFS.OQ,2020,True,Hingham Institution For Savings,2857093000,2564150000,2147967000,292943000,408031000
HOMB,HOMB.N,2020,True,Home BancShares Inc,16398804000,13793046000,12725790000,2605758000,939257000
HONE,HONE.OQ,2020,True,HarborOne Bancorp Inc,4483615000,3787301000,3506209000,696314000,183130000
HOPE,HOPE.OQ,2020,True,Hope Bancorp Inc,17106664000,15052919000,14333912000,2053745000,558743000
HTBK,HTBK.OQ,2020,True,Heritage Commerce Corp,4634114000,4056225000,3914486000,577889000,39740000
HTH,HTH.N,2020,True,Hilltop Holdings Inc.,16944264000,14593617000,11242319000,2350647000,1229445000
HWBK,HWBK.OQ,2020,True,Hawthorn Bancshares Inc,1733731000,1603142000,1383606000,130589000,201314000
HWC,HWC.OQ,2020,True,Hancock Whitney Corporation,33638602000,30199577000,27697877000,3439025000,2045835000
IBCP,IBCP.OQ,2020,True,Independent Bank Corp,4204013000,3814491000,3637355000,389522000,108817000
IBOC,IBOC.OQ,2020,True,International Bancshares Corp,14029467000,11851469000,10721860000,2177998000,999117000
INBK,INBK.O,2020,True,First Internet Bancorp,4246156000,3915212000,3270885000,330944000,594519000
INDB,INDB.OQ,2020,True,Independent Bank Corp (Massachusetts),13204301000,11501616000,10993170000,1702685000,181060000
ISTR,ISTR.OQ,2020,True,Investar Holding Corp,2321181000,2077897000,1887824000,243284000,174999000
JMSB,JMSB.O,2020,True,John Marshall Bancorp Inc,1885496000,1699415000,1640120000,186081000,46679000
JPM,JPM.N,2020,True,JPMorgan Chase & Co,3384757000000,3105403000000,2144257000000,279354000000,542102000000
KEY,KEY.N,2020,True,KeyCorp,170336000000,152355000000,135282000000,17981000000,14688000000
LARK,LARK.OQ,2020,True,Landmark Bancorp Inc,1188027000,1061355000,1016027000,126672000,28022000
LCNB,LCNB.OQ,2020,True,LCNB Corp,1745884000,1505059000,1455423000,240825000,22000000
LKFN,LKFN.OQ,2020,True,Lakeland Financial Corp,5830435000,5173251000,5036805000,657184000,85500000
LOB,LOB.N,2020,True,"Live Oak Bancshares, Inc.",7872303000,7304453000,5712828000,567850000,1542093000
MBCN,MBCN.O,2020,True,Middlefield Banc Corp,1391979000,1248169000,1225200000,143810000,17038000
MBIN,MBIN.OQ,2020,True,Merchants Bancorp,9645375000,8834754000,7408066000,810621000,1348256000
MBWM,MBWM.OQ,2020,True,Mercantile Bank Corp,4437344000,3995790000,3411553000,441554000,559928000
MCB,MCB.N,2020,True,Metropolitan Bank Holding Corp,4330821000,3990034000,3845436000,340787000,82241000
MCBS,MCBS.O,2020,True,Metrocity Bankshares Inc,1897489000,1652658000,1479889000,244831000,110483000
HMST,MCHB.O,2020,False,Mechanics Bancorp,7237091000,6519341000,5821559000,717750000,449735000
MFIN,MFIN.OQ,2020,True,Medallion Financial Corp,1642411000,1337850000,1065398000,304561000,241052000
MNSB,MNSB.O,2020,True,"MainStreet Bancshares, Inc.",1643165000,1475500000,1438246000,167665000,14834000
MOFG,MOFG.OQ,2020,True,Midwestone Financial Group Inc (IOWA),5556648000,5041398000,4547049000,515250000,439480000
MPB,MPB.OQ,2020,True,Mid Penn Bancorp Inc,2998948000,2743260000,2474580000,255688000,245312000
MSBI,MSBI.OQ,2020,True,Midland States Bancorp Inc,6868540000,6247149000,5101016000,621391000,1066737000
MTB,MTB.N,2020,True,M&T Bank Corporation,142601105000,126413822000,119805738000,16187283000,4441675000
MVBF,MVBF.O,2020,True,MVB Financial Corp,2331476000,2091993000,1982389000,239483000,53849000
MYFW,MYFW.OQ,2020,True,First Western Financial Inc,1973655000,1818693000,1619910000,154962000,173854000
NBHC,NBHC.N,2020,True,National Bank Holdings Corp,6659950000,5839259000,5676232000,820691000,22897000
NBTB,NBTB.OQ,2020,True,NBT Bancorp Inc.,10932906000,9745288000,9081692000,1187618000,406731000
NFBK,NFBK.OQ,2020,True,Northfield Bancorp Inc,5514544000,4760563000,4076551000,753981000,591789000
NIC,NIC,2020,True,Nicolet Bankshares Inc,4551789000,4012600000,3910399000,539189000,57869000
NKSH,NKSH.OQ,2020,True,National Bankshares Inc,1519673000,1319066000,1297143000,200607000,0
NRIM,NRIM.OQ,2020,True,Northrim BanCorp Inc,2121798000,1900223000,1824981000,221575000,25127000
NWBI,NWBI.OQ,2020,True,Northwest Bancshares Inc,13806268000,12267565000,11599233000,1538703000,411838000
NWFL,NWFL.OQ,2020,True,Norwood Financial Corp,1851864000,1657079000,1535385000,194785000,105762000
OBK,OBK.N,2020,True,Origin Bancorp Inc,7628268000,6981118000,5751315000,647150000,1144937000
OCFC,OCFC.OQ,2020,True,OceanFirst Financial Corp,11448313000,9964183000,9427616000,1484130000,363925000
ONB,ONB.OQ,2020,True,Old National Bancorp,22960622000,19987966000,17037453000,2972656000,2684279000
OPBK,OPBK.O,2020,True,OP Bancorp,1366826000,1223460000,1200090000,143366000,5000000
OPOF,OPOF.O^I25,2020,True,Old Point Financial Corp,1226191000,1109046000,1067236000,117145000,36519000
ORRF,ORRF.OQ,2020,True,Orrstown Financial Services Inc,2750572000,2504323000,2356880000,246249000,109414000
OSBC,OSBC.OQ,2020,True,"Old Second Bancorp, Inc",3040837000,2733750000,2537073000,307087000,231501000
OVBC,OVBC.OQ,2020,True,Ohio Valley Banc Corp,1186932000,1050608000,993739000,136324000,36363000
OVLY,OVLY.OQ,2020,True,Oak Valley Bancorp,1511478000,1381784000,1367809000,129694000,0
OZK,OZK.OQ,2020,True,Bank Ozk,27162596000,22887240000,21450356000,4275356000,1103463000
PB,PB.N,2020,True,"Prosperity Bancshares, Inc.",34059275000,27928606000,27360492000,6130669000,389583000
PCB,PCB.O,2020,True,PCB Bancorp,1922853000,1689065000,1594851000,233788000,80000000
PDLB,PDLB.OQ,2020,True,Ponce Financial Group Inc,1355231000,1195687000,1029579000,159544000,147216000
PEBK,PEBK.OQ,2020,True,Peoples Bancorp of North Carolina Inc,1416175000,1276276000,1221086000,139899000,41665000
PEBO,PEBO.OQ,2020,True,Peoples Bancorp Inc,4760764000,4185091000,3910459000,575673000,183829000
PFBC,PFBC.OQ,2020,True,Preferred Bank,5143641000,4618194000,4442480000,525447000,99334000
PFIS,PFIS.OQ,2020,True,Peoples Financial Services Corp,2883802000,2566925000,2437113000,316877000,97769000
PFS,PFS.N,2020,True,Provident Financial Services Inc,12919741000,11299944000,9872127000,1619797000,1201107000
PGC,PGC.OQ,2020,True,Peapack-Gladstone Financial Corp,5890442000,5363320000,4818484000,527122000,380633000
PKBK,PKBK.OQ,2020,True,Parke Bancorp Inc,2078322000,1875725000,1592443000,202597000,267218000
PLBC,PLBC.OQ,2020,True,Plumas Bancorp,1111576000,1011422000,973974000,100154000,29188000
PNC,PNC.N,2020,True,"The PNC Financial Services Group, Inc.",466679000000,412638000000,365345000000,54041000000,37195000000
PPBI,PPBI.O^I25,2020,True,Pacific Premier Bancorp Inc,19736544000,16989895000,16214177000,2746649000,532511000
PRK,PRK.A,2020,True,Park National Corp,9279021000,8238765000,7572358000,1040256000,562504000
PVBC,PVBC.OQ,2020,True,Provident Bancorp Inc (Maryland),1505781000,1269925000,1237428000,235856000,13500000
PWOD,PWOD.O^G25,2020,True,Penns Woods Bancorp Inc,1834643000,1670497000,1494443000,164146000,158719000
QCRH,QCRH.OQ,2020,True,QCR Holdings Inc,5705043000,5111250000,4599137000,593793000,177114000
RBB,RBB.OQ,2020,True,RBB Bancorp,3350072000,2921584000,2635128000,428488000,268674000
RBCAA,RBCAA.OQ,2020,True,Republic Bancorp Inc,6168325000,5345002000,4733181000,823323000,487266000
RF,RF.N,2020,True,Regions Financial Corporation,147389000000,129278000000,122479000000,18111000000,3569000000
RMBI,RMBI.OQ,2020,True,Richmond Mutual Bancorporation Inc,1084192657,891479949,693045395,192712708,170492524
RNST,RNST.N,2020,True,Renasant Corp,14929612000,12796879000,12059081000,2132733000,496310000
RRBI,RRBI.O,2020,True,Red River Bancshares Inc,2642634000,2357156000,2340360000,285478000,0
SBCF,SBCF.OQ,2020,True,Seacoast Banking Corporation of Florida,8342392000,7211990000,6932561000,1130402000,190974000
SBFG,SBFG.OQ,2020,True,SB Financial Group Inc,1257839000,1114916000,1049011000,142923000,38499000
SBNY,SBNY.PK,2020,True,Signature Bank,73888344000,68061435000,63315323000,5826909000,3817833000
SBSI,SBSI.N,2020,True,Southside Bancshares Inc,7008227000,6132930000,4932322000,875297000,1113205000
SFBS,SFBS.N,2020,True,ServisFirst Bancshares Inc,11932654000,10939802000,9975724000,992852000,916293000
SFNC,SFNC.OQ,2020,True,Simmons First National Corporation,22359752000,19383096000,16987026000,2976656000,2024052000
SFST,SFST.OQ,2020,True,Southern First Bancshares Inc,2482587000,2254293000,2142758000,228294000,60998000
SHBI,SHBI.OQ,2020,True,Shore Bancshares Inc,1933315000,1738296000,1700705000,195019000,25479000
SMBK,SMBK.K,2020,True,SmartFinancial Inc,3304949000,2947781000,2805215000,357168000,120545000
SPFI,SPFI.OQ,2020,True,South Plains Financial Inc,3599160000,3229112000,2974351000,370048000,223532000
SRCE,SRCE.OQ,2020,True,1st Source Corp,7316411000,6385741000,5946028000,930670000,291269000
SSB,SSB.N,2020,True,SouthState Bank Corp,37789873000,33141993000,30693882000,4647880000,1169845000
STBA,STBA.OQ,2020,True,S&T Bancorp Inc,8967897000,7813186000,7420538000,1154711000,227927000
SYBT,SYBT.OQ,2020,True,Stock Yards Bancorp Inc,4608629000,4167928000,3988634000,440701000,91082000
TBBK,TBBK.OQ,2020,False,Bancorp Inc,6276841000,5695677000,5462060000,581164000,152034000
TCBI,TCBI.OQ,2020,True,"Texas Capital Bancshares, Inc.",37726096000,34854872000,30996589000,2871224000,3507647000
TCBK,TCBK.OQ,2020,True,Trico Bancshares,7639529000,6714415000,6505934000,925114000,84549000
TFC,TFC.N,2020,True,Truist Financial Corporation,509228000000,438316000000,381077000000,70912000000,45689000000
TFIN,TFIN.N,2020,True,"Triumph Financial, Inc.",5935791000,5209010000,4716600000,726781000,427540000
THFF,THFF.OQ,2020,True,First Financial Corp,4557544000,3960552000,3755945000,596992000,121920000
TMP,TMP.A,2020,True,Tompkins Financial Corp,7622171000,6904482000,6437752000,717689000,344065000
TOWN,TOWN.OQ,2020,True,TowneBank,14626444000,12842616000,11573166000,1783828000,955731000
TRMK,TRMK.OQ,2020,True,Trustmark Corporation,16551840000,14810723000,14048764000,1741117000,517548000
TRST,TRST.OQ,2020,True,TrustCo Bank Corp NY,5901796000,5333635000,5037193000,568161000,214755000
UBFO,UBFO.OQ,2020,True,United Security Bancshares,1092654000,974847000,952651000,117807000,10924000
UBSI,UBSI.OQ,2020,True,"United Bankshares, Inc.",26184247000,21886627000,20585160000,4297620000,1557734000
UCB,UCB.N,2020,True,United Community Banks Inc,17794374000,15786844000,15232358000,2007530000,326956000
UMBF,UMBF.OQ,2020,True,UMB Financial Corp,33127504000,30110556000,27051251000,3016948000,2585092000
UNB,UNB.OQ,2020,True,Union Bankshares Inc,1093554000,1012687000,994302000,80867000,7164000
UNTY,UNTY.OQ,2020,True,Unity Bancorp Inc,1958914000,1785003000,1557959000,173911000,210310000
USB,USB.N,2020,True,U.S. Bancorp,553905000000,500180000000,429770000000,53725000000,51829000000
UVSP,UVSP.OQ,2020,True,Univest Financial Corp,6336496000,5644024000,5242715000,692472000,319709000
VABK,VABK.OQ,2020,True,Virginia National Bankshares Corp,848410000,765812000,730764000,82598000,30000000
VBTX,VBTX.O,2020,True,Veritex Holdings Inc,8820871000,7617495000,6512846000,1203376000,1042721000
VLY,VLY.OQ,2020,True,Valley National Bancorp,40686076000,36093956000,31935602000,4592120000,3501115000
WABC,WABC.OQ,2020,True,Westamerica Bancorp,6747931000,5903122000,5687979000,844809000,102545000
WAL,WAL.N,2020,True,Western Alliance Bancorp,36461000000,33047500000,31930500000,3413500000,569700000
WASH,WASH.OQ,2020,True,Washington Trust Bancorp Inc,5713169000,5178974000,4378353000,534195000,616540000
WBS,WBS.N,2020,True,Webster Financial Corporation,32590690000,29356065000,27335436000,3234625000,1696182000
WFC,WFC.N,2020,True,Wells Fargo & Co,1952911000000,1767199000000,1404381000000,185712000000,271949000000
WNEB,WNEB.OQ,2020,True,Western New England Bancorp Inc,2365886000,2139246000,2038130000,226640000,57850000
WSBC,WSBC.OQ,2020,True,"Wesbanco, Inc.",16425610000,13668873000,12429373000,2756737000,988444000
WSBF,WSBF.OQ,2020,True,Waterstone Financial Inc,2184587000,1771469000,1184870000,413118000,508074000
WSFS,WSFS.OQ,2020,True,WSFS Financial Corporation,14333914000,12544434000,11856664000,1789480000,340641000
WTBA,WTBA.OQ,2020,True,West Bancorporation Inc,3185744000,2962049000,2700994000,223695000,222385000
WTFC,WTFC.OQ,2020,True,Wintrust Financial Corp,45080768000,40964773000,37092651000,4115995000,2437429000
ZION,ZION.OQ,2020,True,"Zions Bancorporation, National Association",81479000000,73593000000,69653000000,7886000000,2908000000
ABCB,ABCB.N,2021,True,Ameris Bancorp,23858321000,20891870000,19665553000,2966451000,872052000
ACNB,ACNB.O,2021,True,ACNB Corp,2786987000,2514873000,2426389000,272114000,69902000
ALRS,ALRS.O,2021,True,Alerus Financial Corp,3392691000,3033288000,2920551000,359403000,58933000
AMTB,AMTB.N,2021,True,Amerant Bancorp Inc.,7638399000,6806526000,5630871000,831873000,932649000
AROW,AROW.OQ,2021,True,Arrow Financial Corp,4027952000,3656766000,3550497000,371186000,70169000
ASB,ASB.N,2021,True,Associated Banc-Corp,35104253000,31079400000,28466430000,4024853000,2224633000
ATLO,ATLO.OQ,2021,True,Ames National Corp,2137041000,1929263000,1878019000,207778000,42851000
AUB,AUB.N,2021,True,Atlantic Union Bankshares Corporation,20064796000,17354725000,16611068000,2710071000,516071000
AUBN,AUBN.OQ,2021,True,Auburn National Bancorporation Inc,1105150000,1001424000,994243000,103726000,3448000
BAC,BAC.N,2021,True,Bank of America Corporation,3169495000000,2899429000000,2064446000000,270066000000,496199000000
BANC,BANC.N,2021,True,"Banc of California, Inc.",9393743000,8328453000,7439435000,1065290000,780032000
BANF,BANF.OQ,2021,True,BancFirst Corp,9405612000,8233878000,8091914000,1171734000,85987000
BANR,BANR.OQ,2021,True,Banner Corp,16804872000,15114545000,14326933000,1690327000,532869000
BCBP,BCBP.OQ,2021,True,BCB Bancorp Inc,2967528000,2693504000,2561402000,274024000,108986000
BCML,BCML.OQ,2021,True,BayCom Corp,2350697000,2088090000,1985239000,262607000,71945000
BFC,BFC.OQ,2021,True,Bank First Corp,2937552000,2614899000,2528440000,322653000,66633000
BFIN,BFIN.OQ,2021,True,BankFinancial Corp,1700682000,1543216000,1496424000,157466000,24590000
BFST,BFST.OQ,2021,True,Business First Bancshares Inc,4726378000,4293010000,4077283000,433368000,187590000
BHB,BHB.A,2021,True,Bar Harbor Bankshares,3709233000,3285086000,3048544000,424147000,178524000
BHLB,BHLIP.PK^B11,2021,False,Beacon Financial Corporation,11554913000,10372478000,10068953000,1182435000,120706000
BKU,BKU.N,2021,True,"BankUnited, Inc.",35815396000,32777635000,29438102000,3037761000,2825416000
BMRC,BMRC.OQ,2021,True,Bank of Marin Bancorp,4314209000,3863841000,3808550000,450368000,419000
BOH,BOH.N,2021,True,Bank of Hawaii Corporation,22784941000,21173330000,20360108000,1611611000,460881000
BOKF,BOKF.OQ,2021,True,BOK Financial Corp,50249431000,44881060000,41242059000,5368371000,2494428000
BRBS,BRBS.K,2021,True,Blue Ridge Bankshares Inc,2665139000,2388000000,2297771000,277139000,67998000
BRKL,BRKL.O^I25,2021,True,Brookline Bancorp Inc,8602622000,7607280000,7056202000,995342000,357321000
BSRR,BSRR.OQ,2021,True,Sierra Bancorp,3371014000,3008520000,2781572000,362494000,191380000
BUSE,BUSE.OQ,2021,True,First Busey Corporation,12859689000,11540577000,10768577000,1319112000,628225000
BWB,BWB.OQ,2021,True,Bridgewater Bancshares Inc,3477659000,3098387000,2946237000,379272000,134739000
BWFG,BWFG.O,2021,True,Bankwell Financial Group Inc,2456264000,2254277000,2123998000,201987000,84441000
BY,BY,2021,True,Byline Bancorp Inc,6696172000,5859790000,5155047000,836382000,630146000
CAC,CAC.OQ,2021,True,Camden National Corp,5500356000,4959062000,4608889000,541294000,260715000
CATY,CATY.OQ,2021,True,Cathay General Bancorp,20886723000,18440472000,18058842000,2446251000,162281000
CBAN,CBAN.N,2021,True,Colony Bankcorp Inc,2691715000,2474008000,2374608000,217707000,88448000
CBFV,CBFV.O,2021,True,CB Financial Services Inc,1425479000,1292355000,1226613000,133124000,56867000
CBNK,CBNK.OQ,2021,True,Capital Bancorp Inc,2055300000,1857397000,1797137000,197903000,34062000
CBSH,CBSH.OQ,2021,True,"Commerce Bancshares, Inc.",36689088000,33240764000,29813073000,3448324000,3035527000
CBU,CBU.N,2021,True,Community Financial System Inc,15552657000,13451850000,12911168000,2100807000,329885000
CCB,CCB.OQ,2021,True,Coastal Financial Corp (EVERETT),2635517000,2434295000,2363787000,201222000,52873000
CCBG,CCBG.OQ,2021,True,Capital City Bank Group Inc,4263849000,3868925000,3712862000,394924000,88328000
CCNE,CCNE.OQ,2021,True,CNB Financial Corp,5328939000,4886092000,4715619000,442847000,104750000
CFFI,CFFI.OQ,2021,True,C&F Financial Corp,2264521000,2053497000,1914614000,211024000,90461000
CFG,CFG.N,2021,True,Citizens Financial Group Inc,188409000000,164989000000,154361000000,23420000000,7006000000
CFR,CFR.N,2021,True,Cullen/Frost Bankers Inc,50878490000,46438935000,42695696000,4439555000,2988913000
CHCO,CHCO.OQ,2021,True,City Holding Co,6003695000,5322590000,4925336000,681105000,312458000
CHMG,CHMG.O,2021,True,Chemung Financial Corp,2418475000,2207020000,2155433000,211455000,18164000
CIVB,CIVB.OQ,2021,True,Civista Bancshares Inc,3012905000,2657693000,2416701000,355212000,204230000
CLBK,CLBK.O,2021,True,Columbia Financial Inc,9224097000,8145016000,7570216000,1079081000,377309000
CMA,CMA.N,2021,True,Comerica Inc,94616000000,86719000000,82339000000,7897000000,2796000000
CNOB,CNOB.OQ,2021,True,"ConnectOne Bancorp, Inc.",8129480000,7005268000,6332953000,1124212000,621144000
COFS,COFS.OQ,2021,True,ChoiceOne Financial Services Inc,2366682000,2145013000,2052294000,221669000,85017000
COLB,COLB.OQ,2021,True,Columbia Banking System Inc,20945333000,18356591000,18010115000,2588742000,113682000
CPF,CPF.N,2021,True,Central Pacific Financial Corp,7419089000,6860822000,6639158000,558267000,105616000
CTBI,CTBI.OQ,2021,True,"Community Trust Bancorp, Inc.",5418257000,4720055000,4344292000,698202000,331226000
CUBI,CUBI.N,2021,True,"Customers Bancorp, Inc.",19575028000,18208811000,16777924000,1366217000,1179759000
CVBF,CVBF.OQ,2021,True,CVB Financial Corp,15883697000,13802194000,12976442000,2081503000,644669000
CWBC,CWBC.OQ,2021,True,Community West Bancshares,2450139000,2202294000,2122797000,247845000,39454000
CZNC,CZNC.OQ,2021,True,Citizens & Northern Corp,2327648000,2026243000,1925060000,301405000,77555000
DFS,DFS.N^E25,2021,True,Discover Financial Services,110242000000,96834000000,72393000000,13408000000,20227000000
EBC,EBC.OQ,2021,True,Eastern Bankshares Inc,23512128000,20105776000,19648569000,3406352000,14020000
EBMT,EBMT.OQ,2021,True,Eagle Bancorp Montana Inc,1435926000,1279197000,1222549000,156729000,34869000
EBTC,EBTC.OQ^G25,2021,True,Enterprise Bancorp Inc,4447819000,4100924000,3980239000,346895000,64458000
EFSC,EFSC.OQ,2021,True,Enterprise Financial Services Corp,13537358000,12008242000,11343799000,1529116000,558762000
EGBN,EGBN.OQ,2021,True,"Eagle Bancorp, Inc.",11847310000,10496535000,9981540000,1350775000,393588000
EQBK,EQBK.N,2021,True,Equity Bancshares Inc,5137631000,4637000000,4420004000,500631000,151891000
ESQ,ESQ.OQ,2021,True,Esquire Financial Holdings Inc,1178770000,1035083000,1028409000,143735000,48000
EVBN,EVBN.K^E25,2021,True,Evans Bancorp Inc,2210640000,2026748000,1937037000,183892000,67965000
EWBC,EWBC.OQ,2021,True,"East West Bancorp, Inc.",60870701000,55033483000,53350532000,5837218000,701328000
EXSR,EXSR.PK,2021,True,Exchange Bank,3536751000,3217549000,3179118000,319202000,0
FBIZ,FBIZ.OQ,2021,True,First Business Financial Services Inc,2652905000,2420483000,1957923000,232422000,413527000
FBK,FBK.N,2021,True,FB Financial Corporation,12597686000,11164991000,10836897000,1432695000,171778000
FBNC,FBNC.OQ,2021,True,First Bancorp (North Carolina),10508901000,9278326000,9124629000,1230575000,67386000
FCBC,FCBC.OQ,2021,True,First Community Bankshares Inc,3194519000,2766744000,2729391000,427775000,1536000
FCCO,FCCO.OQ,2021,True,First Community Corp (South Carolina),1584508000,1443510000,1361291000,140998000,69180000
FCF,FCF.N,2021,True,First Commonwealth Financial Corp,9545093000,8435721000,7982498000,1109372000,320584000
FCNCA,FCNCA.OQ,2021,True,"First Citizens BancShares, Inc. (Delaware)",58308140000,53570899000,51406094000,4737241000,1783479000
FDBC,FDBC.O,2021,True,Fidelity D&D Bancorp Inc,2419104000,2207375000,2169865000,211729000,11940000
FFBC,FFBC.OQ,2021,True,First Financial Bancorp.,16329141000,14070199000,12871954000,2258942000,706035000
FFIC,FFIC.OQ,2021,True,Flushing Financial Corp,8045911000,7366283000,6333532000,679628000,815544000
FFIN,FFIN.OQ,2021,True,First Financial Bankshares Inc,13102461000,11343237000,10566488000,1759224000,671152000
FFWM,FFWM.N,2021,True,First Foundation Inc,10196204000,9132153000,8811960000,1064051000,210127000
FGBI,FGBI.O,2021,True,First Guaranty Bancshares Inc,2878120000,2654231000,2596492000,223889000,49635000
FHB,FHB.OQ,2021,True,"First Hawaiian, Inc.",24992410000,22335498000,21816146000,2656912000,0
FHN,FHN.N,2021,True,First Horizon Corporation,89092000000,80598000000,74895000000,8494000000,3718000000
FISI,FISI.OQ,2021,True,Financial Institutions Inc,5520779000,5015637000,4827090000,505142000,103911000
FITB,FITB.OQ,2021,True,Fifth Third Bancorp,211116000000,188906000000,169324000000,22210000000,12646000000
FLG,FLG.N,2021,True,Flagstar Bank NA,59527000000,52483000000,35059000000,7044000000,16562000000
FLIC,FLIC.OQ^F25,2021,True,First of Long Island Corp,4068789000,3654977000,3315245000,413812000,311322000
FMAO,FMAO.OQ,2021,True,Farmers & Merchants Bancorp Inc,2638300000,2341133000,2193462000,297167000,127804000
FMBH,FMBH.O,2021,True,First Mid Bancshares Inc,5986582000,5352688000,4956486000,633894000,346309000
FMNB,FMNB.OQ,2021,True,Farmers National Banc Corp,4142749000,3670317000,3547235000,472432000,87758000
FNB,FNB.N,2021,False,FNB Corp,39513000000,34363000000,31726000000,5150000000,2230000000
FNLC,FNLC.OQ,2021,True,First Bancorp Inc,2527099000,2281442000,2123297000,245657000,136342000
FNWB,FNWB.OQ,2021,True,First Northwest Bancorp,1921081000,1730601000,1580580000,190480000,119280000
FRAF,FRAF.OQ,2021,True,Franklin Financial Services Corp,1773806000,1616741000,1584359000,157065000,19588000
FRBA,FRBA.OQ,2021,True,FIRST BANK (Hamilton),2523744000,2257078000,2114602000,266666000,124901000
FRBKQ,FRBKQ.PK,2021,True,Republic First Bancorp Inc,5626656000,5302414000,5191180000,324242000,11295000
FRCB,FRCB.PK,2021,True,First Republic Bank,181087000000,165189000000,156321000000,15898000000,5477000000
FRME,FRME.OQ,2021,True,First Merchants Corporation,15453149000,13540578000,12732577000,1912571000,634250000
FRST,FRST.OQ,2021,True,Primis Financial Corp,3405586000,2995547000,2763290000,410039000,204990000
FSBC,FSBC.OQ,2021,True,Five Star Bancorp,2556761000,2321715000,2285890000,235046000,28386000
FSBW,FSBW.OQ,2021,True,FS Bancorp Inc,2286391000,2038884000,1915744000,247507000,91922000
FULT,FULT.OQ,2021,True,Fulton Financial Corporation,25796398000,23083718000,21573499000,2712680000,1038109000
FUNC,FUNC.OQ,2021,True,First United Corp,1729838000,1587938000,1469374000,141900000,88628000
FVCB,FVCB.O,2021,True,FVCBankcorp Inc,2202924000,1993128000,1883769000,209796000,44510000
GABC,GABC.OQ,2021,True,German American Bancorp Inc,5608539000,4940080000,4744316000,668459000,152183000
GBCI,GBCI.N,2021,True,Glacier Bancorp Inc,25940645000,22763023000,21337249000,3177622000,1197508000
GNTY,GNTY.K^J25,2021,True,Guaranty Bancshares Inc,3086070000,2783856000,2670827000,302214000,86461000
GSBC,GSBC.OQ,2021,True,Great Southern Bancorp Inc,5449944000,4833192000,4552101000,616752000,238713000
HAFC,HAFC.OQ,2021,True,Hanmi Financial Corp,6858587000,6215170000,5786269000,643417000,352506000
HBAN,HBAN.OQ,2021,True,Huntington Bancshares Inc,174064000000,154746000000,143263000000,19318000000,7442000000
HBCP,HBCP.OQ,2021,True,Home Bancorp Inc,2938244000,2586341000,2535849000,351903000,31585000
HBNC,HBNC.OQ,2021,True,Horizon Bancorp Inc,7411889000,6688680000,5802991000,723209000,828274000
HBT,HBT.OQ,2021,True,HBT Financial Inc,4314254000,3902373000,3738185000,411881000,138286000
HFWA,HFWA.OQ,2021,True,Heritage Financial Corp,7432412000,6577980000,6381337000,854432000,72019000
HIFS,HIFS.OQ,2021,True,Hingham Institution For Savings,3431165000,683688000,9183000,354612000,665000000
HOMB,HOMB.N,2021,True,Home BancShares Inc,18052138000,15286417000,14260570000,2765721000,911979000
HONE,HONE.OQ,2021,True,HarborOne Bancorp Inc,4553405000,3874144000,3682649000,679261000,89870000
HOPE,HOPE.OQ,2021,True,Hope Bancorp Inc,17889061000,15796078000,15040450000,2092983000,621563000
HTBK,HTBK.OQ,2021,True,Heritage Commerce Corp,5499409000,4901381000,4759412000,598028000,39925000
HTH,HTH.N,2021,True,Hilltop Holdings Inc.,18689080000,16139877000,12818077000,2549203000,1348104000
HWBK,HWBK.OQ,2021,True,Hawthorn Bancshares Inc,1831550000,1682594000,1516820000,148956000,150733000
HWC,HWC.OQ,2021,True,Hancock Whitney Corporation,36531205000,32860853000,30465897000,3670352000,1909281000
IBCP,IBCP.OQ,2021,True,Independent Bank Corp,4704740000,4306256000,4117090000,398484000,108958000
IBOC,IBOC.OQ,2021,True,International Bancshares Corp,16046236000,13737755000,12617877000,2308481000,1145094000
INBK,INBK.O,2021,True,First Internet Bancorp,4210994000,3830656000,3178959000,380338000,619153000
INDB,INDB.OQ,2021,True,Independent Bank Corp (Massachusetts),20423405000,17404956000,16917044000,3018449000,152374000
ISTR,ISTR.OQ,2021,True,Investar Holding Corp,2513203000,2270605000,2120266000,242598000,135656000
JMSB,JMSB.O,2021,True,John Marshall Bancorp Inc,2149309000,1940839000,1881553000,208470000,42728000
JPM,JPM.N,2021,True,JPMorgan Chase & Co,3743567000000,3449440000000,2462303000000,294127000000,548939000000
KEY,KEY.N,2021,True,KeyCorp,186346000000,168923000000,152572000000,17423000000,12803000000
LARK,LARK.OQ,2021,True,Landmark Bancorp Inc,1328968000,1193325000,1148481000,135643000,29054000
LCNB,LCNB.OQ,2021,True,LCNB Corp,1903629000,1665025000,1628819000,238604000,10000000
LKFN,LKFN.OQ,2021,True,Lakeland Financial Corp,6557323000,5852417000,5735407000,704906000,75000000
LOB,LOB.N,2021,True,"Live Oak Bancshares, Inc.",8213393000,7498260000,7112044000,715133000,318293000
MBCN,MBCN.O,2021,True,Middlefield Banc Corp,1331006000,1185671000,1166610000,145335000,13166000
MBIN,MBIN.OQ,2021,True,Merchants Bancorp,11278638000,10123229000,8982613000,1155409000,1033954000
MBWM,MBWM.OQ,2021,True,Mercantile Bank Corp,5257749000,4801190000,4083193000,456559000,693353000
MCB,MCB.N,2021,True,Metropolitan Bank Holding Corp,7116358000,6559369000,6444419000,556989000,77793000
MCBS,MCBS.O,2021,True,Metrocity Bankshares Inc,3106158000,2815935000,2263020000,290223000,500459000
HMST,MCHB.O,2021,False,Mechanics Bancorp,7204091000,6488752000,6146509000,715339000,167813000
MFIN,MFIN.OQ,2021,True,Medallion Financial Corp,1873057000,1517229000,1250880000,355828000,219973000
MNSB,MNSB.O,2021,True,"MainStreet Bancshares, Inc.",1647402000,1458614000,1411963000,188788000,29294000
MOFG,MOFG.OQ,2021,True,Midwestone Financial Group Inc (IOWA),6025128000,5497653000,5114519000,527475000,336247000
MPB,MPB.OQ,2021,True,Mid Penn Bancorp Inc,4689425000,4199349000,4002016000,490076000,155544000
MSBI,MSBI.OQ,2021,True,Midland States Bancorp Inc,7443805000,6779968000,6110648000,663837000,575439000
MTB,MTB.N,2021,True,M&T Bank Corporation,155107160000,137203755000,131543409000,17903405000,3532415000
MVBF,MVBF.O,2021,True,MVB Financial Corp,2792449000,2517146000,2377605000,275303000,84515000
MYFW,MYFW.OQ,2021,True,First Western Financial Inc,2527489000,2308448000,2205703000,219041000,77660000
NBHC,NBHC.N,2021,True,National Bank Holdings Corp,7214011000,6373905000,6228173000,840106000,62246000
NBTB,NBTB.OQ,2021,True,NBT Bancorp Inc.,12012111000,10761658000,10234469000,1250453000,311476000
NFBK,NFBK.OQ,2021,True,Northfield Bancorp Inc,5430542000,4690659000,4169334000,739883000,421755000
NIC,NIC,2021,True,Nicolet Bankshares Inc,7695037000,6803146000,6465916000,891891000,226915000
NKSH,NKSH.OQ,2021,True,National Bankshares Inc,1702175000,1510424000,1494587000,191751000,0
NRIM,NRIM.OQ,2021,True,Northrim BanCorp Inc,2724719000,2486902000,2421631000,237817000,24818000
NWBI,NWBI.OQ,2021,True,Northwest Bancshares Inc,14501508000,12917937000,12301165000,1583571000,391722000
NWFL,NWFL.OQ,2021,True,Norwood Financial Corp,2068504000,1863242000,1756793000,205262000,90820000
OBK,OBK.N,2021,True,Origin Bancorp Inc,7861285000,7131074000,6570693000,730211000,470070000
OCFC,OCFC.OQ,2021,True,OceanFirst Financial Corp,11739616000,10223063000,9732816000,1516553000,347910000
ONB,ONB.OQ,2021,True,Old National Bancorp,24453564000,21441546000,18569195000,3012018000,2591876000
OPBK,OPBK.O,2021,True,OP Bancorp,1726691000,1561469000,1534066000,165222000,0
OPOF,OPOF.O^I25,2021,True,Old Point Financial Corp,1338155000,1217337000,1177099000,120818000,34423000
ORRF,ORRF.OQ,2021,True,Orrstown Financial Services Inc,2834565000,2562909000,2464929000,271656000,57160000
OSBC,OSBC.OQ,2021,True,"Old Second Bancorp, Inc",6212189000,5710162000,5466232000,502027000,198876000
OVBC,OVBC.OQ,2021,True,Ohio Valley Banc Corp,1249769000,1108413000,1059908000,141356000,28114000
OVLY,OVLY.OQ,2021,True,Oak Valley Bancorp,1964478000,1821866000,1806966000,142612000,0
OZK,OZK.OQ,2021,True,Bank Ozk,26530430000,21691070000,20209134000,4839360000,1223487000
PB,PB.N,2021,True,"Prosperity Bancshares, Inc.",37833970000,31406734000,30771762000,6427236000,448099000
PCB,PCB.O,2021,True,PCB Bancorp,2149735000,1893449000,1867134000,256286000,10000000
PDLB,PDLB.OQ,2021,True,Ponce Financial Group Inc,1653510000,1464254000,1204716000,189256000,121345000
PEBK,PEBK.OQ,2021,True,Peoples Bancorp of North Carolina Inc,1624193000,1481824000,1412748000,142369000,52558000
PEBO,PEBO.OQ,2021,True,Peoples Bancorp Inc,7063521000,6218496000,5862552000,845025000,265957000
PFBC,PFBC.OQ,2021,True,Preferred Bank,6046303000,5459585000,5225511000,586718000,147758000
PFIS,PFIS.OQ,2021,True,Peoples Financial Services Corp,3369483000,3029357000,2963397000,340126000,35711000
PFS,PFS.N,2021,True,Provident Financial Services Inc,13781202000,12084106000,11268452000,1697096000,637057000
PGC,PGC.OQ,2021,True,Peapack-Gladstone Financial Corp,6077993000,5531605000,5266149000,546388000,138521000
PKBK,PKBK.OQ,2021,True,Parke Bancorp Inc,2136445000,1904084000,1768410000,232361000,120882000
PLBC,PLBC.OQ,2021,True,Plumas Bancorp,1614074000,1479992000,1438999000,134082000,27593000
PNC,PNC.N,2021,True,"The PNC Financial Services Group, Inc.",557191000000,501465000000,457278000000,55726000000,30784000000
PPBI,PPBI.O^I25,2021,True,Pacific Premier Bancorp Inc,21094429000,18208118000,17115589000,2886311000,888567000
PRK,PRK.A,2021,True,Park National Corp,9560254000,8449495000,7904528000,1110759000,426996000
PVBC,PVBC.OQ,2021,True,Provident Bancorp Inc (Maryland),1729283000,1495501000,1459895000,233782000,13500000
PWOD,PWOD.O^G25,2021,True,Penns Woods Bancorp Inc,1940809000,1768535000,1621315000,172274000,131710000
QCRH,QCRH.OQ,2021,True,QCR Holdings Inc,6096132000,5419122000,4922772000,677010000,170805000
RBB,RBB.OQ,2021,True,RBB Bancorp,4228194000,3761511000,3385532000,466683000,337509000
RBCAA,RBCAA.OQ,2021,True,Republic Bancorp Inc,6093632000,5258578000,4839316000,835054000,315967000
RF,RF.N,2021,True,Regions Financial Corporation,162938000000,144612000000,139072000000,18326000000,2407000000
RMBI,RMBI.OQ,2021,True,Richmond Mutual Bancorporation Inc,1267639741,1087158406,900175400,180481335,180531030
RNST,RNST.N,2021,True,Renasant Corp,16810311000,14600458000,13905724000,2209853000,485156000
RRBI,RRBI.O,2021,True,Red River Bancshares Inc,3224710000,2926560000,2910348000,298150000,0
SBCF,SBCF.OQ,2021,True,Seacoast Banking Corporation of Florida,9681433000,8370697000,8067589000,1310736000,193211000
SBFG,SBFG.OQ,2021,True,SB Financial Group Inc,1330854000,1185925000,1113045000,144929000,50676000
SBNY,SBNY.PK,2021,True,Signature Bank,118445427000,110604809000,106132794000,7840618000,3359473000
SBSI,SBSI.N,2021,True,Southside Bancshares Inc,7259602000,6347430000,5722327000,912172000,526051000
SFBS,SFBS.N,2021,True,ServisFirst Bancshares Inc,15448806000,14296791000,12452836000,1152015000,1776483000
SFNC,SFNC.OQ,2021,True,Simmons First National Corporation,24724759000,21475918000,19366548000,3248841000,1907507000
SFST,SFST.OQ,2021,True,Southern First Bancshares Inc,2925548000,2647647000,2563826000,277901000,36106000
SHBI,SHBI.OQ,2021,True,Shore Bancshares Inc,3460136000,3109443000,3026236000,350693000,57040000
SMBK,SMBK.K,2021,True,SmartFinancial Inc,4611579000,4182149000,4021938000,429430000,137015000
SPFI,SPFI.OQ,2021,True,South Plains Financial Inc,3901855000,3494428000,3341222000,407427000,122168000
SRCE,SRCE.OQ,2021,True,1st Source Corp,8096289000,7126825000,6679065000,969464000,330042000
SSB,SSB.N,2021,True,SouthState Bank Corp,41838456000,37035516000,35054829000,4802940000,1108305000
STBA,STBA.OQ,2021,True,S&T Bancorp Inc,9488529000,8282075000,7996524000,1206454000,161314000
SYBT,SYBT.OQ,2021,True,Stock Yards Bancorp Inc,6646025000,5970156000,5787514000,675869000,85840000
TBBK,TBBK.OQ,2021,False,Bancorp Inc,6843239000,6190785000,5976911000,652454000,151646000
TCBI,TCBI.OQ,2021,True,"Texas Capital Bancshares, Inc.",34731738000,31522122000,28109365000,3209616000,3131829000
TCBK,TCBK.OQ,2021,True,Trico Bancshares,8614787000,7614603000,7367159000,1000184000,108166000
TFC,TFC.N,2021,True,Truist Financial Corporation,541241000000,471970000000,416488000000,69271000000,41205000000
TFIN,TFIN.N,2021,True,"Triumph Financial, Inc.",5956250000,5097386000,4646679000,858864000,356806000
THFF,THFF.OQ,2021,True,First Financial Corp,5175099000,4592523000,4409569000,582576000,109311000
TMP,TMP.A,2021,True,Tompkins Financial Corp,7819982000,7091041000,6791435000,728941000,190787000
TOWN,TOWN.OQ,2021,True,TowneBank,16361387000,14445213000,13573626000,1916174000,481816000
TRMK,TRMK.OQ,2021,True,Trustmark Corporation,17595636000,15854325000,15087160000,1741311000,514500000
TRST,TRST.OQ,2021,True,TrustCo Bank Corp NY,6196546000,5595418000,5268129000,601128000,244686000
UBFO,UBFO.OQ,2021,True,United Security Bancshares,1330944000,1210737000,1188106000,120207000,11189000
UBSI,UBSI.OQ,2021,True,"United Bankshares, Inc.",29328902000,24610274000,23350263000,4718628000,946238000
UCB,UCB.N,2021,True,United Community Banks Inc,20946771000,18724526000,18241179000,2222245000,247360000
UMBF,UMBF.OQ,2021,True,UMB Financial Corp,42693484000,39548060000,35599927000,3145424000,3509979000
UNB,UNB.OQ,2021,True,Union Bankshares Inc,1205373000,1121032000,1095082000,84341000,16171000
UNTY,UNTY.OQ,2021,True,Unity Bancorp Inc,2033713000,1827984000,1758881000,205729000,50310000
USB,USB.N,2021,True,U.S. Bancorp,573284000000,517897000000,456083000000,55387000000,42751000000
UVSP,UVSP.OQ,2021,True,Univest Financial Corp,7122421000,6348627000,6055124000,773794000,213980000
VABK,VABK.OQ,2021,True,Virginia National Bankshares Corp,1972184000,1810197000,1796170000,161987000,3367000
VBTX,VBTX.O,2021,True,Veritex Holdings Inc,9757249000,8442170000,7363615000,1315079000,1009395000
VLY,VLY.OQ,2021,True,Valley National Bancorp,43446443000,38362377000,35632412000,5084066000,2136582000
WABC,WABC.OQ,2021,True,Westamerica Bancorp,7461026000,6633924000,6413956000,827102000,146246000
WAL,WAL.N,2021,True,Western Alliance Bancorp,55982600000,51020000000,47612000000,4962600000,2397700000
WASH,WASH.OQ,2021,True,Washington Trust Bancorp Inc,5851127000,5286319000,4980051000,564808000,167681000
WBS,WBS.N,2021,True,Webster Financial Corporation,34915599000,31477274000,29847029000,3438325000,1248824000
WFC,WFC.N,2021,True,Wells Fargo & Co,1948068000000,1757958000000,1482479000000,190110000000,195098000000
WNEB,WNEB.OQ,2021,True,Western New England Bancorp Inc,2538425000,2314737000,2256898000,223688000,22286000
WSBC,WSBC.OQ,2021,True,"Wesbanco, Inc.",16927125000,14233959000,13565863000,2693166000,591333000
WSBF,WSBF.OQ,2021,True,Waterstone Financial Inc,2215858000,1783085000,1233386000,432773000,477127000
WSFS,WSFS.OQ,2021,True,WSFS Financial Corporation,15777327000,13840311000,13240062000,1937016000,239477000
WTBA,WTBA.OQ,2021,True,West Bancorporation Inc,3500201000,3239873000,3016005000,260328000,199866000
WTFC,WTFC.OQ,2021,True,Wintrust Financial Corp,50142143000,45643455000,42095585000,4498688000,2425711000
ZION,ZION.OQ,2021,True,"Zions Bancorporation, National Association",93200000000,85737000000,82789000000,7463000000,1915000000
ABCB,ABCB.N,2022,True,Ameris Bancorp,25053286000,21855886000,19462738000,3197400000,2004058000
ACNB,ACNB.O,2022,True,ACNB Corp,2525507000,2280465000,2198975000,245042000,62954000
ALRS,ALRS.O,2022,True,Alerus Financial Corp,3779637000,3422765000,2915484000,356872000,436923000
AMTB,AMTB.N,2022,True,Amerant Bancorp Inc.,9127804000,8422078000,7044199000,705726000,1059158000
AROW,AROW.OQ,2022,True,Arrow Financial Corp,3969509000,3615971000,3498364000,353538000,79919000
ASB,ASB.N,2022,True,Associated Banc-Corp,39405727000,35390237000,29636154000,4015490000,5173869000
ATLO,ATLO.OQ,2022,True,Ames National Corp,2134926000,1985828000,1897957000,149098000,79796000
AUB,AUB.N,2022,True,Atlantic Union Bankshares Corporation,20461138000,18088401000,15931677000,2372737000,1716988000
AUBN,AUBN.OQ,2022,True,Auburn National Bancorporation Inc,1023888000,955847000,950337000,68041000,2551000
BAC,BAC.N,2022,True,Bank of America Corporation,3051375000000,2778178000000,1930341000000,273197000000,498549000000
BANC,BANC.N,2022,True,"Banc of California, Inc.",9197016000,8237398000,7120921000,959618000,1002376000
BANF,BANF.OQ,2022,True,BancFirst Corp,12387863000,11137027000,10974228000,1250836000,86344000
BANR,BANR.OQ,2022,True,Banner Corp,15833431000,14376999000,13620059000,1456432000,456603000
BCBP,BCBP.OQ,2022,True,BCB Bancorp Inc,3546193000,3254939000,2811607000,291254000,419769000
BCML,BCML.OQ,2022,True,BayCom Corp,2513334000,2196185000,2085479000,317149000,72195000
BFC,BFC.OQ,2022,True,Bank First Corp,3660432000,3207329000,3060229000,453103000,122625000
BFIN,BFIN.OQ,2022,True,BankFinancial Corp,1575442000,1423771000,1383608000,151671000,19634000
BFST,BFST.OQ,2022,True,Business First Bancshares Inc,5990460000,5409979000,4820345000,580481000,560123000
BHB,BHB.A,2022,True,Bar Harbor Bankshares,3909803000,3516353000,3043431000,393450000,394246000
BHLB,BHLIP.PK^B11,2022,False,Beacon Financial Corporation,11662864000,10708802000,10327269000,954062000,134815000
BKU,BKU.N,2022,True,"BankUnited, Inc.",37026712000,34590731000,27509334000,2435981000,6330923000
BMRC,BMRC.OQ,2022,True,Bank of Marin Bancorp,4147464000,3735372000,3573348000,412092000,112439000
BOH,BOH.N,2022,True,Bank of Hawaii Corporation,23606877000,22289882000,20615696000,1316995000,1135784000
BOKF,BOKF.OQ,2022,True,BOK Financial Corp,47790642000,43103284000,34480705000,4687358000,7138490000
BRBS,BRBS.K,2022,True,Blue Ridge Bankshares Inc,3130465000,2881672000,2502507000,248793000,351671000
BRKL,BRKL.O^I25,2022,True,Brookline Bancorp Inc,9185836000,8193711000,6527753000,992125000,1432652000
BSRR,BSRR.OQ,2022,True,Sierra Bancorp,3608590000,3305008000,2846164000,303582000,412864000
BUSE,BUSE.OQ,2022,True,First Busey Corporation,12336677000,11190700000,10071280000,1145977000,904708000
BWB,BWB.OQ,2022,True,Bridgewater Bancshares Inc,4345662000,3951598000,3416543000,394064000,476655000
BWFG,BWFG.O,2022,True,Bankwell Financial Group Inc,3252449000,3013980000,2800818000,238469000,158959000
BY,BY,2022,True,Byline Bancorp Inc,7362941000,6597125000,5695121000,765816000,751428000
CAC,CAC.OQ,2022,True,Camden National Corp,5671850000,5220572000,4826929000,451278000,314123000
CATY,CATY.OQ,2022,True,Cathay General Bancorp,21947976000,19473936000,18505279000,2474040000,626736000
CBAN,CBAN.N,2022,True,Colony Bankcorp Inc,2936570000,2706302000,2490997000,230268000,203352000
CBFV,CBFV.O,2022,True,CB Financial Services Inc,1408938000,1298783000,1268503000,110155000,22698000
CBNK,CBNK.OQ,2022,True,Capital Bancorp Inc,2123655000,1899640000,1758072000,224015000,119062000
CBSH,CBSH.OQ,2022,True,"Commerce Bancshares, Inc.",31875931000,29394354000,26187440000,2481577000,2851406000
CBU,CBU.N,2022,True,Community Financial System Inc,15835651000,14283946000,13012308000,1551705000,1137775000
CCB,CCB.OQ,2022,True,Coastal Financial Corp (EVERETT),3144467000,2900973000,2817521000,243494000,47587000
CCBG,CCBG.OQ,2022,True,Capital City Bank Group Inc,4519223000,4123185000,3939317000,396038000,110193000
CCNE,CCNE.OQ,2022,True,CNB Financial Corp,5475179000,4944417000,4622437000,530762000,237363000
CFFI,CFFI.OQ,2022,True,C&F Financial Corp,2332317000,2136084000,2003860000,196233000,92084000
CFG,CFG.N,2022,True,Citizens Financial Group Inc,226733000000,203043000000,180724000000,23690000000,15890000000
CFR,CFR.N,2022,True,Cullen/Frost Bankers Inc,52892376000,49755148000,43954196000,3137228000,4934695000
CHCO,CHCO.OQ,2022,True,City Holding Co,5878106000,5300254000,4869866000,577852000,290964000
CHMG,CHMG.O,2022,True,Chemung Financial Corp,2645553000,2479165000,2327227000,166388000,99137000
CIVB,CIVB.OQ,2022,True,Civista Bancshares Inc,3639445000,3304610000,2619984000,334835000,643351000
CLBK,CLBK.O,2022,True,Columbia Financial Inc,10408169000,9354574000,8001159000,1053595000,1127047000
CMA,CMA.N,2022,True,Comerica Inc,85406000000,80225000000,71397000000,5181000000,6235000000
CNOB,CNOB.OQ,2022,True,"ConnectOne Bancorp, Inc.",9644948000,8466197000,7356622000,1178751000,1010877000
COFS,COFS.OQ,2022,True,ChoiceOne Financial Services Inc,2385915000,2217041000,2118003000,168874000,85262000
COLB,COLB.OQ,2022,True,Columbia Banking System Inc,20265843000,18052690000,16711450000,2213153000,1069793000
CPF,CPF.N,2022,True,Central Pacific Financial Corp,7432763000,6979892000,6736223000,452871000,110859000
CTBI,CTBI.OQ,2022,True,"Community Trust Bancorp, Inc.",5380316000,4752269000,4426143000,628047000,277595000
CUBI,CUBI.N,2022,True,"Customers Bancorp, Inc.",20896112000,19493151000,18156953000,1402961000,1105532000
CVBF,CVBF.OQ,2022,True,CVB Financial Corp,16476540000,14528023000,12836245000,1948517000,1560431000
CWBC,CWBC.OQ,2022,True,Community West Bancshares,2422519000,2247859000,2099649000,174660000,115599000
CZNC,CZNC.OQ,2022,True,Citizens & Northern Corp,2454307000,2204982000,1997593000,249325000,181781000
DFS,DFS.N^E25,2022,True,Discover Financial Services,131706000000,117362000000,91636000000,14344000000,20108000000
EBC,EBC.OQ,2022,True,Eastern Bankshares Inc,22646858000,20175068000,18996673000,2471790000,704084000
EBMT,EBMT.OQ,2022,True,Eagle Bancorp Montana Inc,1948384000,1789968000,1635272000,158416000,128238000
EBTC,EBTC.OQ^G25,2022,True,Enterprise Bancorp Inc,4438333000,4156066000,4035806000,282267000,62398000
EFSC,EFSC.OQ,2022,True,Enterprise Financial Services Corp,13054172000,11531909000,10829150000,1522263000,579552000
EGBN,EGBN.OQ,2022,True,"Eagle Bancorp, Inc.",11150854000,9922533000,8713182000,1228321000,1079895000
EQBK,EQBK.N,2022,True,Equity Bancshares Inc,4981651000,4571593000,4241807000,410058000,281734000
ESQ,ESQ.OQ,2022,True,Esquire Financial Holdings Inc,1395639000,1237527000,1228236000,158158000,46000
EVBN,EVBN.K^E25,2022,True,Evans Bancorp Inc,2178510000,2024517000,1771679000,153993000,231223000
EWBC,EWBC.OQ,2022,True,"East West Bancorp, Inc.",64112150000,58127538000,55967849000,5984612000,452400000
EXSR,EXSR.PK,2022,True,Exchange Bank,3334397000,3132373000,3066281000,202024000,20000000
FBIZ,FBIZ.OQ,2022,True,First Business Financial Services Inc,2976611000,2715971000,2168206000,260640000,456808000
FBK,FBK.N,2022,True,FB Financial Corporation,12847756000,11522238000,10855834000,1325518000,415677000
FBNC,FBNC.OQ,2022,True,First Bancorp (North Carolina),10625049000,9593453000,9227529000,1031596000,287507000
FCBC,FCBC.OQ,2022,True,First Community Bankshares Inc,3135572000,2713587000,2678815000,421985000,1874000
FCCO,FCCO.OQ,2022,True,First Community Corp (South Carolina),1672946000,1554585000,1385382000,118361000,155707000
FCF,FCF.N,2022,True,First Commonwealth Financial Corp,9805666000,8753592000,8005469000,1052074000,553918000
FCNCA,FCNCA.OQ,2022,True,"First Citizens BancShares, Inc. (Delaware)",109298000000,99636000000,89408000000,9662000000,7640000000
FDBC,FDBC.O,2022,True,Fidelity D&D Bancorp Inc,2378372000,2215422000,2166913000,162950000,21669000
FFBC,FFBC.OQ,2022,True,First Financial Bancorp.,17003316000,14961943000,12701177000,2041373000,1633828000
FFIC,FFIC.OQ,2022,True,Flushing Financial Corp,8422946000,7745789000,6437183000,677157000,1052973000
FFIN,FFIN.OQ,2022,True,First Financial Bankshares Inc,12974066000,11708329000,11005507000,1265737000,642507000
FFWM,FFWM.N,2022,True,First Foundation Inc,13014179000,11879801000,10362612000,1134378000,1369936000
FGBI,FGBI.O,2022,True,First Guaranty Bancshares Inc,3151347000,2916356000,2723792000,234991000,183369000
FHB,FHB.OQ,2022,True,"First Hawaiian, Inc.",24577223000,22308218000,21689029000,2269005000,75000000
FHN,FHN.N,2022,True,First Horizon Corporation,78953000000,70406000000,63489000000,8547000000,4107000000
FISI,FISI.OQ,2022,True,Financial Institutions Inc,5797272000,5391667000,4929424000,405605000,279222000
FITB,FITB.OQ,2022,True,Fifth Third Bancorp,207452000000,190125000000,163690000000,17327000000,18608000000
FLG,FLG.N,2022,True,Flagstar Bank NA,90144000000,81320000000,58721000000,8824000000,21332000000
FLIC,FLIC.OQ^F25,2022,True,First of Long Island Corp,4281511000,3916975000,3464634000,364536000,411000000
FMAO,FMAO.OQ,2022,True,Farmers & Merchants Bancorp Inc,3015351000,2717211000,2468864000,298140000,226277000
FMBH,FMBH.O,2022,True,First Mid Bancshares Inc,6744215000,6111060000,5257001000,633155000,800402000
FMNB,FMNB.OQ,2022,True,Farmers National Banc Corp,4082200000,3789905000,3561768000,292295000,183211000
FNB,FNB.N,2022,False,FNB Corp,43725000000,38072000000,34770000000,5653000000,2487700000
FNLC,FNLC.OQ,2022,True,First Bancorp Inc,2739178000,2510255000,2378877000,228923000,103483000
FNWB,FNWB.OQ,2022,True,First Northwest Bancorp,2042070000,1883788000,1564255000,158282000,285358000
FRAF,FRAF.OQ,2022,True,Franklin Financial Services Corp,1699579000,1585382000,1551448000,114197000,19623000
FRBA,FRBA.OQ,2022,True,FIRST BANK (Hamilton),2732940000,2443378000,2293952000,289562000,120663000
FRCB,FRCB.PK,2022,True,First Republic Bank,212639000000,195193000000,176437000000,17446000000,15279000000
FRME,FRME.OQ,2022,True,First Merchants Corporation,18002199000,15967429000,14382745000,2034770000,1313945000
FRST,FRST.OQ,2022,True,Primis Financial Corp,3566664000,3177696000,2722467000,388968000,426757000
FSBC,FSBC.OQ,2022,True,Five Star Bancorp,3227159000,2974334000,2782004000,252825000,173606000
FSBW,FSBW.OQ,2022,True,FS Bancorp Inc,2632898000,2401201000,2127741000,231697000,235989000
FULT,FULT.OQ,2022,True,Fulton Financial Corporation,26931702000,24351945000,20649538000,2579757000,2871207000
FUNC,FUNC.OQ,2022,True,First United Corp,1848169000,1696376000,1570733000,151793000,95494000
FVCB,FVCB.O,2022,True,FVCBankcorp Inc,2344322000,2141940000,1830162000,202382000,284565000
GABC,GABC.OQ,2022,True,German American Bancorp Inc,6155991000,5597598000,5350051000,558393000,203806000
GBCI,GBCI.N,2022,True,Glacier Bancorp Inc,26635375000,23792070000,20606555000,2843305000,2955991000
GNTY,GNTY.K^J25,2022,True,Guaranty Bancshares Inc,3351495000,3055937000,2681154000,295558000,346374000
GSBC,GSBC.OQ,2022,True,Great Southern Bancorp Inc,5680702000,5147615000,4684910000,533087000,366481000
HAFC,HAFC.OQ,2022,True,Hanmi Financial Corp,7378262000,6740747000,6168072000,637515000,479409000
HBAN,HBAN.OQ,2022,True,Huntington Bancshares Inc,182906000000,165137000000,147914000000,17769000000,11713000000
HBCP,HBCP.OQ,2022,True,Home Bancorp Inc,3228280000,2898326000,2633181000,329954000,235765000
HBNC,HBNC.OQ,2022,True,Horizon Bancorp Inc,7872518000,7195143000,5857774000,677375000,1258872000
HBT,HBT.OQ,2022,True,HBT Financial Inc,4286734000,3913102000,3587024000,373632000,280256000
HFWA,HFWA.OQ,2022,True,Heritage Financial Corp,6980100000,6182207000,5924840000,797893000,68070000
HIFS,HIFS.OQ,2022,True,Hingham Institution For Savings,4193799000,1302544000,12323000,385966000,1276000000
HOMB,HOMB.N,2022,True,Home BancShares Inc,22883588000,19357226000,17938783000,3526362000,1221566000
HONE,HONE.OQ,2022,True,HarborOne Bancorp Inc,5359545000,4742569000,4189499000,616976000,434960000
HOPE,HOPE.OQ,2022,True,Hope Bancorp Inc,19164491000,17145163000,15738801000,2019328000,1188713000
HTBK,HTBK.OQ,2022,True,Heritage Commerce Corp,5157580000,4525124000,4389604000,632456000,39350000
HTH,HTH.N,2022,True,Hilltop Holdings Inc.,16259282000,14195753000,11315749000,2063529000,1373139000
HWBK,HWBK.OQ,2022,True,Hawthorn Bancshares Inc,1923540000,1796129000,1632079000,127411000,152673000
HWC,HWC.OQ,2022,True,Hancock Whitney Corporation,35183825000,31841197000,29070349000,3342628000,2113348000
IBCP,IBCP.OQ,2022,True,Independent Bank Corp,4999787000,4652191000,4379069000,347596000,165099000
IBOC,IBOC.OQ,2022,True,International Bancshares Corp,15501476000,13456717000,12660007000,2044759000,711419000
INBK,INBK.O,2022,True,First Internet Bancorp,4543104000,4178130000,3441245000,364974000,719460000
INDB,INDB.OQ,2022,True,Independent Bank Corp (Massachusetts),19294174000,16407473000,15879007000,2886701000,113377000
ISTR,ISTR.OQ,2022,True,Investar Holding Corp,2753807000,2538025000,2082365000,215782000,439740000
JMSB,JMSB.O,2022,True,John Marshall Bancorp Inc,2348235000,2135435000,2067740000,212800000,50124000
JPM,JPM.N,2022,True,JPMorgan Chase & Co,3665743000000,3373411000000,2340179000000,292332000000,542505000000
KEY,KEY.N,2022,True,KeyCorp,189813000000,176359000000,142595000000,13454000000,28770000000
LARK,LARK.OQ,2022,True,Landmark Bancorp Inc,1502867000,1391434000,1300649000,111433000,68253000
LCNB,LCNB.OQ,2022,True,LCNB Corp,1919398000,1718723000,1604970000,200675000,90527000
LKFN,LKFN.OQ,2022,True,Lakeland Financial Corp,6432371000,5863484000,5460620000,568887000,297000000
LOB,LOB.N,2022,True,"Live Oak Bancshares, Inc.",9855498000,9044465000,8884928000,811033000,83203000
MBCN,MBCN.O,2022,True,Middlefield Banc Corp,1687682000,1489991000,1402019000,197691000,77255000
MBIN,MBIN.OQ,2022,True,Merchants Bancorp,12615227000,11155488000,10071345000,1459739000,930392000
MBWM,MBWM.OQ,2022,True,Mercantile Bank Corp,4872619000,4431211000,3712811000,441408000,640189000
MCB,MCB.N,2022,True,Metropolitan Bank Holding Corp,6267337000,5691440000,5288491000,575897000,278345000
MCBS,MCBS.O,2022,True,Metrocity Bankshares Inc,3427239000,3077818000,2666838000,349421000,375392000
HMST,MCHB.O,2022,False,Mechanics Bancorp,9364760000,8802613000,7451919000,562147000,1240763000
MFIN,MFIN.OQ,2022,True,Medallion Financial Corp,2259879000,1889355000,1607110000,370524000,219320000
MNSB,MNSB.O,2022,True,"MainStreet Bancshares, Inc.",1925751000,1727469000,1512889000,198282000,172245000
MOFG,MOFG.OQ,2022,True,Midwestone Financial Group Inc (IOWA),6577876000,6085083000,5468942000,492793000,531083000
MPB,MPB.OQ,2022,True,Mid Penn Bancorp Inc,4497954000,3985855000,3778331000,512099000,163997000
MSBI,MSBI.OQ,2022,True,Midland States Bancorp Inc,7855501000,7096927000,6364652000,758574000,652058000
MTB,MTB.N,2022,True,M&T Bank Corporation,200729841000,175411851000,163514868000,25317990000,7519488000
MVBF,MVBF.O,2022,True,MVB Financial Corp,3068850000,2807459000,2570482000,261391000,195421000
MYFW,MYFW.OQ,2022,True,First Western Financial Inc,2866748000,2625884000,2405229000,240864000,199018000
NBHC,NBHC.N,2022,True,National Bank Holdings Corp,9573243000,8481041000,7872626000,1092202000,459104000
NBTB,NBTB.OQ,2022,True,NBT Bancorp Inc.,11739296000,10565742000,9495933000,1173554000,787950000
NFBK,NFBK.OQ,2022,True,Northfield Bancorp Inc,5601293000,4899903000,4150219000,701390000,644855000
NIC,NIC,2022,True,Nicolet Bankshares Inc,8763969000,7791440000,7178921000,972529000,542342000
NKSH,NKSH.OQ,2022,True,National Bankshares Inc,1677551000,1554864000,1542725000,122687000,0
NRIM,NRIM.OQ,2022,True,Northrim BanCorp Inc,2674318000,2455689000,2387211000,218629000,24405000
NWBI,NWBI.OQ,2022,True,Northwest Bancshares Inc,14113324000,12621838000,11464548000,1491486000,924320000
NWFL,NWFL.OQ,2022,True,Norwood Financial Corp,2047070000,1879985000,1727727000,167085000,133215000
OBK,OBK.N,2022,True,Origin Bancorp Inc,9686067000,8736124000,7775702000,949943000,843546000
OCFC,OCFC.OQ,2022,True,OceanFirst Financial Corp,13103896000,11518432000,9675206000,1585464000,1475666000
ONB,ONB.OQ,2022,True,Old National Bancorp,46763372000,41634777000,35000830000,5128595000,5607973000
OPBK,OPBK.O,2022,True,OP Bancorp,2094497000,1917581000,1885771000,176916000,50000
OPOF,OPOF.O^I25,2022,True,Old Point Financial Corp,1355335000,1256601000,1156019000,98734000,92003000
ORRF,ORRF.OQ,2022,True,Orrstown Financial Services Inc,2922408000,2693512000,2476246000,228896000,155416000
OSBC,OSBC.OQ,2022,True,"Old Second Bancorp, Inc",5888317000,5427176000,5110723000,461141000,260811000
OVBC,OVBC.OQ,2022,True,Ohio Valley Banc Corp,1210787000,1075759000,1027655000,135028000,26445000
OVLY,OVLY.OQ,2022,True,Oak Valley Bancorp,1968346000,1841720000,1814297000,126626000,0
OZK,OZK.OQ,2022,True,Bank Ozk,27656568000,22965630000,21500143000,4690938000,1093704000
PB,PB.N,2022,True,"Prosperity Bancshares, Inc.",37689829000,30990455000,28533531000,6699374000,2278134000
PCB,PCB.O,2022,True,PCB Bancorp,2420036000,2084594000,2045983000,335442000,20000000
PDLB,PDLB.OQ,2022,True,Ponce Financial Group Inc,2311989000,1819289000,1252412000,492700000,517375000
PEBK,PEBK.OQ,2022,True,Peoples Bancorp of North Carolina Inc,1620927000,1515732000,1435215000,105195000,63152000
PEBO,PEBO.OQ,2022,True,Peoples Bancorp Inc,7207304000,6421976000,5716941000,785328000,601231000
PFBC,PFBC.OQ,2022,True,Preferred Bank,6425358000,5794932000,5556997000,630426000,147995000
PFIS,PFIS.OQ,2022,True,Peoples Financial Services Corp,3553515000,3238165000,3046598000,315350000,148485000
PFS,PFS.N,2022,True,Provident Financial Services Inc,13783436000,12185733000,10598729000,1597703000,1347863000
PGC,PGC.OQ,2022,True,Peapack-Gladstone Financial Corp,6353593000,5820613000,5205164000,532980000,517213000
PKBK,PKBK.OQ,2022,True,Parke Bancorp Inc,1984915000,1718881000,1575981000,266034000,126071000
PLBC,PLBC.OQ,2022,True,Plumas Bancorp,1621044000,1502040000,1457809000,119004000,28934000
PNC,PNC.N,2022,True,"The PNC Financial Services Group, Inc.",557263000000,511451000000,436282000000,45812000000,58713000000
PPBI,PPBI.O^I25,2022,True,Pacific Premier Bancorp Inc,21688017000,18889628000,17352401000,2798389000,1331204000
PRK,PRK.A,2022,True,Park National Corp,9854993000,8785767000,8234715000,1069226000,416009000
PVBC,PVBC.OQ,2022,True,Provident Bancorp Inc (Maryland),1636381000,1428839000,1279582000,207542000,126829000
PWOD,PWOD.O^G25,2022,True,Penns Woods Bancorp Inc,2000080000,1832415000,1556460000,167665000,256132000
QCRH,QCRH.OQ,2022,True,QCR Holdings Inc,7948837000,7176113000,5984217000,772724000,825894000
RBB,RBB.OQ,2022,True,RBB Bancorp,3919058000,3434495000,2977683000,484563000,408305000
RBCAA,RBCAA.OQ,2022,True,Republic Bancorp Inc,5835543000,4978930000,4537845000,856613000,311956000
RF,RF.N,2022,True,Regions Financial Corporation,155220000000,139269000000,131743000000,15951000000,2284000000
RMBI,RMBI.OQ,2022,True,Richmond Mutual Bancorporation Inc,1328026411,1195641838,1005260770,132384573,180560196
RNST,RNST.N,2022,True,Renasant Corp,16988176000,14852160000,13486966000,2136016000,1140365000
RRBI,RRBI.O,2022,True,Red River Bancshares Inc,3082686000,2816933000,2798936000,265753000,0
SBCF,SBCF.OQ,2022,True,Seacoast Banking Corporation of Florida,12145762000,10537987000,9981595000,1607775000,406562000
SBFG,SBFG.OQ,2022,True,SB Financial Group Inc,1335633000,1217205000,1086665000,118428000,104827000
SBNY,SBNY.PK,2022,True,Signature Bank,110363651000,102350550000,88589727000,8013101000,12005373000
SBSI,SBSI.N,2022,True,Southside Bancshares Inc,7558636000,6812639000,6198019000,745997000,533450000
SFBS,SFBS.N,2022,True,ServisFirst Bancshares Inc,14595753000,13297857000,11546805000,1297896000,1683524000
SFNC,SFNC.OQ,2022,True,Simmons First National Corporation,27461061000,24191699000,22548094000,3269362000,1385688000
SFST,SFST.OQ,2022,True,Southern First Bancshares Inc,3691981000,3397469000,3133864000,294512000,211214000
SHBI,SHBI.OQ,2022,True,Shore Bancshares Inc,3477276000,3112991000,3009784000,364285000,83072000
SMBK,SMBK.K,2022,True,SmartFinancial Inc,4637498000,4205046000,4077100000,432452000,120960000
SPFI,SPFI.OQ,2022,True,South Plains Financial Inc,3944063000,3587049000,3406430000,357014000,122354000
SRCE,SRCE.OQ,2022,True,1st Source Corp,8339416000,7415650000,6928265000,923766000,320848000
SSB,SSB.N,2022,True,SouthState Bank Corp,43918696000,38843769000,36350623000,5074927000,951421000
STBA,STBA.OQ,2022,True,S&T Bancorp Inc,9110567000,7925908000,7219970000,1184659000,440233000
SYBT,SYBT.OQ,2022,True,Stock Yards Bancorp Inc,7496261000,6735829000,6391252000,760432000,218474000
TBBK,TBBK.OQ,2022,False,Bancorp Inc,7903000000,7208969000,7030113000,694031000,122521000
TCBI,TCBI.OQ,2022,True,"Texas Capital Bancshares, Inc.",28414642000,25359291000,22856880000,3055351000,2135461000
TCBK,TCBK.OQ,2022,True,Trico Bancshares,9930986000,8884570000,8329013000,1046416000,365645000
TFC,TFC.N,2022,True,Truist Financial Corporation,555255000000,494718000000,413495000000,60537000000,66625000000
TFIN,TFIN.N,2022,True,"Triumph Financial, Inc.",5333783000,4444812000,4171336000,888971000,179298000
THFF,THFF.OQ,2022,True,First Financial Corp,4989281000,4513988000,4368871000,475293000,80464000
TMP,TMP.A,2022,True,Tompkins Financial Corp,7670686000,7053296000,6602295000,617390000,347578000
TOWN,TOWN.OQ,2022,True,TowneBank,15845267000,13956510000,13294223000,1888757000,346898000
TRMK,TRMK.OQ,2022,True,Trustmark Corporation,18015478000,16523210000,14437648000,1492268000,1685387000
TRST,TRST.OQ,2022,True,TrustCo Bank Corp NY,6000052000,5400065000,5192810000,599987000,122700000
UBFO,UBFO.OQ,2022,True,United Security Bancshares,1299193000,1186730000,1165484000,112463000,10883000
UBSI,UBSI.OQ,2022,True,"United Bankshares, Inc.",29489380000,24973187000,22303166000,4516193000,2358354000
UCB,UCB.N,2022,True,United Community Banks Inc,24008884000,21308210000,19876507000,2700674000,1033596000
UMBF,UMBF.OQ,2022,True,UMB Financial Corp,38512461000,35845368000,32639133000,2667093000,2603478000
UNB,UNB.OQ,2022,True,Union Bankshares Inc,1336489000,1281269000,1201912000,55220000,66205000
UNTY,UNTY.OQ,2022,True,Unity Bancorp Inc,2444948000,2205721000,1787528000,239227000,393310000
USB,USB.N,2022,True,U.S. Bancorp,674805000000,623573000000,524976000000,51232000000,69545000000
UVSP,UVSP.OQ,2022,True,Univest Financial Corp,7222016000,6445516000,5913526000,776500000,440401000
VABK,VABK.OQ,2022,True,Virginia National Bankshares Corp,1623359000,1489943000,1478338000,133416000,3413000
VBTX,VBTX.O,2022,True,Veritex Holdings Inc,12154361000,10704588000,9123234000,1449773000,1403775000
VLY,VLY.OQ,2022,True,Valley National Bancorp,57462749000,51061947000,47636914000,6400802000,1738580000
WABC,WABC.OQ,2022,True,Westamerica Bancorp,6950317000,6348207000,6225290000,602110000,57792000
WAL,WAL.N,2022,True,Western Alliance Bancorp,67734000000,62378000000,53644000000,5356000000,7192000000
WASH,WASH.OQ,2022,True,Washington Trust Bancorp Inc,6660051000,6206382000,5018962000,453669000,1002681000
WBS,WBS.N,2022,True,Webster Financial Corporation,71277521000,63221335000,54054340000,8056186000,7685510000
WFC,WFC.N,2022,True,Wells Fargo & Co,1881020000000,1698807000000,1383985000000,182213000000,226015000000
WNEB,WNEB.OQ,2022,True,Western New England Bancorp Inc,2553150000,2325007000,2229443000,228143000,62201000
WSBC,WSBC.OQ,2022,True,"Wesbanco, Inc.",16931905000,14505243000,13131090000,2426662000,1125573000
WSBF,WSBF.OQ,2022,True,Waterstone Financial Inc,2031672000,1661186000,1199012000,370486000,386784000
WSFS,WSFS.OQ,2022,True,WSFS Financial Corporation,19914755000,17712869000,16203569000,2201886000,726894000
WTBA,WTBA.OQ,2022,True,West Bancorporation Inc,3613218000,3402106000,2880408000,211112000,485855000
WTFC,WTFC.OQ,2022,True,Wintrust Financial Corp,52949649000,48152811000,42902544000,4796838000,3603643000
ZION,ZION.OQ,2022,True,"Zions Bancorporation, National Association",89545000000,84652000000,71652000000,4893000000,11068000000
ABCB,ABCB.N,2023,True,Ameris Bancorp,25203699000,21776952000,20708509000,3426747000,639901000
ACNB,ACNB.O,2023,True,ACNB Corp,2418847000,2141386000,1861813000,277461000,252174000
ALRS,ALRS.O,2023,True,Alerus Financial Corp,3907713000,3538586000,3095611000,369127000,373126000
AMTB,AMTB.N,2023,True,Amerant Bancorp Inc.,9716327000,8980259000,7894863000,736068000,798158000
AROW,AROW.OQ,2023,True,Arrow Financial Corp,4169868000,3790096000,3687566000,379772000,51566000
ASB,ASB.N,2023,True,Associated Banc-Corp,41015855000,36841882000,33446049000,4173973000,2808243000
ATLO,ATLO.OQ,2023,True,Ames National Corp,2155481000,1989693000,1811831000,165788000,164582000
AUB,AUB.N,2023,True,Atlantic Union Bankshares Corporation,21166197000,18609870000,16818129000,2556327000,1318910000
AUBN,AUBN.OQ,2023,True,Auburn National Bancorporation Inc,975255000,898748000,896243000,76507000,1486000
BAC,BAC.N,2023,True,Bank of America Corporation,3180151000000,2888505000000,1923827000000,291646000000,618189000000
BANC,BANC.N,2023,True,"Banc of California, Inc.",38534064000,35143299000,30401769000,3390765000,3847921000
BANF,BANF.OQ,2023,True,BancFirst Corp,12372042000,10938151000,10700122000,1433891000,89452000
BANR,BANR.OQ,2023,True,Banner Corp,15670391000,14017700000,13029497000,1652691000,665141000
BCBP,BCBP.OQ,2023,True,BCB Bancorp Inc,3832397000,3518342000,2979080000,314055000,510435000
BCML,BCML.OQ,2023,True,BayCom Corp,2551960000,2239091000,2132750000,312869000,72446000
BFC,BFC.OQ,2023,True,Bank First Corp,4221842000,3602044000,3432920000,619798000,127141000
BFIN,BFIN.OQ,2023,True,BankFinancial Corp,1487384000,1332001000,1270626000,155383000,44678000
BFST,BFST.OQ,2023,True,Business First Bancshares Inc,6584550000,5940291000,5248790000,644259000,635073000
BHB,BHB.A,2023,True,Bar Harbor Bankshares,3970885000,3538826000,3141157000,432059000,331505000
BHLB,BHLIP.PK^B11,2023,False,Beacon Financial Corporation,12430821000,11418600000,10633384000,1012221000,515267000
BKU,BKU.N,2023,True,"BankUnited, Inc.",35761607000,33183686000,26538478000,2577921000,5823973000
BMRC,BMRC.OQ,2023,True,Bank of Marin Bancorp,3803903000,3364841000,3290075000,439062000,26298000
BOH,BOH.N,2023,True,Bank of Hawaii Corporation,23733296000,22319054000,21055045000,1414242000,710680000
BOKF,BOKF.OQ,2023,True,BOK Financial Corp,49824830000,44679411000,34019701000,5145419000,8955450000
BRBS,BRBS.K,2023,True,Blue Ridge Bankshares Inc,3117554000,2931565000,2566032000,185989000,314855000
BRKL,BRKL.O^I25,2023,True,Brookline Bancorp Inc,11382256000,10183612000,8565364000,1198644000,1376670000
BSRR,BSRR.OQ,2023,True,Sierra Bancorp,3729799000,3391702000,2761223000,338097000,552585000
BUSE,BUSE.OQ,2023,True,First Busey Corporation,12283415000,11011434000,10291156000,1271981000,512271000
BWB,BWB.OQ,2023,True,Bridgewater Bancshares Inc,4611990000,4186475000,3709948000,425515000,412538000
BWFG,BWFG.O,2023,True,Bankwell Financial Group Inc,3215482000,2949730000,2736757000,265752000,159205000
BY,BY,2023,True,Byline Bancorp Inc,8881967000,7891816000,7176999000,990151000,539508000
CAC,CAC.OQ,2023,True,Camden National Corp,5714506000,5219442000,4597360000,495064000,534387000
CATY,CATY.OQ,2023,True,Cathay General Bancorp,23081534000,20344959000,19325447000,2736575000,674923000
CBAN,CBAN.N,2023,True,Colony Bankcorp Inc,3053422000,2798487000,2544790000,254935000,238445000
CBFV,CBFV.O,2023,True,CB Financial Services Inc,1456091000,1316257000,1267159000,139834000,34678000
CBNK,CBNK.OQ,2023,True,Capital Bancorp Inc,2226176000,1971316000,1895996000,254860000,49062000
CBSH,CBSH.OQ,2023,True,"Commerce Bancshares, Inc.",31701061000,28736831000,25363898000,2964230000,2910219000
CBU,CBU.N,2023,True,Community Financial System Inc,15555753000,13857816000,12928121000,1697937000,765198000
CCB,CCB.OQ,2023,True,Coastal Financial Corp (EVERETT),3750005000,3455027000,3360363000,294978000,47734000
CCBG,CCBG.OQ,2023,True,Capital City Bank Group Inc,4304477000,3856445000,3701822000,448032000,88543000
CCNE,CCNE.OQ,2023,True,CNB Financial Corp,5752957000,5181710000,4998750000,571247000,105181000
CFFI,CFFI.OQ,2023,True,C&F Financial Corp,2438498000,2220982000,2066130000,217516000,109539000
CFG,CFG.N,2023,True,Citizens Financial Group Inc,221964000000,197622000000,177342000000,24342000000,13972000000
CFR,CFR.N,2023,True,Cullen/Frost Bankers Inc,50845038000,47128591000,41920568000,3716447000,4364006000
CHCO,CHCO.OQ,2023,True,City Holding Co,6168052000,5490986000,4934262000,677066000,434856000
CHMG,CHMG.O,2023,True,Chemung Financial Corp,2710529000,2515288000,2429427000,195241000,34970000
CIVB,CIVB.OQ,2023,True,Civista Bancshares Inc,3861418000,3489416000,2985028000,372002000,454194000
CLBK,CLBK.O,2023,True,Columbia Financial Inc,10645568000,9605233000,7846556000,1040335000,1528695000
CMA,CMA.N,2023,True,Comerica Inc,85834000000,79428000000,66762000000,6406000000,9771000000
CNOB,CNOB.OQ,2023,True,"ConnectOne Bancorp, Inc.",9855603000,8638983000,7536202000,1216620000,1013018000
COFS,COFS.OQ,2023,True,ChoiceOne Financial Services Inc,2576706000,2381072000,2122055000,195634000,235507000
COLB,COLB.OQ,2023,True,Columbia Banking System Inc,52173596000,47178562000,41607020000,4995034000,4626454000
CPF,CPF.N,2023,True,Central Pacific Financial Corp,7642796000,7138981000,6847592000,503815000,156102000
CTBI,CTBI.OQ,2023,True,"Community Trust Bancorp, Inc.",5769696000,5067488000,4724622000,702208000,293755000
CUBI,CUBI.N,2023,True,"Customers Bancorp, Inc.",21316265000,19677871000,17920236000,1638394000,1509277000
CVBF,CVBF.OQ,2023,True,CVB Financial Corp,16020993000,13943021000,11433642000,2077972000,2341642000
CWBC,CWBC.OQ,2023,True,Community West Bancshares,2433426000,2226362000,2041612000,207064000,149744000
CZNC,CZNC.OQ,2023,True,Citizens & Northern Corp,2515584000,2253203000,2014806000,262381000,211759000
DFS,DFS.N^E25,2023,True,Discover Financial Services,151713000000,137478000000,108931000000,14235000000,21331000000
EBC,EBC.OQ,2023,True,Eastern Bankshares Inc,21133278000,18158423000,17618195000,2974855000,17738000
EBMT,EBMT.OQ,2023,True,Eagle Bancorp Montana Inc,2075666000,1906393000,1635195000,169273000,235892000
EBTC,EBTC.OQ^G25,2023,True,Enterprise Bancorp Inc,4466034000,4136917000,3977521000,329117000,85266000
EFSC,EFSC.OQ,2023,True,Enterprise Financial Services Corp,14518590000,12802522000,12176371000,1716068000,453813000
EGBN,EGBN.OQ,2023,True,"Eagle Bancorp, Inc.",11664538000,10390255000,8808039000,1274283000,1400505000
EQBK,EQBK.N,2023,True,Equity Bancshares Inc,5034592000,4581732000,4145455000,452860000,380503000
ESQ,ESQ.OQ,2023,True,Esquire Financial Holdings Inc,1616876000,1418365000,1407299000,198555000,44000
EVBN,EVBN.K^E25,2023,True,Evans Bancorp Inc,2108663000,1930444000,1718761000,178219000,185775000
EWBC,EWBC.OQ,2023,True,"East West Bancorp, Inc.",69612884000,62662050000,56092438000,6950834000,4653011000
EXSR,EXSR.PK,2023,True,Exchange Bank,3368572000,3113348000,2838627000,255224000,225000000
FBIZ,FBIZ.OQ,2023,True,First Business Financial Services Inc,3507846000,3218258000,2796779000,289588000,330916000
FBK,FBK.N,2023,True,FB Financial Corporation,12604403000,11149516000,10548287000,1454887000,390964000
FBNC,FBNC.OQ,2023,True,First Bancorp (North Carolina),12114942000,10742562000,10031599000,1372380000,630158000
FCBC,FCBC.OQ,2023,True,First Community Bankshares Inc,3268545000,2765251000,2722325000,503294000,1119000
FCCO,FCCO.OQ,2023,True,First Community Corp (South Carolina),1827688000,1696629000,1511001000,131059000,167827000
FCF,FCF.N,2023,True,First Commonwealth Financial Corp,11459488000,10145214000,9192309000,1314274000,784592000
FCNCA,FCNCA.OQ,2023,True,"First Citizens BancShares, Inc. (Delaware)",213758000000,192503000000,145854000000,21255000000,38743000000
FDBC,FDBC.O,2023,True,Fidelity D&D Bancorp Inc,2503159000,2313680000,2158425000,189479000,125573000
FFBC,FFBC.OQ,2023,True,First Financial Bancorp.,17532900000,15264926000,13360797000,2267974000,1281929000
FFIC,FFIC.OQ,2023,True,Flushing Financial Corp,8537236000,7867399000,6764879000,669837000,841281000
FFIN,FFIN.OQ,2023,True,First Financial Bankshares Inc,13105594000,11606694000,11138300000,1498900000,404081000
FFWM,FFWM.N,2023,True,First Foundation Inc,13327248000,12401905000,10688932000,925343000,1582453000
FGBI,FGBI.O,2023,True,First Guaranty Bancshares Inc,3552772000,3303141000,3009094000,249631000,275396000
FHB,FHB.OQ,2023,True,"First Hawaiian, Inc.",24926474000,22440408000,21332657000,2486066000,500000000
FHN,FHN.N,2023,True,First Horizon Corporation,81661000000,72370000000,65780000000,9291000000,3702000000
FISI,FISI.OQ,2023,True,Financial Institutions Inc,6160881000,5706085000,5212912000,454796000,309532000
FITB,FITB.OQ,2023,True,Fifth Third Bancorp,214574000000,195402000000,168912000000,19172000000,19431000000
FLG,FLG.N,2023,True,Flagstar Bank NA,114057000000,105690000000,81526000000,8367000000,21267000000
FLIC,FLIC.OQ^F25,2023,True,First of Long Island Corp,4235900000,3855754000,3270986000,380146000,542500000
FMAO,FMAO.OQ,2023,True,Farmers & Merchants Bancorp Inc,3283229000,2966686000,2607463000,316543000,328670000
FMBH,FMBH.O,2023,True,First Mid Bancshares Inc,7586794000,6793590000,6123659000,793204000,608321000
FMNB,FMNB.OQ,2023,True,Farmers National Banc Corp,5078350000,4673935000,4177386000,404415000,443663000
FNB,FNB.N,2023,False,FNB Corp,46158000000,40108000000,34711000000,6050000000,4509700000
FNLC,FNLC.OQ,2023,True,First Bancorp Inc,2946698000,2703619000,2599662000,243079000,69652000
FNWB,FNWB.OQ,2023,True,First Northwest Bancorp,2201797000,2038457000,1676892000,163340000,320936000
FRAF,FRAF.OQ,2023,True,Franklin Financial Services Corp,1836039000,1703903000,1537978000,132136000,149661000
FRBA,FRBA.OQ,2023,True,FIRST BANK (Hamilton),3609327000,3238427000,2967569000,370900000,234401000
FRME,FRME.OQ,2023,True,First Merchants Corporation,18405887000,16158174000,14821453000,2247713000,1028776000
FRST,FRST.OQ,2023,True,Primis Financial Corp,3856546000,3458953000,3270155000,397593000,149032000
FSBC,FSBC.OQ,2023,True,Five Star Bancorp,3593125000,3307351000,3026896000,285774000,243749000
FSBW,FSBW.OQ,2023,True,FS Bancorp Inc,2972669000,2708181000,2522323000,264488000,143273000
FULT,FULT.OQ,2023,True,Fulton Financial Corporation,27571915000,24811776000,21537623000,2760139000,2487526000
FUNC,FUNC.OQ,2023,True,First United Corp,1905860000,1743987000,1550977000,161873000,156347000
FVCB,FVCB.O,2023,True,FVCBankcorp Inc,2190558000,1973441000,1845292000,217117000,104620000
GABC,GABC.OQ,2023,True,German American Bancorp Inc,6152198000,5488640000,5252963000,663558000,193937000
GBCI,GBCI.N,2023,True,Glacier Bancorp Inc,27742629000,24722348000,19929167000,3020281000,4441488000
GNTY,GNTY.K^J25,2023,True,Guaranty Bancshares Inc,3184791000,2880945000,2633246000,303846000,215457000
GSBC,GSBC.OQ,2023,True,Great Southern Bancorp Inc,5812402000,5240573000,4721708000,571829000,423806000
HAFC,HAFC.OQ,2023,True,Hanmi Financial Corp,7570341000,6868450000,6280574000,701891000,455012000
HBAN,HBAN.OQ,2023,True,Huntington Bancshares Inc,189368000000,169970000000,151230000000,19398000000,13014000000
HBCP,HBCP.OQ,2023,True,Home Bancorp Inc,3320122000,2952678000,2670624000,367444000,252493000
HBNC,HBNC.OQ,2023,True,Horizon Bancorp Inc,7940485000,7221673000,5664893000,718812000,1465851000
HBT,HBT.OQ,2023,True,HBT Financial Inc,5073170000,4583674000,4401437000,489496000,147328000
HFWA,HFWA.OQ,2023,True,Heritage Financial Corp,7174957000,6321696000,5599872000,853261000,521765000
HIFS,HIFS.OQ,2023,True,Hingham Institution For Savings,4483947000,4076327000,2363919000,407620000,1692675000
HOMB,HOMB.N,2023,True,Home BancShares Inc,22656658000,18865583000,16787711000,3791075000,1883219000
HONE,HONE.OQ,2023,True,HarborOne Bancorp Inc,5667896000,5084137000,4387409000,583759000,568462000
HOPE,HOPE.OQ,2023,True,Hope Bancorp Inc,19131522000,17010279000,14753753000,2121243000,1903995000
HTBK,HTBK.OQ,2023,True,Heritage Commerce Corp,5194095000,4521194000,4378458000,672901000,39502000
HTH,HTH.N,2023,True,Hilltop Holdings Inc.,16466996000,14316667000,11063192000,2150329000,1284604000
HWBK,HWBK.OQ,2023,True,Hawthorn Bancshares Inc,1875350000,1739265000,1570844000,136085000,156486000
HWC,HWC.OQ,2023,True,Hancock Whitney Corporation,35578573000,31774912000,29690059000,3803661000,1391146000
IBCP,IBCP.OQ,2023,True,Independent Bank Corp,5263726000,4859277000,4622879000,404449000,129264000
IBOC,IBOC.OQ,2023,True,International Bancshares Corp,15066189000,12618415000,11824554000,2447774000,650029000
INBK,INBK.O,2023,True,First Internet Bancorp,5167572000,4804777000,4066973000,362795000,719772000
INDB,INDB.OQ,2023,True,Independent Bank Corp (Massachusetts),19347373000,16452122000,14865547000,2895251000,1218379000
ISTR,ISTR.OQ,2023,True,Investar Holding Corp,2815155000,2588387000,2255727000,226768000,297583000
JMSB,JMSB.O,2023,True,John Marshall Bancorp Inc,2242549000,2012635000,1906600000,229914000,88708000
JPM,JPM.N,2023,True,JPMorgan Chase & Co,3875393000000,3547515000000,2400688000000,327878000000,653072000000
KEY,KEY.N,2023,True,KeyCorp,188281000000,173644000000,145587000000,14637000000,22645000000
LARK,LARK.OQ,2023,True,Landmark Bancorp Inc,1561672000,1434758000,1316251000,126914000,99027000
LCNB,LCNB.OQ,2023,True,LCNB Corp,2291592000,2056289000,1824389000,235303000,210518000
LKFN,LKFN.OQ,2023,True,Lakeland Financial Corp,6524029000,5874236000,5720525000,649793000,50000000
LOB,LOB.N,2023,True,"Live Oak Bancshares, Inc.",11271423000,10368757000,10275019000,902666000,90558000
MBCN,MBCN.O,2023,True,Middlefield Banc Corp,1822883000,1617202000,1426602000,205681000,175064000
MBIN,MBIN.OQ,2023,True,Merchants Bancorp,16952516000,15251432000,14061460000,1701084000,964127000
MBWM,MBWM.OQ,2023,True,Mercantile Bank Corp,5353224000,4831079000,3900918000,522145000,836259000
MCB,MCB.N,2023,True,Metropolitan Bank Holding Corp,7067672000,6408651000,5747470000,659021000,567205000
MCBS,MCBS.O,2023,True,Metrocity Bankshares Inc,3502823000,3121306000,2730936000,381517000,325000000
HMST,MCHB.O,2023,False,Mechanics Bancorp,9392450000,8854063000,6763378000,538387000,1970054000
MFIN,MFIN.OQ,2023,True,Medallion Financial Corp,2587827000,2176053000,1866657000,411774000,243544000
MNSB,MNSB.O,2023,True,"MainStreet Bancshares, Inc.",2035432000,1813915000,1686127000,221517000,87642000
MOFG,MOFG.OQ,2023,True,Midwestone Financial Group Inc (IOWA),6427540000,5903162000,5395673000,524378000,423560000
MPB,MPB.OQ,2023,True,Mid Penn Bancorp Inc,5290792000,4748442000,4346212000,542350000,346889000
MSBI,MSBI.OQ,2023,True,Midland States Bancorp Inc,7790046000,7074933000,6309529000,715113000,655027000
MTB,MTB.N,2023,True,M&T Bank Corporation,208264000000,181307000000,163274000000,26957000000,13517000000
MVBF,MVBF.O,2023,True,MVB Financial Corp,3313882000,3024540000,2901476000,289342000,85147000
MYFW,MYFW.OQ,2023,True,First Western Financial Inc,2975462000,2732724000,2529039000,242738000,178051000
NBHC,NBHC.N,2023,True,National Bank Holdings Corp,9951064000,8738257000,8190391000,1212807000,413827000
NBTB,NBTB.OQ,2023,True,NBT Bancorp Inc.,13309040000,11883349000,10968994000,1425691000,637387000
NFBK,NFBK.OQ,2023,True,Northfield Bancorp Inc,5598396000,4898951000,3878435000,699445000,920491000
NIC,NIC,2023,True,Nicolet Bankshares Inc,8468678000,7429671000,7197800000,1039007000,166930000
NKSH,NKSH.OQ,2023,True,National Bankshares Inc,1655370000,1514848000,1503972000,140522000,
NRIM,NRIM.OQ,2023,True,Northrim BanCorp Inc,2807497000,2572779000,2485055000,234718000,23985000
NWBI,NWBI.OQ,2023,True,Northwest Bancshares Inc,14419105000,12867788000,11979902000,1551317000,642658000
NWFL,NWFL.OQ,2023,True,Norwood Financial Corp,2201079000,2020009000,1795159000,181070000,198312000
OBK,OBK.N,2023,True,Origin Bancorp Inc,9722584000,8659679000,8251125000,1062905000,280121000
OCFC,OCFC.OQ,2023,True,OceanFirst Financial Corp,13538253000,11876308000,10434949000,1661945000,1118240000
ONB,ONB.OQ,2023,True,Old National Bancorp,49089836000,43526936000,37235180000,5562900000,5350994000
OPBK,OPBK.O,2023,True,OP Bancorp,2147730000,1955104000,1807558000,192626000,105000000
OPOF,OPOF.O^I25,2023,True,Old Point Financial Corp,1446382000,1339604000,1230397000,106778000,101501000
ORRF,ORRF.OQ,2023,True,Orrstown Financial Services Inc,3064240000,2799184000,2558814000,265056000,179378000
OSBC,OSBC.OQ,2023,True,"Old Second Bancorp, Inc",5722799000,5145518000,4570746000,577281000,516625000
OVBC,OVBC.OQ,2023,True,Ohio Valley Banc Corp,1352135000,1208128000,1127136000,144007000,53093000
OVLY,OVLY.OQ,2023,True,Oak Valley Bancorp,1842422000,1676330000,1650534000,166092000,
OZK,OZK.OQ,2023,True,Bank Ozk,34237457000,29097481000,27405143000,5139976000,1294483000
PB,PB.N,2023,True,"Prosperity Bancshares, Inc.",38547877000,31468547000,27179809000,7079330000,4034277000
PCB,PCB.O,2023,True,PCB Bancorp,2789506000,2440634000,2351612000,348872000,39000000
PDLB,PDLB.OQ,2023,True,Ponce Financial Group Inc,2750722000,2259327000,1507620000,491395000,684421000
PEBK,PEBK.OQ,2023,True,Peoples Bancorp of North Carolina Inc,1635910000,1514894000,1392045000,121016000,102179000
PEBO,PEBO.OQ,2023,True,Peoples Bancorp Inc,9157382000,8103848000,7102921000,1053534000,866738000
PFBC,PFBC.OQ,2023,True,Preferred Bank,6659276000,5964171000,5709342000,695105000,148232000
PFIS,PFIS.OQ,2023,True,Peoples Financial Services Corp,3742289000,3401867000,3279037000,340422000,75590000
PFS,PFS.N,2023,True,Provident Financial Services Inc,14210810000,12520214000,10329352000,1690596000,1980728000
PGC,PGC.OQ,2023,True,Peapack-Gladstone Financial Corp,6476857000,5893176000,5274114000,583681000,540518000
PKBK,PKBK.OQ,2023,True,Parke Bancorp Inc,2023500000,1739183000,1552827000,284317000,168111000
PLBC,PLBC.OQ,2023,True,Plumas Bancorp,1610416000,1463099000,1333655000,147317000,113054000
PNC,PNC.N,2023,True,"The PNC Financial Services Group, Inc.",561580000000,510439000000,421418000000,51141000000,72737000000
PPBI,PPBI.O^I25,2023,True,Pacific Premier Bancorp Inc,19026645000,16144064000,14995626000,2882581000,931842000
PRK,PRK.A,2023,True,Park National Corp,9836453000,8691160000,8042566000,1145293000,517329000
PVBC,PVBC.OQ,2023,True,Provident Bancorp Inc (Maryland),1670309000,1448407000,1331222000,221902000,104697000
PWOD,PWOD.O^G25,2023,True,Penns Woods Bancorp Inc,2204809000,2013253000,1589493000,191556000,398524000
QCRH,QCRH.OQ,2023,True,QCR Holdings Inc,8538894000,7652298000,6514005000,886596000,718295000
RBB,RBB.OQ,2023,True,RBB Bancorp,4026025000,3514765000,3174760000,511260000,284085000
RBCAA,RBCAA.OQ,2023,True,Republic Bancorp Inc,6594891000,5682135000,5053163000,912756000,477618000
RF,RF.N,2023,True,Regions Financial Corporation,152194000000,134701000000,127788000000,17493000000,2330000000
RMBI,RMBI.OQ,2023,True,Richmond Mutual Bancorporation Inc,1461023801,1326164225,1041139911,134859576,271588371
RNST,RNST.N,2023,True,Renasant Corp,17360535000,15063152000,14076785000,2297383000,736977000
RRBI,RRBI.O,2023,True,Red River Bancshares Inc,3128810000,2824959000,2801888000,303851000,0
SBCF,SBCF.OQ,2023,True,Seacoast Banking Corporation of Florida,14580249000,12472163000,11776935000,2108086000,530875000
SBFG,SBFG.OQ,2023,True,SB Financial Group Inc,1343249000,1218907000,1070205000,124342000,126939000
SBSI,SBSI.N,2023,True,Southside Bancshares Inc,8284914000,7511626000,6549681000,773288000,876615000
SFBS,SFBS.N,2023,True,ServisFirst Bancshares Inc,16129668000,14689263000,13273511000,1440405000,1321459000
SFNC,SFNC.OQ,2023,True,Simmons First National Corporation,27345674000,23919186000,22244978000,3426488000,1406476000
SFST,SFST.OQ,2023,True,Southern First Bancshares Inc,4055789000,3743322000,3379564000,312467000,311322000
SHBI,SHBI.OQ,2023,True,Shore Bancshares Inc,6010918000,5499783000,5386120000,511135000,72669000
SMBK,SMBK.K,2023,True,SmartFinancial Inc,4829387000,4369501000,4267854000,459886000,63177000
SPFI,SPFI.OQ,2023,True,South Plains Financial Inc,4204793000,3797679000,3626153000,407114000,110168000
SRCE,SRCE.OQ,2023,True,1st Source Corp,8727958000,7659695000,7038581000,1068263000,419034000
SSB,SSB.N,2023,True,SouthState Bank Corp,44902024000,39368926000,37048909000,5533098000,983328000
STBA,STBA.OQ,2023,True,S&T Bancorp Inc,9551526000,8268081000,7521769000,1283445000,504606000
SYBT,SYBT.OQ,2023,True,Stock Yards Bancorp Inc,8170102000,7311999000,6670748000,858103000,392583000
TBBK,TBBK.OQ,2023,False,Bancorp Inc,7705695000,6898414000,6680910000,807281000,147863000
TCBI,TCBI.OQ,2023,True,"Texas Capital Bancshares, Inc.",28356266000,25157124000,22371839000,3199142000,2360697000
TCBK,TCBK.OQ,2023,True,Trico Bancshares,9910089000,8750407000,7834038000,1159682000,733681000
TFC,TFC.N,2023,True,Truist Financial Corporation,535349000000,476096000000,395865000000,59253000000,63746000000
TFIN,TFIN.N,2023,True,"Triumph Financial, Inc.",5347334000,4482934000,3977478000,864400000,405418000
THFF,THFF.OQ,2023,True,First Financial Corp,4851146000,4323170000,4090068000,527976000,175798000
TMP,TMP.A,2023,True,Tompkins Financial Corp,7819749000,7149815000,6399847000,669934000,653096000
TOWN,TOWN.OQ,2023,True,TowneBank,16835039000,14779161000,13893206000,2055878000,521977000
TRMK,TRMK.OQ,2023,True,Trustmark Corporation,18722189000,17060342000,15569763000,1661847000,1074313000
TRST,TRST.OQ,2023,True,TrustCo Bank Corp NY,6168191000,5522906000,5350777000,645285000,88990000
UBFO,UBFO.OQ,2023,True,United Security Bancshares,1211045000,1088503000,1004477000,122542000,73213000
UBSI,UBSI.OQ,2023,True,"United Bankshares, Inc.",29926482000,25155242000,22819319000,4771240000,1985198000
UCB,UCB.N,2023,True,United Community Banks Inc,27297251000,24035726000,23310611000,3261525000,324823000
UMBF,UMBF.OQ,2023,True,UMB Financial Corp,44011674000,40911255000,35792859000,3100419000,4302891000
UNB,UNB.OQ,2023,True,Union Bankshares Inc,1468879000,1403072000,1305603000,65807000,81935000
UNTY,UNTY.OQ,2023,True,Unity Bancorp Inc,2578507000,2317077000,1924140000,261430000,366748000
USB,USB.N,2023,True,U.S. Bancorp,663491000000,607720000000,512312000000,55771000000,65353000000
UVSP,UVSP.OQ,2023,True,Univest Financial Corp,7780628000,6941420000,6375781000,839208000,465067000
VABK,VABK.OQ,2023,True,Virginia National Bankshares Corp,1646017000,1492977000,1409098000,153040000,73421000
VBTX,VBTX.O,2023,True,Veritex Holdings Inc,12394337000,10863014000,10338195000,1531323000,329783000
VLY,VLY.OQ,2023,True,Valley National Bancorp,60934974000,54233583000,49242829000,6701391000,3303332000
WABC,WABC.OQ,2023,True,Westamerica Bancorp,6364592000,5591698000,5474267000,772894000,58162000
WAL,WAL.N,2023,True,Western Alliance Bancorp,70862000000,64784000000,55333000000,6078000000,8125000000
WASH,WASH.OQ,2023,True,Washington Trust Bancorp Inc,7202847000,6730161000,5348160000,472686000,1212681000
WBS,WBS.N,2023,True,Webster Financial Corporation,74945249000,66255253000,60784284000,8689996000,3867225000
WFC,WFC.N,2023,True,Wells Fargo & Co,1932468000000,1745025000000,1358173000000,187443000000,297147000000
WNEB,WNEB.OQ,2023,True,Western New England Bancorp Inc,2564571000,2327162000,2143744000,237409000,156458000
WSBC,WSBC.OQ,2023,True,"Wesbanco, Inc.",17712374000,15179312000,13168704000,2533062000,1763971000
WSBF,WSBF.OQ,2023,True,Waterstone Financial Inc,2213389000,1869333000,1190624000,344056000,611054000
WSFS,WSFS.OQ,2023,True,WSFS Financial Corporation,20594672000,18124857000,16474086000,2469815000,895076000
WTBA,WTBA.OQ,2023,True,West Bancorporation Inc,3825758000,3600715000,2973779000,225043000,592637000
WTFC,WTFC.OQ,2023,True,Wintrust Financial Corp,56259934000,50860408000,45397170000,5399526000,3663316000
ZION,ZION.OQ,2023,True,"Zions Bancorporation, National Association",87203000000,81512000000,74961000000,5691000000,4921000000
